raid_day,region_id,source,tier,metric,scope,value,evidence_msg_id,evidence_text,extracted_at
2022-03-01,2,kpszsu,official,missile_tracks,kyiv_obl,1.0,319,"⚡️ Момент потрапляння російської ракети в Київську телевежу

Пошкоджена трансформаторна підстанція, яка живить електроенергією телевежу, а також апаратна на самій телевежі.

Підписатись|  Fb | Twitter",2026-09-10T09:18:34.317066+00:00
2022-03-04,1,kpszsu,official,targets_downed,ua,3.0,,"олковника Костянтина Зизевського.
Також збито 2 літаки російських окупантів, 3 льотчики",2026-09-10T09:18:34.317066+00:00
2022-03-15,1,kpszsu,official,targets_downed,ua,2.0,,"ськ Повітряних Сил Збройних Сил України знищено два літаки Су-30СМ в Одеській області,  верт",2026-09-10T09:18:34.317066+00:00
2022-03-17,1,kpszsu,official,missiles_launched,ua,3.0,," ворога (7 літаків, вертоліт, 3 БПЛА та 3 крилаті ракети). 

У зв’язку з тим, що окупанти суттє",2026-09-10T09:18:34.317066+00:00
2022-03-18,1,kpszsu,official,missiles_launched,ua,4.0,,ягом поточної доби противником нанесено 4 ракетних удари (14 ракет) та здійснено понад ,2026-09-10T09:18:34.317066+00:00
2022-03-19,1,kpszsu,official,targets_downed,ua,1.0,,"20 БЕРЕЗНЯ 2022 РОКУ, ЗНИЩЕНО ОДИН ЛІТАК, ЧОТИРИ БПЛА, ТА ДВІ КРИЛАТІ РАКЕТ",2026-09-10T09:18:34.317066+00:00
2022-03-20,1,kpszsu,official,missiles_launched,ua,2.0,,"тряних цілей ворога (1 літак, 4 БПЛА та 2 крилаті ракети). Крім того, бомбардувальна та штурмов",2026-09-10T09:18:34.317066+00:00
2022-03-22,1,kpszsu,official,missiles_launched,ua,5.0,,"орога (6 літаків, 5 БПЛА, 1 вертоліт та 5 крилатих ракет. Крім того, авіація Повітряних Сил завд",2026-09-10T09:18:34.317066+00:00
2022-03-22,1,kpszsu,official,targets_downed,ua,6.0,,"22 БЕРЕЗНЯ ЗНИЩЕНО 6 ЛІТАКІВ, 1 ВЕРТОЛІТ, 5 БПЛА, 5 КРИЛАТИХ",2026-09-10T09:18:34.317066+00:00
2022-03-23,1,kpszsu,official,missiles_launched,ua,2.0,,"орога (7 літаків, 1 БПЛА, 1 вертоліт та 2 крилаті ракети.) Інформація про їх остаточне збиття у",2026-09-10T09:18:34.317066+00:00
2022-03-24,1,kpszsu,official,missiles_launched,ua,4.0,,"тряних цілей ворога: 1 літак, 1 БПЛА та 4 крилаті ракети. Авіація Повітряних Сил здійснювала па",2026-09-10T09:18:34.317066+00:00
2022-03-24,1,kpszsu,official,targets_downed,ua,4.0,,в. Підрозділами протиповітряної оборони збито 2 літаки та 2 БПЛА ворога.,2026-09-10T09:18:34.317066+00:00
2022-03-25,1,kpszsu,official,targets_downed,ua,11.0,,"ським загарбникам. Українськими воїнами знищено 8 танків, 17 одиниць броньованої та 11 од",2026-09-10T09:18:34.317066+00:00
2022-03-26,1,kpszsu,official,targets_downed,ua,3.0,,"десантно-штурмової бригади ДШВ ЗСУ було збито три крилатих ракети, випущенні окупантами зі",2026-09-10T09:18:34.317066+00:00
2022-03-27,1,kpszsu,official,targets_downed,ua,2.0,,"ито 5 атак ворога. Українськими воїнами знищено 2 танки, бойову машину  піхоти та один ав",2026-09-10T09:18:34.317066+00:00
2022-03-28,1,kpszsu,official,missiles_launched,ua,2.0,,"в, 3 вертольоти, 4 БПЛА різних типів та 2 крилаті ракети. Авіація Повітряних Сил завдавала раке",2026-09-10T09:18:34.317066+00:00
2022-03-28,1,kpszsu,official,targets_downed,ua,17.0,,"28 БЕРЕЗНЯ ЗНИЩЕНО 17 ПОВІТРЯНИХ ЦІЛЕЙ: 8 ЛІТАКІВ, 3 ВЕРТОЛЬО",2026-09-10T09:18:34.317066+00:00
2022-03-29,1,kpszsu,official,targets_downed,ua,7.0,,"ки російських окупантів. Нашими воїнами знищено 7 танків, 7 одиниць броньованої, 2 одиниц",2026-09-10T09:18:34.317066+00:00
2022-03-30,1,kpszsu,official,missiles_launched,ua,2.0,," 7 повітряних цілей - 4 літаки, БПЛА та 2 крилаті ракети. Авіація Повітряних Сил продовжує завд",2026-09-10T09:18:34.317066+00:00
2022-04-02,1,kpszsu,official,targets_downed,ua,4.0,," минулу добу відбито шість атак ворога, знищено чотири танки, шість одиниць броньованої та сім ",2026-09-10T09:18:34.317066+00:00
2022-04-03,1,kpszsu,official,targets_downed,ua,2.0,,"а минулу добу відбито сім ворожих атак, знищено дві одиниці броньованої техніки, сорок три а",2026-09-10T09:18:34.317066+00:00
2022-04-07,1,kpszsu,official,targets_downed,ua,4.0,,"за минулу добу відбито сім атак ворога, знищено чотири танки, дві артилерійські системи, десять",2026-09-10T09:18:34.317066+00:00
2022-04-09,1,kpszsu,official,targets_downed,ua,4.0,," минулу добу відбито вісім атак ворога, знищено чотири танки, вісім одиниць броньованої та сім ",2026-09-10T09:18:34.317066+00:00
2022-04-10,1,kpszsu,official,targets_downed,ua,7.0,,"ЗА ДОБУ 11 КВІТНЯ ЗНИЩЕНО 7 ПОВІТРЯНИХ ЦІЛЕЙ
11 квітня зенітними-ра",2026-09-10T09:18:34.317066+00:00
2022-04-11,1,kpszsu,official,targets_downed,ua,7.0,,❗️11 квітня 2022 року знищено 7 повітряних цілей російських окупантів:,2026-09-10T09:18:34.317066+00:00
2022-04-12,1,kpszsu,official,targets_downed,ua,2.0,," минулу добу відбито шість атак ворога, знищено дві одиниці автомобільної техніки та три арт",2026-09-10T09:18:34.317066+00:00
2022-04-13,1,kpszsu,official,targets_downed,ua,2.0,,ітних ракетних військ попередньої доби  збито два ворожих винищувача.,2026-09-10T09:18:34.317066+00:00
2022-04-14,1,kpszsu,official,targets_downed,ua,4.0,," минулу добу відбито вісім атак ворога, знищено чотири танки, шість бронетранспортерів, чотири ",2026-09-10T09:18:34.317066+00:00
2022-04-15,1,kpszsu,official,targets_downed,ua,7.0,,❗️15 квітня 2022 року знищено 7 повітряних цілей російських окупантів:,2026-09-10T09:18:34.317066+00:00
2022-04-16,1,kpszsu,official,targets_downed,ua,13.0,,❗️16 квітня 2022 року знищено 13 повітряних цілей російських окупантів:,2026-09-10T09:18:34.317066+00:00
2022-04-17,1,kpszsu,official,targets_downed,ua,5.0,,❗️17 квітня 2022 року знищено 5 повітряних цілей російських окупантів:,2026-09-10T09:18:34.317066+00:00
2022-04-18,1,kpszsu,official,targets_downed,ua,7.0,,❗️18 квітня 2022 року знищено 7 повітряних цілей російських окупантів:,2026-09-10T09:18:34.317066+00:00
2022-04-19,1,kpszsu,official,targets_downed,ua,9.0,,❗️ 19 квітня 2022 року знищено 9 повітряних цілей російських окупантів: ,2026-09-10T09:18:34.317066+00:00
2022-04-20,1,kpszsu,official,targets_downed,ua,1.0,,"инулу добу відбито дев’ять атак ворога, знищено один танк, десять одиниць броньованої та дві ",2026-09-10T09:18:34.317066+00:00
2022-04-21,1,kpszsu,official,targets_downed,ua,15.0,,❗️21 квітня 2022 року знищено 15 повітряних цілей російських окупантів:,2026-09-10T09:18:34.317066+00:00
2022-04-23,1,kpszsu,official,targets_downed,ua,17.0,,❗️ 23 квітня 2022 року знищено 17 повітряних цілей російських окупантів:,2026-09-10T09:18:34.317066+00:00
2022-04-24,1,kpszsu,official,targets_downed,ua,13.0,,"за минулу добу відбито сім атак ворога, знищено тринадцять танків, три артилерійські системи, сімна",2026-09-10T09:18:34.317066+00:00
2022-04-25,1,kpszsu,official,targets_downed,ua,10.0,,❗️ 25 квітня 2022 року знищено 10 повітряних цілей російських окупантів:,2026-09-10T09:18:34.317066+00:00
2022-04-26,1,kpszsu,official,targets_downed,ua,7.0,,❗️ 26 квітня 2022 року знищено 7 повітряних цілей російських окупантів: ,2026-09-10T09:18:34.317066+00:00
2022-04-27,1,kpszsu,official,targets_downed,ua,8.0,,❗️ 27 квітня 2022 року знищено 8 повітряних цілей російських окупантів: ,2026-09-10T09:18:34.317066+00:00
2022-04-28,1,kpszsu,official,missiles_launched,ua,5.0,,"❌ 1 літаки; 
❌ 9 БпЛА (ОТР); 
❌ 5 крилаті ракети. 
#stoprussia 
🔱 Смерть ворогам! 
====",2026-09-10T09:18:34.317066+00:00
2022-04-28,1,kpszsu,official,targets_downed,ua,6.0,,"инулу добу відбито дев’ять атак ворога, знищено шість танків, одну артилерійську систему, дван",2026-09-10T09:18:34.317066+00:00
2022-04-29,1,kpszsu,official,targets_downed,ua,11.0,," добу відбито чотирнадцять атак ворога, знищено одинадцять танків, сім артилерійських систем, двадц",2026-09-10T09:18:34.317066+00:00
2022-04-30,1,kpszsu,official,targets_downed,ua,8.0,,"инулу добу відбито дев’ять атак ворога, знищено вісім танків, одну артилерійську систему, двад",2026-09-10T09:18:34.317066+00:00
2022-05-01,1,kpszsu,official,targets_downed,ua,2.0,,"дбито десять атак російських окупантів, знищено два танки, сімнадцять артилерійських систем,",2026-09-10T09:18:34.317066+00:00
2022-05-02,1,kpszsu,official,targets_downed,ua,6.0,,"лу добу відбито дванадцять атак ворога, знищено шість танків, п’ять артилерійських систем, два",2026-09-10T09:18:34.317066+00:00
2022-05-03,1,kpszsu,official,missiles_launched,ua,8.0,,"❌ 7 БпЛА (ОТР); 
❌ 8 крилаті ракети. 
#stoprussia 
🔱 Смерть ворогам! 
====",2026-09-10T09:18:34.317066+00:00
2022-05-03,1,kpszsu,official,targets_downed,ua,6.0,,"лу добу відбито дванадцять атак ворога, знищено шість танків, п’ять артилерійських систем (три",2026-09-10T09:18:34.317066+00:00
2022-05-04,1,kpszsu,official,targets_downed,ua,9.0,,❗️ 04 травня 2022 року знищено 9 повітряних цілей російських окупантів: ,2026-09-10T09:18:34.317066+00:00
2022-05-05,1,kpszsu,official,targets_downed,ua,8.0,,"лу добу відбито одинадцять атак ворога, знищено вісім танків, одинадцять одиниць бойової бронь",2026-09-10T09:18:34.317066+00:00
2022-05-07,1,kpszsu,official,targets_downed,ua,14.0,,❗️ 07 травня 2022 року знищено 14 повітряних цілей російських окупантів: ,2026-09-10T09:18:34.317066+00:00
2022-05-08,1,kpszsu,official,targets_downed,ua,20.0,,"добу успішно відбито шість атак ворога, знищено 20 танків, одну артилерійську систему, 28 ",2026-09-10T09:18:34.317066+00:00
2022-05-09,1,kpszsu,official,targets_downed,ua,1.0,,"спішно відбито пʼятнадцять атак ворога, знищено один зенітний ракетний комплекс, 9 танків, 3 ",2026-09-10T09:18:34.317066+00:00
2022-05-10,1,kpszsu,official,targets_downed,ua,12.0,,"лу добу відбито дванадцять атак ворога, знищено дванадцять танків, чотири артилерійські системи, де",2026-09-10T09:18:34.317066+00:00
2022-05-11,1,kpszsu,official,targets_downed,ua,8.0,,"инулу добу відбито дев’ять атак ворога, знищено вісім танків, шість одиниць бойової броньовано",2026-09-10T09:18:34.317066+00:00
2022-05-12,1,kpszsu,official,targets_downed,ua,7.0,,❗️ 12 травня 2022 року знищено 7 повітряних цілей російських окупантів:,2026-09-10T09:18:34.317066+00:00
2022-05-13,1,kpszsu,official,targets_downed,ua,3.0,,"а.
Підрозділами протиповітряної оборони збито три безпілотних літальних апарати типу “Орла",2026-09-10T09:18:34.317066+00:00
2022-05-14,1,kpszsu,official,targets_downed,ua,8.0,,❗️ 14 травня 2022 року знищено 8 повітряних цілей та інші сили та засоби,2026-09-10T09:18:34.317066+00:00
2022-05-15,1,kpszsu,official,targets_downed,ua,11.0,,❗️ 15 травня 2022 року знищено 11 повітряних цілей російських окупантів: ,2026-09-10T09:18:34.317066+00:00
2022-05-16,1,kpszsu,official,targets_downed,ua,5.0,,❗️ 16 травня 2022 року знищено 5 повітряних цілей російських окупантів: ,2026-09-10T09:18:34.317066+00:00
2022-05-17,1,kpszsu,official,targets_downed,ua,15.0,,❗️ 17 травня 2022 року знищено 15 повітряних цілей російських окупантів:,2026-09-10T09:18:34.317066+00:00
2022-05-18,1,kpszsu,official,targets_downed,ua,20.0,,"18 травня знищено 20 одиниць бронетехніки, жива сила, а тако",2026-09-10T09:18:34.317066+00:00
2022-05-19,1,kpszsu,official,targets_downed,ua,8.0,," добу відбито чотирнадцять атак ворога, знищено вісім танків, чотирнадцять одиниць бойової бро",2026-09-10T09:18:34.317066+00:00
2022-05-20,1,kpszsu,official,targets_downed,ua,5.0,,❗️ 20 травня 2022 року знищено 5 повітряних цілей російських окупантів: ,2026-09-10T09:18:34.317066+00:00
2022-05-22,1,kpszsu,official,targets_downed,ua,6.0,,"прямках відбито одинадцять атак ворога, знищено шість танків, десять одиниць бойової броньован",2026-09-10T09:18:34.317066+00:00
2022-05-23,1,kpszsu,official,targets_downed,ua,8.0,,"рямках відбито шістнадцять атак ворога, знищено вісім танків, двадцять дві одиниці бойової бро",2026-09-10T09:18:34.317066+00:00
2022-05-24,1,kpszsu,official,targets_downed,ua,3.0,,"то дев’ять атак російських загарбників, знищено три танки, вісім артилерійських систем, вісі",2026-09-10T09:18:34.317066+00:00
2022-05-25,1,kpszsu,official,targets_downed,ua,4.0,,"у напрямках відбито десять атак ворога, знищено чотири танки, дві артилерійські системи, бронет",2026-09-10T09:18:34.317066+00:00
2022-05-29,1,kpszsu,official,targets_downed,ua,2.0,,"ямках відбито чотирнадцять атак ворога, знищено дві артилерійські системи, одинадцять одиниц",2026-09-10T09:18:34.317066+00:00
2022-05-30,1,kpszsu,official,missiles_launched,ua,8.0,,"т “Адмірал Макаров”, що має на борту до 8 крилатих ракет типу “Калібр”.

 Ворог деморалізований,",2026-09-10T09:18:34.317066+00:00
2022-05-31,1,kpszsu,official,targets_downed,ua,2.0,," напрямках відбито дев’ять атак ворога, знищено два танки, тринадцять артилерійських систем,",2026-09-10T09:18:34.317066+00:00
2022-06-03,1,kpszsu,official,targets_downed,ua,1.0,," напрямках відбито дев’ять атак ворога, знищено один танк, одну артилерійську систему, шість ",2026-09-10T09:18:34.317066+00:00
2022-06-04,1,kpszsu,official,targets_downed,ua,9.0,,❗️ 4 червня 2022 року знищено 9 повітряних цілей російських окупантів: ,2026-09-10T09:18:34.317066+00:00
2022-06-05,1,kpszsu,official,targets_downed,ua,4.0,,"кому напрямках відбито сім атак ворога, знищено чотири танки, три артилерійських системи, вісім",2026-09-10T09:18:34.317066+00:00
2022-06-06,1,kpszsu,official,targets_downed,ua,1.0,,"у напрямках відбито десять атак ворога, знищено один танк, три артилерійських системи, дві бо",2026-09-10T09:18:34.317066+00:00
2022-06-07,1,kpszsu,official,targets_downed,ua,3.0,,"прямках відбито одинадцять атак ворога, знищено три танки, п’ять артилерійських систем, дві ",2026-09-10T09:18:34.317066+00:00
2022-06-08,1,kpszsu,official,targets_downed,ua,3.0,,"кому напрямках відбито сім атак ворога, знищено три танки, дві бойові броньовані машини та ч",2026-09-10T09:18:34.317066+00:00
2022-06-09,1,kpszsu,official,targets_downed,ua,10.0,,"кому напрямках відбито сім атак ворога, знищено десять танків, сім артилерійських систем, чотир",2026-09-10T09:18:34.317066+00:00
2022-06-10,1,kpszsu,official,targets_downed,ua,4.0,,"ямках відбито чотирнадцять атак ворога, знищено чотири танки, дві артилерійських системи, одина",2026-09-10T09:18:34.317066+00:00
2022-06-15,1,kpszsu,official,missiles_launched,ua,20.0,,"ї високоточної зброї сумарним залпом до 20 крилатих ракет типу “Калібр”.

Значні втрати російськи",2026-09-10T09:18:34.317066+00:00
2022-06-20,1,kpszsu,official,targets_downed,ua,2.0,,"ЗНИЩЕНО ДВА СКЛАДИ БОЄПРИПАСІВ, ДВА БПЛА, ДЕСЯТЬ БРО",2026-09-10T09:18:34.317066+00:00
2022-06-22,1,kpszsu,official,missiles_launched,ua,40.0,,вання типу “Калібр” (сумарний залп – до 40 ракет).,2026-09-10T09:18:34.317066+00:00
2022-06-22,1,kpszsu,official,targets_downed,ua,1.0,,"ротно-тактичній групі противника, також знищено один укріпрайон окупантів.",2026-09-10T09:18:34.317066+00:00
2022-06-27,1,kpszsu,official,targets_downed,ua,4.0,,"РАКЕТНИЙ УДАР З ЧОРНОГО МОРЯ – ЗБИТО ЧОТИРИ «КАЛІБРИ»
Підрозділами зенітних ракетних",2026-09-10T09:18:34.317066+00:00
2022-07-02,1,kpszsu,official,targets_downed,ua,2.0,,"ПРАЦЮЄ АВІАЦІЯ ПОВІТРЯНИХ СИЛ – ЗНИЩЕНО ДВА СКЛАДИ БОЄПРИПАСІВ, ДВА ПУНКТИ УПРАВЛІНН",2026-09-10T09:18:34.317066+00:00
2022-07-03,1,kpszsu,official,missiles_launched,ua,20.0,,"оточної зброї. Сумарний залп складає до 20 крилатих ракет морського базування “Калібр”.

Українсь",2026-09-10T09:18:34.317066+00:00
2022-07-04,1,kpszsu,official,targets_downed,ua,6.0,," військ Повітряного командування ""Схід"" збито шість із семи крилатих ракет морського базуван",2026-09-10T09:18:34.317066+00:00
2022-07-06,1,kpszsu,official,targets_downed,ua,2.0,,"6 ЛИПНЯ ЗНИЩЕНО ДВІ КРИЛАТІ РАКЕТИ, СКЛАД БОЄПРИПАСІВ, ДВА К",2026-09-10T09:18:34.317066+00:00
2022-07-10,1,kpszsu,official,missiles_launched,ua,16.0,,"високоточної зброї з сумарним залпом до 16 крилатих ракет типу “Калібр”.

Сили оборони України за",2026-09-10T09:18:34.317066+00:00
2022-07-14,1,kpszsu,official,targets_downed,ua,4.0,,РАКЕТНИЙ УДАР ПО ДНІПРУ: ЗНИЩЕНО ЧОТИРИ РАКЕТИ Х-101,2026-09-10T09:18:34.317066+00:00
2022-07-18,1,kpszsu,official,targets_downed,ua,5.0,,зенітних ракетних військ Повітряних Сил збито 5 ворожих безпілотних літальних апаратів ,2026-09-10T09:18:34.317066+00:00
2022-07-21,1,kpszsu,official,missiles_launched,ua,16.0,,"ї високоточної зброї сумарним залпом до 16 крилатих ракет типу “Калібр”.

Зберігається загроза за",2026-09-10T09:18:34.317066+00:00
2022-08-01,1,kpszsu,official,targets_downed,ua,7.0,,"РАКЕТНА АТАКА З КАСПІЮ – ЗБИТО СІМ ІЗ ВОСЬМИ КРИЛАТИХ РАКЕТ
Сім із восьми р",2026-09-10T09:18:34.317066+00:00
2022-08-07,1,kpszsu,official,targets_downed,ua,4.0,,и ракетними підрозділами Повітряних Сил знищено чотири крилаті ракети морського базування типу ,2026-09-10T09:18:34.317066+00:00
2022-08-10,1,kpszsu,official,targets_downed,ua,2.0,,зенітних ракетних військ Повітряних Сил збито два російські безпілотні апарати оперативно-,2026-09-10T09:18:34.317066+00:00
2022-08-19,1,kpszsu,official,targets_downed,ua,4.0,,"ами Повітряних Сил Збройних Сил України знищено чотири крилаті ракети «Калібр», які окупанти ви",2026-09-10T09:18:34.317066+00:00
2022-08-21,1,kpszsu,official,targets_downed,ua,7.0,,ами Повітряних Сил Збройних Сил України знищено сім безпілотних літальних апаратів оперативн,2026-09-10T09:18:34.317066+00:00
2022-08-22,1,kpszsu,official,targets_downed,ua,3.0,,ами Повітряних Сил Збройних Сил України знищено три безпілотних літальних апарати оперативно,2026-09-10T09:18:34.317066+00:00
2022-08-29,1,kpszsu,official,targets_downed,ua,3.0,,ами Повітряних Сил Збройних Сил України знищено три ворожі БпЛА оперативно-тактичного рівня ,2026-09-10T09:18:34.317066+00:00
2022-09-03,1,kpszsu,official,targets_downed,ua,2.0,,ЗНИЩЕНО ДВІ РАКЕТИ ОКУПАНТІВ,2026-09-10T09:18:34.317066+00:00
2022-09-04,1,kpszsu,official,targets_downed,ua,3.0,,"ЗБИТО ТРИ БПЛА ОКУПАНТІВ
Так, 05 вересня, близько ",2026-09-10T09:18:34.317066+00:00
2022-09-08,1,kpszsu,official,missiles_launched,ua,5.0,,"улої доби ворог завдав 45 авіаційних та 5 ракетних ударів, зокрема по населених пунктах",2026-09-10T09:18:34.317066+00:00
2022-09-08,1,kpszsu,official,targets_downed,ua,4.0,,"техніки, 3 зенітних ракетних комплекси. Знищено 4 БпЛА та гелікоптер Ка-52. Втрати живої ",2026-09-10T09:18:34.317066+00:00
2022-09-10,1,kpszsu,official,targets_downed,ua,9.0,,"ЗНИЩЕНО 9 із 12 КРИЛАТИХ РАКЕТ ОКУПАНТІВ
Зенітним",2026-09-10T09:18:34.317066+00:00
2022-09-27,1,kpszsu,official,targets_downed,ua,4.0,,"ЗНИЩЕНО 4 ІЗ 5 КЕРОВАНИХ АВІАЦІЙНИХ РАКЕТ Х-59 
О",2026-09-10T09:18:34.317066+00:00
2022-09-28,1,kpszsu,official,missiles_launched,ua,4.0,,"-----

За вчорашню добу, окрім знищених 4 ракет Х-59, підрозділами зенітних ракетних ві",2026-09-10T09:18:34.317066+00:00
2022-09-28,1,kpszsu,official,targets_downed,ua,2.0,,"ЗБИТО ДВА РОСІЙСЬКИХ СУ-25
29 вересня, близько 17.",2026-09-10T09:18:34.317066+00:00
2022-10-03,2,kpszsu,official,missile_tracks,kyiv_obl,1.0,2002,"Знищив ""Калібр"", коли той практично досягнув цілі

Якщо для більшості українців сигнал повітряної тривоги означає, що треба чимдуж бігти в укриття, то для нас — це команда зайняти вогневі позиції й пи",2026-09-10T09:18:34.317066+00:00
2022-10-05,1,kpszsu,official,targets_downed,ua,2.0,,НА МИКОЛАЇВЩИНІ ЗБИТО ДВА «Shahed-136» ТА ОДИН «Mohajer-6»,2026-09-10T09:18:34.317066+00:00
2022-10-06,2,kpszsu,official,missile_tracks,kyiv_obl,1.0,2011,"Підрозділ С-300 за місяць знищив 23 ворожі цілі

Постійно змінювати позиції, розгоратися, згортатися, налагоджувати зв’язок та логістику… Обрати позицію так, щоб ворожий льотчик навіть і не здогадував",2026-09-10T09:18:34.317066+00:00
2022-10-07,1,kpszsu,official,targets_downed,ua,3.0,,"⚡️ЗБИТО ТРИ ДРОНИ-КАМІКАДЗЕ ""SHAHED-136"" 
07 жовтня,",2026-09-10T09:18:34.317066+00:00
2022-10-09,1,kpszsu,official,missiles_launched,ua,80.0,,"втня ворог застосував по Україні більше 80 ракет.



🇺🇦 Все буде Україна!
✌️ Тримаймо ст",2026-09-10T09:18:34.317066+00:00
2022-10-09,1,kpszsu,official,targets_downed,ua,9.0,,"ет!
Крім того, протиповітряною обороною знищено 9 із 12 дронів-камікадзе «Shahed-136».",2026-09-10T09:18:34.317066+00:00
2022-10-10,1,kpszsu,official,targets_downed,ua,33.0,,"ЗНИЩЕНО 20 КРИЛАТИХ РАКЕТ І 13 БпЛА-КАМІКАДЗЕ
Зага",2026-09-10T09:18:34.317066+00:00
2022-10-13,1,kpszsu,official,targets_downed,ua,8.0,,"⚡️ЗНИЩЕНО ВІСІМ ДРОНІВ-КАМІКАДЗЕ
14 жовтня на південному",2026-09-10T09:18:34.317066+00:00
2022-10-16,1,kpszsu,official,targets_downed,ua,8.0,,"ЗБИТО ВІСІМ ДРОНІВ-КАМІКАДЗЕ ТА ДВІ КРИЛАТІ РАКЕТИ
Б",2026-09-10T09:18:34.317066+00:00
2022-10-18,1,kpszsu,official,targets_downed,ua,233.0,,Протягом місяця збито 233 «Шахеди» і десятки ракет. Лише за сього,2026-09-10T09:18:34.317066+00:00
2022-10-19,1,kpszsu,official,targets_downed,ua,14.0,,"⚡️НА МИКОЛАЇВЩИНІ ЗНИЩЕНО 14 ""SHAHED-136""
Дев’ять дронів збито силам",2026-09-10T09:18:34.317066+00:00
2022-10-21,1,kpszsu,official,missiles_launched,ua,17.0,,"одонська Ростовської області.

Випущено 17 крилатих ракет Х-101 (Х-555).

Крім того, рашисти атак",2026-09-10T09:18:34.317066+00:00
2022-10-21,1,kpszsu,official,targets_downed,ua,18.0,,"⚡️⚡️⚡️ЗНИЩЕНО 18 із 33 КРИЛАТИХ РАКЕТ ОКУПАНТІВ
В зонах ",2026-09-10T09:18:34.317066+00:00
2022-10-22,1,kpszsu,official,targets_downed,ua,16.0,,"ЗБИТО ШІСТНАДЦЯТЬ БЕЗПІЛОТНИКІВ-КАМІКАДЗЕ ""SHAHED-136""
Сил",2026-09-10T09:18:34.317066+00:00
2022-10-30,1,kpszsu,official,missiles_launched,ua,50.0,,віації Ту-95/Ту-160 було випущено понад 50 крилатих ракет Х-101/Х-555 з півночі Каспійського моря,2026-09-10T09:18:34.317066+00:00
2022-10-30,1,kpszsu,official,targets_downed,ua,2.0,,"⚡️ЗНИЩЕНО ДВА РОСІЙСЬКИХ ВЕРТОЛЬОТИ КА-52
31 жовтня, з",2026-09-10T09:18:34.317066+00:00
2022-10-31,1,kpszsu,official,targets_downed,ua,6.0,,"ЗБИТО ШІСТЬ ""Shahed-136""
1 листопада уночі збито шіс",2026-09-10T09:18:34.317066+00:00
2022-11-01,1,kpszsu,official,targets_downed,ua,12.0,,"⚡️ ЗБИТО 12 ІЗ 13 ДРОНІВ-КАМІКАДЗЕ «Shahed-136»
12 ",2026-09-10T09:18:34.317066+00:00
2022-11-03,1,kpszsu,official,targets_downed,ua,9.0,,"ЗБИТО 9 ДРОНІВ-КАМІКАДЗЕ «Shahed-136»
Вісім бар",2026-09-10T09:18:34.317066+00:00
2022-11-04,1,kpszsu,official,targets_downed,ua,2.0,,"⚡️ЗБИТО ДВА  ВЕРТОЛЬОТИ КА-52, ДВІ КРИЛАТІ РАКЕТИ «К",2026-09-10T09:18:34.317066+00:00
2022-11-09,1,kpszsu,official,targets_downed,ua,53.0,,"ня підрозділами протиповітряної оборони знищено 53 повітряні цілі, — повідомив заступник н",2026-09-10T09:18:34.317066+00:00
2022-11-14,1,kpszsu,official,missiles_launched,ua,70.0,,о було випущено понад 90 ракет: близько 70 крилатих ракет Х-101/Х-555 авіаційного базування з пів,2026-09-10T09:18:34.317066+00:00
2022-11-14,1,kpszsu,official,targets_downed,ua,73.0,,"⚡️ ЗБИТО 73 ІЗ ПОНАД 90 КРИЛАТИХ РАКЕТ та 10 ""ШАХЕД",2026-09-10T09:18:34.317066+00:00
2022-11-16,1,kpszsu,official,missiles_launched,ua,18.0,,"бардувальників-ракетоносців випущено до 18 крилатих ракет типу Х-101/Х-555.
Цього разу цілями вор",2026-09-10T09:18:34.317066+00:00
2022-11-16,1,kpszsu,official,targets_downed,ua,4.0,,"ЗБИТО 4 Х-101, 5 «ШАХЕДІВ» ТА 2 КЕРОВАНІ АВІАЦІ",2026-09-10T09:18:34.317066+00:00
2022-11-22,1,kpszsu,official,missiles_launched,ua,70.0,,"ого моря.
Загалом було випущено близько 70 крилатих ракет Х-101/Х-555, «Калібр».
Повітряні Сили п",2026-09-10T09:18:34.317066+00:00
2022-11-22,1,kpszsu,official,targets_downed,ua,51.0,,⚡️ ЗБИТО 51 ІЗ 70 ВОРОЖИХ КРИЛАТИХ РАКЕТ ТА П’ЯТЬ Д,2026-09-10T09:18:34.317066+00:00
2022-11-28,1,kpszsu,official,targets_downed,ua,2.0,,"⚡️ЗБИТО ДВІ РОСІЙСЬКІ ""СУШКИ""
28 листопада близько 1",2026-09-10T09:18:34.317066+00:00
2022-12-04,1,kpszsu,official,missiles_launched,ua,38.0,,"акет.

За попередньою інформацією пуски 38 крилатих ракет Х-101/Х-555 здійснювались із восьми літ",2026-09-10T09:18:34.317066+00:00
2022-12-06,1,kpszsu,official,targets_downed,ua,14.0,,"⚡️ЗБИТО 14 ""ШАХЕДІВ"" ОКУПАНТІВ!
Підрозділами проти",2026-09-10T09:18:34.317066+00:00
2022-12-13,1,kpszsu,official,targets_downed,ua,10.0,,"ЗНИЩЕНО ДЕСЯТЬ ДРОНІВ-КАМІКАДЗЕ
Наразі зенітними ракетн",2026-09-10T09:18:34.317066+00:00
2022-12-15,1,kpszsu,official,targets_downed,ua,60.0,,"ЗНИЩЕНО 60 ІЗ 76 РАКЕТ РОСІЙСЬКИХ ОКУПАНТІВ
Силами",2026-09-10T09:18:34.317066+00:00
2022-12-29,1,kpszsu,official,targets_downed,ua,58.0,,"⚡️ЗНИЩЕНО 58 ІЗ 70 КРИЛАТИХ РАКЕТ, ЧОТИРИ РОЗВІДУВАЛ",2026-09-10T09:18:34.317066+00:00
2022-12-30,1,kpszsu,official,targets_downed,ua,12.0,,⚡️⚡️⚡️ ЗБИТО 12 КРИЛАТИХ РАКЕТ ОКУПАНТІВ ТА БпЛА «ОРЛАН,2026-09-10T09:18:34.317066+00:00
2022-12-31,1,kpszsu,official,targets_downed,ua,45.0,," НОВОРІЧНУ НІЧ ПРОТИПОВІТРЯНОЮ ОБОРОНОЮ ЗНИЩЕНО 45 «ШАХЕДІВ»
В результаті бойової роботи п",2026-09-10T09:18:34.317066+00:00
2023-01-01,1,kpszsu,official,drones_launched,ua,39.0,,"нших складових Сил оборони України, усі 39 ударних БпЛА знищені.

До відбиття нападу залучено з",2026-09-10T09:18:34.317066+00:00
2023-01-01,1,kpszsu,official,targets_downed,ua,39.0,,"⚡️⚡️⚡️ПРОТИПОВІТРЯНОЮ ОБОРОНОЮ ЗНИЩЕНО 39 «шахедів», два «Орлан-10» та Х-59",2026-09-10T09:18:34.317066+00:00
2023-01-13,1,kpszsu,official,missiles_launched,ua,23.0,,"внів з акваторії Чорного моря. Усього – 23 крилаті ракети повітряного та морського базування.

В",2026-09-10T09:18:34.317066+00:00
2023-01-13,1,kpszsu,official,targets_downed,ua,25.0,,"⚡️⚡️ ПІД ЧАС МАСОВАНОГО РАКЕТНОГО УДАРУ ЗНИЩЕНО 25 ІЗ 38 РАКЕТ РІЗНИХ ТИПІВ
Із винищувачів",2026-09-10T09:18:34.317066+00:00
2023-01-22,1,kpszsu,official,targets_downed,ua,6.0,,"⚡️ЗНИЩЕНО ШІСТЬ ПОВІТРЯНИХ ЦІЛЕЙ
23 січня 2023 року на с",2026-09-10T09:18:34.317066+00:00
2023-01-23,1,kpszsu,official,targets_downed,ua,3.0,,"ЗА ПІВ ГОДИНИ ЗНИЩЕНО ТРИ ВЕРТОЛЬОТИ Ка-52
За півгодини протиповіт",2026-09-10T09:18:34.317066+00:00
2023-01-25,1,kpszsu,official,targets_downed,ua,24.0,,"⚡️⚡️⚡️ЗНИЩЕНО 24 ДРОНА-КАМІКАДЗЕ «Shahed-136/131»
Усі 24",2026-09-10T09:18:34.317066+00:00
2023-02-09,1,kpszsu,official,targets_downed,ua,66.0,,"⚡️⚡️⚡️ЗНИЩЕНО 61 із 71 ВОРОЖОЇ РАКЕТИ
Силами та засобами",2026-09-10T09:18:34.317066+00:00
2023-02-10,1,kpszsu,official,targets_downed,ua,20.0,,"⚡️⚡️⚡️ЗНИЩЕНО 20  УДАРНИХ БпЛА «Shahed-136/131»    
Зага",2026-09-10T09:18:34.317066+00:00
2023-02-11,1,kpszsu,official,targets_downed,ua,4.0,,"⚡️⚡️⚡️ ЗНИЩЕНО 4 ДРОНИ-КАМІКАДЗЕ та «ОРЛАН-10»
З 18.40 п",2026-09-10T09:18:34.317066+00:00
2023-02-17,1,kpszsu,official,targets_downed,ua,2.0,,"⚡️ЗНИЩЕНО ДВА «КАЛІБРИ» ОКУПАНТІВ
Дві ракети знищено с",2026-09-10T09:18:34.317066+00:00
2023-02-26,1,kpszsu,official,targets_downed,ua,11.0,,"⚡️ЗНИЩЕНО 11 УДАРНИХ ДРОНІВ
Усього випущено до 14 Бп",2026-09-10T09:18:34.317066+00:00
2023-03-05,1,kpszsu,official,targets_downed,ua,13.0,,"⚡️ЗНИЩЕНО 13 ""ШАХЕДІВ""
Загалом знищено 13 ""шахедів"":",2026-09-10T09:18:34.317066+00:00
2023-03-08,1,kpszsu,official,targets_downed,ua,34.0,,"⚡️⚡️⚡️ЗНИЩЕНО 34 КРИЛАТІ РАКЕТИ ТА 4 «ШАХЕДИ»
Силами та ",2026-09-10T09:18:34.317066+00:00
2023-03-17,1,kpszsu,official,targets_downed,ua,11.0,,"⚡️АТАКА УДАРНИХ ДРОНІВ: знищено 11 із 16 «шахедів»
Силами та засобами пові",2026-09-10T09:18:34.317066+00:00
2023-03-20,1,kpszsu,official,targets_downed,ua,2.0,,"⚡️ЗНИЩЕНО ДВІ КЕРОВАНІ АВІАЦІЙНІ РАКЕТИ 
Близько 19.40",2026-09-10T09:18:34.317066+00:00
2023-03-21,1,kpszsu,official,drones_launched,ua,21.0,,"ництва типу «Shahed- 136/131».

Загалом зафіксовано пуски 21 ворожого БпЛА з північного напрямку (Бр",2026-09-10T09:18:34.317066+00:00
2023-03-21,1,kpszsu,official,targets_downed,ua,16.0,,"⚡️АТАКА ""ШАХЕДІВ"" З ПІВНОЧІ: знищено 16 ударних дронів
Силами та засобами Повіт",2026-09-10T09:18:34.317066+00:00
2023-03-22,1,kpszsu,official,targets_downed,ua,2.0,,"⚡️В НЕБІ ОДЕЩИНИ ЗНИЩЕНО ДВІ КЕРОВАНІ АВІАЦІЙНІ РАКЕТИ 
23 березня 20",2026-09-10T09:18:34.317066+00:00
2023-03-27,1,kpszsu,official,targets_downed,ua,12.0,,"ЗНИЩЕНО 12 «ШАХЕДІВ» ТА РОЗВІДУВАЛЬНИЙ БпЛА
Внаслі",2026-09-10T09:18:34.317066+00:00
2023-03-30,1,kpszsu,official,targets_downed,ua,9.0,,"ЗНИЩЕНО 9 із 10 УДАРНИХ БпЛА
Загалом знищено дев’",2026-09-10T09:18:34.317066+00:00
2023-04-03,1,kpszsu,official,targets_downed,ua,14.0,,"⚡️ЗНИЩЕНО 14 «ШАХЕДІВ» 
Силами та засобами протипові",2026-09-10T09:18:34.317066+00:00
2023-04-17,1,kpszsu,official,targets_downed,ua,6.0,,"⚡️ЗНИЩЕНО ШІСТЬ “ШАХЕДІВ” ТА ОДИН “ОРЛАН”
Сьогодні увече",2026-09-10T09:18:34.317066+00:00
2023-04-18,1,kpszsu,official,targets_downed,ua,10.0,,ання повітряного командування «Південь» знищено 10 із 12 дронів-камікадзе «Shahed-136/131»,2026-09-10T09:18:34.317066+00:00
2023-04-19,1,kpszsu,official,targets_downed,ua,10.0,,"ЗНИЩЕНО 10 ""ШАХЕДІВ""
Підрозділами зенітних ракетни",2026-09-10T09:18:34.317066+00:00
2023-04-20,1,kpszsu,official,targets_downed,ua,8.0,,"ЗНИЩЕНО ВІСІМ «Shahed-136/131»
Силами та засобами прот",2026-09-10T09:18:34.317066+00:00
2023-04-21,1,kpszsu,official,targets_downed,ua,4.0,,"ЗНИЩЕНО ЧОТИРИ «Shahed-136/131»
Силами та засобами прот",2026-09-10T09:18:34.317066+00:00
2023-04-27,1,kpszsu,official,targets_downed,ua,23.0,,"ЗНИЩЕНО 21 із 23 КРИЛАТИХ РАКЕТ ТА 2 БпЛА
Підрозді",2026-09-10T09:18:34.317066+00:00
2023-04-28,1,kpszsu,official,targets_downed,ua,2.0,,"ЗНИЩЕНО ДВА ""ШАХЕДИ"" ОДИН БпЛА (ОТР)
29 квітня 2023 ",2026-09-10T09:18:34.317066+00:00
2023-04-30,1,kpszsu,official,missiles_launched,ua,18.0,,"аспійського моря.
Загалом було випущено 18 крилатих ракет повітряного базування Х-101/Х-555.

✊ Т",2026-09-10T09:18:34.317066+00:00
2023-04-30,1,kpszsu,official,targets_downed,ua,15.0,,"ЗНИЩЕНО 15 із 18 КРИЛАТИХ РАКЕТ
Силами та засобами",2026-09-10T09:18:34.317066+00:00
2023-05-02,1,kpszsu,official,targets_downed,ua,5.0,,"⚡️НА ПІВДНІ ЗНИЩЕНО ЧОТИРИ РОСІЙСЬКІ БЕЗПІЛОТНИКИ
3-го травня 2023 ",2026-09-10T09:18:34.317066+00:00
2023-05-03,1,kpszsu,official,targets_downed,ua,18.0,,ЗНИЩЕНО 18 «Shahed-136/131» ТА РОЗВІДУВАЛЬНИЙ БпЛА,2026-09-10T09:18:34.317066+00:00
2023-05-05,1,kpszsu,official,targets_downed,ua,8.0,,"ЗНИЩЕНО ВІСІМ  «Shahed-136/131» та Х-47 ""Кинджал"" 
Усі",2026-09-10T09:18:34.317066+00:00
2023-05-07,1,kpszsu,official,drones_launched,ua,35.0,,"тва «Shahed-136/131».

Було застосовано 35 ударних БпЛА, які атакували з північного напрямку – ",2026-09-10T09:18:34.317066+00:00
2023-05-07,1,kpszsu,official,targets_downed,ua,3.0,,"рони повітряного командування ""Південь"" знищено 3 російських безпілотних літальних апарат",2026-09-10T09:18:34.317066+00:00
2023-05-08,1,kpszsu,official,missiles_launched,ua,17.0,,ранку 9 травня окупанти здійснили пуски 17 крилатих ракет повітряного базування Х-101/Х-555 з літ,2026-09-10T09:18:34.317066+00:00
2023-05-08,1,kpszsu,official,targets_downed,ua,23.0,,"⚡️ЗНИЩЕНО 23 із 25 КРИЛАТИХ РАКЕТ 
Усі вісім – знище",2026-09-10T09:18:34.317066+00:00
2023-05-12,1,kpszsu,official,targets_downed,ua,17.0,,"⚡️ НІЧНА АТАКА «ШАХЕДІВ»: ЗНИЩЕНО 17 УДАРНИХ ДРОНІВ
Усього зафіксовано 21 пу",2026-09-10T09:18:34.317066+00:00
2023-05-13,1,kpszsu,official,targets_downed,ua,25.0,,"⚡️ЗНИЩЕНО 25 БпЛА ТА ТРИ КРИЛАТІ РАКЕТИ
Протягом ніч",2026-09-10T09:18:34.317066+00:00
2023-05-14,1,kpszsu,official,targets_downed,ua,4.0,,"⚡️ ЗНИЩЕНО ЧОТИРИ ""ШАХЕДИ"" і ОДИН ""ОРЛАН""""
Близько опівноч",2026-09-10T09:18:34.317066+00:00
2023-05-15,1,kpszsu,official,missiles_launched,ua,9.0,,"аеробалістичних ракет Х-47М2 «Кинджал», 9 крилатих ракет «Калібр» – з кораблів у Чорному морі та",2026-09-10T09:18:34.317066+00:00
2023-05-15,1,kpszsu,official,targets_downed,ua,6.0,,"⚡️ЗНИЩЕНО 6 «КИНДЖАЛІВ», 9 «КАЛІБРІВ» ТА ТРИ БАЛІСТ",2026-09-10T09:18:34.317066+00:00
2023-05-17,1,kpszsu,official,missiles_launched,ua,30.0,,"ак з різних напрямків. Загалом випущено 30 крилатих ракет морського, повітряного та наземного баз",2026-09-10T09:18:34.317066+00:00
2023-05-17,1,kpszsu,official,targets_downed,ua,29.0,,"⚡️ ЗНИЩЕНО 29 КРИЛАТИХ РАКЕТ
Силами та засобами проти",2026-09-10T09:18:34.317066+00:00
2023-05-18,1,kpszsu,official,drones_launched,ua,22.0,,"ами «Калібр» з кораблів у Чорному морі. Зафіксовано пуски 22 «шахедів» та шести «Калібрів».


✊Трима",2026-09-10T09:18:34.317066+00:00
2023-05-18,1,kpszsu,official,targets_downed,ua,16.0,,"⚡️ЗНИЩЕНО 16 БпЛА ТА ТРИ КРИЛАТІ РАКЕТИ “КАЛІБР”
Про",2026-09-10T09:18:34.317066+00:00
2023-05-19,1,kpszsu,official,targets_downed,ua,20.0,,"⚡️ЗНИЩЕНО 20 ""ШАХЕДІВ ТА РОЗВІДУВАЛЬНИЙ БпЛА ""МЕРЛІН",2026-09-10T09:18:34.317066+00:00
2023-05-21,1,kpszsu,official,targets_downed,ua,20.0,,"⚡️ЗНИЩЕНО 20 УДАРНИХ БпЛА ТА ЧОТИРИ КРИЛАТІ РАКЕТИ
П",2026-09-10T09:18:34.317066+00:00
2023-05-24,1,kpszsu,official,drones_launched,ua,36.0,,"виробництва «Shahed-136/131». 

Загалом зафіксовано пуски 36 баражуючих боєприпасів з північного та ",2026-09-10T09:18:34.317066+00:00
2023-05-24,1,kpszsu,official,targets_downed,ua,36.0,,"⚡️ ЗНИЩЕНО 36 із 36 «ШАХЕДІВ» 
Спільними зусиллями ус",2026-09-10T09:18:34.317066+00:00
2023-05-25,1,kpszsu,official,drones_launched,ua,17.0,,"об’єкти Сил оборони України.

🚀 Загалом зафіксовано пуски 17 ракет різних типів та 31 ударний дрон:
",2026-09-10T09:18:34.317066+00:00
2023-05-25,1,kpszsu,official,missiles_launched,ua,10.0,,"кет різних типів та 31 ударний дрон:

– 10 крилатих ракет Х-101/Х-555 з літаків Ту-95мс з району ",2026-09-10T09:18:34.317066+00:00
2023-05-25,1,kpszsu,official,targets_downed,ua,10.0,,"⚡️ЗНИЩЕНО 10 КРИЛАТИХ РАКЕТ, 23 «ШАХЕДИ» та ДВА РОВІ",2026-09-10T09:18:34.317066+00:00
2023-05-27,1,kpszsu,official,targets_downed,ua,52.0,,"⚡️ ЗНИЩЕНО 52 «ШАХЕДИ» 
Чергову нічну атаку ворог спр",2026-09-10T09:18:34.317066+00:00
2023-05-28,1,kpszsu,official,drones_launched,ua,29.0,,"».


– 37 крилатих ракет Х-101/Х-555;
– 29 ударних БпЛА «Shahed-136/131»;
– 1 розвідувальний Бп",2026-09-10T09:18:34.317066+00:00
2023-05-28,1,kpszsu,official,missiles_launched,ua,11.0,,"ня з ОТРК «Іскандер». 
Загалом випущено 11 ракет: «Іскандер-М» та «Іскандер-К» з північн",2026-09-10T09:18:34.317066+00:00
2023-05-28,1,kpszsu,official,targets_downed,ua,11.0,,"⚡️АТАКУ «ІСКАНДЕРІВ» ВІДБИТО: ЗНИЩЕНО 11 РАКЕТ!
Силами та засобами протиповітрян",2026-09-10T09:18:34.317066+00:00
2023-05-29,1,kpszsu,official,drones_launched,ua,31.0,,"136/131». 
Загалом із півночі та півдня зафіксовано пуски 31 дрона-камікадзе.


✊ Тримаймо небо!
🇺🇦 ",2026-09-10T09:18:34.317066+00:00
2023-05-29,1,kpszsu,official,targets_downed,ua,29.0,,"⚡️ ЗНИЩЕНО 29 із 31 БпЛА «Shahed-136/131»
Силами та з",2026-09-10T09:18:34.317066+00:00
2023-05-31,1,kpszsu,official,targets_downed,ua,10.0,,"⚡️ЗНИЩЕНО 10 РАКЕТ:
Силами та засобами протиповітрян",2026-09-10T09:18:34.317066+00:00
2023-06-01,1,kpszsu,official,targets_downed,ua,15.0,,"ЗНИЩЕНО 15 КРИЛАТИХ РАКЕТ ТА 21 УДАРНИЙ ДРОН
Силам",2026-09-10T09:18:34.317066+00:00
2023-06-03,1,kpszsu,official,targets_downed,ua,4.0,,"⚡️ЗНИЩЕНО ЧОТИРИ КРИЛАТІ РАКЕТИ ТА ТРИ УДАРНІ ДРОНИ
Силам",2026-09-10T09:18:34.317066+00:00
2023-06-08,1,kpszsu,official,drones_launched,ua,16.0,,"ів Ту-95мс.

Протягом атаки запущено до 16 ударних БпЛА та шість крилатих ракет повітряного баз",2026-09-10T09:18:34.317066+00:00
2023-06-08,1,kpszsu,official,targets_downed,ua,10.0,,⚡️ ЗНИЩЕНО 10 УДАРНИХ ДРОНІВ 4 КРИЛАТІ РАКЕТИ ТА 4 РО,2026-09-10T09:18:34.317066+00:00
2023-06-09,1,kpszsu,official,drones_launched,ua,35.0,,кет наземного базування різних типів та 35 ударних БпЛА іранського виробництва «Shahed-136/131»,2026-09-10T09:18:34.317066+00:00
2023-06-09,1,kpszsu,official,targets_downed,ua,20.0,,"⚡️ЗНИЩЕНО 20 ІРАНСЬКИХ ДРОНІВ ТА ДВІ КРИЛАТІ РАКЕТИ
",2026-09-10T09:18:34.317066+00:00
2023-06-10,1,kpszsu,official,targets_downed,ua,6.0,,"⚡️ ЗНИЩЕНО ШІСТЬ «ШАХЕДІВ»
За попередніми даними в зоні в",2026-09-10T09:18:34.317066+00:00
2023-06-12,1,kpszsu,official,missiles_launched,ua,14.0,,"з південного напрямку.

Усього випущено 14 крилатих ракет повітряного базування Х-101/Х-555 та до",2026-09-10T09:18:34.317066+00:00
2023-06-12,1,kpszsu,official,targets_downed,ua,11.0,,"⚡️ЗНИЩЕНО 11 КРИЛАТИХ РАКЕТ ТА УДАРНИЙ ДРОН
Силами т",2026-09-10T09:18:34.317066+00:00
2023-06-13,1,kpszsu,official,targets_downed,ua,12.0,,"⚡️ЗНИЩЕНО 12 ПОВІТРЯНИХ ЦІЛЕЙ
🚀 З акваторії Чорного ",2026-09-10T09:18:34.317066+00:00
2023-06-14,1,kpszsu,official,targets_downed,ua,22.0,,"⚡️ЗНИЩЕНО 22 ПОВІТРЯНІ ЦІЛІ
Усі 20 ударних дронів зн",2026-09-10T09:18:34.317066+00:00
2023-06-15,1,kpszsu,official,attacked,kyiv,1.0,,є повідомлення супроводу цілей на Київ,2026-09-10T09:18:34.317066+00:00
2023-06-15,1,kpszsu,official,missile_tracks,kyiv,1.0,2574,"⚠️ Увага!
Київ та область в укриття. Балістика!",2026-09-10T09:18:34.317066+00:00
2023-06-15,1,kpszsu,official,targets_downed,ua,6.0,,"⚡️ ЗНИЩЕНО ШІСТЬ КИНДЖАЛІВ ТА ШІСТЬ «КАЛІБРІВ»
Усі ракети",2026-09-10T09:18:34.317066+00:00
2023-06-17,1,kpszsu,official,targets_downed,ua,14.0,,"⚡️ ЗНИЩЕНО ДВА УДАРНІ ВЕРТОЛЬОТИ ТА 12 БпЛА
🚀 За минулу",2026-09-10T09:18:34.317066+00:00
2023-06-18,1,kpszsu,official,targets_downed,ua,4.0,,"⚡️ЗНИЩЕНО ЧОТИРИ «КАЛІБРИ» ТА ЧОТИРИ «ШАХЕДИ»
Усі вісім п",2026-09-10T09:18:34.317066+00:00
2023-06-19,1,kpszsu,official,attacked,kyiv,1.0,,є повідомлення супроводу цілей на Київ,2026-09-10T09:18:34.317066+00:00
2023-06-19,1,kpszsu,official,missile_tracks,kyiv,2.0,2653,"⚠️Увага!
Київська область (без Києва) – ракетна небезпека! Загроза застосування ворогом ударних БпЛА! Не ігноруйте сигнали повітряної тривоги!",2026-09-10T09:18:34.317066+00:00
2023-06-19,1,kpszsu,official,targets_downed,ua,32.0,,"⚡️ЗНИЩЕНО 32 із 35 УДАРНИХ ДРОНІВ
💥 30 «шахедів» зни",2026-09-10T09:18:34.317066+00:00
2023-06-20,1,kpszsu,official,targets_downed,ua,6.0,,"⚡️ЗНИЩЕНО ШІСТЬ ШАХЕДІВ
Усі дрони-камікадзе знищено сила",2026-09-10T09:18:34.317066+00:00
2023-06-20,2,kpszsu,official,drone_tracks,kyiv_obl,1.0,2701,"⚠️Увага!
Київська область  загроза застосування ворогом ударних БпЛА!",2026-09-10T09:18:34.317066+00:00
2023-06-21,2,kpszsu,official,missile_tracks,kyiv_obl,1.0,2730,"⚠️ Увага!
Чернігівська, Сумська, Київська, Полтавська, Кіровоградська, Харківська, Одеська, Миколаївська, Херсонська, Дніпропетровська області – ракетна небезпека!",2026-09-10T09:18:34.317066+00:00
2023-06-22,1,kpszsu,official,targets_downed,ua,13.0,,"⚡️23 ЧЕРВНЯ ЗНИЩЕНО 13 КРИЛАТИХ РАКЕТ ОКУПАНТІВ
🚀 Усі 13 крила",2026-09-10T09:18:34.317066+00:00
2023-06-22,2,kpszsu,official,missile_tracks,kyiv_obl,1.0,2765,"⚠️ Увага! 
Центральні області (Київська, Вінницька, Житомирська, Чернігівська, Черкаська, Кіровоградська) - ракетна небезпека!

Прямуйте в укриття!",2026-09-10T09:18:34.317066+00:00
2023-06-23,1,kpszsu,official,attacked,kyiv,1.0,,є повідомлення супроводу цілей на Київ,2026-09-10T09:18:34.317066+00:00
2023-06-23,1,kpszsu,official,missile_tracks,kyiv,2.0,2806,"🚀 Ракети з центральних областей в напрямку Києва та західних областей.
Не ігноруйте сигнал повітряної тривоги!",2026-09-10T09:18:34.317066+00:00
2023-06-23,1,kpszsu,official,missiles_launched,ua,40.0,," у кількості 10 одиниць здійснили пуски 40 крилатих ракет Х-101/Х-555 з Каспійського моря.

🔵 Віс",2026-09-10T09:18:34.317066+00:00
2023-06-23,1,kpszsu,official,targets_downed,ua,41.0,,"⚡️ЗНИЩЕНО 41 КРИЛАТУ РАКЕТУ ТА ДВА УДАРНІ ДРОНИ
💥 За",2026-09-10T09:18:34.317066+00:00
2023-06-25,1,kpszsu,official,targets_downed,ua,13.0,,"⚡️ЗА НІЧ 26 ЧЕРВНЯ ЗНИЩЕНО 13 ПОВІТРЯНИХ ЦІЛЕЙ
💥 Силами та засобами п",2026-09-10T09:18:34.317066+00:00
2023-06-25,2,kpszsu,official,drone_tracks,kyiv_obl,1.0,2848,"⚠️Увага!
Київська область - залишається загроза застосування ворогом ударних БпЛА!",2026-09-10T09:18:34.317066+00:00
2023-06-25,2,kpszsu,official,missile_tracks,kyiv_obl,1.0,2836,"⚠️Увага!
Київська, Чернігівська, Черкаська області - ракетна небезпека!

🚨У разі оголошення тривоги прямуйте в укриття.",2026-09-10T09:18:34.317066+00:00
2023-06-29,1,kpszsu,official,targets_downed,ua,10.0,,ППО інших складових Сил оборони України знищено 10 із 13 ударних дронів «Shahed-136/131».,2026-09-10T09:18:34.317066+00:00
2023-07-01,1,kpszsu,official,attacked,kyiv,1.0,,є повідомлення супроводу цілей на Київ,2026-09-10T09:18:34.317066+00:00
2023-07-01,1,kpszsu,official,drone_tracks,kyiv,2.0,2992,"⚠️Увага!
Київська область (без Києва) - загроза застосування ворогом ударних БпЛА з південного напрямку! Терміново прямуйте в укриття!",2026-09-10T09:18:34.317066+00:00
2023-07-01,1,kpszsu,official,targets_downed,ua,11.0,,"⚡️ЗНИЩЕНО 11 ПОВІТРЯНИХ ЦІЛЕЙ
Усі повітряні цілі – 8",2026-09-10T09:18:34.317066+00:00
2023-07-01,2,kpszsu,official,missile_tracks,kyiv_obl,1.0,3004,"⚠️ Увага!  
Київська область - ракетна небезпека!",2026-09-10T09:18:34.317066+00:00
2023-07-02,1,kpszsu,official,attacked,kyiv,0.0,,"канал вів повітряну обстановку (18 повідомлень з 27), жодного супроводу на Київ, тривог у місті менше 3 годин",2026-09-10T09:18:34.317066+00:00
2023-07-02,1,kpszsu,official,drones_launched,ua,17.0,,"» з південно-східного напрямку.
Загалом зафіксовано пуски 17 «шахедів».

💥У південних, східних та це",2026-09-10T09:18:34.317066+00:00
2023-07-02,1,kpszsu,official,targets_downed,ua,13.0,,"⚡️ЗНИЩЕНО 13 УДАРНИХ БпЛА
В результаті протиповітрян",2026-09-10T09:18:34.317066+00:00
2023-07-03,1,kpszsu,official,attacked,kyiv,0.0,,"канал вів повітряну обстановку (14 повідомлень з 23), жодного супроводу на Київ, тривог у місті менше 3 годин",2026-09-10T09:18:34.317066+00:00
2023-07-03,2,kpszsu,official,drone_tracks,kyiv_obl,1.0,3050,"⚠️ Увага          
Київська область – ймовірність застосування ворогом ударних БпЛА.",2026-09-10T09:18:34.317066+00:00
2023-07-04,1,kpszsu,official,attacked,kyiv,0.0,,"канал вів повітряну обстановку (17 повідомлень з 22), жодного супроводу на Київ, тривог у місті менше 3 годин",2026-09-10T09:18:34.317066+00:00
2023-07-05,1,kpszsu,official,attacked,kyiv,0.0,,"канал вів повітряну обстановку (27 повідомлень з 27), жодного супроводу на Київ, тривог у місті менше 3 годин",2026-09-10T09:18:34.317066+00:00
2023-07-05,1,kpszsu,official,targets_downed,ua,7.0,,⚡️ЛЬВІВ АТАКОВАНО «КАЛІБРАМИ»: ЗНИЩЕНО СІМ КРИЛАТИХ РАКЕТ,2026-09-10T09:18:34.317066+00:00
2023-07-05,2,kpszsu,official,missile_tracks,kyiv_obl,1.0,3097,"⚠️ Увага!
Київська, Житомирська, Чернігівська, Вінницька, Черкаська, Кіровоградська, Сумська, Полтавська області - ракетна небезпека!",2026-09-10T09:18:34.317066+00:00
2023-07-06,1,kpszsu,official,attacked,kyiv,0.0,,"канал вів повітряну обстановку (18 повідомлень з 19), жодного супроводу на Київ, тривог у місті менше 3 годин",2026-09-10T09:18:34.317066+00:00
2023-07-06,1,kpszsu,official,drones_launched,ua,18.0,,"хтарськ, Краснодарський край).

Загалом зафіксовано пуски 18 «шахедів».
У південних та східних регіо",2026-09-10T09:18:34.317066+00:00
2023-07-06,1,kpszsu,official,targets_downed,ua,12.0,,"⚡️ЗНИЩЕНО 12 УДАРНИХ БпЛА ТИПУ «ШАХЕД»
💥 В результат",2026-09-10T09:18:34.317066+00:00
2023-07-06,2,kpszsu,official,drone_tracks,kyiv_obl,1.0,3124,"⚠️ Увага! 
Київщина - загроза застосування ударних БпЛА!",2026-09-10T09:18:34.317066+00:00
2023-07-07,1,kpszsu,official,attacked,kyiv,0.0,,"канал вів повітряну обстановку (18 повідомлень з 22), жодного супроводу на Київ, тривог у місті менше 3 годин",2026-09-10T09:18:34.317066+00:00
2023-07-07,1,kpszsu,official,targets_downed,ua,5.0,,ти підрозділами ППО Сил оборони України знищено 5 ударних БпЛА «Shahed-136/131».,2026-09-10T09:18:34.317066+00:00
2023-07-08,1,kpszsu,official,attacked,kyiv,0.0,,"канал вів повітряну обстановку (4 повідомлень з 9), жодного супроводу на Київ, тривог у місті менше 3 годин",2026-09-10T09:18:34.317066+00:00
2023-07-09,1,kpszsu,official,attacked,kyiv,0.0,,"канал вів повітряну обстановку (7 повідомлень з 13), жодного супроводу на Київ, тривог у місті менше 3 годин",2026-09-10T09:18:34.317066+00:00
2023-07-10,1,kpszsu,official,attacked,kyiv,1.0,,є повідомлення супроводу цілей на Київ,2026-09-10T09:18:34.317066+00:00
2023-07-10,1,kpszsu,official,missile_tracks,kyiv,1.0,3181,"⚠️Увага!
Чернігівська, Сумська, Київська області (без Києва) - ракетна небезпека!",2026-09-10T09:18:34.317066+00:00
2023-07-10,1,kpszsu,official,targets_downed,ua,26.0,,"⚡️ЗНИЩЕНО 26 «ШАХЕДІВ»
💥В результаті успішної бойово",2026-09-10T09:18:34.317066+00:00
2023-07-10,2,kpszsu,official,drone_tracks,kyiv_obl,1.0,3193,"⚠️Увага!
Київська область - загроза застосування ворогом ударних БпЛА!",2026-09-10T09:18:34.317066+00:00
2023-07-11,1,kpszsu,official,attacked,kyiv,1.0,,є повідомлення супроводу цілей на Київ,2026-09-10T09:18:34.317066+00:00
2023-07-11,1,kpszsu,official,drone_tracks,kyiv,1.0,3215,"⚠️ Увага!
Київ –   ударні БпЛА ""Shahed"".                                                                         ❗️Не ігноруйте сигнал повітряної тривоги!",2026-09-10T09:18:34.317066+00:00
2023-07-11,1,kpszsu,official,targets_downed,ua,11.0,,"⚡️ЗНИЩЕНО 11 УДАРНИХ ДРОНІВ ТИПУ «ШАХЕД»
💥 Усього в ",2026-09-10T09:18:34.317066+00:00
2023-07-11,2,kpszsu,official,drone_tracks,kyiv_obl,1.0,3214,"⚠️Увага!
Кіровоградська, Київська області - загроза застосування ворогом ударних БпЛА!                                                                                                                  ",2026-09-10T09:18:34.317066+00:00
2023-07-12,1,kpszsu,official,attacked,kyiv,1.0,,є повідомлення супроводу цілей на Київ,2026-09-10T09:18:34.317066+00:00
2023-07-12,1,kpszsu,official,drone_tracks,kyiv,1.0,3241,🚨У Києві зберігається загроза застосування ударних БпЛА,2026-09-10T09:18:34.317066+00:00
2023-07-12,1,kpszsu,official,targets_downed,ua,20.0,,"⚡️ЗНИЩЕНО 20 УДАРНИХ ДРОНІВ ТА ДВА «КАЛІБРИ»
💥 В рез",2026-09-10T09:18:34.317066+00:00
2023-07-12,2,kpszsu,official,missile_tracks,kyiv_obl,1.0,3235,"⚠️ Увага!
Київська область – ракетна небезпека!
Пов'язана із  загрозою застосування ворогом ударних БпЛА!",2026-09-10T09:18:34.317066+00:00
2023-07-13,1,kpszsu,official,attacked,kyiv,0.0,,"канал вів повітряну обстановку (22 повідомлень з 28), жодного супроводу на Київ, тривог у місті менше 3 годин",2026-09-10T09:18:34.317066+00:00
2023-07-13,1,kpszsu,official,targets_downed,ua,16.0,,⚡️ЗНИЩЕНО 16 УДАРНИХ ДРОНІВ ТА СІМ РОЗВІДУВАЛЬНИХ БП,2026-09-10T09:18:34.317066+00:00
2023-07-14,1,kpszsu,official,attacked,kyiv,0.0,,"канал вів повітряну обстановку (14 повідомлень з 23), жодного супроводу на Київ, тривог у місті менше 3 годин",2026-09-10T09:18:34.317066+00:00
2023-07-14,1,kpszsu,official,targets_downed,ua,10.0,,"⚡️ЗНИЩЕНО 10 ПОВІТРЯНИХ ЦІЛЕЙ
💥Силами та засобами По",2026-09-10T09:18:34.317066+00:00
2023-07-15,1,kpszsu,official,attacked,kyiv,0.0,,"канал вів повітряну обстановку (13 повідомлень з 26), жодного супроводу на Київ, тривог у місті менше 3 годин",2026-09-10T09:18:34.317066+00:00
2023-07-16,1,kpszsu,official,attacked,kyiv,0.0,,"канал вів повітряну обстановку (10 повідомлень з 21), жодного супроводу на Київ, тривог у місті менше 3 годин",2026-09-10T09:18:34.317066+00:00
2023-07-17,1,kpszsu,official,attacked,kyiv,0.0,,"канал вів повітряну обстановку (19 повідомлень з 25), жодного супроводу на Київ, тривог у місті менше 3 годин",2026-09-10T09:18:34.317066+00:00
2023-07-17,1,kpszsu,official,targets_downed,ua,38.0,,"⚡️ ЗНИЩЕНО 38 ПОВІТРЯНИХ ЦІЛЕЙ
💥 Силами та засобами П",2026-09-10T09:18:34.317066+00:00
2023-07-18,1,kpszsu,official,attacked,kyiv,1.0,,є повідомлення супроводу цілей на Київ,2026-09-10T09:18:34.317066+00:00
2023-07-18,1,kpszsu,official,drone_tracks,kyiv,1.0,3400,"⚠️Увага!
Київська область (без м.Київ) - загроза застосування ворогом ударних БпЛА!",2026-09-10T09:18:34.317066+00:00
2023-07-18,2,kpszsu,official,missile_tracks,kyiv_obl,1.0,3407,"⚠️ Увага!
🚀 Вінницька, Київська, Чернігівська області – ракетна небезпека!",2026-09-10T09:18:34.317066+00:00
2023-07-19,1,kpszsu,official,attacked,kyiv,0.0,,"канал вів повітряну обстановку (21 повідомлень з 36), жодного супроводу на Київ, тривог у місті менше 3 годин",2026-09-10T09:18:34.317066+00:00
2023-07-20,1,kpszsu,official,attacked,kyiv,0.0,,"канал вів повітряну обстановку (25 повідомлень з 32), жодного супроводу на Київ, тривог у місті менше 3 годин",2026-09-10T09:18:34.317066+00:00
2023-07-20,2,kpszsu,official,missile_tracks,kyiv_obl,1.0,3479,"⚠️Увага!
Київська область - ракетна небезпека!",2026-09-10T09:18:34.317066+00:00
2023-07-21,1,kpszsu,official,attacked,kyiv,0.0,,"канал вів повітряну обстановку (23 повідомлень з 34), жодного супроводу на Київ, тривог у місті менше 3 годин",2026-09-10T09:18:34.317066+00:00
2023-07-22,1,kpszsu,official,attacked,kyiv,0.0,,"канал вів повітряну обстановку (22 повідомлень з 27), жодного супроводу на Київ, тривог у місті менше 3 годин",2026-09-10T09:18:34.317066+00:00
2023-07-22,1,kpszsu,official,targets_downed,ua,9.0,,"⚡️ ОКУПАНТИ ЗНОВУ АТАКУВАЛИ ОДЕЩИНУ – ЗНИЩЕНО 9 ПОВІТРЯНИХ ЦІЛЕЙ 
💥 В результаті бойово",2026-09-10T09:18:34.317066+00:00
2023-07-23,1,kpszsu,official,attacked,kyiv,0.0,,"канал вів повітряну обстановку (12 повідомлень з 20), жодного супроводу на Київ, тривог у місті менше 3 годин",2026-09-10T09:18:34.317066+00:00
2023-07-24,2,kpszsu,official,drone_tracks,kyiv_obl,1.0,3594,"⚠️Увага!
Київська область - загроза застосування ворогом ударних БпЛА!",2026-09-10T09:18:34.317066+00:00
2023-07-25,1,kpszsu,official,attacked,kyiv,0.0,,"канал вів повітряну обстановку (14 повідомлень з 20), жодного супроводу на Київ, тривог у місті менше 3 годин",2026-09-10T09:18:34.317066+00:00
2023-07-25,1,kpszsu,official,drones_launched,ua,36.0,,"вітряного базування Х-101/Х-555. 

Було зафіксовано пуски 36 ракет із восьми стратегічних бомбардува",2026-09-10T09:18:34.317066+00:00
2023-07-25,1,kpszsu,official,targets_downed,ua,36.0,,"⚡️ 26 ЛИПНЯ ЗНИЩЕНО 36 ВОРОЖИХ КРИЛАТИХ РАКЕТ 
Про удар «Каліб",2026-09-10T09:18:34.317066+00:00
2023-07-26,1,kpszsu,official,targets_downed,ua,8.0,,"⚡️ ЗНИЩЕНО ВІСІМ УДАРНИХ БпЛА
Щодо «шахедів» то усі вісім",2026-09-10T09:18:34.317066+00:00
2023-07-26,2,kpszsu,official,drone_tracks,kyiv_obl,1.0,3671,"⚠️ Увага!
Київська, Вінницька області– загроза застосування ударних БпЛА!",2026-09-10T09:18:34.317066+00:00
2023-07-26,2,kpszsu,official,missile_tracks,kyiv_obl,1.0,3659,"⚠️Увага!
Київщина – в укриття! Зафіксовано пуск Х-47 ""Кинджал""!",2026-09-10T09:18:34.317066+00:00
2023-07-27,1,kpszsu,official,attacked,kyiv,0.0,,"канал вів повітряну обстановку (10 повідомлень з 21), жодного супроводу на Київ, тривог у місті менше 3 годин",2026-09-10T09:18:34.317066+00:00
2023-07-28,1,kpszsu,official,attacked,kyiv,0.0,,"канал вів повітряну обстановку (7 повідомлень з 15), жодного супроводу на Київ, тривог у місті менше 3 годин",2026-09-10T09:18:34.317066+00:00
2023-07-29,1,kpszsu,official,attacked,kyiv,0.0,,"канал вів повітряну обстановку (25 повідомлень з 38), жодного супроводу на Київ, тривог у місті менше 3 годин",2026-09-10T09:18:34.317066+00:00
2023-07-29,1,kpszsu,official,targets_downed,ua,4.0,,"⚡️ ЗНИЩЕНО 4 УДАРНІ і 4 РОЗВІДУВАЛЬНІ БпЛА 
Силами т",2026-09-10T09:18:34.317066+00:00
2023-07-30,1,kpszsu,official,attacked,kyiv,0.0,,"канал вів повітряну обстановку (9 повідомлень з 17), жодного супроводу на Київ, тривог у місті менше 3 годин",2026-09-10T09:18:34.317066+00:00
2023-07-31,1,kpszsu,official,attacked,kyiv,0.0,,"канал вів повітряну обстановку (14 повідомлень з 28), жодного супроводу на Київ, тривог у місті менше 3 годин",2026-09-10T09:18:34.317066+00:00
2023-08-01,1,kpszsu,official,attacked,kyiv,1.0,,є повідомлення супроводу цілей на Київ,2026-09-10T09:18:34.317066+00:00
2023-08-01,1,kpszsu,official,drone_tracks,kyiv,1.0,3831,"⚠️ Шахеди у напрямку Києва з південно-західного та північного напрямків!
Не ігноруйте сигнали повітряної тривоги!",2026-09-10T09:18:34.317066+00:00
2023-08-01,1,kpszsu,official,targets_downed,ua,23.0,,"⚡️ ЗНИЩЕНО 23 УДАРНІ БпЛА «Shahed-136/131»
💥 Силами т",2026-09-10T09:18:34.317066+00:00
2023-08-01,2,kpszsu,official,drone_tracks,kyiv_obl,2.0,3822,"⚠️ Увага!
Київщина - загроза застосування ударних БПЛА.",2026-09-10T09:18:34.317066+00:00
2023-08-02,1,kpszsu,official,drones_launched,ua,15.0,," ударними БпЛА «Shahed-136/131».
Усього зафіксовано пуски 15 «шахедів».


✈️ За минулу та поточну до",2026-09-10T09:18:34.317066+00:00
2023-08-02,1,kpszsu,official,targets_downed,ua,15.0,,"⚡️ЗНИЩЕНО 15 УДАРНИХ  і 7 РОЗВІДУВАЛЬНИХ БпЛА 
💥 Сил",2026-09-10T09:18:34.317066+00:00
2023-08-02,2,kpszsu,official,drone_tracks,kyiv_obl,1.0,3878,"⚠️ Увага!
Київська область - загроза застосування ударних БПЛА.",2026-09-10T09:18:34.317066+00:00
2023-08-03,1,kpszsu,official,attacked,kyiv,0.0,,"канал вів повітряну обстановку (14 повідомлень з 24), жодного супроводу на Київ, тривог у місті менше 3 годин",2026-09-10T09:18:34.317066+00:00
2023-08-04,1,kpszsu,official,attacked,kyiv,0.0,,"канал вів повітряну обстановку (13 повідомлень з 22), жодного супроводу на Київ, тривог у місті менше 3 годин",2026-09-10T09:18:34.317066+00:00
2023-08-05,1,kpszsu,official,attacked,kyiv,0.0,,"канал вів повітряну обстановку (70 повідомлень з 83), жодного супроводу на Київ, тривог у місті менше 3 годин",2026-09-10T09:18:34.317066+00:00
2023-08-05,1,kpszsu,official,drones_launched,ua,27.0,,"бр»;
🚀 13 крилатих ракет Х-101/Х-555;
🛬 27 ударних БпЛА «Shahed-136/131».

✌️ Тримаймо небо!
🇺🇦",2026-09-10T09:18:34.317066+00:00
2023-08-05,1,kpszsu,official,missiles_launched,ua,17.0,,"сував 70 засобів повітряного нападу.

🚀 17 крилатих ракет «Калібр»;
🚀 13 крилатих ракет Х-101/Х-5",2026-09-10T09:18:34.317066+00:00
2023-08-05,1,kpszsu,official,targets_downed,ua,30.0,,"⚡️ ЗНИЩЕНО 30 КРИЛАТИХ РАКЕТ ТА 27 УДАРНИХ ДРОНІВ
У п",2026-09-10T09:18:34.317066+00:00
2023-08-05,2,kpszsu,official,missile_tracks,kyiv_obl,6.0,3944,"⚠️ Увага!
Київська, Житомирська, Чернігівська, Вінницька, Черкаська, Кіровоградська, Сумська, Полтавська області - ракетна небезпека!",2026-09-10T09:18:34.317066+00:00
2023-08-06,1,kpszsu,official,attacked,kyiv,0.0,,"канал вів повітряну обстановку (15 повідомлень з 25), жодного супроводу на Київ, тривог у місті менше 3 годин",2026-09-10T09:18:34.317066+00:00
2023-08-07,1,kpszsu,official,attacked,kyiv,0.0,,"канал вів повітряну обстановку (10 повідомлень з 18), жодного супроводу на Київ, тривог у місті менше 3 годин",2026-09-10T09:18:34.317066+00:00
2023-08-08,1,kpszsu,official,attacked,kyiv,0.0,,"канал вів повітряну обстановку (9 повідомлень з 20), жодного супроводу на Київ, тривог у місті менше 3 годин",2026-09-10T09:18:34.317066+00:00
2023-08-09,1,kpszsu,official,attacked,kyiv,1.0,,є повідомлення супроводу цілей на Київ,2026-09-10T09:18:34.317066+00:00
2023-08-09,1,kpszsu,official,drone_tracks,kyiv,1.0,4132,"⚠️Увага!
Київ - загроза застосування ворогом ударних БпЛА!
Не ігноруйте сигнал повітряної тривоги!",2026-09-10T09:18:34.317066+00:00
2023-08-09,1,kpszsu,official,drones_launched,ua,10.0,,"

Усього російські окупанти застосували 10 ударних БпЛА “Shahed-136/131”.


Про уражені об’єкти",2026-09-10T09:18:34.317066+00:00
2023-08-09,1,kpszsu,official,targets_downed,ua,7.0,,ідрозділами інших складових Сил оборони знищено 7 ворожих безпілотників. Застосовано зені,2026-09-10T09:18:34.317066+00:00
2023-08-09,2,kpszsu,official,drone_tracks,kyiv_obl,2.0,4131,"⚠️Увага!
Київська область - загроза застосування ворогом ударних БпЛА!",2026-09-10T09:18:34.317066+00:00
2023-08-10,1,kpszsu,official,attacked,kyiv,0.0,,"канал вів повітряну обстановку (16 повідомлень з 23), жодного супроводу на Київ, тривог у місті менше 3 годин",2026-09-10T09:18:34.317066+00:00
2023-08-10,1,kpszsu,official,targets_downed,ua,1.0,, ТЕРОРИСТИ ЗНОВУ АТАКУЮТЬ «КИНДЖАЛАМИ»: ЗБИТО ОДНУ Х-47,2026-09-10T09:18:34.317066+00:00
2023-08-10,2,kpszsu,official,missile_tracks,kyiv_obl,3.0,4160,"⚠️ Увага! 
Київська, Чернігівська області – ракетна небезпека!",2026-09-10T09:18:34.317066+00:00
2023-08-11,1,kpszsu,official,attacked,kyiv,0.0,,"канал вів повітряну обстановку (9 повідомлень з 16), жодного супроводу на Київ, тривог у місті менше 3 годин",2026-09-10T09:18:34.317066+00:00
2023-08-12,1,kpszsu,official,attacked,kyiv,0.0,,"канал вів повітряну обстановку (8 повідомлень з 12), жодного супроводу на Київ, тривог у місті менше 3 годин",2026-09-10T09:18:34.317066+00:00
2023-08-13,1,kpszsu,official,attacked,kyiv,0.0,,"канал вів повітряну обстановку (25 повідомлень з 38), жодного супроводу на Київ, тривог у місті менше 3 годин",2026-09-10T09:18:34.317066+00:00
2023-08-13,1,kpszsu,official,drones_launched,ua,15.0,," Ялти).

Всього противник застосував:
🛬 15 ударних БпЛА “Shahed-136/131”;
 🚀 8 крилатих ракет «",2026-09-10T09:18:34.317066+00:00
2023-08-13,1,kpszsu,official,missiles_launched,ua,8.0,,"
🛬 15 ударних БпЛА “Shahed-136/131”;
 🚀 8 крилатих ракет «Калібр».


Застосовано зенітні керован",2026-09-10T09:18:34.317066+00:00
2023-08-13,1,kpszsu,official,targets_downed,ua,15.0,,⚡️ ЗНИЩЕНО 15 «ШАХЕДІВ» 8 «КАЛІБРІВ» ТА ВОРОЖИЙ ВЕРТО,2026-09-10T09:18:34.317066+00:00
2023-08-14,1,kpszsu,official,attacked,kyiv,0.0,,"канал вів повітряну обстановку (45 повідомлень з 55), жодного супроводу на Київ, тривог у місті менше 3 годин",2026-09-10T09:18:34.317066+00:00
2023-08-14,1,kpszsu,official,missiles_launched,ua,28.0,,".

Загалом зафіксовано пуски щонайменше 28 крилатих ракет різних типів:

✈️🚀  4 крилаті ракети Х-",2026-09-10T09:18:34.317066+00:00
2023-08-14,1,kpszsu,official,targets_downed,ua,16.0,,"⚡️ ЗНИЩЕНО 16 КРИЛАТИХ РАКЕТ
💥 В результаті протипові",2026-09-10T09:18:34.317066+00:00
2023-08-14,2,kpszsu,official,missile_tracks,kyiv_obl,1.0,4263,Ракети на півдні Київської області!,2026-09-10T09:18:34.317066+00:00
2023-08-15,1,kpszsu,official,attacked,kyiv,0.0,,"канал вів повітряну обстановку (19 повідомлень з 34), жодного супроводу на Київ, тривог у місті менше 3 годин",2026-09-10T09:18:34.317066+00:00
2023-08-15,1,kpszsu,official,targets_downed,ua,13.0,,"⚡️ЗНИЩЕНО 13 «ШАХЕДІВ» 
💥 Силами та засобами Повітря",2026-09-10T09:18:34.317066+00:00
2023-08-16,1,kpszsu,official,attacked,kyiv,0.0,,"канал вів повітряну обстановку (15 повідомлень з 20), жодного супроводу на Київ, тривог у місті менше 3 годин",2026-09-10T09:18:34.317066+00:00
2023-08-18,1,kpszsu,official,attacked,kyiv,0.0,,"канал вів повітряну обстановку (26 повідомлень з 44), жодного супроводу на Київ, тривог у місті менше 3 годин",2026-09-10T09:18:34.317066+00:00
2023-08-18,1,kpszsu,official,targets_downed,ua,15.0,,ППО інших складових Сил оборони України знищено 15 ворожих безпілотників.,2026-09-10T09:18:34.317066+00:00
2023-08-18,2,kpszsu,official,drone_tracks,kyiv_obl,2.0,4386,"Черкаська, Кіровоградська, Київська області – загроза застосування ударних БпЛА!",2026-09-10T09:18:34.317066+00:00
2023-08-18,2,kpszsu,official,missile_tracks,kyiv_obl,1.0,4409,"⚠️ Увага!
🚀 Київська область – ракетна небезпека!",2026-09-10T09:18:34.317066+00:00
2023-08-19,1,kpszsu,official,attacked,kyiv,0.0,,"канал вів повітряну обстановку (21 повідомлень з 28), жодного супроводу на Київ, тривог у місті менше 3 годин",2026-09-10T09:18:34.317066+00:00
2023-08-20,1,kpszsu,official,attacked,kyiv,0.0,,"канал вів повітряну обстановку (9 повідомлень з 19), жодного супроводу на Київ, тривог у місті менше 3 годин",2026-09-10T09:18:34.317066+00:00
2023-08-21,1,kpszsu,official,attacked,kyiv,0.0,,"канал вів повітряну обстановку (9 повідомлень з 20), жодного супроводу на Київ, тривог у місті менше 3 годин",2026-09-10T09:18:34.317066+00:00
2023-08-21,2,kpszsu,official,missile_tracks,kyiv_obl,1.0,4464,"⚠️ Увага!
Київщина – ракетна небезпека, загроза застосування ударних БпЛА!",2026-09-10T09:18:34.317066+00:00
2023-08-22,1,kpszsu,official,attacked,kyiv,0.0,,"канал вів повітряну обстановку (24 повідомлень з 34), жодного супроводу на Київ, тривог у місті менше 3 годин",2026-09-10T09:18:34.317066+00:00
2023-08-22,1,kpszsu,official,targets_downed,ua,11.0,,"ППО інших складових Сил оборони України знищено 11 ворожих безпілотників, дев’ять у Одеськ",2026-09-10T09:18:34.317066+00:00
2023-08-23,1,kpszsu,official,attacked,kyiv,0.0,,"канал вів повітряну обстановку (26 повідомлень з 39), жодного супроводу на Київ, тривог у місті менше 3 годин",2026-09-10T09:18:34.317066+00:00
2023-08-24,1,kpszsu,official,attacked,kyiv,0.0,,"канал вів повітряну обстановку (22 повідомлень з 41), жодного супроводу на Київ, тривог у місті менше 3 годин",2026-09-10T09:18:34.317066+00:00
2023-08-24,1,kpszsu,official,missiles_launched,ua,2.0,,областей із літаків Су-34 було випущено дві керовані авіаційні ракети Х-59 з Чорного моря та дві крилаті рак,2026-09-10T09:18:34.317066+00:00
2023-08-25,1,kpszsu,official,attacked,kyiv,0.0,,"канал вів повітряну обстановку (16 повідомлень з 35), жодного супроводу на Київ, тривог у місті менше 3 годин",2026-09-10T09:18:34.317066+00:00
2023-08-25,1,kpszsu,official,targets_downed,ua,2.0,,"⚡️ ЗНИЩЕНО ДВА ""ШАХЕДИ""",2026-09-10T09:18:34.317066+00:00
2023-08-26,1,kpszsu,official,attacked,kyiv,1.0,,є повідомлення супроводу цілей на Київ,2026-09-10T09:18:34.317066+00:00
2023-08-26,1,kpszsu,official,missile_tracks,kyiv,1.0,4652,"Ракети рухаються у напрямку Києва.
Напрямок руху може змінюватись.",2026-09-10T09:18:34.317066+00:00
2023-08-26,1,kpszsu,official,targets_downed,ua,4.0,,"⚡️ ЗНИЩЕНО ЧОТИРИ КРИЛАТІ РАКЕТИ
💥 Силами та засобами Пові",2026-09-10T09:18:34.317066+00:00
2023-08-26,2,kpszsu,official,missile_tracks,kyiv_obl,1.0,4662,Ракети змінили курс через Вінницьку область у напрямку Київщини .,2026-09-10T09:18:34.317066+00:00
2023-08-27,1,kpszsu,official,attacked,kyiv,0.0,,"канал вів повітряну обстановку (25 повідомлень з 37), жодного супроводу на Київ, тривог у місті менше 3 годин",2026-09-10T09:18:34.317066+00:00
2023-08-27,1,kpszsu,official,missiles_launched,ua,2.0,,"ря поблизу Феодосії.

Також застосовано дві керовані авіаційні ракети Х-59 з двох літаків Су-34, які окупант",2026-09-10T09:18:34.317066+00:00
2023-08-27,1,kpszsu,official,targets_downed,ua,4.0,,"⚡️ЗНИЩЕНО ЧОТИРИ ПОВІТРЯНІ ЦІЛІ
💥 В результаті бойової ро",2026-09-10T09:18:34.317066+00:00
2023-08-27,2,kpszsu,official,missile_tracks,kyiv_obl,1.0,4702,"🚀 Житомирська, Вінницька, Київська області – ракетна небезпека!",2026-09-10T09:18:34.317066+00:00
2023-08-28,1,kpszsu,official,attacked,kyiv,0.0,,"канал вів повітряну обстановку (10 повідомлень з 24), жодного супроводу на Київ, тривог у місті менше 3 годин",2026-09-10T09:18:34.317066+00:00
2023-08-29,1,kpszsu,official,attacked,kyiv,1.0,,є повідомлення супроводу цілей на Київ,2026-09-10T09:18:34.317066+00:00
2023-08-29,1,kpszsu,official,drone_tracks,kyiv,3.0,4761,"⚠️ Увага!
Перша група ворожих ударних БпЛА знаходиться в районі меж Сумської та Чернігівської областей, рухається у напрямку Києва.
Друга група  знаходиться в районі меж Дніпропетровської та Миколаївс",2026-09-10T09:18:34.317066+00:00
2023-08-29,1,kpszsu,official,drones_launched,ua,16.0,," Ту-95мс із Каспію та району Енгельса.

16 ударних БпЛА типу “Shahed-136/131” з південного та п",2026-09-10T09:18:34.317066+00:00
2023-08-29,1,kpszsu,official,missile_tracks,kyiv,1.0,4787,"⚠️ Увага!
Ракети у напрямку Києва!",2026-09-10T09:18:34.317066+00:00
2023-08-29,1,kpszsu,official,missiles_launched,ua,28.0,,"неві групи та інші засоби ураження.


🚀 28 крилатих ракет Х-101/Х-555/Х-55
🛬 15 ударних БпЛА типу",2026-09-10T09:18:34.317066+00:00
2023-08-29,1,kpszsu,official,targets_downed,ua,28.0,,"⚡️ ЗНИЩЕНО 28 КРИЛАТИХ РАКЕТ ТА 15 УДАРНИХ БПЛА
💥 Сил",2026-09-10T09:18:34.317066+00:00
2023-08-29,2,kpszsu,official,drone_tracks,kyiv_obl,1.0,4771,"⚠️ Увага!
Ворожий БпЛА рухається із півночі  Київщини у напрямку Житомирщини!",2026-09-10T09:18:34.317066+00:00
2023-08-29,2,kpszsu,official,missile_tracks,kyiv_obl,1.0,4793,Ракети змінили курс на Київщину/Житомирщину!,2026-09-10T09:18:34.317066+00:00
2023-08-30,1,kpszsu,official,attacked,kyiv,0.0,,"канал вів повітряну обстановку (21 повідомлень з 32), жодного супроводу на Київ, тривог у місті менше 3 годин",2026-09-10T09:18:34.317066+00:00
2023-08-31,1,kpszsu,official,attacked,kyiv,0.0,,"канал вів повітряну обстановку (13 повідомлень з 17), жодного супроводу на Київ, тривог у місті менше 3 годин",2026-09-10T09:18:34.317066+00:00
2023-08-31,1,kpszsu,official,targets_downed,ua,1.0,,⚡️ ЗНИЩЕНО ОДНУ КРИЛАТУ РАКЕТУ,2026-09-10T09:18:34.317066+00:00
2023-08-31,2,kpszsu,official,missile_tracks,kyiv_obl,1.0,4845,"🚀 Київська, Житомирська, Полтавська, Чернігівська, Сумська області – ракетна небезпека!",2026-09-10T09:18:34.317066+00:00
2023-09-01,1,kpszsu,official,attacked,kyiv,0.0,,"канал вів повітряну обстановку (6 повідомлень з 11), жодного супроводу на Київ, тривог у місті менше 3 годин",2026-09-10T09:18:34.317066+00:00
2023-09-02,1,kpszsu,official,attacked,kyiv,0.0,,"канал вів повітряну обстановку (15 повідомлень з 21), жодного супроводу на Київ, тривог у місті менше 3 годин",2026-09-10T09:18:34.317066+00:00
2023-09-02,1,kpszsu,official,drones_launched,ua,25.0,," та Приморсько-Ахтарськ, рф).

🛬 Усього зафіксовано пуски 25 ударних БпЛА “Shahed-136/131”, які атак",2026-09-10T09:18:34.317066+00:00
2023-09-02,1,kpszsu,official,targets_downed,ua,22.0,,"⚡️ НА ОДЕЩИНІ ЗНИЩЕНО 22 “ШАХЕДИ”
💥 22 із них знищено силами та ",2026-09-10T09:18:34.317066+00:00
2023-09-03,1,kpszsu,official,attacked,kyiv,0.0,,"канал вів повітряну обстановку (32 повідомлень з 38), жодного супроводу на Київ, тривог у місті менше 3 годин",2026-09-10T09:18:34.317066+00:00
2023-09-03,1,kpszsu,official,drones_launched,ua,32.0,," та Приморсько-Ахтарськ, рф).

🛬 Усього зафіксовано пуски 32 ”шахедів”, які атакували Одещину та Дні",2026-09-10T09:18:34.317066+00:00
2023-09-03,1,kpszsu,official,targets_downed,ua,23.0,,"⚡️ НА ПІВДНІ ТА СХОДІ ЗНИЩЕНО 23 УДАРНІ ДРОНИ
💥 Силами та засобами Повіт",2026-09-10T09:18:34.317066+00:00
2023-09-04,1,kpszsu,official,attacked,kyiv,0.0,,"канал вів повітряну обстановку (5 повідомлень з 12), жодного супроводу на Київ, тривог у місті менше 3 годин",2026-09-10T09:18:34.317066+00:00
2023-09-05,1,kpszsu,official,attacked,kyiv,0.0,,"канал вів повітряну обстановку (22 повідомлень з 29), жодного супроводу на Київ, тривог у місті менше 3 годин",2026-09-10T09:18:34.317066+00:00
2023-09-05,1,kpszsu,official,drones_launched,ua,25.0,,"
🚀 1 балістичну ракету “Іскандер-М”;

🛬 25 ударних БпЛА типу “Shahed-136/131” з південно-східно",2026-09-10T09:18:34.317066+00:00
2023-09-05,1,kpszsu,official,targets_downed,ua,23.0,,"⚡️ ЗНИЩЕНО 23 ПОВІТРЯНІ ЦІЛІ
💥 Силами та засобами про",2026-09-10T09:18:34.317066+00:00
2023-09-06,1,kpszsu,official,attacked,kyiv,0.0,,"канал вів повітряну обстановку (27 повідомлень з 41), жодного супроводу на Київ, тривог у місті менше 3 годин",2026-09-10T09:18:34.317066+00:00
2023-09-06,1,kpszsu,official,drones_launched,ua,33.0,,"– рф, мис Чауда – ТОТ, Крим).

🛬 Усього зафіксовано пуски 33 “шахедів”, в основному – у напрямку пів",2026-09-10T09:18:34.317066+00:00
2023-09-06,1,kpszsu,official,targets_downed,ua,25.0,,"⚡️ ЗНИЩЕНО 25 “Shahed-136/131”
💥 За результатами бойо",2026-09-10T09:18:34.317066+00:00
2023-09-07,1,kpszsu,official,attacked,kyiv,0.0,,"канал вів повітряну обстановку (19 повідомлень з 30), жодного супроводу на Київ, тривог у місті менше 3 годин",2026-09-10T09:18:34.317066+00:00
2023-09-07,1,kpszsu,official,drones_launched,ua,20.0,,"– рф, мис Чауда – ТОТ, Крим).

🛬 Усього зафіксовано пуски 20 “шахедів” у напрямку Одещини.

До відби",2026-09-10T09:18:34.317066+00:00
2023-09-07,1,kpszsu,official,targets_downed,ua,16.0,,"⚡️ ЗНИЩЕНО 16 “SHAHED-136/131”
💥 В результаті бойової",2026-09-10T09:18:34.317066+00:00
2023-09-08,1,kpszsu,official,attacked,kyiv,0.0,,"канал вів повітряну обстановку (10 повідомлень з 15), жодного супроводу на Київ, тривог у місті менше 3 годин",2026-09-10T09:18:34.317066+00:00
2023-09-09,1,kpszsu,official,attacked,kyiv,0.0,,"канал вів повітряну обстановку (29 повідомлень з 35), жодного супроводу на Київ, тривог у місті менше 3 годин",2026-09-10T09:18:34.317066+00:00
2023-09-09,1,kpszsu,official,drones_launched,ua,33.0,,"з північного напрямку (Курськ – рф).

🛬 Зафіксовано пуски 33 “шахедів” у напрямку Київщини.


✊ Трим",2026-09-10T09:18:34.317066+00:00
2023-09-09,1,kpszsu,official,targets_downed,ua,26.0,,"⚡️ЗНИЩЕНО 26 “SHAHED-136/131”
💥 В результаті бойової",2026-09-10T09:18:34.317066+00:00
2023-09-09,2,kpszsu,official,drone_tracks,kyiv_obl,2.0,5064,"⚠️ Увага!
Група ударних БпЛА наближається до Київської області з Чернігівщини!",2026-09-10T09:18:34.317066+00:00
2023-09-10,1,kpszsu,official,attacked,kyiv,0.0,,"канал вів повітряну обстановку (22 повідомлень з 30), жодного супроводу на Київ, тривог у місті менше 3 годин",2026-09-10T09:18:34.317066+00:00
2023-09-10,1,kpszsu,official,drones_launched,ua,12.0,,"у (Єйськ, Приморсько-Ахтарськ – рф).

🛬 Зафіксовано пуски 12 “шахедів” у напрямку Запорізької та Дні",2026-09-10T09:18:34.317066+00:00
2023-09-10,1,kpszsu,official,targets_downed,ua,12.0,,"⚡️ ЗНИЩЕНО 12 “SHAHED-136/131”
💥 В результаті бойової",2026-09-10T09:18:34.317066+00:00
2023-09-11,1,kpszsu,official,attacked,kyiv,0.0,,"канал вів повітряну обстановку (13 повідомлень з 18), жодного супроводу на Київ, тривог у місті менше 3 годин",2026-09-10T09:18:34.317066+00:00
2023-09-12,1,kpszsu,official,attacked,kyiv,0.0,,"канал вів повітряну обстановку (27 повідомлень з 35), жодного супроводу на Київ, тривог у місті менше 3 годин",2026-09-10T09:18:34.317066+00:00
2023-09-12,1,kpszsu,official,drones_launched,ua,44.0,,"-Ахтарськ, мис Чауда, Курськ.

🛬 Усього зафіксовано пуски 44 “шахедів”.
Основний напрямок – південні",2026-09-10T09:18:34.317066+00:00
2023-09-12,1,kpszsu,official,targets_downed,ua,32.0,,"⚡️ ЗНИЩЕНО 32 “Shahed-136/131”
 💥 За результатами бой",2026-09-10T09:18:34.317066+00:00
2023-09-13,1,kpszsu,official,attacked,kyiv,0.0,,"канал вів повітряну обстановку (14 повідомлень з 29), жодного супроводу на Київ, тривог у місті менше 3 годин",2026-09-10T09:18:34.317066+00:00
2023-09-13,1,kpszsu,official,drones_launched,ua,22.0,,"а – Крим; Єйськ, Курськ – рф.

🛬 Усього зафіксовано пуски 22 “шахедів” у напрямку Миколаївської, Зап",2026-09-10T09:18:34.317066+00:00
2023-09-13,1,kpszsu,official,targets_downed,ua,17.0,,"⚡️ЗНИЩЕНО 17 “Shahed-136/131”
💥 За результатами бойо",2026-09-10T09:18:34.317066+00:00
2023-09-14,1,kpszsu,official,attacked,kyiv,0.0,,"канал вів повітряну обстановку (22 повідомлень з 33), жодного супроводу на Київ, тривог у місті менше 3 годин",2026-09-10T09:18:34.317066+00:00
2023-09-14,1,kpszsu,official,drones_launched,ua,17.0,,"у (Приморсько-Ахтарськ – рф).

🛬 Усього зафіксовано пуски 17 ударних БпЛА, які по різних маршрутах р",2026-09-10T09:18:34.317066+00:00
2023-09-14,1,kpszsu,official,targets_downed,ua,17.0,,"⚡️ ЗНИЩЕНО 17 “Shahed-136/131”
💥 Усі 17 «шахедів» зни",2026-09-10T09:18:34.317066+00:00
2023-09-15,1,kpszsu,official,attacked,kyiv,0.0,,"канал вів повітряну обстановку (9 повідомлень з 20), жодного супроводу на Київ, тривог у місті менше 3 годин",2026-09-10T09:18:34.317066+00:00
2023-09-16,1,kpszsu,official,attacked,kyiv,0.0,,"канал вів повітряну обстановку (26 повідомлень з 35), жодного супроводу на Київ, тривог у місті менше 3 годин",2026-09-10T09:18:34.317066+00:00
2023-09-16,1,kpszsu,official,drones_launched,ua,6.0,,"овано 16 засобів повітряного нападу:

🛬 6 ударних БпЛА типу “Shahed-136/131” атакували з півде",2026-09-10T09:18:34.317066+00:00
2023-09-16,1,kpszsu,official,missiles_launched,ua,6.0,,"6 ударних БпЛА типу “Shahed-136/131”;
🚀 6 крилатих ракет Х-101/Х-555/Х-55.

Зафіксовано влучання",2026-09-10T09:18:34.317066+00:00
2023-09-16,1,kpszsu,official,targets_downed,ua,12.0,,"⚡️ЗНИЩЕНО 12 ПОВІТРЯНИХ ЦІЛЕЙ
💥В результаті бойової ",2026-09-10T09:18:34.317066+00:00
2023-09-17,1,kpszsu,official,attacked,kyiv,0.0,,"канал вів повітряну обстановку (49 повідомлень з 61), жодного супроводу на Київ, тривог у місті менше 3 годин",2026-09-10T09:18:34.317066+00:00
2023-09-17,1,kpszsu,official,drones_launched,ua,17.0,,"дської області.

Залучено вісім бортів, зафіксовано пуски 17 крилатих ракет типу Х-101/Х-555/Х-55 .
",2026-09-10T09:18:34.317066+00:00
2023-09-17,1,kpszsu,official,missiles_launched,ua,17.0,,"алучено вісім бортів, зафіксовано пуски 17 крилатих ракет типу Х-101/Х-555/Х-55 .


✊ Тримаймо не",2026-09-10T09:18:34.317066+00:00
2023-09-17,1,kpszsu,official,targets_downed,ua,18.0,,"⚡️ЗНИЩЕНО 18 “ШАХЕДІВ” ТА 17 КРИЛАТИХ РАКЕТ
💥 18 уда",2026-09-10T09:18:34.317066+00:00
2023-09-18,1,kpszsu,official,attacked,kyiv,0.0,,"канал вів повітряну обстановку (46 повідомлень з 55), жодного супроводу на Київ, тривог у місті менше 3 годин",2026-09-10T09:18:34.317066+00:00
2023-09-18,1,kpszsu,official,drones_launched,ua,30.0,,"балістичну ракету “Іскандер-М”.

Усього зафіксовано пуски 30 ударних БпЛА з південно-східного напрям",2026-09-10T09:18:34.317066+00:00
2023-09-18,1,kpszsu,official,targets_downed,ua,27.0,,"⚡️ ЗНИЩЕНО 27 “ШАХЕДІВ” 
В результаті бойової роботи ",2026-09-10T09:18:34.317066+00:00
2023-09-19,1,kpszsu,official,attacked,kyiv,0.0,,"канал вів повітряну обстановку (29 повідомлень з 39), жодного супроводу на Київ, тривог у місті менше 3 годин",2026-09-10T09:18:34.317066+00:00
2023-09-19,1,kpszsu,official,targets_downed,ua,17.0,,"⚡️ ЗНИЩЕНО 17 “ШАХЕДІВ” 
💥 В результаті бойової робот",2026-09-10T09:18:34.317066+00:00
2023-09-19,2,kpszsu,official,drone_tracks,kyiv_obl,1.0,5431,"⚠️ Увага!
Київська, Кіровоградська області – загроза застосування ударних БпЛА!",2026-09-10T09:18:34.317066+00:00
2023-09-20,1,kpszsu,official,missiles_launched,ua,43.0,,"Х-555/Х-55

 Усього зафіксовано пуски 🚀 43 крилатих ракет із ✈️ 10 літаків стратегічної авіації Т",2026-09-10T09:18:34.317066+00:00
2023-09-20,1,kpszsu,official,targets_downed,ua,36.0,,"⚡️ ЗНИЩЕНО 36 КРИЛАТИХ РАКЕТ ПОВІТРЯНОГО БАЗУВАННЯ
В ",2026-09-10T09:18:34.317066+00:00
2023-09-20,2,kpszsu,official,missile_tracks,kyiv_obl,3.0,5463,Друга група ракет з Чернігівщини в сторону Київської області.,2026-09-10T09:18:34.317066+00:00
2023-09-21,1,kpszsu,official,attacked,kyiv,0.0,,"канал вів повітряну обстановку (20 повідомлень з 30), жодного супроводу на Київ, тривог у місті менше 3 годин",2026-09-10T09:18:34.317066+00:00
2023-09-22,1,kpszsu,official,attacked,kyiv,0.0,,"канал вів повітряну обстановку (34 повідомлень з 47), жодного супроводу на Київ, тривог у місті менше 3 годин",2026-09-10T09:18:34.317066+00:00
2023-09-22,1,kpszsu,official,drones_launched,ua,15.0,,23 вересня 2023 року російські окупанти атакували Україну 15-ма ударними БпЛА типу “Shahed-136/131” із південно-східн,2026-09-10T09:18:34.317066+00:00
2023-09-22,1,kpszsu,official,targets_downed,ua,14.0,,"⚡️ ЗНИЩЕНО 14 «ШАХЕДІВ»
💥 Силами та засобами протипов",2026-09-10T09:18:34.317066+00:00
2023-09-23,1,kpszsu,official,attacked,kyiv,0.0,,"канал вів повітряну обстановку (21 повідомлень з 37), жодного супроводу на Київ, тривог у місті менше 3 годин",2026-09-10T09:18:34.317066+00:00
2023-09-24,1,kpszsu,official,attacked,kyiv,0.0,,"канал вів повітряну обстановку (31 повідомлень з 44), жодного супроводу на Київ, тривог у місті менше 3 годин",2026-09-10T09:18:34.317066+00:00
2023-09-24,1,kpszsu,official,drones_launched,ua,19.0,,"протикорабельні ракети П-800 «Онікс»;
🛬 19 ударних БпЛА «Shahed-136/131».


🚀 11 крилатих ракет",2026-09-10T09:18:34.317066+00:00
2023-09-24,1,kpszsu,official,missiles_launched,ua,12.0,,"совано 33 засоби повітряного нападу:

🚀 12 крилатих ракет морського базування «Калібр»;
🚀 2 проти",2026-09-10T09:18:34.317066+00:00
2023-09-24,1,kpszsu,official,targets_downed,ua,11.0,,"ЗНИЩЕНО 11 «КАЛІБРІВ» ТА 19 «ШАХЕДІВ»
Силами та за",2026-09-10T09:18:34.317066+00:00
2023-09-25,1,kpszsu,official,attacked,kyiv,0.0,,"канал вів повітряну обстановку (32 повідомлень з 47), жодного супроводу на Київ, тривог у місті менше 3 годин",2026-09-10T09:18:34.317066+00:00
2023-09-25,1,kpszsu,official,drones_launched,ua,38.0,,"атакували ударними БпЛА типу «Shahed».

Зафіксовано пуски 38 ударних БпЛА «Shahed-136/131» з південн",2026-09-10T09:18:34.317066+00:00
2023-09-25,1,kpszsu,official,targets_downed,ua,26.0,,"⚡️ ЗНИЩЕНО 26 «ШАХЕДІВ»
💥 Силами та засобами протипов",2026-09-10T09:18:34.317066+00:00
2023-09-26,1,kpszsu,official,attacked,kyiv,0.0,,"канал вів повітряну обстановку (21 повідомлень з 33), жодного супроводу на Київ, тривог у місті менше 3 годин",2026-09-10T09:18:34.317066+00:00
2023-09-27,1,kpszsu,official,attacked,kyiv,0.0,,"канал вів повітряну обстановку (27 повідомлень з 32), жодного супроводу на Київ, тривог у місті менше 3 годин",2026-09-10T09:18:34.317066+00:00
2023-09-27,1,kpszsu,official,drones_launched,ua,44.0,,28 вересня 2023 року російські окупанти атакували 44 ударними БпЛА «Shahed-136/131» з південно-східного на,2026-09-10T09:18:34.317066+00:00
2023-09-27,1,kpszsu,official,targets_downed,ua,34.0,,"⚡️ ЗНИЩЕНО 34 “ШАХЕДИ” ТА 6 РОЗВІДУВАЛЬНИХ БпЛА
💥 Сил",2026-09-10T09:18:34.317066+00:00
2023-09-28,1,kpszsu,official,attacked,kyiv,0.0,,"канал вів повітряну обстановку (11 повідомлень з 21), жодного супроводу на Київ, тривог у місті менше 3 годин",2026-09-10T09:18:34.317066+00:00
2023-09-29,1,kpszsu,official,attacked,kyiv,0.0,,"канал вів повітряну обстановку (48 повідомлень з 63), жодного супроводу на Київ, тривог у місті менше 3 годин",2026-09-10T09:18:34.317066+00:00
2023-09-29,1,kpszsu,official,drones_launched,ua,40.0,,"- ТОТ Крим).
Усього зафіксовано близько 40 ударних БпЛА «Shahed-131/136».


✊ Тримаймо небо!
🇺🇦",2026-09-10T09:18:34.317066+00:00
2023-09-29,1,kpszsu,official,targets_downed,ua,30.0,,"⚡️ ЗНИЩЕНО 30 УДАРНИХ БпЛА
💥 Силами та засобами Повіт",2026-09-10T09:18:34.317066+00:00
2023-09-30,1,kpszsu,official,attacked,kyiv,0.0,,"канал вів повітряну обстановку (28 повідомлень з 41), жодного супроводу на Київ, тривог у місті менше 3 годин",2026-09-10T09:18:34.317066+00:00
2023-09-30,1,kpszsu,official,drones_launched,ua,30.0,,"-рф).

Усього зафіксовано пуски близько 30 ударних БпЛА «Shahed-131/136».


✊ Тримаймо небо!
🇺🇦",2026-09-10T09:18:34.317066+00:00
2023-09-30,1,kpszsu,official,targets_downed,ua,16.0,,"⚡️ ЗНИЩЕНО 16 УДАРНИХ БпЛА
💥 Силами та засобами Повіт",2026-09-10T09:18:34.317066+00:00
2023-10-01,1,kpszsu,official,attacked,kyiv,0.0,,"канал вів повітряну обстановку (37 повідомлень з 55), жодного супроводу на Київ, тривог у місті менше 3 годин",2026-09-10T09:18:34.317066+00:00
2023-10-01,1,kpszsu,official,targets_downed,ua,4.0,,"⚡️ ЗНИЩЕНО 4 УДАРНИХ БпЛА
💥Силами та засобами Повітр",2026-09-10T09:18:34.317066+00:00
2023-10-01,2,kpszsu,official,missile_tracks,kyiv_obl,1.0,5928,"⚠️ Увага!
Київська область - ракетна небезпека!",2026-09-10T09:18:34.317066+00:00
2023-10-02,1,kpszsu,official,attacked,kyiv,0.0,,"канал вів повітряну обстановку (14 повідомлень з 22), жодного супроводу на Київ, тривог у місті менше 3 годин",2026-09-10T09:18:34.317066+00:00
2023-10-02,1,kpszsu,official,drones_launched,ua,31.0,,і 3 жовтня 2023 року російські окупанти атакували 31 ударним БпЛА «Shahed» та крилатою ракетою «Іскандер-,2026-09-10T09:18:34.317066+00:00
2023-10-02,1,kpszsu,official,targets_downed,ua,30.0,,"⚡️НА ПІВДНІ ТА СХОДІ ЗНИЩЕНО 30 ПОВІТРЯНИХ ЦІЛЕЙ
💥 Усього силами та зас",2026-09-10T09:18:34.317066+00:00
2023-10-03,1,kpszsu,official,attacked,kyiv,0.0,,"канал вів повітряну обстановку (14 повідомлень з 25), жодного супроводу на Київ, тривог у місті менше 3 годин",2026-09-10T09:18:34.317066+00:00
2023-10-04,1,kpszsu,official,attacked,kyiv,0.0,,"канал вів повітряну обстановку (42 повідомлень з 59), жодного супроводу на Київ, тривог у місті менше 3 годин",2026-09-10T09:18:34.317066+00:00
2023-10-04,1,kpszsu,official,drones_launched,ua,29.0,,"напрямку (мис Чауда -ТОТ Крим).

Усього зафіксовано пуски 29 ударних БпЛА. 


✊Тримаймо небо!
🇺🇦 Раз",2026-09-10T09:18:34.317066+00:00
2023-10-04,1,kpszsu,official,targets_downed,ua,24.0,,"⚡️ЗНИЩЕНО 24 ""ШАХЕДИ""
💥 Силами та засобами Повітряни",2026-09-10T09:18:34.317066+00:00
2023-10-05,1,kpszsu,official,attacked,kyiv,0.0,,"канал вів повітряну обстановку (38 повідомлень з 54), жодного супроводу на Київ, тривог у місті менше 3 годин",2026-09-10T09:18:34.317066+00:00
2023-10-05,1,kpszsu,official,drones_launched,ua,33.0,,"Т Крим) ударними БпЛА типу «Shahed».

🛬 Зафіксовано пуски 33 «шахедів», які прямували кількома група",2026-09-10T09:18:34.317066+00:00
2023-10-05,1,kpszsu,official,targets_downed,ua,25.0,,"⚡️ЗНИЩЕНО 25 УДАРНИХ БпЛА
💥 Силами та засобами Повіт",2026-09-10T09:18:34.317066+00:00
2023-10-06,1,kpszsu,official,attacked,kyiv,0.0,,"канал вів повітряну обстановку (11 повідомлень з 24), жодного супроводу на Київ, тривог у місті менше 3 годин",2026-09-10T09:18:34.317066+00:00
2023-10-07,1,kpszsu,official,attacked,kyiv,0.0,,"канал вів повітряну обстановку (9 повідомлень з 24), жодного супроводу на Київ, тривог у місті менше 3 годин",2026-09-10T09:18:34.317066+00:00
2023-10-08,1,kpszsu,official,attacked,kyiv,0.0,,"канал вів повітряну обстановку (15 повідомлень з 24), жодного супроводу на Київ, тривог у місті менше 3 годин",2026-09-10T09:18:34.317066+00:00
2023-10-08,2,kpszsu,official,missile_tracks,kyiv_obl,1.0,6166,"⚠️ Увага! 
Київська область  – ракетна небезпека!
Не ігноруйте сигнали повітряної тривоги – прямуйте в укриття!",2026-09-10T09:18:34.317066+00:00
2023-10-09,1,kpszsu,official,attacked,kyiv,0.0,,"канал вів повітряну обстановку (12 повідомлень з 18), жодного супроводу на Київ, тривог у місті менше 3 годин",2026-09-10T09:18:34.317066+00:00
2023-10-09,1,kpszsu,official,drones_launched,ua,36.0,,"ційні війська атакували південь України 36 ударними БпЛА типу «Shahed».
Пуски здійснювались із м",2026-09-10T09:18:34.317066+00:00
2023-10-09,1,kpszsu,official,targets_downed,ua,27.0,,"⚡️ЗНИЩЕНО 27 «ШАХЕДІВ»
💥Силами та засобами Повітряни",2026-09-10T09:18:34.317066+00:00
2023-10-10,1,kpszsu,official,attacked,kyiv,0.0,,"канал вів повітряну обстановку (21 повідомлень з 40), жодного супроводу на Київ, тривог у місті менше 3 годин",2026-09-10T09:18:34.317066+00:00
2023-10-11,1,kpszsu,official,attacked,kyiv,0.0,,"канал вів повітряну обстановку (37 повідомлень з 46), жодного супроводу на Київ, тривог у місті менше 3 годин",2026-09-10T09:18:34.317066+00:00
2023-10-11,1,kpszsu,official,drones_launched,ua,33.0,," та із мису Чауда (ТОТ Крим).

🛬 Усього зафіксовано пуски 33 «шахедів». Ворожі БпЛА летіли у різних ",2026-09-10T09:18:34.317066+00:00
2023-10-11,1,kpszsu,official,targets_downed,ua,28.0,,"⚡️ ЗНИЩЕНО 28 «Shahed-131/136»
💥 Загалом цієї ночі си",2026-09-10T09:18:34.317066+00:00
2023-10-12,1,kpszsu,official,attacked,kyiv,0.0,,"канал вів повітряну обстановку (16 повідомлень з 34), жодного супроводу на Київ, тривог у місті менше 3 годин",2026-09-10T09:18:34.317066+00:00
2023-10-13,1,kpszsu,official,attacked,kyiv,0.0,,"канал вів повітряну обстановку (14 повідомлень з 27), жодного супроводу на Київ, тривог у місті менше 3 годин",2026-09-10T09:18:34.317066+00:00
2023-10-14,1,kpszsu,official,attacked,kyiv,0.0,,"канал вів повітряну обстановку (14 повідомлень з 23), жодного супроводу на Київ, тривог у місті менше 3 годин",2026-09-10T09:18:34.317066+00:00
2023-10-15,1,kpszsu,official,attacked,kyiv,0.0,,"канал вів повітряну обстановку (38 повідомлень з 50), жодного супроводу на Київ, тривог у місті менше 3 годин",2026-09-10T09:18:34.317066+00:00
2023-10-15,1,kpszsu,official,drones_launched,ua,12.0,,"’яти керованих авіаційних ракет Х-59 та 12 ударних БпЛА типу “Shahed-136/131”.

Авіаційними рак",2026-09-10T09:18:34.317066+00:00
2023-10-15,1,kpszsu,official,targets_downed,ua,2.0,,"⚡️ЗНИЩЕНО 2 РАКЕТИ Х-59 і 11 «ШАХЕДІВ»
💥 В результа",2026-09-10T09:18:34.317066+00:00
2023-10-15,2,kpszsu,official,drone_tracks,kyiv_obl,1.0,6396,"⚠️ Увага!
""Шахеди"" з Черкащини рухаються у напрямку Київщини!",2026-09-10T09:18:34.317066+00:00
2023-10-16,1,kpszsu,official,attacked,kyiv,0.0,,"канал вів повітряну обстановку (23 повідомлень з 33), жодного супроводу на Київ, тривог у місті менше 3 годин",2026-09-10T09:18:34.317066+00:00
2023-10-16,1,kpszsu,official,targets_downed,ua,6.0,,⚡️ЗНИЩЕНО ШІСТЬ УДАРНИХ БПЛА ТА ОДНУ КЕРОВАНУ АВІАЦІЙНУ ,2026-09-10T09:18:34.317066+00:00
2023-10-17,1,kpszsu,official,attacked,kyiv,0.0,,"канал вів повітряну обстановку (16 повідомлень з 32), жодного супроводу на Київ, тривог у місті менше 3 годин",2026-09-10T09:18:34.317066+00:00
2023-10-18,1,kpszsu,official,attacked,kyiv,0.0,,"канал вів повітряну обстановку (19 повідомлень з 42), жодного супроводу на Київ, тривог у місті менше 3 годин",2026-09-10T09:18:34.317066+00:00
2023-10-19,1,kpszsu,official,attacked,kyiv,0.0,,"канал вів повітряну обстановку (23 повідомлень з 31), жодного супроводу на Київ, тривог у місті менше 3 годин",2026-09-10T09:18:34.317066+00:00
2023-10-20,1,kpszsu,official,attacked,kyiv,0.0,,"канал вів повітряну обстановку (29 повідомлень з 41), жодного супроводу на Київ, тривог у місті менше 3 годин",2026-09-10T09:18:34.317066+00:00
2023-10-21,1,kpszsu,official,attacked,kyiv,0.0,,"канал вів повітряну обстановку (18 повідомлень з 35), жодного супроводу на Київ, тривог у місті менше 3 годин",2026-09-10T09:18:34.317066+00:00
2023-10-21,1,kpszsu,official,targets_downed,ua,4.0,,"ою інших складових Сил оборони України, знищено 4 повітряні цілі:  одну керовану авіаційн",2026-09-10T09:18:34.317066+00:00
2023-10-21,2,kpszsu,official,drone_tracks,kyiv_obl,2.0,6611,"⚠️ Увага!
БпЛА ворога на Черкащині! Напрямок руху – на Київщину!",2026-09-10T09:18:34.317066+00:00
2023-10-21,2,kpszsu,official,missile_tracks,kyiv_obl,1.0,6603,"⚠️ Увага!
Київщина – ракетна небезпека!",2026-09-10T09:18:34.317066+00:00
2023-10-22,1,kpszsu,official,attacked,kyiv,1.0,,є повідомлення супроводу цілей на Київ,2026-09-10T09:18:34.317066+00:00
2023-10-22,1,kpszsu,official,drone_tracks,kyiv,1.0,6644,"Київ - перебувайте в укриттях!
Загроза ударних БпЛА!",2026-09-10T09:18:34.317066+00:00
2023-10-22,1,kpszsu,official,targets_downed,ua,14.0,,"⚡️ ЗНИЩЕНО 14 БпЛА та АВІАЦІЙНУ РАКЕТУ
💥 Завдяки успі",2026-09-10T09:18:34.317066+00:00
2023-10-22,2,kpszsu,official,drone_tracks,kyiv_obl,2.0,6642,"⚠️ Увага! 
Загроза ударних БпЛА для Київської області.",2026-09-10T09:18:34.317066+00:00
2023-10-23,1,kpszsu,official,attacked,kyiv,0.0,,"канал вів повітряну обстановку (42 повідомлень з 65), жодного супроводу на Київ, тривог у місті менше 3 годин",2026-09-10T09:18:34.317066+00:00
2023-10-23,1,kpszsu,official,targets_downed,ua,6.0,,"⚡️ЗНИЩЕНО ШІСТЬ УДАРНИХ БПЛА
💥 Усі шість ударних безпіло",2026-09-10T09:18:34.317066+00:00
2023-10-24,1,kpszsu,official,attacked,kyiv,0.0,,"канал вів повітряну обстановку (36 повідомлень з 42), жодного супроводу на Київ, тривог у місті менше 3 годин",2026-09-10T09:18:34.317066+00:00
2023-10-24,1,kpszsu,official,drones_launched,ua,11.0,,"Приморсько-Ахтарськ - рф), застосувавши 11 ударних БпЛА типу “Shahed”.
 

До відбиття повітряно",2026-09-10T09:18:34.317066+00:00
2023-10-24,1,kpszsu,official,targets_downed,ua,11.0,,"⚡️ ЗНИЩЕНО 11 «ШАХЕДІВ»
💥 В результаті бойової роботи",2026-09-10T09:18:34.317066+00:00
2023-10-24,2,kpszsu,official,drone_tracks,kyiv_obl,2.0,6745,"⚠️Увага!
Київська область - загроза застосування ворогом ударних БпЛА!",2026-09-10T09:18:34.317066+00:00
2023-10-25,1,kpszsu,official,attacked,kyiv,0.0,,"канал вів повітряну обстановку (15 повідомлень з 29), жодного супроводу на Київ, тривог у місті менше 3 годин",2026-09-10T09:18:34.317066+00:00
2023-10-26,1,kpszsu,official,attacked,kyiv,0.0,,"канал вів повітряну обстановку (8 повідомлень з 16), жодного супроводу на Київ, тривог у місті менше 3 годин",2026-09-10T09:18:34.317066+00:00
2023-10-26,1,kpszsu,official,targets_downed,ua,3.0,,⚡️НА ПІВДНІ УКРАЇНИ ЗНИЩЕНО 3 КЕРОВАНІ АВІАЦІЙНІ РАКЕТИ Х-59 ТА 2 УДА,2026-09-10T09:18:34.317066+00:00
2023-10-27,1,kpszsu,official,attacked,kyiv,0.0,,"канал вів повітряну обстановку (20 повідомлень з 30), жодного супроводу на Київ, тривог у місті менше 3 годин",2026-09-10T09:18:34.317066+00:00
2023-10-27,1,kpszsu,official,targets_downed,ua,3.0,,"⚡️ЗБИТО ТРИ «ІСКАНДЕР-К»
💥 Зенітними ракетними підро",2026-09-10T09:18:34.317066+00:00
2023-10-28,1,kpszsu,official,attacked,kyiv,0.0,,"канал вів повітряну обстановку (11 повідомлень з 23), жодного супроводу на Київ, тривог у місті менше 3 годин",2026-09-10T09:18:34.317066+00:00
2023-10-29,1,kpszsu,official,attacked,kyiv,0.0,,"канал вів повітряну обстановку (41 повідомлень з 60), жодного супроводу на Київ, тривог у місті менше 3 годин",2026-09-10T09:18:34.317066+00:00
2023-10-29,1,kpszsu,official,drones_launched,ua,12.0,,"➖
У ніч на 30 жовтня 2023 року окупанти атакували 12-ма ударними БпЛА типу “Shahed” та двома керованими авіац",2026-09-10T09:18:34.317066+00:00
2023-10-29,1,kpszsu,official,targets_downed,ua,12.0,,⚡️ ЗБИТО ДВАНАДЦЯТЬ УДАРНИХ ДРОНІВ ТА ДВІ КЕРОВАНІ АВІАЦІЙНІ,2026-09-10T09:18:34.317066+00:00
2023-10-29,2,kpszsu,official,drone_tracks,kyiv_obl,2.0,6874,"⚠️ Увага!
Київщина - можлива робота ППО по розвідувальному БпЛА!",2026-09-10T09:18:34.317066+00:00
2023-10-30,1,kpszsu,official,attacked,kyiv,0.0,,"канал вів повітряну обстановку (23 повідомлень з 39), жодного супроводу на Київ, тривог у місті менше 3 годин",2026-09-10T09:18:34.317066+00:00
2023-10-31,1,kpszsu,official,attacked,kyiv,0.0,,"канал вів повітряну обстановку (56 повідомлень з 63), жодного супроводу на Київ, тривог у місті менше 3 годин",2026-09-10T09:18:34.317066+00:00
2023-10-31,1,kpszsu,official,targets_downed,ua,2.0,,"командування ''Південь'' над морем було знищено 2 керовані авіаційні ракети Х-59, які бул",2026-09-10T09:18:34.317066+00:00
2023-10-31,2,kpszsu,official,drone_tracks,kyiv_obl,1.0,6986,"⚠️Увага!
 Загроза ударних БпЛА для Київщини!",2026-09-10T09:18:34.317066+00:00
2023-11-01,1,kpszsu,official,attacked,kyiv,0.0,,"канал вів повітряну обстановку (21 повідомлень з 30), жодного супроводу на Київ, тривог у місті менше 3 годин",2026-09-10T09:18:34.317066+00:00
2023-11-02,1,kpszsu,official,attacked,kyiv,0.0,,"канал вів повітряну обстановку (72 повідомлень з 86), жодного супроводу на Київ, тривог у місті менше 3 годин",2026-09-10T09:18:34.317066+00:00
2023-11-02,1,kpszsu,official,targets_downed,ua,24.0,,"⚡️ЗНИЩЕНО 24 «ШАХЕДИ» та Х-59
💥 В результаті бойової",2026-09-10T09:18:34.317066+00:00
2023-11-02,2,kpszsu,official,drone_tracks,kyiv_obl,4.0,7086,Рух ударних БпЛА з Черкаської області у напрямку Київської області.,2026-09-10T09:18:34.317066+00:00
2023-11-03,1,kpszsu,official,attacked,kyiv,0.0,,"канал вів повітряну обстановку (11 повідомлень з 19), жодного супроводу на Київ, тривог у місті менше 3 годин",2026-09-10T09:18:34.317066+00:00
2023-11-04,1,kpszsu,official,attacked,kyiv,0.0,,"канал вів повітряну обстановку (6 повідомлень з 18), жодного супроводу на Київ, тривог у місті менше 3 годин",2026-09-10T09:18:34.317066+00:00
2023-11-05,1,kpszsu,official,attacked,kyiv,0.0,,"канал вів повітряну обстановку (14 повідомлень з 24), жодного супроводу на Київ, тривог у місті менше 3 годин",2026-09-10T09:18:34.317066+00:00
2023-11-05,1,kpszsu,official,drones_launched,ua,22.0,,"го Криму.
🛬 Із району мису Чауда (Крим) зафіксовано пуски 22 ударних БпЛА «Shahed-136/131».


✊ Трим",2026-09-10T09:18:34.317066+00:00
2023-11-05,1,kpszsu,official,targets_downed,ua,15.0,,"⚡️ ЗНИЩЕНО 15 «ШАХЕДІВ» та КАР Х-59
💥 В результаті бо",2026-09-10T09:18:34.317066+00:00
2023-11-06,1,kpszsu,official,attacked,kyiv,0.0,,"канал вів повітряну обстановку (21 повідомлень з 34), жодного супроводу на Київ, тривог у місті менше 3 годин",2026-09-10T09:18:34.317066+00:00
2023-11-07,1,kpszsu,official,attacked,kyiv,0.0,,"канал вів повітряну обстановку (24 повідомлень з 38), жодного супроводу на Київ, тривог у місті менше 3 годин",2026-09-10T09:18:34.317066+00:00
2023-11-08,1,kpszsu,official,attacked,kyiv,0.0,,"канал вів повітряну обстановку (8 повідомлень з 18), жодного супроводу на Київ, тривог у місті менше 3 годин",2026-09-10T09:18:34.317066+00:00
2023-11-09,1,kpszsu,official,attacked,kyiv,0.0,,"канал вів повітряну обстановку (23 повідомлень з 34), жодного супроводу на Київ, тривог у місті менше 3 годин",2026-09-10T09:18:34.317066+00:00
2023-11-09,2,kpszsu,official,missile_tracks,kyiv_obl,1.0,7313,"⚠️ Увага!
🚀 Київська область – ракетна небезпека.  Ударні БпЛА у вашому напрямку!

Не ігноруйте сигнали повітряної тривоги.",2026-09-10T09:18:34.317066+00:00
2023-11-10,1,kpszsu,official,attacked,kyiv,1.0,,є повідомлення супроводу цілей на Київ,2026-09-10T09:18:34.317066+00:00
2023-11-10,1,kpszsu,official,drone_tracks,kyiv,1.0,7368,Київ - перебувайте в укриттях! Загроза ударних БпЛА!,2026-09-10T09:18:34.317066+00:00
2023-11-10,1,kpszsu,official,drones_launched,ua,31.0,,"
Зокрема під час удару застосовано:

🛬  31 ударний БпЛА “Shahed-136/131” із трьох напрямків – П",2026-09-10T09:18:34.317066+00:00
2023-11-10,1,kpszsu,official,missile_tracks,kyiv,1.0,7384,"⚠️ Увага!
Київ - ракетна небезпека!",2026-09-10T09:18:34.317066+00:00
2023-11-10,1,kpszsu,official,targets_downed,ua,19.0,,"⚡️ ЗНИЩЕНО 19 “ШАХЕДІВ”
💥 В результаті протиповітряно",2026-09-10T09:18:34.317066+00:00
2023-11-10,2,kpszsu,official,drone_tracks,kyiv_obl,2.0,7364,"⚠️ Увага!
""Шахеди"" з Черкащини рухаються у північному напрямку. Загроза для Київщини!",2026-09-10T09:18:34.317066+00:00
2023-11-10,2,kpszsu,official,missile_tracks,kyiv_obl,1.0,7386,"⚠️ Увага!
Київська область - ракетна небезпека!",2026-09-10T09:18:34.317066+00:00
2023-11-12,1,kpszsu,official,attacked,kyiv,0.0,,"канал вів повітряну обстановку (13 повідомлень з 22), жодного супроводу на Київ, тривог у місті менше 3 годин",2026-09-10T09:18:34.317066+00:00
2023-11-12,1,kpszsu,official,targets_downed,ua,5.0,,"⚡️ НА ПІВДЕННОМУ НАПРЯМКУ ЗНИЩЕНО 5 РОЗВІДУВАЛЬНИХ БпЛА
13 листопада 2023 р",2026-09-10T09:18:34.317066+00:00
2023-11-13,1,kpszsu,official,attacked,kyiv,0.0,,"канал вів повітряну обстановку (34 повідомлень з 46), жодного супроводу на Київ, тривог у місті менше 3 годин",2026-09-10T09:18:34.317066+00:00
2023-11-13,1,kpszsu,official,drones_launched,ua,9.0,,сько-Ахтарськ (Краснодарський край -рф) зафіксовано пуски 9 ударних БпЛА «Shahed-136/131». Балістич,2026-09-10T09:18:34.317066+00:00
2023-11-13,1,kpszsu,official,targets_downed,ua,7.0,,"⚡️ ЗНИЩЕНО 7 «ШАХЕДІВ» 
💥 В результаті бойової робот",2026-09-10T09:18:34.317066+00:00
2023-11-14,1,kpszsu,official,attacked,kyiv,0.0,,"канал вів повітряну обстановку (13 повідомлень з 26), жодного супроводу на Київ, тривог у місті менше 3 годин",2026-09-10T09:18:34.317066+00:00
2023-11-15,1,kpszsu,official,attacked,kyiv,0.0,,"канал вів повітряну обстановку (24 повідомлень з 36), жодного супроводу на Київ, тривог у місті менше 3 годин",2026-09-10T09:18:34.317066+00:00
2023-11-15,1,kpszsu,official,drones_launched,ua,18.0,,"ного напрямку (Приморсько-Ахтарськ -рф) 18-ма ударними БпЛА типу «Shahed».

У багатьох регіонах бул",2026-09-10T09:18:34.317066+00:00
2023-11-15,1,kpszsu,official,targets_downed,ua,16.0,,"оботи силами та засобами Повітряних Сил знищено 16 ворожих безпілотників.
🚀 Крім того, уве",2026-09-10T09:18:34.317066+00:00
2023-11-16,1,kpszsu,official,attacked,kyiv,0.0,,"канал вів повітряну обстановку (22 повідомлень з 34), жодного супроводу на Київ, тривог у місті менше 3 годин",2026-09-10T09:18:34.317066+00:00
2023-11-16,2,kpszsu,official,drone_tracks,kyiv_obl,1.0,7573,БпЛА в південній частині Київської області. Рухаються в західному напрямку.,2026-09-10T09:18:34.317066+00:00
2023-11-17,1,kpszsu,official,attacked,kyiv,1.0,,є повідомлення супроводу цілей на Київ,2026-09-10T09:18:34.317066+00:00
2023-11-17,1,kpszsu,official,drone_tracks,kyiv,1.0,7606,"⚠️ Увага!
""Шахеди"" з півночі у напрямку Києва!",2026-09-10T09:18:34.317066+00:00
2023-11-17,1,kpszsu,official,drones_launched,ua,38.0,,"ф) ударними БпЛА типу «Shahed».

Усього зафіксовано пуски 38 ударних безпілотників «Shahed-136/131».",2026-09-10T09:18:34.317066+00:00
2023-11-17,1,kpszsu,official,targets_downed,ua,29.0,,"⚡️ЗНИЩЕНО 29 УДАРНИХ БПЛА
В результаті протиповітрян",2026-09-10T09:18:34.317066+00:00
2023-11-17,2,kpszsu,official,drone_tracks,kyiv_obl,2.0,7599,"⚠️ Увага!
Київська область – загроза застосування  ударних БпЛА!",2026-09-10T09:18:34.317066+00:00
2023-11-18,1,kpszsu,official,attacked,kyiv,1.0,,є повідомлення супроводу цілей на Київ,2026-09-10T09:18:34.317066+00:00
2023-11-18,1,kpszsu,official,drone_tracks,kyiv,2.0,7655,"⚠️Увага!
Одна із груп ударних ворожих БпЛА наближається до Києва!",2026-09-10T09:18:34.317066+00:00
2023-11-18,1,kpszsu,official,drones_launched,ua,20.0,,"ласть -рф) ударними БпЛА типу «Shahed».
Зафіксовано пуски 20 ударних безпілотників.

💥 Протиповітрян",2026-09-10T09:18:34.317066+00:00
2023-11-18,1,kpszsu,official,missile_tracks,kyiv,1.0,7659,"⚠️Увага!
Київ - ракетна небезпека!",2026-09-10T09:18:34.317066+00:00
2023-11-18,1,kpszsu,official,targets_downed,ua,15.0,,"⚡️ ЗНИЩЕНО 15 УДАРНИХ БПЛА
В результаті протиповітрян",2026-09-10T09:18:34.317066+00:00
2023-11-18,2,kpszsu,official,drone_tracks,kyiv_obl,2.0,7645,"⚠️ Увага!
Київщина - загроза застосування ударних БпЛА!",2026-09-10T09:18:34.317066+00:00
2023-11-19,1,kpszsu,official,attacked,kyiv,0.0,,"канал вів повітряну обстановку (5 повідомлень з 10), жодного супроводу на Київ, тривог у місті менше 3 годин",2026-09-10T09:18:34.317066+00:00
2023-11-20,1,kpszsu,official,attacked,kyiv,0.0,,"канал вів повітряну обстановку (33 повідомлень з 39), жодного супроводу на Київ, тривог у місті менше 3 годин",2026-09-10T09:18:34.317066+00:00
2023-11-20,1,kpszsu,official,drones_launched,ua,10.0,,"ного напрямку (Приморсько-Ахтарськ -рф) 10-ма ударними БпЛА типу «Shahed».

Також противником було ",2026-09-10T09:18:34.317066+00:00
2023-11-20,1,kpszsu,official,targets_downed,ua,9.0,,оботи силами та засобами Повітряних Сил знищено 9 ворожих безпілотників «Shahed-131/136» ,2026-09-10T09:18:34.317066+00:00
2023-11-20,2,kpszsu,official,drone_tracks,kyiv_obl,2.0,7707,"⚠️ Увага!
Група ""Шахедів""  із Чернігівської області рухається курсом на південь у напрямку  Київщини!",2026-09-10T09:18:34.317066+00:00
2023-11-21,1,kpszsu,official,attacked,kyiv,0.0,,"канал вів повітряну обстановку (42 повідомлень з 69), жодного супроводу на Київ, тривог у місті менше 3 годин",2026-09-10T09:18:34.317066+00:00
2023-11-21,1,kpszsu,official,drones_launched,ua,14.0,,ного напрямку (Приморсько-Ахтарськ -рф) 14-ма ударними БпЛА типу «Shahed» та крилатою ракетою Х-22 ,2026-09-10T09:18:34.317066+00:00
2023-11-21,2,kpszsu,official,drone_tracks,kyiv_obl,2.0,7760,Група ударних ворожих БпЛА заходять з півночі у Київську область.,2026-09-10T09:18:34.317066+00:00
2023-11-21,2,kpszsu,official,missile_tracks,kyiv_obl,1.0,7729,"⚠️ Увага!
Київська, Чернігівська області - ракетна небезпека!",2026-09-10T09:18:34.317066+00:00
2023-11-22,1,kpszsu,official,attacked,kyiv,0.0,,"канал вів повітряну обстановку (12 повідомлень з 22), жодного супроводу на Київ, тривог у місті менше 3 годин",2026-09-10T09:18:34.317066+00:00
2023-11-23,1,kpszsu,official,attacked,kyiv,0.0,,"канал вів повітряну обстановку (29 повідомлень з 42), жодного супроводу на Київ, тривог у місті менше 3 годин",2026-09-10T09:18:34.317066+00:00
2023-11-24,1,kpszsu,official,attacked,kyiv,1.0,,є повідомлення супроводу цілей на Київ,2026-09-10T09:18:34.317066+00:00
2023-11-24,1,kpszsu,official,drone_tracks,kyiv,5.0,7898,"⚠️ Увага!
""Шахеди"" у напрямку Києва з півдня!
Не ігноруйте сигнали повітряної тривоги!",2026-09-10T09:18:34.317066+00:00
2023-11-24,1,kpszsu,official,missile_tracks,kyiv,1.0,7901,"⚠️ Увага!
Ракета на Київ з півночі!",2026-09-10T09:18:34.317066+00:00
2023-11-24,1,kpszsu,official,targets_downed,ua,71.0,,"⚡️ЗНИЩЕНО 71 УДАРНИЙ БПЛА «Shahed-131/136»
💥 В резул",2026-09-10T09:18:34.317066+00:00
2023-11-24,2,kpszsu,official,drone_tracks,kyiv_obl,1.0,7893,"⚠️ Увага!
""Шахеди"" з Черкащини у напрямку Київщини!",2026-09-10T09:18:34.317066+00:00
2023-11-25,1,kpszsu,official,attacked,kyiv,1.0,,є повідомлення супроводу цілей на Київ,2026-09-10T09:18:34.317066+00:00
2023-11-25,1,kpszsu,official,drone_tracks,kyiv,1.0,7936,Група ударних БпЛА у напрямку Києва!,2026-09-10T09:18:34.317066+00:00
2023-11-25,1,kpszsu,official,drones_launched,ua,9.0,,"ного напрямку (Приморсько-Ахтарськ -рф) 9-ма ударними БпЛА типу «Shahed».


✊ Тримаймо небо!
🇺🇦 Ра",2026-09-10T09:18:34.317066+00:00
2023-11-25,1,kpszsu,official,targets_downed,ua,8.0,,повітряною обороною Сил оборони України знищено 8 ворожих безпілотників «Shahed-131/136».,2026-09-10T09:18:34.317066+00:00
2023-11-26,1,kpszsu,official,attacked,kyiv,0.0,,"канал вів повітряну обстановку (9 повідомлень з 12), жодного супроводу на Київ, тривог у місті менше 3 годин",2026-09-10T09:18:34.317066+00:00
2023-11-27,1,kpszsu,official,attacked,kyiv,0.0,,"канал вів повітряну обстановку (14 повідомлень з 23), жодного супроводу на Київ, тривог у місті менше 3 годин",2026-09-10T09:18:34.317066+00:00
2023-11-28,1,kpszsu,official,attacked,kyiv,0.0,,"канал вів повітряну обстановку (34 повідомлень з 48), жодного супроводу на Київ, тривог у місті менше 3 годин",2026-09-10T09:18:34.317066+00:00
2023-11-28,1,kpszsu,official,targets_downed,ua,100.0,,"⚡️ ЗНИЩЕНО 100% ДРОНІВ ТА ДВІ РАКЕТИ Х-59
💥 В результа",2026-09-10T09:18:34.317066+00:00
2023-11-28,2,kpszsu,official,drone_tracks,kyiv_obl,3.0,8002,Групи ударних БпЛА з Черкаської області в напрямку Київщини,2026-09-10T09:18:34.317066+00:00
2023-11-29,1,kpszsu,official,attacked,kyiv,0.0,,"канал вів повітряну обстановку (33 повідомлень з 42), жодного супроводу на Київ, тривог у місті менше 3 годин",2026-09-10T09:18:34.317066+00:00
2023-11-29,1,kpszsu,official,drones_launched,ua,20.0,,ніч на 30 листопада 2023 року противник атакував 20-ма ударними БпЛА типу «Shahed» з двох напрямків: окупова,2026-09-10T09:18:34.317066+00:00
2023-11-29,1,kpszsu,official,targets_downed,ua,14.0,,"ЗНИЩЕНО 14 УДАРНИХ БПЛА
💥 В результаті бойової роб",2026-09-10T09:18:34.317066+00:00
2023-11-29,2,kpszsu,official,drone_tracks,kyiv_obl,1.0,8055,"⚠️ Увага!
Київська область - загроза застосування ударних БпЛА!,",2026-09-10T09:18:34.317066+00:00
2023-11-29,2,kpszsu,official,missile_tracks,kyiv_obl,1.0,8037,"⚠️ Увага!
Київська, Черкаська області - ракетна небезпека!",2026-09-10T09:18:34.317066+00:00
2023-11-30,1,kpszsu,official,attacked,kyiv,1.0,,є повідомлення супроводу цілей на Київ,2026-09-10T09:18:34.317066+00:00
2023-11-30,1,kpszsu,official,drone_tracks,kyiv,1.0,8106,"⚠️Увага!
Київська область та Київ - загроза застосування ворогом ударних БпЛА!",2026-09-10T09:18:34.317066+00:00
2023-11-30,1,kpszsu,official,drones_launched,ua,25.0,,"Усього ворог застосував дві КАР Х-59 та 25 ударних БпЛА  «Shahed-136/131».
Основний напрямок уд",2026-09-10T09:18:34.317066+00:00
2023-11-30,1,kpszsu,official,targets_downed,ua,18.0,,"⚡️ ЗНИЩЕНО 18 УДАРНИХ БПЛА ТА РАКЕТУ Х-59
💥 В результ",2026-09-10T09:18:34.317066+00:00
2023-12-01,1,kpszsu,official,attacked,kyiv,0.0,,"канал вів повітряну обстановку (14 повідомлень з 16), жодного супроводу на Київ, тривог у місті менше 3 годин",2026-09-10T09:18:34.317066+00:00
2023-12-01,1,kpszsu,official,drones_launched,ua,11.0,,"➖
У ніч на 2 грудня 2023 року противник атакував 11-ма ударними БпЛА типу «Shahed» з мису Чауда (Крим) та ке",2026-09-10T09:18:34.317066+00:00
2023-12-01,1,kpszsu,official,targets_downed,ua,10.0,,"⚡️ ЗНИЩЕНО 10 ШАХЕДІВ ТА ОДНУ Х-59
💥 В результаті бой",2026-09-10T09:18:34.317066+00:00
2023-12-02,1,kpszsu,official,attacked,kyiv,0.0,,"канал вів повітряну обстановку (24 повідомлень з 35), жодного супроводу на Київ, тривог у місті менше 3 годин",2026-09-10T09:18:34.317066+00:00
2023-12-02,1,kpszsu,official,drones_launched,ua,12.0,,"➖
У ніч на 3 грудня 2023 року противник атакував 12-ма ударними БпЛА типу «Shahed» з району Приморсько-Ахтар",2026-09-10T09:18:34.317066+00:00
2023-12-02,1,kpszsu,official,targets_downed,ua,10.0,,"⚡️ ЗНИЩЕНО 10 ШАХЕДІВ
Саме на Миколаївщині, в зоні ві",2026-09-10T09:18:34.317066+00:00
2023-12-02,2,kpszsu,official,missile_tracks,kyiv_obl,1.0,8158,"⚠️ Увага!
Київська область - ракетна небезпека!",2026-09-10T09:18:34.317066+00:00
2023-12-03,1,kpszsu,official,attacked,kyiv,0.0,,"канал вів повітряну обстановку (35 повідомлень з 41), жодного супроводу на Київ, тривог у місті менше 3 годин",2026-09-10T09:18:34.317066+00:00
2023-12-03,1,kpszsu,official,drones_launched,ua,23.0,,"➖
У ніч на 4 грудня 2023 року противник атакував 23-ма ударними БпЛА «Shahed-136/131» з мису Чауда – окупова",2026-09-10T09:18:34.317066+00:00
2023-12-03,1,kpszsu,official,targets_downed,ua,18.0,,"РНИХ БПЛА
💥 В результаті бойової роботи знищено 18 ударних БпЛА та одну керовану авіаційну",2026-09-10T09:18:34.317066+00:00
2023-12-03,2,kpszsu,official,drone_tracks,kyiv_obl,2.0,8185,"⚠️ Увага!
БпЛА ворога на межі Черкаської, Вінницької та Київської областей. Напрямок руху – північний захід!",2026-09-10T09:18:34.317066+00:00
2023-12-03,2,kpszsu,official,missile_tracks,kyiv_obl,1.0,8165,"⚠️ Увага!
Київська – ракетна небезпека!",2026-09-10T09:18:34.317066+00:00
2023-12-04,1,kpszsu,official,attacked,kyiv,0.0,,"канал вів повітряну обстановку (34 повідомлень з 44), жодного супроводу на Київ, тривог у місті менше 3 годин",2026-09-10T09:18:34.317066+00:00
2023-12-04,1,kpszsu,official,drones_launched,ua,17.0,,"рсонщини.

🛬 Усього в ударі зафіксовано 17 ударних БпЛА типу «шахед» та шість зенітних керовани",2026-09-10T09:18:34.317066+00:00
2023-12-04,1,kpszsu,official,targets_downed,ua,10.0,,"⚡️ ЗНИЩЕНО 10 УДАРНИХ БПЛА
💥 В результаті бойової роб",2026-09-10T09:18:34.317066+00:00
2023-12-05,1,kpszsu,official,attacked,kyiv,0.0,,"канал вів повітряну обстановку (40 повідомлень з 58), жодного супроводу на Київ, тривог у місті менше 3 годин",2026-09-10T09:18:34.317066+00:00
2023-12-05,1,kpszsu,official,drones_launched,ua,48.0,,"Крим) та Курська область -рф.

🛬 Усього зафіксовано пуски 48 ударних БпЛА «Shahed-136/131».

Залучал",2026-09-10T09:18:34.317066+00:00
2023-12-05,1,kpszsu,official,targets_downed,ua,41.0,,"⚡️ ЗНИЩЕНО 41 ВОРОЖИЙ УДАРНИЙ БПЛА 
💥 В результаті пр",2026-09-10T09:18:34.317066+00:00
2023-12-05,2,kpszsu,official,drone_tracks,kyiv_obl,1.0,8277,Рух ударних БпЛА з Черкаської області в напрямку Київщини!,2026-09-10T09:18:34.317066+00:00
2023-12-06,1,kpszsu,official,attacked,kyiv,0.0,,"канал вів повітряну обстановку (18 повідомлень з 27), жодного супроводу на Київ, тривог у місті менше 3 годин",2026-09-10T09:18:34.317066+00:00
2023-12-06,1,kpszsu,official,drones_launched,ua,18.0,," «Shahed» із мису Чауда (Крим).

Усього зафіксовано пуски 18 ударних БпЛА «Shahed-136/131». Основні ",2026-09-10T09:18:34.317066+00:00
2023-12-06,1,kpszsu,official,targets_downed,ua,15.0,,"⚡️ ЗНИЩЕНО 15 УДАРНИХ БПЛА 
💥 В результаті протиповіт",2026-09-10T09:18:34.317066+00:00
2023-12-07,1,kpszsu,official,attacked,kyiv,1.0,,є повідомлення супроводу цілей на Київ,2026-09-10T09:18:34.317066+00:00
2023-12-07,1,kpszsu,official,missile_tracks,kyiv,1.0,8362,Ракети курсом на Київ з південного напрямку,2026-09-10T09:18:34.317066+00:00
2023-12-07,1,kpszsu,official,missiles_launched,ua,19.0,,"кої області, які, попередньо, випустили 19 крилатих ракет повітряного базування.

🚀  Частина воро",2026-09-10T09:18:34.317066+00:00
2023-12-07,1,kpszsu,official,targets_downed,ua,14.0,,"⚡️ ЗНИЩЕНО 14 КРИЛАТИХ РАКЕТ ПОВІТРЯНОГО БАЗУВАННЯ
💥 ",2026-09-10T09:18:34.317066+00:00
2023-12-07,2,kpszsu,official,missile_tracks,kyiv_obl,1.0,8361,"Черкаси - перебувайте в укриттях! Ракети з Черкаської області в напрямку Київщини.
Курс може змінюватись.",2026-09-10T09:18:34.317066+00:00
2023-12-09,1,kpszsu,official,attacked,kyiv,0.0,,"канал вів повітряну обстановку (7 повідомлень з 12), жодного супроводу на Київ, тривог у місті менше 3 годин",2026-09-10T09:18:34.317066+00:00
2023-12-10,1,kpszsu,official,attacked,kyiv,1.0,,є повідомлення супроводу цілей на Київ,2026-09-10T09:18:34.317066+00:00
2023-12-10,1,kpszsu,official,drones_launched,ua,18.0,,"йони пусків – Чауда, Бельбек.

🛬 Усього зафіксовано пуски 18 ударних БпЛА «Shahed-136/131».

💥 Усі в",2026-09-10T09:18:34.317066+00:00
2023-12-10,1,kpszsu,official,missile_tracks,kyiv,1.0,8408,"❗️За попередньою інформацією, близько 4.00 11 грудня 2023 року російські окупанти завдали ракетного удару по Київщині.
💥 Загалом протиповітряною обороною знищено вісім повітряних цілей, які летіли у н",2026-09-10T09:18:34.317066+00:00
2023-12-10,1,kpszsu,official,targets_downed,ua,18.0,,"⚡️ЗНИЩЕНО 18 УДАРНИХ БПЛА та 8 БАЛІСТИЧНИХ РАКЕТ
💥 У",2026-09-10T09:18:34.317066+00:00
2023-12-10,2,kpszsu,official,missile_tracks,kyiv_obl,1.0,8406,"⚠️ Увага!
Київська область - ракетна небезпека!",2026-09-10T09:18:34.317066+00:00
2023-12-11,1,kpszsu,official,attacked,kyiv,0.0,,"канал вів повітряну обстановку (18 повідомлень з 23), жодного супроводу на Київ, тривог у місті менше 3 годин",2026-09-10T09:18:34.317066+00:00
2023-12-12,1,kpszsu,official,attacked,kyiv,0.0,,"канал вів повітряну обстановку (17 повідомлень з 20), жодного супроводу на Київ, тривог у місті менше 3 годин",2026-09-10T09:18:34.317066+00:00
2023-12-12,1,kpszsu,official,targets_downed,ua,10.0,,⚡️ ЗНИЩЕНО ДЕСЯТЬ УДАРНИХ БПЛА ТА ДЕСЯТЬ БАЛІСТИЧНИХ РАКЕТ,2026-09-10T09:18:34.317066+00:00
2023-12-12,2,kpszsu,official,drone_tracks,kyiv_obl,2.0,8442,Рух ударних БпЛА з Черкаської області в напрямку Київщини!,2026-09-10T09:18:34.317066+00:00
2023-12-12,2,kpszsu,official,missile_tracks,kyiv_obl,1.0,8449,"⚠️ Увага!
🚀 Київська, Чернігівська області – ракетна небезпека!",2026-09-10T09:18:34.317066+00:00
2023-12-13,1,kpszsu,official,attacked,kyiv,0.0,,"канал вів повітряну обстановку (25 повідомлень з 35), жодного супроводу на Київ, тривог у місті менше 3 годин",2026-09-10T09:18:34.317066+00:00
2023-12-13,1,kpszsu,official,drones_launched,ua,42.0,,"им та Приморсько-Ахтарськ – рф. Загалом зафіксовано пуски 42 ворожих ударних БпЛА.

Основний напрямо",2026-09-10T09:18:34.317066+00:00
2023-12-13,1,kpszsu,official,targets_downed,ua,1.0,,"⚡️ ЗНИЩЕНО ОДИН ""КИНДЖАЛ""
💥 Зенітним ракетним підрозділо",2026-09-10T09:18:34.317066+00:00
2023-12-13,2,kpszsu,official,missile_tracks,kyiv_obl,1.0,8484,"⚠️ Увага!
🚀 Київська, Чернігівська області – ракетна небезпека!",2026-09-10T09:18:34.317066+00:00
2023-12-14,1,kpszsu,official,targets_downed,ua,14.0,,"⚡️ЗНИЩЕНО 14 ВОРОЖИХ БПЛА
💥 Усі 14 ворожих безпілотн",2026-09-10T09:18:34.317066+00:00
2023-12-14,2,kpszsu,official,missile_tracks,kyiv_obl,1.0,8513,"🔥 Один ""Кинджал"" на Київщині!
No comment...
🇺🇦 Разом – до перемоги!",2026-09-10T09:18:34.317066+00:00
2023-12-15,1,kpszsu,official,attacked,kyiv,1.0,,є повідомлення супроводу цілей на Київ,2026-09-10T09:18:34.317066+00:00
2023-12-15,1,kpszsu,official,drone_tracks,kyiv,2.0,8547,БпЛА в Бориспільському районі в напрямку Києва!,2026-09-10T09:18:34.317066+00:00
2023-12-15,1,kpszsu,official,drones_launched,ua,31.0,,"-рф.

🛬 Усього в ударі було застосовано 31 ударний БпЛА «Shahed-136/131», які окупанти спрямува",2026-09-10T09:18:34.317066+00:00
2023-12-15,1,kpszsu,official,missile_tracks,kyiv,1.0,8554,"1. БпЛА в Чернігівській області (Ніжин) курсом на південь.
2. БпЛА в західній частині Вінниччини, імовірний напрямок руху на Старокостянтинів.
3. БпЛА в Бориспільському районі , курс південний.
Для Ки",2026-09-10T09:18:34.317066+00:00
2023-12-15,1,kpszsu,official,targets_downed,ua,30.0,,"⚡️ ЗНИЩЕНО 30 УДАРНИХ БПЛА
💥 В результаті бойової роб",2026-09-10T09:18:34.317066+00:00
2023-12-15,2,kpszsu,official,drone_tracks,kyiv_obl,3.0,8544,"Рух ударних БпЛА:
1. Декілька груп в Лубенському районі Полтавської області, курсом на захід (Київщина/Черкащина)
2. БпЛА в районі Запоріжжя
3. З Миколаївщини в напрямку Кіровоградської області
4. З Х",2026-09-10T09:18:34.317066+00:00
2023-12-15,2,kpszsu,official,missile_tracks,kyiv_obl,1.0,8548,"⚠️Увага!
Київська область - ракетна небезпека!",2026-09-10T09:18:34.317066+00:00
2023-12-16,1,kpszsu,official,attacked,kyiv,0.0,,"канал вів повітряну обстановку (40 повідомлень з 53), жодного супроводу на Київ, тривог у місті менше 3 годин",2026-09-10T09:18:34.317066+00:00
2023-12-16,1,kpszsu,official,targets_downed,ua,20.0,,"РНИХ БПЛА
💥 В результаті бойової роботи збито 20 «шахедів» та одну керовану авіаційну ра",2026-09-10T09:18:34.317066+00:00
2023-12-16,2,kpszsu,official,missile_tracks,kyiv_obl,1.0,8611,"⚠️ Увага!
Київська, Полтавська, Черкаська області - ракетна небезпека!",2026-09-10T09:18:34.317066+00:00
2023-12-17,1,kpszsu,official,attacked,kyiv,0.0,,"канал вів повітряну обстановку (15 повідомлень з 20), жодного супроводу на Київ, тривог у місті менше 3 годин",2026-09-10T09:18:34.317066+00:00
2023-12-17,2,kpszsu,official,drone_tracks,kyiv_obl,2.0,8636,"⚠️ Увага!
Ударні ворожі БпЛА змінили напрямок руху:
1 група рухається у напрямку Білої Церкви;
2 група продовжує рух у Вінницькій області з курсом на захід!",2026-09-10T09:18:34.317066+00:00
2023-12-18,1,kpszsu,official,attacked,kyiv,0.0,,"канал вів повітряну обстановку (13 повідомлень з 17), жодного супроводу на Київ, тривог у місті менше 3 годин",2026-09-10T09:18:34.317066+00:00
2023-12-19,1,kpszsu,official,attacked,kyiv,0.0,,"канал вів повітряну обстановку (25 повідомлень з 38), жодного супроводу на Київ, тривог у місті менше 3 годин",2026-09-10T09:18:34.317066+00:00
2023-12-19,1,kpszsu,official,targets_downed,ua,18.0,,"⚡️ЗНИЩЕНО 18 УДАРНИХ БПЛА
💥 Усього зафіксовано пуски",2026-09-10T09:18:34.317066+00:00
2023-12-19,2,kpszsu,official,drone_tracks,kyiv_obl,2.0,8674,"⚠️Увага!
Київська область - загроза застосування ворогом ударних БпЛА!",2026-09-10T09:18:34.317066+00:00
2023-12-20,1,kpszsu,official,attacked,kyiv,0.0,,"канал вів повітряну обстановку (21 повідомлень з 29), жодного супроводу на Київ, тривог у місті менше 3 годин",2026-09-10T09:18:34.317066+00:00
2023-12-20,1,kpszsu,official,drones_launched,ua,35.0,,"орсько-Ахтарськ, Курськ – рф.

🛬 Усього зафіксовано пуски 35 «Shahed-136/131», які атакували хвилями",2026-09-10T09:18:34.317066+00:00
2023-12-20,1,kpszsu,official,targets_downed,ua,34.0,,⚡️ ЗНИЩЕНО 34 УДАРНИХ БПЛА,2026-09-10T09:18:34.317066+00:00
2023-12-20,2,kpszsu,official,drone_tracks,kyiv_obl,1.0,8712,"⚠️ Увага!
Група ворожих ударних БпЛА заходять у Київську область зі сходу у напрямку Білої Церкви!",2026-09-10T09:18:34.317066+00:00
2023-12-21,1,kpszsu,official,attacked,kyiv,0.0,,"канал вів повітряну обстановку (32 повідомлень з 42), жодного супроводу на Київ, тривог у місті менше 3 годин",2026-09-10T09:18:34.317066+00:00
2023-12-21,1,kpszsu,official,targets_downed,ua,24.0,,"⚡️ ЗНИЩЕНО 24 УДАРНИХ БПЛА
💥 В результаті бойової роб",2026-09-10T09:18:34.317066+00:00
2023-12-21,2,kpszsu,official,drone_tracks,kyiv_obl,4.0,8747,"""Шахеди"" із Кіровоградщини через Черкаську область → в напрямку Київщини!",2026-09-10T09:18:34.317066+00:00
2023-12-22,1,kpszsu,official,attacked,kyiv,0.0,,"канал вів повітряну обстановку (26 повідомлень з 37), жодного супроводу на Київ, тривог у місті менше 3 годин",2026-09-10T09:18:34.317066+00:00
2023-12-23,1,kpszsu,official,attacked,kyiv,0.0,,"канал вів повітряну обстановку (26 повідомлень з 37), жодного супроводу на Київ, тривог у місті менше 3 годин",2026-09-10T09:18:34.317066+00:00
2023-12-23,1,kpszsu,official,drones_launched,ua,15.0,, 24 грудня 2023 року російські окупанти атакували 15-ма ударними БпЛА типу «Shahed» із району Приморсько-Ахта,2026-09-10T09:18:34.317066+00:00
2023-12-23,1,kpszsu,official,targets_downed,ua,14.0,,"⚡️ ЗНИЩЕНО 14 УДАРНИХ БПЛА
💥 В результаті протиповітр",2026-09-10T09:18:34.317066+00:00
2023-12-24,1,kpszsu,official,attacked,kyiv,0.0,,"канал вів повітряну обстановку (29 повідомлень з 30), жодного супроводу на Київ, тривог у місті менше 3 годин",2026-09-10T09:18:34.317066+00:00
2023-12-24,1,kpszsu,official,drones_launched,ua,31.0,,"
У ніч на 25 грудня 2023 року противник атакував 31 ударним БпЛА типу «Shahed» із районів Чауда, Балакла",2026-09-10T09:18:34.317066+00:00
2023-12-24,1,kpszsu,official,targets_downed,ua,28.0,,"⚡️ ЗНИЩЕНО 28 УДАРНИХ БПЛА, ДВІ АВІАЦІЙНІ РАКЕТИ ТА Д",2026-09-10T09:18:34.317066+00:00
2023-12-25,1,kpszsu,official,attacked,kyiv,1.0,,є повідомлення супроводу цілей на Київ,2026-09-10T09:18:34.317066+00:00
2023-12-25,1,kpszsu,official,drones_launched,ua,19.0,," ударними БпЛА типу «Shahed».

🛬 Усього зафіксовано пуски 19 «шахедів» із районів Балаклава – Крим т",2026-09-10T09:18:34.317066+00:00
2023-12-25,1,kpszsu,official,missile_tracks,kyiv,1.0,8899,"⚠️ Увага!
🚀 Київська область та Київ  – ракетна небезпека!",2026-09-10T09:18:34.317066+00:00
2023-12-25,1,kpszsu,official,targets_downed,ua,13.0,,⚡️ ЗНИЩЕНО 13 УДАРНИХ БПЛА ТА ВЕЛИКИЙ ДЕСАНТНИЙ КОРАБ,2026-09-10T09:18:34.317066+00:00
2023-12-25,2,kpszsu,official,drone_tracks,kyiv_obl,1.0,8891,Рух ударних БпЛА територією Черкаської області у напрямку Київської області!,2026-09-10T09:18:34.317066+00:00
2023-12-26,1,kpszsu,official,attacked,kyiv,0.0,,"канал вів повітряну обстановку (16 повідомлень з 28), жодного супроводу на Київ, тривог у місті менше 3 годин",2026-09-10T09:18:34.317066+00:00
2023-12-26,1,kpszsu,official,drones_launched,ua,46.0,,"к – Краснодарський край (рф).

🛬 Усього зафіксовано пуски 46 «Shahed-136/131», які атакували хвилями",2026-09-10T09:18:34.317066+00:00
2023-12-26,1,kpszsu,official,targets_downed,ua,32.0,,"⚡️ ЗНИЩЕНО 32 УДАРНІ БПЛА
💥 Знищено 32 ворожі ударні ",2026-09-10T09:18:34.317066+00:00
2023-12-27,1,kpszsu,official,attacked,kyiv,0.0,,"канал вів повітряну обстановку (16 повідомлень з 22), жодного супроводу на Київ, тривог у місті менше 3 годин",2026-09-10T09:18:34.317066+00:00
2023-12-27,1,kpszsu,official,targets_downed,ua,7.0,,"⚡️ ЗНИЩЕНО СІМ УДАРНИХ БПЛА
💥 Сім безпілотників було зб",2026-09-10T09:18:34.317066+00:00
2023-12-28,1,kpszsu,official,attacked,kyiv,1.0,,є повідомлення супроводу цілей на Київ,2026-09-10T09:18:34.317066+00:00
2023-12-28,1,kpszsu,official,drone_tracks,kyiv,1.0,8992,Київ - загроза ворожих ударних БпЛА!,2026-09-10T09:18:34.317066+00:00
2023-12-28,1,kpszsu,official,missile_tracks,kyiv,2.0,9062,Київ - ракета!,2026-09-10T09:18:34.317066+00:00
2023-12-28,2,kpszsu,official,drone_tracks,kyiv_obl,3.0,8989,"Ворожі ударні БпЛА на Миколаївщині рухаються у північно-західному напрямку.

Ударні БпЛА на Чернігівщині рухаються у південно-західному напрямку. Загроза для Київщини!",2026-09-10T09:18:34.317066+00:00
2023-12-28,2,kpszsu,official,missile_tracks,kyiv_obl,1.0,9016,"⚠️ Увага!
Київська, Чернігівська, Черкаська, Кіровоградська області - ракетна небезпека!",2026-09-10T09:18:34.317066+00:00
2023-12-29,1,kpszsu,official,attacked,kyiv,0.0,,"канал вів повітряну обстановку (28 повідомлень з 41), жодного супроводу на Київ, тривог у місті менше 3 годин",2026-09-10T09:18:34.317066+00:00
2023-12-30,1,kpszsu,official,attacked,kyiv,0.0,,"канал вів повітряну обстановку (41 повідомлень з 52), жодного супроводу на Київ, тривог у місті менше 3 годин",2026-09-10T09:18:34.317066+00:00
2023-12-30,1,kpszsu,official,targets_downed,ua,21.0,,"⚡️ ЗНИЩЕНО 21 «ШАХЕД»
💥 У різних регіонах України під",2026-09-10T09:18:34.317066+00:00
2023-12-30,2,kpszsu,official,drone_tracks,kyiv_obl,5.0,9144,"1.БпЛА в Чернігівській області, курс західний.Загроза для Київської області.
2.Чергова група БпЛА рухається північно-східною частиною Сумської області, курс західний.
3.БпЛА в Криворізькому районі, ку",2026-09-10T09:18:34.317066+00:00
2023-12-30,2,kpszsu,official,missile_tracks,kyiv_obl,1.0,9157,Київська область -ракетна небезпека!,2026-09-10T09:18:34.317066+00:00
2023-12-31,1,kpszsu,official,attacked,kyiv,1.0,,є повідомлення супроводу цілей на Київ,2026-09-10T09:18:34.317066+00:00
2023-12-31,1,kpszsu,official,drone_tracks,kyiv,1.0,9202,"⚠️ Увага!
1. ""Шахеди"" на Чернігівщині – у напрямку Києва!
2. На Вінниччині, Одещині, Миколаївщині, Кіровоградщині, Черкащині – курсом на захід!",2026-09-10T09:18:34.317066+00:00
2023-12-31,1,kpszsu,official,drones_launched,ua,10.0,,00 1 січня 2024 року російські окупанти атакували 10-ма ударними БпЛА типу “Shahed-136/131” з північного напр,2026-09-10T09:18:34.317066+00:00
2023-12-31,2,kpszsu,official,drone_tracks,kyiv_obl,3.0,9205,"⚠️ Увага!
1. ""Шахеди"" на півночі Київщини – прямують на захід!
2. На Хмельниччині, Вінниччині, Черкащині, Кіровоградщині – продовжують курс на захід!",2026-09-10T09:18:34.317066+00:00
2024-01-01,1,kpszsu,official,attacked,kyiv,1.0,,є повідомлення супроводу цілей на Київ,2026-09-10T09:18:34.317066+00:00
2024-01-01,1,kpszsu,official,drone_tracks,kyiv,6.0,9256,"⚠️ Групи ударних БпЛА в напрямку Києва з південно-східного напрямку.
Не ігноруйте сигнал тривоги!",2026-09-10T09:18:34.317066+00:00
2024-01-01,1,kpszsu,official,drones_launched,ua,35.0,,"➖➖➖
У ніч на 2 січня 2024 року окупанти атакували 35-ма ударними БпЛА типу ⚠️ “Shahed-136/131” з мису Чауда –",2026-09-10T09:18:34.317066+00:00
2024-01-01,1,kpszsu,official,missile_tracks,kyiv,12.0,9301,Ракети в напрямку Києва!,2026-09-10T09:18:34.317066+00:00
2024-01-01,1,kpszsu,official,missiles_launched,ua,70.0,,пуску близько 6.00 і запустили не менше 70 крилатих ракет повітряного базування Х-101/Х-555/Х-55.,2026-09-10T09:18:34.317066+00:00
2024-01-01,1,kpszsu,official,targets_downed,ua,6.0,,"гади повітряного командування ""Південь"" знищено 6 російських безпілотників: 5 ударних БпЛ",2026-09-10T09:18:34.317066+00:00
2024-01-01,2,kpszsu,official,drone_tracks,kyiv_obl,1.0,9260,⚠️ Ударні БпЛА в районі Василькова Київської області.,2026-09-10T09:18:34.317066+00:00
2024-01-01,2,kpszsu,official,missile_tracks,kyiv_obl,7.0,9293,"Ракета в районі Переяслав-Хмельницького Київської області, курс західний",2026-09-10T09:18:34.317066+00:00
2024-01-02,1,kpszsu,official,attacked,kyiv,0.0,,"канал вів повітряну обстановку (21 повідомлень з 32), жодного супроводу на Київ, тривог у місті менше 3 годин",2026-09-10T09:18:34.317066+00:00
2024-01-03,1,kpszsu,official,attacked,kyiv,0.0,,"канал вів повітряну обстановку (18 повідомлень з 31), жодного супроводу на Київ, тривог у місті менше 3 годин",2026-09-10T09:18:34.317066+00:00
2024-01-03,1,kpszsu,official,targets_downed,ua,2.0,,⚡️ЗНИЩЕНО ДВА УДАРНИХ БПЛА,2026-09-10T09:18:34.317066+00:00
2024-01-03,2,kpszsu,official,drone_tracks,kyiv_obl,1.0,9386,"⚠️ Увага!
1. ""Шахед"" на Київщині!
Рухається з півдня на північний захід.
2. ""Шахед"" на Вінниччині – курс на захід.",2026-09-10T09:18:34.317066+00:00
2024-01-04,1,kpszsu,official,attacked,kyiv,0.0,,"канал вів повітряну обстановку (42 повідомлень з 54), жодного супроводу на Київ, тривог у місті менше 3 годин",2026-09-10T09:18:34.317066+00:00
2024-01-04,1,kpszsu,official,drones_launched,ua,29.0,,"ськ – рф та мис Чауда – Крим.

🛵 Усього зафіксовано пуски 29 ударних БплА «Shahed-136/131».
До відби",2026-09-10T09:18:34.317066+00:00
2024-01-04,1,kpszsu,official,targets_downed,ua,21.0,,"⚡️ ЗНИЩЕНО 21 ВОРОЖИЙ «ШАХЕД»
💥 Протиповітряною оборо",2026-09-10T09:18:34.317066+00:00
2024-01-04,2,kpszsu,official,drone_tracks,kyiv_obl,2.0,9441,🛵Рух групи ударних БпЛА з Черкаської області з вектором руху на захід через Київську область на межі з Вінницькою.,2026-09-10T09:18:34.317066+00:00
2024-01-05,1,kpszsu,official,attacked,kyiv,0.0,,"канал вів повітряну обстановку (36 повідомлень з 46), жодного супроводу на Київ, тривог у місті менше 3 годин",2026-09-10T09:18:34.317066+00:00
2024-01-05,2,kpszsu,official,drone_tracks,kyiv_obl,2.0,9478,"Рух БпЛА  Черкащиною,  загроза Київській області з півдня (Ставищенський район).",2026-09-10T09:18:34.317066+00:00
2024-01-06,1,kpszsu,official,attacked,kyiv,0.0,,"канал вів повітряну обстановку (38 повідомлень з 49), жодного супроводу на Київ, тривог у місті менше 3 годин",2026-09-10T09:18:34.317066+00:00
2024-01-06,1,kpszsu,official,drones_launched,ua,28.0,,"➖➖➖
У ніч на 7 січня 2024 року окупанти атакували 28-ма ударними БпЛА типу ⚠️“Shahed-136/131” з району Примор",2026-09-10T09:18:34.317066+00:00
2024-01-06,1,kpszsu,official,targets_downed,ua,21.0,,"⚡️ ЗНИЩЕНО 21 УДАРНИЙ БПЛА
💥 21 ворожий БпЛА знищено ",2026-09-10T09:18:34.317066+00:00
2024-01-06,2,kpszsu,official,drone_tracks,kyiv_obl,2.0,9532,"⚠️ Увага! 
Київська область рух ударних БпЛА у вашому напрямку.
У разі оголошення тривоги прямуйте в укриття.",2026-09-10T09:18:34.317066+00:00
2024-01-07,1,kpszsu,official,attacked,kyiv,0.0,,"канал вів повітряну обстановку (46 повідомлень з 64), жодного супроводу на Київ, тривог у місті менше 3 годин",2026-09-10T09:18:34.317066+00:00
2024-01-07,1,kpszsu,official,missiles_launched,ua,24.0,,"Г-31К (район пуску – Рязань, Тамбов);
❗ 24 крилаті ракети Х-101/Х-555/Х-55 із 11 стратегічних бо",2026-09-10T09:18:34.317066+00:00
2024-01-07,1,kpszsu,official,targets_downed,ua,18.0,,"⚡️ЗНИЩЕНО ВІСІМНАДЦЯТЬ КРИЛАТИХ РАКЕТ ТА ВІСІМ «ШАХЕДІВ»
Варто ",2026-09-10T09:18:34.317066+00:00
2024-01-07,2,kpszsu,official,missile_tracks,kyiv_obl,3.0,9573,🚀 Група ракет на півдні Київщини - в західному напрямку!,2026-09-10T09:18:34.317066+00:00
2024-01-08,1,kpszsu,official,attacked,kyiv,0.0,,"канал вів повітряну обстановку (9 повідомлень з 16), жодного супроводу на Київ, тривог у місті менше 3 годин",2026-09-10T09:18:34.317066+00:00
2024-01-09,1,kpszsu,official,attacked,kyiv,0.0,,"канал вів повітряну обстановку (10 повідомлень з 24), жодного супроводу на Київ, тривог у місті менше 3 годин",2026-09-10T09:18:34.317066+00:00
2024-01-10,1,kpszsu,official,attacked,kyiv,0.0,,"канал вів повітряну обстановку (5 повідомлень з 10), жодного супроводу на Київ, тривог у місті менше 3 годин",2026-09-10T09:18:34.317066+00:00
2024-01-11,1,kpszsu,official,attacked,kyiv,0.0,,"канал вів повітряну обстановку (6 повідомлень з 12), жодного супроводу на Київ, тривог у місті менше 3 годин",2026-09-10T09:18:34.317066+00:00
2024-01-12,1,kpszsu,official,attacked,kyiv,1.0,,є повідомлення супроводу цілей на Київ,2026-09-10T09:18:34.317066+00:00
2024-01-12,1,kpszsu,official,missile_tracks,kyiv,3.0,9720,"Київ перебувайте в укриттях!
 Крилаті ракети через Жашків рухаються в вашу сторону.",2026-09-10T09:18:34.317066+00:00
2024-01-12,1,kpszsu,official,missiles_launched,ua,12.0,,"ків МіГ-31К (район пуску –Тамбов);
🚀 до 12 крилатих ракет Х-101/Х-555/Х-55 із 11 стратегічних бом",2026-09-10T09:18:34.317066+00:00
2024-01-12,1,kpszsu,official,targets_downed,ua,8.0,,"⚡️ЗНИЩЕНО ВІСІМ КРИЛАТИХ РАКЕТ
В результаті бойової робо",2026-09-10T09:18:34.317066+00:00
2024-01-12,2,kpszsu,official,drone_tracks,kyiv_obl,3.0,9693,"🛵 Київська область - загроза  ударних БпЛА типу ""Shahed"".",2026-09-10T09:18:34.317066+00:00
2024-01-12,2,kpszsu,official,missile_tracks,kyiv_obl,2.0,9708,"⚠️ Увага
Ракетна небезпека - Київська, Вінницька, Житомирська, Чернігівська, Полтавська, Черкаська, Кіровоградська та Хмельницька області!",2026-09-10T09:18:34.317066+00:00
2024-01-13,1,kpszsu,official,attacked,kyiv,0.0,,"канал вів повітряну обстановку (5 повідомлень з 10), жодного супроводу на Київ, тривог у місті менше 3 годин",2026-09-10T09:18:34.317066+00:00
2024-01-14,1,kpszsu,official,attacked,kyiv,0.0,,"канал вів повітряну обстановку (6 повідомлень з 14), жодного супроводу на Київ, тривог у місті менше 3 годин",2026-09-10T09:18:34.317066+00:00
2024-01-15,1,kpszsu,official,attacked,kyiv,0.0,,"канал вів повітряну обстановку (4 повідомлень з 11), жодного супроводу на Київ, тривог у місті менше 3 годин",2026-09-10T09:18:34.317066+00:00
2024-01-16,1,kpszsu,official,attacked,kyiv,0.0,,"канал вів повітряну обстановку (23 повідомлень з 39), жодного супроводу на Київ, тривог у місті менше 3 годин",2026-09-10T09:18:34.317066+00:00
2024-01-16,1,kpszsu,official,drones_launched,ua,20.0,, січня 2024 року противник завдав удару 20-ма ударними БпЛА типу ⚠️“Shahed-136/131” з району Примор,2026-09-10T09:18:34.317066+00:00
2024-01-16,1,kpszsu,official,targets_downed,ua,19.0,,"⚡️ ЗНИЩЕНО 19 «ШАХЕДІВ»
💥 Силами та засобами Повітрян",2026-09-10T09:18:34.317066+00:00
2024-01-17,1,kpszsu,official,attacked,kyiv,0.0,,"канал вів повітряну обстановку (36 повідомлень з 42), жодного супроводу на Київ, тривог у місті менше 3 годин",2026-09-10T09:18:34.317066+00:00
2024-01-17,1,kpszsu,official,drones_launched,ua,33.0,,"➖➖
У ніч на 18 січня 2024 року окупанти атакували 33-ма ударними БпЛА типу ⚠️ “Shahed-136/131” з району Примо",2026-09-10T09:18:34.317066+00:00
2024-01-17,1,kpszsu,official,targets_downed,ua,22.0,,"⚡️ ЗНИЩЕНО 22 УДАРНІ БПЛА 
💥 Силами та засобами Повіт",2026-09-10T09:18:34.317066+00:00
2024-01-18,1,kpszsu,official,attacked,kyiv,0.0,,"канал вів повітряну обстановку (5 повідомлень з 11), жодного супроводу на Київ, тривог у місті менше 3 годин",2026-09-10T09:18:34.317066+00:00
2024-01-19,1,kpszsu,official,attacked,kyiv,1.0,,є повідомлення супроводу цілей на Київ,2026-09-10T09:18:34.317066+00:00
2024-01-19,1,kpszsu,official,drone_tracks,kyiv,1.0,9922,"⚠ Увага!
Київська область (без Києва) - загроза застосування ворогом ударних БпЛА!",2026-09-10T09:18:34.317066+00:00
2024-01-19,1,kpszsu,official,drones_launched,ua,7.0,,"➖➖
У ніч на 20 січня 2024 року окупанти атакували 7-ма ударними БпЛА типу ⚠️“Shahed-136/131” з району Примор",2026-09-10T09:18:34.317066+00:00
2024-01-19,1,kpszsu,official,targets_downed,ua,4.0,,"⚡️ ЗНИЩЕНО 4 УДАРНІ БПЛА 
💥 Мобільними вогневими гру",2026-09-10T09:18:34.317066+00:00
2024-01-19,2,kpszsu,official,drone_tracks,kyiv_obl,1.0,9924,"🛵 Група ударних БпЛА на межі Київської та Житомирської областей, рухається у напрямку Житомира!",2026-09-10T09:18:34.317066+00:00
2024-01-20,1,kpszsu,official,attacked,kyiv,0.0,,"канал вів повітряну обстановку (12 повідомлень з 15), жодного супроводу на Київ, тривог у місті менше 3 годин",2026-09-10T09:18:34.317066+00:00
2024-01-21,1,kpszsu,official,attacked,kyiv,0.0,,"канал вів повітряну обстановку (13 повідомлень з 24), жодного супроводу на Київ, тривог у місті менше 3 годин",2026-09-10T09:18:34.317066+00:00
2024-01-21,1,kpszsu,official,drones_launched,ua,8.0,,"➖➖➖➖➖
У ніч на 22 січня 2024 року ворог атакував 8-ма ударними БпЛА типу «Shahed-136/131» із району Приморс",2026-09-10T09:18:34.317066+00:00
2024-01-21,1,kpszsu,official,targets_downed,ua,8.0,,"⚡️ ЗНИЩЕНО ВІСІМ «ШАХЕДІВ»
💥 Усі вісім ""шахедів"" знищено ",2026-09-10T09:18:34.317066+00:00
2024-01-22,1,kpszsu,official,attacked,kyiv,1.0,,є повідомлення супроводу цілей на Київ,2026-09-10T09:18:34.317066+00:00
2024-01-22,1,kpszsu,official,missile_tracks,kyiv,2.0,10005,🚀Перша група ракет в Житомирській області змінили курс на Київ,2026-09-10T09:18:34.317066+00:00
2024-01-22,1,kpszsu,official,missiles_launched,ua,15.0,,"одської обл. – у напрямку Харківщини;
❗ 15 крилатих ракет Х-101/Х-555/Х-55 із шести стратегічних ",2026-09-10T09:18:34.317066+00:00
2024-01-22,1,kpszsu,official,targets_downed,ua,21.0,,"⚡️ ЗНИЩЕНО 21 ВОРОЖУ РАКЕТУ
В результаті бойової робо",2026-09-10T09:18:34.317066+00:00
2024-01-22,2,kpszsu,official,missile_tracks,kyiv_obl,2.0,10001,"🚀Перша група ракет на межі Київської та Черкаської області, курс південно-західний.
🚀Друга група в північній частині Полтавщини, курс південно-західний.",2026-09-10T09:18:34.317066+00:00
2024-01-23,2,kpszsu,official,drone_tracks,kyiv_obl,1.0,10049,"🛵Наразі ""Шахеди"" спостерігаються у Черкаській області в напрямку Київської області.",2026-09-10T09:18:34.317066+00:00
2024-01-24,1,kpszsu,official,attacked,kyiv,0.0,,"канал вів повітряну обстановку (19 повідомлень з 28), жодного супроводу на Київ, тривог у місті менше 3 годин",2026-09-10T09:18:34.317066+00:00
2024-01-24,1,kpszsu,official,drones_launched,ua,14.0,, січня 2024 року противник завдав удару 14-ма ударними БпЛА типу “Shahed-136/131” з району Приморсь,2026-09-10T09:18:34.317066+00:00
2024-01-24,1,kpszsu,official,targets_downed,ua,11.0,,"⚡️ ЗНИЩЕНО 11 «ШАХЕДІВ»
💥  До відбиття повітряного на",2026-09-10T09:18:34.317066+00:00
2024-01-25,1,kpszsu,official,attacked,kyiv,0.0,,"канал вів повітряну обстановку (4 повідомлень з 9), жодного супроводу на Київ, тривог у місті менше 3 годин",2026-09-10T09:18:34.317066+00:00
2024-01-26,1,kpszsu,official,attacked,kyiv,0.0,,"канал вів повітряну обстановку (15 повідомлень з 19), жодного супроводу на Київ, тривог у місті менше 3 годин",2026-09-10T09:18:34.317066+00:00
2024-01-26,1,kpszsu,official,targets_downed,ua,4.0,,⚡️ ЗНИЩЕНО ЧОТИРИ УДАРНИХ БПЛА,2026-09-10T09:18:34.317066+00:00
2024-01-27,1,kpszsu,official,attacked,kyiv,0.0,,"канал вів повітряну обстановку (10 повідомлень з 13), жодного супроводу на Київ, тривог у місті менше 3 годин",2026-09-10T09:18:34.317066+00:00
2024-01-27,1,kpszsu,official,drones_launched,ua,8.0,,"➖➖➖➖➖
У ніч на 28 січня 2024 року ворог атакував 8-ма ударними БпЛА типу ⚠️ «Shahed-136/131» з південно-схі",2026-09-10T09:18:34.317066+00:00
2024-01-27,1,kpszsu,official,targets_downed,ua,4.0,,"⚡️ ЗНИЩЕНО ЧОТИРИ «ШАХЕДИ»
💥 Мобільними вогневими групами ",2026-09-10T09:18:34.317066+00:00
2024-01-28,1,kpszsu,official,attacked,kyiv,0.0,,"канал вів повітряну обстановку (23 повідомлень з 27), жодного супроводу на Київ, тривог у місті менше 3 годин",2026-09-10T09:18:34.317066+00:00
2024-01-28,1,kpszsu,official,drones_launched,ua,8.0,,"➖➖➖➖➖
У ніч на 29 січня 2024 року ворог атакував 8-ма ударними БпЛА типу «Shahed-136/131» з району Приморсь",2026-09-10T09:18:34.317066+00:00
2024-01-28,1,kpszsu,official,targets_downed,ua,8.0,,"⚡️ ЗНИЩЕНО ВІСІМ УДАРНИХ БПЛА
💥 Силами та засобами Повітр",2026-09-10T09:18:34.317066+00:00
2024-01-28,2,kpszsu,official,drone_tracks,kyiv_obl,2.0,10143,"🛵 БпЛА з Черкаської та Кіровоградської областей у напрямку Київщини.
🛵 БпЛА на межі Миколаївської та Одеської областей, курс північно-західний.
🛵 БпЛА в Миколаївській області (Новоодеський район), кур",2026-09-10T09:18:34.317066+00:00
2024-01-29,1,kpszsu,official,attacked,kyiv,0.0,,"канал вів повітряну обстановку (20 повідомлень з 33), жодного супроводу на Київ, тривог у місті менше 3 годин",2026-09-10T09:18:34.317066+00:00
2024-01-29,1,kpszsu,official,drones_launched,ua,35.0,,"➖➖➖➖➖
У ніч на 30 січня 2024 року ворог атакував 35-ма ударними БпЛА типу ⚠️ «Shahed-136/131» з трьох напрям",2026-09-10T09:18:34.317066+00:00
2024-01-29,1,kpszsu,official,targets_downed,ua,15.0,,"⚡️ ЗНИЩЕНО 15 УДАРНИХ БПЛА
💥 Силами та засобами Повіт",2026-09-10T09:18:34.317066+00:00
2024-01-29,2,kpszsu,official,drone_tracks,kyiv_obl,2.0,10186,"⚠Ситуація з  ""Шахедами"":
🛵 1. Група  ""Шахедів"" на  півночі Миколаївщини рухається на  Кіровоградщину.
🛵 2. Кілька груп ворожих ударних БпЛА на Черкащині рухаються у напрямку Вінниччини та Київщини.
🛵 ",2026-09-10T09:18:34.317066+00:00
2024-01-30,1,kpszsu,official,attacked,kyiv,0.0,,"канал вів повітряну обстановку (37 повідомлень з 52), жодного супроводу на Київ, тривог у місті менше 3 годин",2026-09-10T09:18:34.317066+00:00
2024-01-30,1,kpszsu,official,drones_launched,ua,20.0,,"➖
У ніч на 31 січня 2024 року противник атакував 20-ма ударними БпЛА типу «Shahed-136/131» з напрямків: Прим",2026-09-10T09:18:34.317066+00:00
2024-01-30,1,kpszsu,official,targets_downed,ua,14.0,,"⚡️ ЗНИЩЕНО 14 УДАРНИХ БПЛА
💥 Силами та засобами Повіт",2026-09-10T09:18:34.317066+00:00
2024-01-31,1,kpszsu,official,attacked,kyiv,0.0,,"канал вів повітряну обстановку (26 повідомлень з 42), жодного супроводу на Київ, тривог у місті менше 3 годин",2026-09-10T09:18:34.317066+00:00
2024-02-01,1,kpszsu,official,attacked,kyiv,0.0,,"канал вів повітряну обстановку (21 повідомлень з 22), жодного супроводу на Київ, тривог у місті менше 3 годин",2026-09-10T09:18:34.317066+00:00
2024-02-01,1,kpszsu,official,drones_launched,ua,24.0,,"➖
У ніч на 2 лютого 2024 року противник атакував 24-ма ударними БпЛА типу «Shahed-136/131» з напрямків: Прим",2026-09-10T09:18:34.317066+00:00
2024-02-01,1,kpszsu,official,targets_downed,ua,11.0,,"⚡️ ЗНИЩЕНО 11 УДАРНИХ БПЛА
💥 Загалом, силами та засоб",2026-09-10T09:18:34.317066+00:00
2024-02-02,1,kpszsu,official,attacked,kyiv,0.0,,"канал вів повітряну обстановку (29 повідомлень з 36), жодного супроводу на Київ, тривог у місті менше 3 годин",2026-09-10T09:18:34.317066+00:00
2024-02-02,1,kpszsu,official,drones_launched,ua,14.0,,"➖
У ніч на 3 лютого 2024 року противник атакував 14-ма ударними БпЛА типу «Shahed-136/131» з напрямків: Прим",2026-09-10T09:18:34.317066+00:00
2024-02-02,1,kpszsu,official,targets_downed,ua,9.0,,"⚡️ ЗНИЩЕНО 9 УДАРНИХ БПЛА
💥 Мобільними вогневими гру",2026-09-10T09:18:34.317066+00:00
2024-02-02,2,kpszsu,official,drone_tracks,kyiv_obl,2.0,10324,"⚠ Увага! 
🛵 ""Шахеди"" на Вінниччині рухаються у північно-західному напрямку!
🛵 ""Шахеди"" на Черкащині – курсом на Київщину!",2026-09-10T09:18:34.317066+00:00
2024-02-03,1,kpszsu,official,attacked,kyiv,0.0,,"канал вів повітряну обстановку (5 повідомлень з 9), жодного супроводу на Київ, тривог у місті менше 3 годин",2026-09-10T09:18:34.317066+00:00
2024-02-05,1,kpszsu,official,attacked,kyiv,0.0,,"канал вів повітряну обстановку (4 повідомлень з 13), жодного супроводу на Київ, тривог у місті менше 3 годин",2026-09-10T09:18:34.317066+00:00
2024-02-06,1,kpszsu,official,attacked,kyiv,1.0,,є повідомлення супроводу цілей на Київ,2026-09-10T09:18:34.317066+00:00
2024-02-06,1,kpszsu,official,missile_tracks,kyiv,9.0,10410,Ракети на на Київ зі сходу!,2026-09-10T09:18:34.317066+00:00
2024-02-06,1,kpszsu,official,missiles_launched,ua,29.0,,"типу «Shahed-136/131» (Чауда – Крим);
❗ 29 крилатих ракет Х-101/Х-555/Х-55 з 10-ти літаків страте",2026-09-10T09:18:34.317066+00:00
2024-02-06,1,kpszsu,official,targets_downed,ua,44.0,,⚡️ ЗНИЩЕНО 44 ПОВІТРЯНІ ЦІЛІ: 29 РАКЕТ ТА 15 УДАРНИХ ,2026-09-10T09:18:34.317066+00:00
2024-02-06,2,kpszsu,official,missile_tracks,kyiv_obl,3.0,10412,"Перша група ракет на Київщині, курсом на південний захід.
Ще дві групи вздовж межі Полтавської, Чернігівської областей, курсом на захід!",2026-09-10T09:18:34.317066+00:00
2024-02-07,1,kpszsu,official,attacked,kyiv,0.0,,"канал вів повітряну обстановку (21 повідомлень з 33), жодного супроводу на Київ, тривог у місті менше 3 годин",2026-09-10T09:18:34.317066+00:00
2024-02-07,1,kpszsu,official,drones_launched,ua,17.0,,лютого 2024 року противник завдав удару 17-ма ударними БпЛА типу ⚠️ “Shahed-136/131” з мису Чауда –,2026-09-10T09:18:34.317066+00:00
2024-02-07,1,kpszsu,official,targets_downed,ua,11.0,,"⚡️ ЗНИЩЕНО 11 «ШАХЕДІВ»
💥 В результаті бойової роботи",2026-09-10T09:18:34.317066+00:00
2024-02-07,2,kpszsu,official,drone_tracks,kyiv_obl,2.0,10488,"🛵 БпЛА в західній частині Черкаської області, курс північно-західний.
🛵 БпЛА на межі Київської, Черкаської та Вінницької областей, курс західний/північно-західний.",2026-09-10T09:18:34.317066+00:00
2024-02-08,1,kpszsu,official,attacked,kyiv,0.0,,"канал вів повітряну обстановку (17 повідомлень з 28), жодного супроводу на Київ, тривог у місті менше 3 годин",2026-09-10T09:18:34.317066+00:00
2024-02-08,1,kpszsu,official,drones_launched,ua,16.0,,лютого 2024 року противник завдав удару 16-ма ударними БпЛА типу ⚠️ “Shahed-136/131” з мису Чауда –,2026-09-10T09:18:34.317066+00:00
2024-02-08,1,kpszsu,official,targets_downed,ua,2.0,,"гади Повітряного командування ""Південь"" знищено 2 російські розвідувальні БпЛА – ""ZALA"" т",2026-09-10T09:18:34.317066+00:00
2024-02-09,1,kpszsu,official,attacked,kyiv,0.0,,"канал вів повітряну обстановку (21 повідомлень з 31), жодного супроводу на Київ, тривог у місті менше 3 годин",2026-09-10T09:18:34.317066+00:00
2024-02-09,1,kpszsu,official,drones_launched,ua,31.0,,"
У ніч на 10 лютого 2024 року противник атакував 31 ударним БпЛА типу “Shahed-136/131” з Балаклави та ми",2026-09-10T09:18:34.317066+00:00
2024-02-09,1,kpszsu,official,targets_downed,ua,23.0,,"⚡️ ЗНИЩЕНО 23 УДАРНІ БПЛА
В результаті бойової роботи",2026-09-10T09:18:34.317066+00:00
2024-02-10,1,kpszsu,official,attacked,kyiv,1.0,,є повідомлення супроводу цілей на Київ,2026-09-10T09:18:34.317066+00:00
2024-02-10,1,kpszsu,official,drone_tracks,kyiv,1.0,10611,"🛵 ""Шахеди"" з Житомирщини курсом на Київ!",2026-09-10T09:18:34.317066+00:00
2024-02-10,1,kpszsu,official,drones_launched,ua,45.0,,лютого 2024 року окупанти завдали удару 45-ма ударними БпЛА типу ⚠️ “Shahed-136/131” з районів Бала,2026-09-10T09:18:34.317066+00:00
2024-02-10,1,kpszsu,official,targets_downed,ua,40.0,,"⚡️ ЗНИЩЕНО 40 УДАРНИХ БПЛА
В результаті бойової робот",2026-09-10T09:18:34.317066+00:00
2024-02-10,2,kpszsu,official,drone_tracks,kyiv_obl,3.0,10605,"🛵 Група ""шахедів"" з Черкащини у напрямку Київщини!",2026-09-10T09:18:34.317066+00:00
2024-02-11,1,kpszsu,official,attacked,kyiv,0.0,,"канал вів повітряну обстановку (23 повідомлень з 25), жодного супроводу на Київ, тривог у місті менше 3 годин",2026-09-10T09:18:34.317066+00:00
2024-02-11,1,kpszsu,official,drones_launched,ua,17.0,,"
У ніч на 12 лютого 2024 року противник атакував 17-ма ударними БпЛА типу “Shahed-136/131” з району Приморсь",2026-09-10T09:18:34.317066+00:00
2024-02-11,1,kpszsu,official,targets_downed,ua,14.0,,"⚡️ ЗНИЩЕНО 14 «ШАХЕДІВ» ТА ОДНУ Х-59
В результаті бой",2026-09-10T09:18:34.317066+00:00
2024-02-11,2,kpszsu,official,drone_tracks,kyiv_obl,1.0,10622,"🛵 Ще ударні ворожі БпЛА у Васильківському районі Дніпропетровської області, вектор руху на Павлоград.",2026-09-10T09:18:34.317066+00:00
2024-02-12,1,kpszsu,official,attacked,kyiv,0.0,,"канал вів повітряну обстановку (19 повідомлень з 24), жодного супроводу на Київ, тривог у місті менше 3 годин",2026-09-10T09:18:34.317066+00:00
2024-02-12,1,kpszsu,official,drones_launched,ua,23.0,,"
У ніч на 13 лютого 2024 року противник атакував 23-ма ударними БпЛА типу “Shahed-136/131” з районів Приморс",2026-09-10T09:18:34.317066+00:00
2024-02-12,1,kpszsu,official,targets_downed,ua,16.0,,"⚡️ ЗНИЩЕНО 16 ""ШАХЕДІВ""
В результаті бойової роботи з",2026-09-10T09:18:34.317066+00:00
2024-02-13,1,kpszsu,official,attacked,kyiv,0.0,,"канал вів повітряну обстановку (7 повідомлень з 16), жодного супроводу на Київ, тривог у місті менше 3 годин",2026-09-10T09:18:34.317066+00:00
2024-02-14,1,kpszsu,official,attacked,kyiv,1.0,,є повідомлення супроводу цілей на Київ,2026-09-10T09:18:34.317066+00:00
2024-02-14,1,kpszsu,official,drones_launched,ua,26.0,,"ними авіаційними ракетами Х-59.

Усього зафіксовано пуски 26 ракет різних типів:
❗ 12 крилатих ракет",2026-09-10T09:18:34.317066+00:00
2024-02-14,1,kpszsu,official,missile_tracks,kyiv,3.0,10720,Ракети прямують на Київ.,2026-09-10T09:18:34.317066+00:00
2024-02-14,1,kpszsu,official,missiles_launched,ua,12.0,,"іксовано пуски 26 ракет різних типів:
❗ 12 крилатих ракет Х-101/Х-555/Х-55 з літаків стратегічної",2026-09-10T09:18:34.317066+00:00
2024-02-14,1,kpszsu,official,targets_downed,ua,13.0,,"⚡️ ЗНИЩЕНО 13 РАКЕТ РІЗНИХ ТИПІВ
💥 Силами та засобами",2026-09-10T09:18:34.317066+00:00
2024-02-14,2,kpszsu,official,missile_tracks,kyiv_obl,1.0,10725,"Ракети маневрують з Київської області на Черкаську, Вінницьку та Житомирську.",2026-09-10T09:18:34.317066+00:00
2024-02-15,1,kpszsu,official,attacked,kyiv,0.0,,"канал вів повітряну обстановку (11 повідомлень з 19), жодного супроводу на Київ, тривог у місті менше 3 годин",2026-09-10T09:18:34.317066+00:00
2024-02-16,1,kpszsu,official,attacked,kyiv,0.0,,"канал вів повітряну обстановку (20 повідомлень з 35), жодного супроводу на Київ, тривог у місті менше 3 годин",2026-09-10T09:18:34.317066+00:00
2024-02-17,1,kpszsu,official,attacked,kyiv,0.0,,"канал вів повітряну обстановку (28 повідомлень з 35), жодного супроводу на Київ, тривог у місті менше 3 годин",2026-09-10T09:18:34.317066+00:00
2024-02-17,1,kpszsu,official,targets_downed,ua,12.0,,"2 «ШАХЕДІВ»
В результаті бойової роботи збито 12 «шахедів» та одну керовану авіаційну ра",2026-09-10T09:18:34.317066+00:00
2024-02-18,1,kpszsu,official,attacked,kyiv,0.0,,"канал вів повітряну обстановку (5 повідомлень з 11), жодного супроводу на Київ, тривог у місті менше 3 годин",2026-09-10T09:18:34.317066+00:00
2024-02-19,1,kpszsu,official,attacked,kyiv,0.0,,"канал вів повітряну обстановку (21 повідомлень з 29), жодного супроводу на Київ, тривог у місті менше 3 годин",2026-09-10T09:18:34.317066+00:00
2024-02-19,1,kpszsu,official,targets_downed,ua,23.0,,"⚡️ ЗНИЩЕНО 23 УДАРНИХ БПЛА
💥 В результаті бойової роб",2026-09-10T09:18:34.317066+00:00
2024-02-20,1,kpszsu,official,attacked,kyiv,0.0,,"канал вів повітряну обстановку (17 повідомлень з 40), жодного супроводу на Київ, тривог у місті менше 3 годин",2026-09-10T09:18:34.317066+00:00
2024-02-20,1,kpszsu,official,targets_downed,ua,13.0,,"⚡️ ЗНИЩЕНО 13 УДАРНИХ БПЛА ТА РАКЕТУ Х-59
💥 В результ",2026-09-10T09:18:34.317066+00:00
2024-02-21,1,kpszsu,official,attacked,kyiv,0.0,,"канал вів повітряну обстановку (20 повідомлень з 26), жодного супроводу на Київ, тривог у місті менше 3 годин",2026-09-10T09:18:34.317066+00:00
2024-02-21,1,kpszsu,official,targets_downed,ua,8.0,,"⚡️ ЗНИЩЕНО ВІСІМ УДАРНИХ БПЛА
💥 Вісім безпілотників знище",2026-09-10T09:18:34.317066+00:00
2024-02-22,1,kpszsu,official,attacked,kyiv,0.0,,"канал вів повітряну обстановку (34 повідомлень з 44), жодного супроводу на Київ, тривог у місті менше 3 годин",2026-09-10T09:18:34.317066+00:00
2024-02-22,1,kpszsu,official,drones_launched,ua,31.0,,"
У ніч на 23 лютого 2024 року противник атакував 31 ударним БпЛА типу ⚠️  «Shahed» (Приморсько-Ахтарськ ",2026-09-10T09:18:34.317066+00:00
2024-02-22,1,kpszsu,official,targets_downed,ua,23.0,,"⚡️ ЗНИЩЕНО 23 УДАРНИХ БПЛА
💥 Протиповітряною обороною",2026-09-10T09:18:34.317066+00:00
2024-02-23,1,kpszsu,official,attacked,kyiv,0.0,,"канал вів повітряну обстановку (19 повідомлень з 30), жодного супроводу на Київ, тривог у місті менше 3 годин",2026-09-10T09:18:34.317066+00:00
2024-02-23,1,kpszsu,official,targets_downed,ua,12.0,,"⚡️ ЗНИЩЕНО 12 УДАРНИХ БПЛА ТА ДВІ РАКЕТИ Х-59
💥 В рез",2026-09-10T09:18:34.317066+00:00
2024-02-23,2,kpszsu,official,drone_tracks,kyiv_obl,4.0,11008,"🛵 БпЛА ""Shahed"" в Кіровоградській області, кусом на Кропивницький.

БпЛА в Миронівському районі Київської області, курс північно-західний (Обухів).
БпЛА у Броварському районі Київської області. Постій",2026-09-10T09:18:34.317066+00:00
2024-02-24,1,kpszsu,official,attacked,kyiv,0.0,,"канал вів повітряну обстановку (38 повідомлень з 56), жодного супроводу на Київ, тривог у місті менше 3 годин",2026-09-10T09:18:34.317066+00:00
2024-02-24,1,kpszsu,official,drones_launched,ua,18.0,,"
У ніч на 25 лютого 2024 року противник атакував 18-ма ударними БпЛА типу «Shahed» (Приморсько-Ахтарськ – рф",2026-09-10T09:18:34.317066+00:00
2024-02-24,1,kpszsu,official,targets_downed,ua,16.0,,"⚡️ ЗНИЩЕНО 16 УДАРНИХ БПЛА
💥 В результаті протиповітр",2026-09-10T09:18:34.317066+00:00
2024-02-24,2,kpszsu,official,drone_tracks,kyiv_obl,3.0,11072,"⚠Увага!
🛵  Кілька група ""шахедів"" з Полтавщини у напрямку Київщини!",2026-09-10T09:18:34.317066+00:00
2024-02-25,1,kpszsu,official,attacked,kyiv,0.0,,"канал вів повітряну обстановку (34 повідомлень з 48), жодного супроводу на Київ, тривог у місті менше 3 годин",2026-09-10T09:18:34.317066+00:00
2024-02-25,1,kpszsu,official,targets_downed,ua,9.0,,"⚡️ ЗНИЩЕНО 9 УДАРНИХ БПЛА ТА ТРИ РАКЕТИ Х-59
💥 В рез",2026-09-10T09:18:34.317066+00:00
2024-02-26,1,kpszsu,official,attacked,kyiv,0.0,,"канал вів повітряну обстановку (34 повідомлень з 59), жодного супроводу на Київ, тривог у місті менше 3 годин",2026-09-10T09:18:34.317066+00:00
2024-02-26,1,kpszsu,official,targets_downed,ua,11.0,,"⚡️ ЗНИЩЕНО 11 УДАРНИХ БПЛА ТА ДВІ РАКЕТИ Х-59
В резул",2026-09-10T09:18:34.317066+00:00
2024-02-27,1,kpszsu,official,attacked,kyiv,0.0,,"канал вів повітряну обстановку (26 повідомлень з 42), жодного супроводу на Київ, тривог у місті менше 3 годин",2026-09-10T09:18:34.317066+00:00
2024-02-27,1,kpszsu,official,drones_launched,ua,10.0,,акетами С-300 з окупованої Донеччини та 10-ма ударними БпЛА типу «Shahed» із району Приморсько-Ахта,2026-09-10T09:18:34.317066+00:00
2024-02-27,1,kpszsu,official,targets_downed,ua,10.0,,"⚡️ ЗНИЩЕНО 10 УДАРНИХ БПЛА
💥 В результаті протиповітр",2026-09-10T09:18:34.317066+00:00
2024-02-28,1,kpszsu,official,attacked,kyiv,0.0,,"канал вів повітряну обстановку (8 повідомлень з 29), жодного супроводу на Київ, тривог у місті менше 3 годин",2026-09-10T09:18:34.317066+00:00
2024-02-28,2,kpszsu,official,missile_tracks,kyiv_obl,1.0,11243,"⚠ Увага!
🚀 Київська область – ракетна небезпека!",2026-09-10T09:18:34.317066+00:00
2024-02-29,1,kpszsu,official,attacked,kyiv,0.0,,"канал вів повітряну обстановку (22 повідомлень з 35), жодного супроводу на Київ, тривог у місті менше 3 годин",2026-09-10T09:18:34.317066+00:00
2024-02-29,1,kpszsu,official,drones_launched,ua,4.0,,ваної Донеччини і Бєлгородської обл. та 4-ма ударними БпЛА типу «Shahed» (із районів Приморсько-Ах,2026-09-10T09:18:34.317066+00:00
2024-02-29,1,kpszsu,official,targets_downed,ua,4.0,,"⚡️ ЗНИЩЕНО 4 УДАРНИХ БПЛА
💥 В результаті протиповітр",2026-09-10T09:18:34.317066+00:00
2024-03-01,1,kpszsu,official,attacked,kyiv,0.0,,"канал вів повітряну обстановку (23 повідомлень з 39), жодного супроводу на Київ, тривог у місті менше 3 годин",2026-09-10T09:18:34.317066+00:00
2024-03-01,1,kpszsu,official,targets_downed,ua,14.0,,"⚡️ ЗНИЩЕНО 14 «шахедів» та Су-34
💥 В результаті бойов",2026-09-10T09:18:34.317066+00:00
2024-03-02,1,kpszsu,official,attacked,kyiv,0.0,,"канал вів повітряну обстановку (16 повідомлень з 40), жодного супроводу на Київ, тривог у місті менше 3 годин",2026-09-10T09:18:34.317066+00:00
2024-03-03,1,kpszsu,official,attacked,kyiv,0.0,,"канал вів повітряну обстановку (3 повідомлень з 22), жодного супроводу на Київ, тривог у місті менше 3 годин",2026-09-10T09:18:34.317066+00:00
2024-03-04,1,kpszsu,official,attacked,kyiv,0.0,,"канал вів повітряну обстановку (17 повідомлень з 38), жодного супроводу на Київ, тривог у місті менше 3 годин",2026-09-10T09:18:34.317066+00:00
2024-03-04,1,kpszsu,official,targets_downed,ua,18.0,,"⚡️ ЗНИЩЕНО 18 УДАРНИХ БПЛА
В результаті бойової робот",2026-09-10T09:18:34.317066+00:00
2024-03-04,2,kpszsu,official,drone_tracks,kyiv_obl,1.0,11423,"🛵 БпЛА у Біляївському районі, Одеської області, курс західний;
🛵 БпЛА в акваторії Чорного моря, рухаються у напрямку Київського району, Одеської області.",2026-09-10T09:18:34.317066+00:00
2024-03-05,1,kpszsu,official,attacked,kyiv,0.0,,"канал вів повітряну обстановку (34 повідомлень з 63), жодного супроводу на Київ, тривог у місті менше 3 годин",2026-09-10T09:18:34.317066+00:00
2024-03-05,1,kpszsu,official,targets_downed,ua,38.0,,"⚡️ ЗНИЩЕНО 38 «ШАХЕДІВ»
В результаті бойової роботи з",2026-09-10T09:18:34.317066+00:00
2024-03-05,2,kpszsu,official,drone_tracks,kyiv_obl,1.0,11474,"⚠ Увага!
🛵 БпЛА на півночі Київщини - у напрямку Житомирщини.
🛵  ""Шахеди"" з Чернігівщини - північно-західним курсом.
🛵 ""Шахеди"" на сході Черкащини - курсом на захід.
🛵 Група ""шахедів"" на Хмельниччині ",2026-09-10T09:18:34.317066+00:00
2024-03-06,1,kpszsu,official,attacked,kyiv,0.0,,"канал вів повітряну обстановку (22 повідомлень з 51), жодного супроводу на Київ, тривог у місті менше 3 годин",2026-09-10T09:18:34.317066+00:00
2024-03-07,1,kpszsu,official,attacked,kyiv,0.0,,"канал вів повітряну обстановку (22 повідомлень з 43), жодного супроводу на Київ, тривог у місті менше 3 годин",2026-09-10T09:18:34.317066+00:00
2024-03-07,1,kpszsu,official,drones_launched,ua,37.0,,", дві керовані авіаційні ракети Х-59 та 37 ударних БпЛА типу «Shahed» (район пусків безпілотник",2026-09-10T09:18:34.317066+00:00
2024-03-07,1,kpszsu,official,targets_downed,ua,33.0,,"⚡️ ЗНИЩЕНО 33 «ШАХЕДИ»
В результаті бойової роботи зб",2026-09-10T09:18:34.317066+00:00
2024-03-08,1,kpszsu,official,attacked,kyiv,0.0,,"канал вів повітряну обстановку (30 повідомлень з 56), жодного супроводу на Київ, тривог у місті менше 3 годин",2026-09-10T09:18:34.317066+00:00
2024-03-08,1,kpszsu,official,targets_downed,ua,12.0,,"⚡️ ЗНИЩЕНО 12 УДАРНИХ БПЛА
В результаті бойової робот",2026-09-10T09:18:34.317066+00:00
2024-03-09,1,kpszsu,official,attacked,kyiv,0.0,,"канал вів повітряну обстановку (25 повідомлень з 38), жодного супроводу на Київ, тривог у місті менше 3 годин",2026-09-10T09:18:34.317066+00:00
2024-03-09,1,kpszsu,official,drones_launched,ua,39.0,,тами С-300 по Харківщині і Донеччині та 39 ударними БпЛА типу «Shahed» (райони пусків безпілотни,2026-09-10T09:18:34.317066+00:00
2024-03-09,1,kpszsu,official,targets_downed,ua,35.0,,"⚡️ ЗНИЩЕНО 35 «ШАХЕДІВ»
💥 В результаті бойової роботи",2026-09-10T09:18:34.317066+00:00
2024-03-09,2,kpszsu,official,drone_tracks,kyiv_obl,1.0,11666,"🛵 ""Шахеди"" на Кіровоградщині - курсом на Кропивницький!
🛵 ""Шахеди"" на межі Одеської та Вінницької областей рухаються на північний захід.
🛵 БпЛА на півдні Київщини - курсом на захід.
🛵 Дрони на Дніпроп",2026-09-10T09:18:34.317066+00:00
2024-03-10,1,kpszsu,official,attacked,kyiv,0.0,,"канал вів повітряну обстановку (20 повідомлень з 34), жодного супроводу на Київ, тривог у місті менше 3 годин",2026-09-10T09:18:34.317066+00:00
2024-03-11,1,kpszsu,official,attacked,kyiv,0.0,,"канал вів повітряну обстановку (28 повідомлень з 49), жодного супроводу на Київ, тривог у місті менше 3 годин",2026-09-10T09:18:34.317066+00:00
2024-03-11,2,kpszsu,official,drone_tracks,kyiv_obl,1.0,11742,"🛵 Щодо руху БпЛА:
1. Декілька груп БпЛА у Вінницькому районі рухаються у напрямку Вінниці з південного-сходу;
2. Декілька груп БпЛА на межі Одеської та Вінницької областей, курс північно-західний;
3.Д",2026-09-10T09:18:34.317066+00:00
2024-03-12,1,kpszsu,official,attacked,kyiv,0.0,,"канал вів повітряну обстановку (10 повідомлень з 29), жодного супроводу на Київ, тривог у місті менше 3 годин",2026-09-10T09:18:34.317066+00:00
2024-03-13,1,kpszsu,official,attacked,kyiv,0.0,,"канал вів повітряну обстановку (14 повідомлень з 34), жодного супроводу на Київ, тривог у місті менше 3 годин",2026-09-10T09:18:34.317066+00:00
2024-03-14,1,kpszsu,official,attacked,kyiv,0.0,,"канал вів повітряну обстановку (29 повідомлень з 42), жодного супроводу на Київ, тривог у місті менше 3 годин",2026-09-10T09:18:34.317066+00:00
2024-03-14,1,kpszsu,official,drones_launched,ua,27.0,,віаційною ракетою Х-59 по Полтавщині та 27-ма ударними БпЛА типу «Shahed» (райони пусків безпілотни,2026-09-10T09:18:34.317066+00:00
2024-03-14,1,kpszsu,official,targets_downed,ua,27.0,,"⚡️ ЗНИЩЕНО 27 УДАРНИХ БПЛА
В результаті бойової робот",2026-09-10T09:18:34.317066+00:00
2024-03-15,1,kpszsu,official,attacked,kyiv,0.0,,"канал вів повітряну обстановку (10 повідомлень з 35), жодного супроводу на Київ, тривог у місті менше 3 годин",2026-09-10T09:18:34.317066+00:00
2024-03-16,1,kpszsu,official,attacked,kyiv,0.0,,"канал вів повітряну обстановку (21 повідомлень з 38), жодного супроводу на Київ, тривог у місті менше 3 годин",2026-09-10T09:18:34.317066+00:00
2024-03-16,1,kpszsu,official,drones_launched,ua,16.0,,ійними ракетами Х-59 по Чернігівщині та 16-ма ударними БпЛА типу «Shahed» (райони пусків безпілотни,2026-09-10T09:18:34.317066+00:00
2024-03-16,1,kpszsu,official,targets_downed,ua,14.0,,"⚡️ ЗНИЩЕНО 14 УДАРНИХ БПЛА
В результаті бойової робот",2026-09-10T09:18:34.317066+00:00
2024-03-17,1,kpszsu,official,attacked,kyiv,0.0,,"канал вів повітряну обстановку (32 повідомлень з 50), жодного супроводу на Київ, тривог у місті менше 3 годин",2026-09-10T09:18:34.317066+00:00
2024-03-17,1,kpszsu,official,drones_launched,ua,22.0,,авіаційними ракетами Х-59 по Сумщині та 22-ма ударними БпЛА типу «Shahed» (райони пусків безпілотни,2026-09-10T09:18:34.317066+00:00
2024-03-17,1,kpszsu,official,targets_downed,ua,17.0,,"⚡️ ЗНИЩЕНО 17 УДАРНИХ БПЛА
В результаті бойової робот",2026-09-10T09:18:34.317066+00:00
2024-03-17,2,kpszsu,official,drone_tracks,kyiv_obl,1.0,11969,"⚠Увага!
🛵 Київська область - загроза застосування ворогом ударних БпЛА з Чернігівщини!
У разі оголошення тривоги прямуйте в укриття.",2026-09-10T09:18:34.317066+00:00
2024-03-18,1,kpszsu,official,attacked,kyiv,0.0,,"канал вів повітряну обстановку (8 повідомлень з 29), жодного супроводу на Київ, тривог у місті менше 3 годин",2026-09-10T09:18:34.317066+00:00
2024-03-19,1,kpszsu,official,attacked,kyiv,0.0,,"канал вів повітряну обстановку (5 повідомлень з 19), жодного супроводу на Київ, тривог у місті менше 3 годин",2026-09-10T09:18:34.317066+00:00
2024-03-20,1,kpszsu,official,attacked,kyiv,1.0,,є повідомлення супроводу цілей на Київ,2026-09-10T09:18:34.317066+00:00
2024-03-20,1,kpszsu,official,missile_tracks,kyiv,5.0,12081,🚀Ракети з Житомирщини  змінили курс на Київ,2026-09-10T09:18:34.317066+00:00
2024-03-20,1,kpszsu,official,missiles_launched,ua,29.0,,"-М» ( KN-23) /Х-47М2 «Кинджал», а також 29-ма крилатими ракетами Х-101/Х-555 із 11 стратегічних бомба",2026-09-10T09:18:34.317066+00:00
2024-03-20,1,kpszsu,official,targets_downed,ua,31.0,,"⚡️ ЗНИЩЕНО 31 РАКЕТУ: 2 – БАЛІСТИЧНІ, 29 – КРИЛАТИХ",2026-09-10T09:18:34.317066+00:00
2024-03-20,2,kpszsu,official,missile_tracks,kyiv_obl,5.0,12047,"⚠ Увага!
🚀 Київська, Черкаська області – ракетна небезпека!",2026-09-10T09:18:34.317066+00:00
2024-03-21,1,kpszsu,official,attacked,kyiv,1.0,,є повідомлення супроводу цілей на Київ,2026-09-10T09:18:34.317066+00:00
2024-03-21,1,kpszsu,official,drones_launched,ua,63.0,,"осував 151 засіб повітряного нападу:

- 63 ударні БпЛА типу «Shahed-136/131» (район пусків При",2026-09-10T09:18:34.317066+00:00
2024-03-21,1,kpszsu,official,missile_tracks,kyiv,1.0,12150,🚀Крилаті ракети на межі Чернігівської та Полтавської областей у напрямку на Київ.,2026-09-10T09:18:34.317066+00:00
2024-03-21,1,kpszsu,official,targets_downed,ua,92.0,,⚡️ ЗНИЩЕНО 92 ПОВІТРЯНІ ЦІЛІ: 55 «ШАХЕДІВ» і 37 РАКЕТ,2026-09-10T09:18:34.317066+00:00
2024-03-21,2,kpszsu,official,missile_tracks,kyiv_obl,3.0,12097,🚀Київська та Чернігівська області - ракетна небезпека!,2026-09-10T09:18:34.317066+00:00
2024-03-22,1,kpszsu,official,attacked,kyiv,0.0,,"канал вів повітряну обстановку (23 повідомлень з 47), жодного супроводу на Київ, тривог у місті менше 3 годин",2026-09-10T09:18:34.317066+00:00
2024-03-22,1,kpszsu,official,drones_launched,ua,34.0,,ваними ракетами С-300 (по Донеччині) та 34-ма ударними БпЛА типу «Shahed» (райони пусків Курська об,2026-09-10T09:18:34.317066+00:00
2024-03-22,1,kpszsu,official,targets_downed,ua,31.0,,"⚡️ ЗНИЩЕНО 31 УДАРНИЙ БПЛА
💥 В результаті протиповітр",2026-09-10T09:18:34.317066+00:00
2024-03-23,1,kpszsu,official,attacked,kyiv,0.0,,"канал вів повітряну обстановку (61 повідомлень з 80), жодного супроводу на Київ, тривог у місті менше 3 годин",2026-09-10T09:18:34.317066+00:00
2024-03-23,1,kpszsu,official,drones_launched,ua,28.0,,Ту-95МС (район пусків Енгельс – рф.) та 28-ма ударними БпЛА типу «Shahed» (райони пусків Приморсько,2026-09-10T09:18:34.317066+00:00
2024-03-23,1,kpszsu,official,missiles_launched,ua,29.0,,24 березня 2024 року російські окупанти атакували 29-ма крилатими ракетами Х-101/Х-555 із 14 літаків стратегічн,2026-09-10T09:18:34.317066+00:00
2024-03-23,1,kpszsu,official,targets_downed,ua,43.0,,⚡️ ЗНИЩЕНО 43 ПОВІТРЯНІ ЦІЛІ: 18 РАКЕТ ТА 25 УДАРНИХ ,2026-09-10T09:18:34.317066+00:00
2024-03-23,2,kpszsu,official,missile_tracks,kyiv_obl,1.0,12281,Група крилатих ракет  з Київщини у південно-західному напрямку.,2026-09-10T09:18:34.317066+00:00
2024-03-24,1,kpszsu,official,attacked,kyiv,1.0,,є повідомлення супроводу цілей на Київ,2026-09-10T09:18:34.317066+00:00
2024-03-24,1,kpszsu,official,drones_launched,ua,9.0,,"ьогодні вночі захисники неба збили 8 із 9 ударних БпЛА типу «Shahed», якими противник атакував",2026-09-10T09:18:34.317066+00:00
2024-03-24,1,kpszsu,official,missile_tracks,kyiv,1.0,12335,Ракета на Київ!,2026-09-10T09:18:34.317066+00:00
2024-03-24,1,kpszsu,official,targets_downed,ua,2.0,,"⚡️ ЗНИЩЕНО  ДВІ БАЛІСТИЧНІ РАКЕТИ
Цілі знищено, тип вста",2026-09-10T09:18:34.317066+00:00
2024-03-25,1,kpszsu,official,attacked,kyiv,0.0,,"канал вів повітряну обстановку (17 повідомлень з 26), жодного супроводу на Київ, тривог у місті менше 3 годин",2026-09-10T09:18:34.317066+00:00
2024-03-25,1,kpszsu,official,drones_launched,ua,12.0,,"➖➖➖➖➖➖
Уночі 26 березня 2024 року ворог атакував 12-ма ударними БпЛА типу «Shahed» із мису Чауда – Крим та К",2026-09-10T09:18:34.317066+00:00
2024-03-25,1,kpszsu,official,targets_downed,ua,12.0,,"⚡️ ЗБИТО 12 УДАРНИХ БПЛА
Збито усі 12 «шахедів».",2026-09-10T09:18:34.317066+00:00
2024-03-26,1,kpszsu,official,attacked,kyiv,0.0,,"канал вів повітряну обстановку (9 повідомлень з 19), жодного супроводу на Київ, тривог у місті менше 3 годин",2026-09-10T09:18:34.317066+00:00
2024-03-26,1,kpszsu,official,targets_downed,ua,10.0,,"⚡️ЗНИЩЕНО 10 УДАРНИХ БПЛА
Уночі 27 березня 2024 року",2026-09-10T09:18:34.317066+00:00
2024-03-26,2,kpszsu,official,drone_tracks,kyiv_obl,1.0,12377,"🛵 БпЛА із Чернігівської області рухаються у напрямку Київської області;
🛵 БпЛА із Сумської області рухаються у напрямку Полтавської області, курс південно-західний.",2026-09-10T09:18:34.317066+00:00
2024-03-27,1,kpszsu,official,attacked,kyiv,0.0,,"канал вів повітряну обстановку (23 повідомлень з 48), жодного супроводу на Київ, тривог у місті менше 3 годин",2026-09-10T09:18:34.317066+00:00
2024-03-27,1,kpszsu,official,drones_launched,ua,28.0,,ї керованої ракети С-300 (Донеччина) та 28 ударних БпЛА  типу «Shahed-136/131» (район пусків Ку,2026-09-10T09:18:34.317066+00:00
2024-03-27,1,kpszsu,official,targets_downed,ua,26.0,,"⚡️ ЗНИЩЕНО 26 УДАРНИХ БПЛА
Знищено 26 ударних БпЛА ти",2026-09-10T09:18:34.317066+00:00
2024-03-28,1,kpszsu,official,drones_launched,ua,60.0,,"го – 99 засобів повітряного нападу:

⚠️ 60 ударних БпЛА типу «Shahed-136/131» (район пусків При",2026-09-10T09:18:34.317066+00:00
2024-03-28,1,kpszsu,official,missiles_launched,ua,2.0,,"ерезня 2024 року ворог атакував Одещину двома керованими авіаційними ракетами Х-59 з акваторії Чорного моря.
📣 Дос",2026-09-10T09:18:34.317066+00:00
2024-03-28,1,kpszsu,official,targets_downed,ua,2.0,,"НА ОДЕЩИНІ ЗНИЩЕНО 2 КЕРОВАНІ АВІАЦІЙНІ РАКЕТИ Х-59 
Силами ",2026-09-10T09:18:34.317066+00:00
2024-03-28,2,kpszsu,official,drone_tracks,kyiv_obl,4.0,12460,🛵 Загроза ударних БпЛА для Київщини!,2026-09-10T09:18:34.317066+00:00
2024-03-28,2,kpszsu,official,missile_tracks,kyiv_obl,1.0,12485,"Київська, Сумська, Полтавська, Черкаська області - ракетна небезпека!",2026-09-10T09:18:34.317066+00:00
2024-03-29,1,kpszsu,official,attacked,kyiv,0.0,,"канал вів повітряну обстановку (20 повідомлень з 41), жодного супроводу на Київ, тривог у місті менше 3 годин",2026-09-10T09:18:34.317066+00:00
2024-03-29,1,kpszsu,official,targets_downed,ua,9.0,,"⚡️ ЗНИЩЕНО 9 УДАРНИХ БПЛА
💥 Усього зафіксовано пуски",2026-09-10T09:18:34.317066+00:00
2024-03-30,1,kpszsu,official,attacked,kyiv,1.0,,є повідомлення супроводу цілей на Київ,2026-09-10T09:18:34.317066+00:00
2024-03-30,1,kpszsu,official,drones_launched,ua,11.0,,"с (район пусків Саратовська обл. – рф.),11-ма ударними БпЛА типу «Shahed» (райони пусків Приморсько",2026-09-10T09:18:34.317066+00:00
2024-03-30,1,kpszsu,official,missile_tracks,kyiv,2.0,12627,"Ракети на Чернігівщині, курс на Київ!",2026-09-10T09:18:34.317066+00:00
2024-03-30,1,kpszsu,official,missiles_launched,ua,14.0,,31 березня 2024 року російські окупанти атакували 14-ма крилатими ракетами Х-101/Х-555 із літаків стратегічної ,2026-09-10T09:18:34.317066+00:00
2024-03-30,1,kpszsu,official,targets_downed,ua,9.0,,"⚡️ ЗБИТО 9 РАКЕТ ТА 9 УДАРНИХ БПЛА
В результаті пр",2026-09-10T09:18:34.317066+00:00
2024-03-30,2,kpszsu,official,drone_tracks,kyiv_obl,1.0,12608,"🛵 ""Шахеди"" рухаються уздовж межі Черкаської та Київської областей у західному напрямку.",2026-09-10T09:18:34.317066+00:00
2024-03-30,2,kpszsu,official,missile_tracks,kyiv_obl,2.0,12631,"⚠ Увага!
🚀 Група ракет на півночі Київщини, напрямок руху - західний!",2026-09-10T09:18:34.317066+00:00
2024-03-31,1,kpszsu,official,attacked,kyiv,0.0,,"канал вів повітряну обстановку (8 повідомлень з 42), жодного супроводу на Київ, тривог у місті менше 3 годин",2026-09-10T09:18:34.317066+00:00
2024-04-01,1,kpszsu,official,attacked,kyiv,0.0,,"канал вів повітряну обстановку (12 повідомлень з 28), жодного супроводу на Київ, тривог у місті менше 3 годин",2026-09-10T09:18:34.317066+00:00
2024-04-01,1,kpszsu,official,targets_downed,ua,9.0,,"⚡️ ЗНИЩЕНО 9 УДАРНИХ БПЛА
💥 Підрозділами мобільних в",2026-09-10T09:18:34.317066+00:00
2024-04-02,1,kpszsu,official,attacked,kyiv,0.0,,"канал вів повітряну обстановку (20 повідомлень з 42), жодного супроводу на Київ, тривог у місті менше 3 годин",2026-09-10T09:18:34.317066+00:00
2024-04-02,1,kpszsu,official,targets_downed,ua,4.0,,⚡️ ЗНИЩЕНО 4 УДАРНІ БПЛА,2026-09-10T09:18:34.317066+00:00
2024-04-02,2,kpszsu,official,drone_tracks,kyiv_obl,1.0,12745,"🛵 Рух ударних БпЛА:
1. БпЛА на півдні Вінниччини, курс західний.
2. БпЛА на півдні Київщини у напрямку Вінниччини.",2026-09-10T09:18:34.317066+00:00
2024-04-03,1,kpszsu,official,attacked,kyiv,0.0,,"канал вів повітряну обстановку (11 повідомлень з 27), жодного супроводу на Київ, тривог у місті менше 3 годин",2026-09-10T09:18:34.317066+00:00
2024-04-03,1,kpszsu,official,drones_launched,ua,20.0,,"31/136» з Курської області - рф. Усього зафіксовано пуски 20 «шахедів».
🇺🇦 Тримаймо небо!",2026-09-10T09:18:34.317066+00:00
2024-04-03,1,kpszsu,official,targets_downed,ua,11.0,,"⚡️ ЗНИЩЕНО 11 УДАРНИХ БПЛА
💥 В результаті протиповітр",2026-09-10T09:18:34.317066+00:00
2024-04-04,1,kpszsu,official,attacked,kyiv,0.0,,"канал вів повітряну обстановку (25 повідомлень з 42), жодного супроводу на Київ, тривог у місті менше 3 годин",2026-09-10T09:18:34.317066+00:00
2024-04-04,1,kpszsu,official,drones_launched,ua,13.0,,"ів Бєлгородська область – рф.), а також 13-ма ударними БпЛА типу «Shahed-131/136» із мису Чауда (Кр",2026-09-10T09:18:34.317066+00:00
2024-04-04,1,kpszsu,official,targets_downed,ua,13.0,,"⚡️ ЗНИЩЕНО 13 УДАРНИХ БПЛА
💥 В результаті протиповітр",2026-09-10T09:18:34.317066+00:00
2024-04-05,1,kpszsu,official,attacked,kyiv,1.0,,є повідомлення супроводу цілей на Київ,2026-09-10T09:18:34.317066+00:00
2024-04-05,1,kpszsu,official,drone_tracks,kyiv,1.0,12870,🛵 Декілька груп БпЛА у напрямку Києва з південного-заходу,2026-09-10T09:18:34.317066+00:00
2024-04-05,1,kpszsu,official,drones_launched,ua,32.0,,а 6 квітня 2024 року російські окупанти атакували 32-ма ударними БпЛА типу «Shahed-131/136» із районів Примор,2026-09-10T09:18:34.317066+00:00
2024-04-05,1,kpszsu,official,missile_tracks,kyiv,1.0,12880,"🚀Крилаті ракети в південній частині Житомирської області, змінюють курс у напрямку Києва.",2026-09-10T09:18:34.317066+00:00
2024-04-05,1,kpszsu,official,targets_downed,ua,3.0,,"⚡️ ЗНИЩЕНО ТРИ КРИЛАТІ РАКЕТИ ТА 28 УДАРНИХ БПЛА
💥 В ре",2026-09-10T09:18:34.317066+00:00
2024-04-05,2,kpszsu,official,drone_tracks,kyiv_obl,1.0,12867,"🛵 БпЛА в Обухівському районі Київської області курсом на Вінниччину.
🛵 БпЛА у Чернігівській області, курсом на Київщину.",2026-09-10T09:18:34.317066+00:00
2024-04-05,2,kpszsu,official,missile_tracks,kyiv_obl,2.0,12876,"🚀Крилаті ракети зайшли з Черкащини у Київську область, курс західний.",2026-09-10T09:18:34.317066+00:00
2024-04-06,1,kpszsu,official,attacked,kyiv,0.0,,"канал вів повітряну обстановку (13 повідомлень з 37), жодного супроводу на Київ, тривог у місті менше 3 годин",2026-09-10T09:18:34.317066+00:00
2024-04-06,1,kpszsu,official,drones_launched,ua,17.0,,стичною ракетою «Іскандер-М» з Криму та 17-ма ударними БпЛА типу «Shahed-131/136» із мису Чауда (Кр,2026-09-10T09:18:34.317066+00:00
2024-04-06,1,kpszsu,official,targets_downed,ua,17.0,,"⚡️ ЗНИЩЕНО 17 УДАРНИХ БПЛА
В результаті протиповітрян",2026-09-10T09:18:34.317066+00:00
2024-04-07,1,kpszsu,official,attacked,kyiv,0.0,,"канал вів повітряну обстановку (21 повідомлень з 40), жодного супроводу на Київ, тривог у місті менше 3 годин",2026-09-10T09:18:34.317066+00:00
2024-04-07,1,kpszsu,official,drones_launched,ua,24.0,,стору окупованої Запорізької області та 24-ма ударними БпЛА типу «Shahed-131/136» із мису Чауда – К,2026-09-10T09:18:34.317066+00:00
2024-04-07,1,kpszsu,official,targets_downed,ua,17.0,,"⚡️ ЗНИЩЕНО 17 УДАРНИХ БПЛА І РАКЕТУ Х-59
💥 В результа",2026-09-10T09:18:34.317066+00:00
2024-04-07,2,kpszsu,official,drone_tracks,kyiv_obl,1.0,12948,"🛵 Рух ударних БпЛА:
1. Група БпЛА на Чернігівщині – у напрямку Київщини.
2. Група БпЛА на Миколаївщині – у напрямку Кіровоградщини/Вінниччини.",2026-09-10T09:18:34.317066+00:00
2024-04-08,1,kpszsu,official,attacked,kyiv,0.0,,"канал вів повітряну обстановку (27 повідомлень з 46), жодного супроводу на Київ, тривог у місті менше 3 годин",2026-09-10T09:18:34.317066+00:00
2024-04-08,1,kpszsu,official,drones_launched,ua,20.0,,і 9 квітня 2024 року російські окупанти атакували 20-ма ударними БпЛА типу «Shahed-131/136» із мису Чауда – К,2026-09-10T09:18:34.317066+00:00
2024-04-08,1,kpszsu,official,targets_downed,ua,20.0,,"⚡️ ЗНИЩЕНО 20 УДАРНИХ БПЛА
💥 В результаті протиповітр",2026-09-10T09:18:34.317066+00:00
2024-04-09,1,kpszsu,official,attacked,kyiv,0.0,,"канал вів повітряну обстановку (17 повідомлень з 42), жодного супроводу на Київ, тривог у місті менше 3 годин",2026-09-10T09:18:34.317066+00:00
2024-04-09,1,kpszsu,official,drones_launched,ua,17.0,,"➖➖➖➖➖➖➖
Вночі 10 квітня 2024 року ворог атакував  17-ма ударними БпЛА типу «Shahed-131/136» із мису Чауда, дв",2026-09-10T09:18:34.317066+00:00
2024-04-09,1,kpszsu,official,targets_downed,ua,14.0,,"⚡️ ЗНИЩЕНО 14 УДАРНИХ БПЛА ТА ДВІ Х-59
💥 Відбивали уд",2026-09-10T09:18:34.317066+00:00
2024-04-10,1,kpszsu,official,attacked,kyiv,1.0,,є повідомлення супроводу цілей на Київ,2026-09-10T09:18:34.317066+00:00
2024-04-10,1,kpszsu,official,drones_launched,ua,40.0,,"(пуски із Бєлгородської обл. - рф.);
🛵  40 ударних БпЛА типу «Shahed-131/136» (із районів Примо",2026-09-10T09:18:34.317066+00:00
2024-04-10,1,kpszsu,official,missile_tracks,kyiv,1.0,13126,Кинджал в напрямку Києва,2026-09-10T09:18:34.317066+00:00
2024-04-10,1,kpszsu,official,targets_downed,ua,57.0,,⚡️ ЗНИЩЕНО 57 ПОВІТРЯНИХ ЦІЛЕЙ: 18 РАКЕТ ТА 39 УДАРНИ,2026-09-10T09:18:34.317066+00:00
2024-04-10,2,kpszsu,official,missile_tracks,kyiv_obl,4.0,13106,"Ракети з Чернігівщини, курсом на Київщину",2026-09-10T09:18:34.317066+00:00
2024-04-11,1,kpszsu,official,attacked,kyiv,0.0,,"канал вів повітряну обстановку (25 повідомлень з 41), жодного супроводу на Київ, тривог у місті менше 3 годин",2026-09-10T09:18:34.317066+00:00
2024-04-11,1,kpszsu,official,drones_launched,ua,17.0,,"
У ніч на 12 квітня 2024 року противник атакував 17-ма ударними БпЛА типу «Shahed-131/136» із мису Чауда (Кр",2026-09-10T09:18:34.317066+00:00
2024-04-11,1,kpszsu,official,targets_downed,ua,16.0,,"⚡️ ЗНИЩЕНО 16 УДАРНИХ БПЛА
💥 В результаті протиповітр",2026-09-10T09:18:34.317066+00:00
2024-04-11,2,kpszsu,official,drone_tracks,kyiv_obl,2.0,13155,"🛵 БпЛА з Черкаської області у напрямку Київської області, курс північно-західний;
🛵 БпЛА у північно-західній та північній частині Миколаївщини у напрямку Вінницької області, курс північно-західний;
🛵 ",2026-09-10T09:18:34.317066+00:00
2024-04-12,1,kpszsu,official,attacked,kyiv,0.0,,"канал вів повітряну обстановку (12 повідомлень з 30), жодного супроводу на Київ, тривог у місті менше 3 годин",2026-09-10T09:18:34.317066+00:00
2024-04-13,1,kpszsu,official,attacked,kyiv,0.0,,"канал вів повітряну обстановку (14 повідомлень з 31), жодного супроводу на Київ, тривог у місті менше 3 годин",2026-09-10T09:18:34.317066+00:00
2024-04-13,1,kpszsu,official,drones_launched,ua,10.0,, 14 квітня 2024 року російські окупанти атакували 10-ма ударними БпЛА типу «Shahed-131/136» із Курської облас,2026-09-10T09:18:34.317066+00:00
2024-04-13,1,kpszsu,official,targets_downed,ua,10.0,,"⚡️ ЗНИЩЕНО 10 УДАРНИХ БПЛА
💥Усі «шахеди» збито на Хар",2026-09-10T09:18:34.317066+00:00
2024-04-14,1,kpszsu,official,attacked,kyiv,0.0,,"канал вів повітряну обстановку (7 повідомлень з 18), жодного супроводу на Київ, тривог у місті менше 3 годин",2026-09-10T09:18:34.317066+00:00
2024-04-15,1,kpszsu,official,attacked,kyiv,0.0,,"канал вів повітряну обстановку (16 повідомлень з 37), жодного супроводу на Київ, тривог у місті менше 3 годин",2026-09-10T09:18:34.317066+00:00
2024-04-15,1,kpszsu,official,drones_launched,ua,9.0,,"
У ніч на 16 квітня 2024 року противник атакував 9-ма ударними БпЛА типу «Shahed-131/136» із мису Чауда (Кр",2026-09-10T09:18:34.317066+00:00
2024-04-15,1,kpszsu,official,targets_downed,ua,9.0,,"⚡️ ЗНИЩЕНО 9 УДАРНИХ БПЛА
💥 Усі дев’ять «шахедів» зн",2026-09-10T09:18:34.317066+00:00
2024-04-16,1,kpszsu,official,attacked,kyiv,1.0,,є повідомлення супроводу цілей на Київ,2026-09-10T09:18:34.317066+00:00
2024-04-16,1,kpszsu,official,missile_tracks,kyiv,1.0,13319,"⚠Увага!
🚀Сумська, Чернігівська, Київ, Київська області - ракетна небезпека!",2026-09-10T09:18:34.317066+00:00
2024-04-16,2,kpszsu,official,missile_tracks,kyiv_obl,2.0,13304,Ракета на Черкащині в напрямку Київської області.,2026-09-10T09:18:34.317066+00:00
2024-04-17,1,kpszsu,official,attacked,kyiv,0.0,,"канал вів повітряну обстановку (27 повідомлень з 40), жодного супроводу на Київ, тривог у місті менше 3 годин",2026-09-10T09:18:34.317066+00:00
2024-04-17,1,kpszsu,official,drones_launched,ua,13.0,,"
У ніч на 18 квітня 2024 року противник атакував 13-ма ударними БпЛА типу «Shahed-131/136» із районів Примор",2026-09-10T09:18:34.317066+00:00
2024-04-17,1,kpszsu,official,targets_downed,ua,13.0,,"⚡️ ЗНИЩЕНО 13 УДАРНИХ БПЛА
💥 Усі 13 «шахедів» збито з",2026-09-10T09:18:34.317066+00:00
2024-04-17,2,kpszsu,official,drone_tracks,kyiv_obl,1.0,13342,"⚠Увага!
🛵Група шахедів на межі Полтавської та Черкаської областей. Курс на Київщину.
🛵 Група шахедів маневрує між Полтавською та Дніпропетровською областями.",2026-09-10T09:18:34.317066+00:00
2024-04-17,2,kpszsu,official,missile_tracks,kyiv_obl,1.0,13367,"⚠Увага!
🚀 Київська, Чернігівська - ракетна небезпека!",2026-09-10T09:18:34.317066+00:00
2024-04-18,1,kpszsu,official,attacked,kyiv,0.0,,"канал вів повітряну обстановку (30 повідомлень з 39), жодного супроводу на Київ, тривог у місті менше 3 годин",2026-09-10T09:18:34.317066+00:00
2024-04-18,1,kpszsu,official,drones_launched,ua,14.0,," Ту-95 МС (район пусків Рязань -рф.);
- 14 ударних БпЛА типу «Shahed-131/136» (із районів Примо",2026-09-10T09:18:34.317066+00:00
2024-04-18,1,kpszsu,official,targets_downed,ua,15.0,,"⚡️ ЗНИЩЕНО 15 РАКЕТ, 14 БПЛА ТА  БОМБАРДУВАЛЬНИК ТУ-2",2026-09-10T09:18:34.317066+00:00
2024-04-19,1,kpszsu,official,attacked,kyiv,0.0,,"канал вів повітряну обстановку (15 повідомлень з 39), жодного супроводу на Київ, тривог у місті менше 3 годин",2026-09-10T09:18:34.317066+00:00
2024-04-19,1,kpszsu,official,missiles_launched,ua,2.0,,"із Бєлгородської області – рф., а також двома керованими авіаційними ракетами Х-59/Х-69 із акваторії Чорного моря.",2026-09-10T09:18:34.317066+00:00
2024-04-19,1,kpszsu,official,targets_downed,ua,2.0,,⚡️ ЗНИЩЕНО ДВІ РАКЕТИ Х-59/Х-69 ТА ТРИ РОЗВІДУВАЛЬНІ БП,2026-09-10T09:18:34.317066+00:00
2024-04-20,1,kpszsu,official,attacked,kyiv,0.0,,"канал вів повітряну обстановку (8 повідомлень з 18), жодного супроводу на Київ, тривог у місті менше 3 годин",2026-09-10T09:18:34.317066+00:00
2024-04-21,1,kpszsu,official,attacked,kyiv,0.0,,"канал вів повітряну обстановку (11 повідомлень з 19), жодного супроводу на Київ, тривог у місті менше 3 годин",2026-09-10T09:18:34.317066+00:00
2024-04-21,1,kpszsu,official,drones_launched,ua,7.0,,"
У ніч на 22 квітня 2024 року противник атакував 7-ма ударними БпЛА типу ""Shahed-131/136"" із мису Чауда – К",2026-09-10T09:18:34.317066+00:00
2024-04-21,1,kpszsu,official,targets_downed,ua,5.0,,"льних вогневих груп Сил оборони України знищено 5 ударних БпЛА, а близько 7.00 – БпЛА опе",2026-09-10T09:18:34.317066+00:00
2024-04-22,1,kpszsu,official,attacked,kyiv,1.0,,є повідомлення супроводу цілей на Київ,2026-09-10T09:18:34.317066+00:00
2024-04-22,1,kpszsu,official,drone_tracks,kyiv,1.0,13504,🛵Шахеди зі сторони Обухова курсом на Київ!,2026-09-10T09:18:34.317066+00:00
2024-04-22,1,kpszsu,official,drones_launched,ua,16.0,,андер-М» із Бєлгородської обл. – рф. та 16-ма ударними БпЛА типу «Shahed-131/136» із мису Чауда (Кр,2026-09-10T09:18:34.317066+00:00
2024-04-22,1,kpszsu,official,targets_downed,ua,15.0,,"⚡️ ЗНИЩЕНО 15 УДАРНИХ БПЛА
💥 Відбивали удар зенітні р",2026-09-10T09:18:34.317066+00:00
2024-04-23,1,kpszsu,official,attacked,kyiv,0.0,,"канал вів повітряну обстановку (16 повідомлень з 29), жодного супроводу на Київ, тривог у місті менше 3 годин",2026-09-10T09:18:34.317066+00:00
2024-04-24,1,kpszsu,official,attacked,kyiv,0.0,,"канал вів повітряну обстановку (9 повідомлень з 26), жодного супроводу на Київ, тривог у місті менше 3 годин",2026-09-10T09:18:34.317066+00:00
2024-04-24,2,kpszsu,official,missile_tracks,kyiv_obl,1.0,13559,"⚠Увага!
🚀 Черкаська та Київська області - ракетна небезпека!",2026-09-10T09:18:34.317066+00:00
2024-04-25,1,kpszsu,official,attacked,kyiv,0.0,,"канал вів повітряну обстановку (9 повідомлень з 24), жодного супроводу на Київ, тривог у місті менше 3 годин",2026-09-10T09:18:34.317066+00:00
2024-04-26,1,kpszsu,official,targets_downed,ua,21.0,,"⚡️ ЗНИЩЕНО 21 РАКЕТУ ПРОТИВНИКА
В результаті протипов",2026-09-10T09:18:34.317066+00:00
2024-04-26,2,kpszsu,official,missile_tracks,kyiv_obl,1.0,13631,Ракета на півночі Київщини у західному напрямку.,2026-09-10T09:18:34.317066+00:00
2024-04-27,1,kpszsu,official,attacked,kyiv,0.0,,"канал вів повітряну обстановку (20 повідомлень з 36), жодного супроводу на Київ, тривог у місті менше 3 годин",2026-09-10T09:18:34.317066+00:00
2024-04-27,1,kpszsu,official,drones_launched,ua,4.0,,"
У ніч на 28 квітня 2024 року противник атакував 4-ма ударними БпЛА типу «Shahed-131/136» із мису Чауда – К",2026-09-10T09:18:34.317066+00:00
2024-04-27,1,kpszsu,official,targets_downed,ua,4.0,,⚡️ ЗНИЩЕНО ЧОТИРИ «ШАХЕДИ» ТА ОДИН БПЛА НЕВСТАНОВЛЕНОГО ТИ,2026-09-10T09:18:34.317066+00:00
2024-04-27,2,kpszsu,official,drone_tracks,kyiv_obl,1.0,13681,"🛵 ""Шахеди"" з Черкащини курсом на Київщину;
🛵 БпЛА з Одещини курсом на Вінниччину;
🛵 Дрони з Миколаївщини прямують на Кіровоградщину.",2026-09-10T09:18:34.317066+00:00
2024-04-27,2,kpszsu,official,missile_tracks,kyiv_obl,1.0,13670,"⚠ Увага!
🚀 Ракета на Київщині. Курс південно західний.",2026-09-10T09:18:34.317066+00:00
2024-04-28,1,kpszsu,official,attacked,kyiv,0.0,,"канал вів повітряну обстановку (4 повідомлень з 18), жодного супроводу на Київ, тривог у місті менше 3 годин",2026-09-10T09:18:34.317066+00:00
2024-04-29,1,kpszsu,official,attacked,kyiv,0.0,,"канал вів повітряну обстановку (4 повідомлень з 24), жодного супроводу на Київ, тривог у місті менше 3 годин",2026-09-10T09:18:34.317066+00:00
2024-04-30,1,kpszsu,official,attacked,kyiv,0.0,,"канал вів повітряну обстановку (6 повідомлень з 22), жодного супроводу на Київ, тривог у місті менше 3 годин",2026-09-10T09:18:34.317066+00:00
2024-05-01,1,kpszsu,official,attacked,kyiv,0.0,,"канал вів повітряну обстановку (6 повідомлень з 27), жодного супроводу на Київ, тривог у місті менше 3 годин",2026-09-10T09:18:34.317066+00:00
2024-05-02,1,kpszsu,official,attacked,kyiv,0.0,,"канал вів повітряну обстановку (9 повідомлень з 27), жодного супроводу на Київ, тривог у місті менше 3 годин",2026-09-10T09:18:34.317066+00:00
2024-05-03,1,kpszsu,official,attacked,kyiv,0.0,,"канал вів повітряну обстановку (23 повідомлень з 46), жодного супроводу на Київ, тривог у місті менше 3 годин",2026-09-10T09:18:34.317066+00:00
2024-05-03,1,kpszsu,official,drones_launched,ua,13.0,,"➖
У ніч на 4 травня 2024 року противник атакував 13-ма ударними БпЛА типу «Shahed-131/136» та чотирма зенітн",2026-09-10T09:18:34.317066+00:00
2024-05-03,1,kpszsu,official,targets_downed,ua,13.0,,и вогневими групами Сил оборони України знищено 13 ударних БпЛА у Харківській та Дніпропет,2026-09-10T09:18:34.317066+00:00
2024-05-04,1,kpszsu,official,attacked,kyiv,0.0,,"канал вів повітряну обстановку (18 повідомлень з 39), жодного супроводу на Київ, тривог у місті менше 3 годин",2026-09-10T09:18:34.317066+00:00
2024-05-04,1,kpszsu,official,drones_launched,ua,24.0,,ли з північного та південного напрямків 24-ма ударними БпЛА типу «Shahed-131/136». Райони пусків – ,2026-09-10T09:18:34.317066+00:00
2024-05-04,1,kpszsu,official,targets_downed,ua,23.0,,"⚡️ ЗНИЩЕНО 23 УДАРНИХ БПЛА
В результаті бойової робот",2026-09-10T09:18:34.317066+00:00
2024-05-05,1,kpszsu,official,attacked,kyiv,0.0,,"канал вів повітряну обстановку (14 повідомлень з 32), жодного супроводу на Київ, тривог у місті менше 3 годин",2026-09-10T09:18:34.317066+00:00
2024-05-05,1,kpszsu,official,drones_launched,ua,13.0,,купанти атакували з північного напрямку 13-ма ударними БпЛА типу «Shahed-131/136» (район пусків – К,2026-09-10T09:18:34.317066+00:00
2024-05-05,1,kpszsu,official,targets_downed,ua,12.0,,"⚡️ ЗНИЩЕНО 12 УДАРНИХ БПЛА
💥 В результаті бойової роб",2026-09-10T09:18:34.317066+00:00
2024-05-06,1,kpszsu,official,attacked,kyiv,0.0,,"канал вів повітряну обстановку (4 повідомлень з 21), жодного супроводу на Київ, тривог у місті менше 3 годин",2026-09-10T09:18:34.317066+00:00
2024-05-07,1,kpszsu,official,attacked,kyiv,1.0,,є повідомлення супроводу цілей на Київ,2026-09-10T09:18:34.317066+00:00
2024-05-07,1,kpszsu,official,missile_tracks,kyiv,2.0,14029,🚀Крилата ракета на Житомирщині змінила напрямок і рухається у бік Києва,2026-09-10T09:18:34.317066+00:00
2024-05-07,1,kpszsu,official,targets_downed,ua,59.0,,⚡️ ЗНИЩЕНО 59 ПОВІТРЯНИХ ЦІЛЕЙ: 39 РАКЕТ ТА 20 УДАРНИ,2026-09-10T09:18:34.317066+00:00
2024-05-07,2,kpszsu,official,drone_tracks,kyiv_obl,1.0,13991,"🛵 Ворожі БпЛА продовжують рух:
1. БпЛА через Сумщину у напрямку Полтавщини, з півночі;
2. БпЛА на Полтавщині у напрямку Полтави, ще група БпЛА на заході області у напрямку Чернігівщини/Київщини;
3. Бп",2026-09-10T09:18:34.317066+00:00
2024-05-07,2,kpszsu,official,missile_tracks,kyiv_obl,8.0,14004,🚀 Ракета з Кам'янки змінила напрямок на Київську область.,2026-09-10T09:18:34.317066+00:00
2024-05-08,1,kpszsu,official,attacked,kyiv,0.0,,"канал вів повітряну обстановку (15 повідомлень з 40), жодного супроводу на Київ, тривог у місті менше 3 годин",2026-09-10T09:18:34.317066+00:00
2024-05-08,1,kpszsu,official,drones_launched,ua,20.0,,"
У ніч на  9 травня 2024 року противник атакував 20-ма ударними БпЛА типу «Shahed-131/136» із мису Чауда – К",2026-09-10T09:18:34.317066+00:00
2024-05-08,1,kpszsu,official,targets_downed,ua,17.0,,и вогневими групами Сил оборони України знищено 17 ударних БпЛА на Одещині.,2026-09-10T09:18:34.317066+00:00
2024-05-09,1,kpszsu,official,attacked,kyiv,0.0,,"канал вів повітряну обстановку (12 повідомлень з 32), жодного супроводу на Київ, тривог у місті менше 3 годин",2026-09-10T09:18:34.317066+00:00
2024-05-09,1,kpszsu,official,targets_downed,ua,10.0,,"⚡️ ЗНИЩЕНО ДЕСЯТЬ УДАРНИХ БПЛА
💥 В результаті бойової робо",2026-09-10T09:18:34.317066+00:00
2024-05-10,1,kpszsu,official,attacked,kyiv,0.0,,"канал вів повітряну обстановку (8 повідомлень з 28), жодного супроводу на Київ, тривог у місті менше 3 годин",2026-09-10T09:18:34.317066+00:00
2024-05-11,1,kpszsu,official,attacked,kyiv,0.0,,"канал вів повітряну обстановку (7 повідомлень з 29), жодного супроводу на Київ, тривог у місті менше 3 годин",2026-09-10T09:18:34.317066+00:00
2024-05-12,1,kpszsu,official,attacked,kyiv,0.0,,"канал вів повітряну обстановку (10 повідомлень з 30), жодного супроводу на Київ, тривог у місті менше 3 годин",2026-09-10T09:18:34.317066+00:00
2024-05-13,1,kpszsu,official,attacked,kyiv,0.0,,"канал вів повітряну обстановку (16 повідомлень з 42), жодного супроводу на Київ, тривог у місті менше 3 годин",2026-09-10T09:18:34.317066+00:00
2024-05-13,1,kpszsu,official,drones_launched,ua,18.0,,"➖➖➖➖
У ніч на 14 травня 2024 року ворог атакував 18-ма ударними БпЛА типу «Shahed-131/136» із мису Чауда та ",2026-09-10T09:18:34.317066+00:00
2024-05-13,1,kpszsu,official,targets_downed,ua,18.0,,"⚡️ ЗНИЩЕНО 18 УДАРНИХ БПЛА
В результаті протиповітрян",2026-09-10T09:18:34.317066+00:00
2024-05-14,1,kpszsu,official,attacked,kyiv,0.0,,"канал вів повітряну обстановку (16 повідомлень з 37), жодного супроводу на Київ, тривог у місті менше 3 годин",2026-09-10T09:18:34.317066+00:00
2024-05-15,1,kpszsu,official,attacked,kyiv,0.0,,"канал вів повітряну обстановку (10 повідомлень з 29), жодного супроводу на Київ, тривог у місті менше 3 годин",2026-09-10T09:18:34.317066+00:00
2024-05-16,1,kpszsu,official,attacked,kyiv,0.0,,"канал вів повітряну обстановку (16 повідомлень з 25), жодного супроводу на Київ, тривог у місті менше 3 годин",2026-09-10T09:18:34.317066+00:00
2024-05-16,1,kpszsu,official,drones_launched,ua,20.0,,"➖➖➖➖
У ніч на 17 травня 2024 року ворог атакував 20-ма ударними БпЛА типу «Shahed-131/136» із районів Примор",2026-09-10T09:18:34.317066+00:00
2024-05-16,1,kpszsu,official,targets_downed,ua,20.0,,"⚡️ ЗНИЩЕНО 20 УДАРНИХ БПЛА
В результаті протиповітрян",2026-09-10T09:18:34.317066+00:00
2024-05-17,1,kpszsu,official,attacked,kyiv,0.0,,"канал вів повітряну обстановку (15 повідомлень з 35), жодного супроводу на Київ, тривог у місті менше 3 годин",2026-09-10T09:18:34.317066+00:00
2024-05-17,1,kpszsu,official,drones_launched,ua,13.0,,"➖➖➖➖
Уночі 18 травня 2024 року окупанти атакували 13-ма ударними БпЛА типу «Shahed-131/136» із районів Примор",2026-09-10T09:18:34.317066+00:00
2024-05-17,1,kpszsu,official,targets_downed,ua,13.0,,"⚡️ ЗНИЩЕНО 13 УДАРНИХ БПЛА
💥 В результаті протиповітр",2026-09-10T09:18:34.317066+00:00
2024-05-18,1,kpszsu,official,attacked,kyiv,0.0,,"канал вів повітряну обстановку (30 повідомлень з 46), жодного супроводу на Київ, тривог у місті менше 3 годин",2026-09-10T09:18:34.317066+00:00
2024-05-18,1,kpszsu,official,targets_downed,ua,37.0,,"⚡️ ЗНИЩЕНО 37 УДАРНИХ БПЛА
💥 В результаті протиповітр",2026-09-10T09:18:34.317066+00:00
2024-05-18,2,kpszsu,official,drone_tracks,kyiv_obl,1.0,14407,"🛵 БпЛА в південній частині Одеської області, курс північний.
🛵 БпЛА в північній частині Миколаївської області, курс північно-західний.
🛵 БпЛА в центральній та східній частині Чернігівської області, ку",2026-09-10T09:18:34.317066+00:00
2024-05-18,2,kpszsu,official,missile_tracks,kyiv_obl,1.0,14418,"🚀Чернігівська, Черкаська та Київська області - ракетна небезпека.",2026-09-10T09:18:34.317066+00:00
2024-05-19,1,kpszsu,official,attacked,kyiv,0.0,,"канал вів повітряну обстановку (26 повідомлень з 41), жодного супроводу на Київ, тривог у місті менше 3 годин",2026-09-10T09:18:34.317066+00:00
2024-05-19,1,kpszsu,official,drones_launched,ua,29.0,,"кетою «Іскандер-М», а також застосували 29 ударних БпЛА типу «Shahed-131/136» із районів Примор",2026-09-10T09:18:34.317066+00:00
2024-05-19,1,kpszsu,official,targets_downed,ua,29.0,,"⚡️ ЗНИЩЕНО 29 УДАРНИХ БПЛА
В результаті протиповітрян",2026-09-10T09:18:34.317066+00:00
2024-05-20,1,kpszsu,official,attacked,kyiv,0.0,,"канал вів повітряну обстановку (18 повідомлень з 38), жодного супроводу на Київ, тривог у місті менше 3 годин",2026-09-10T09:18:34.317066+00:00
2024-05-20,1,kpszsu,official,drones_launched,ua,29.0,,"➖➖➖
Уночі 21 травня 2024 року противник атакував 29-ма ударними БпЛА типу «Shahed-131/136» із трьох напрямкі",2026-09-10T09:18:34.317066+00:00
2024-05-20,1,kpszsu,official,targets_downed,ua,28.0,,"⚡️ ЗНИЩЕНО 28 УДАРНИХ БПЛА
В результаті протиповітрян",2026-09-10T09:18:34.317066+00:00
2024-05-21,1,kpszsu,official,attacked,kyiv,0.0,,"канал вів повітряну обстановку (24 повідомлень з 37), жодного супроводу на Київ, тривог у місті менше 3 годин",2026-09-10T09:18:34.317066+00:00
2024-05-21,1,kpszsu,official,drones_launched,ua,24.0,,"
У ніч на 22 травня 2024 року противник атакував 24-ма ударними БпЛА типу «Shahed-131/136». Пуски здійснювал",2026-09-10T09:18:34.317066+00:00
2024-05-21,1,kpszsu,official,targets_downed,ua,24.0,,⚡️ ЗНИЩЕНО 24 УДАРНІ БПЛА,2026-09-10T09:18:34.317066+00:00
2024-05-22,1,kpszsu,official,attacked,kyiv,0.0,,"канал вів повітряну обстановку (18 повідомлень з 45), жодного супроводу на Київ, тривог у місті менше 3 годин",2026-09-10T09:18:34.317066+00:00
2024-05-22,2,kpszsu,official,drone_tracks,kyiv_obl,1.0,14573,🛸 Повітряна тривога в Київській та Полтавській областях пов'язана з роботою ППО  по розвідувальному БпЛА!,2026-09-10T09:18:34.317066+00:00
2024-05-23,1,kpszsu,official,attacked,kyiv,0.0,,"канал вів повітряну обстановку (8 повідомлень з 27), жодного супроводу на Київ, тривог у місті менше 3 годин",2026-09-10T09:18:34.317066+00:00
2024-05-23,2,kpszsu,official,missile_tracks,kyiv_obl,1.0,14605,🚀Київська та Чернігівська області - ракетна небезпека!,2026-09-10T09:18:34.317066+00:00
2024-05-24,1,kpszsu,official,attacked,kyiv,0.0,,"канал вів повітряну обстановку (19 повідомлень з 42), жодного супроводу на Київ, тривог у місті менше 3 годин",2026-09-10T09:18:34.317066+00:00
2024-05-25,1,kpszsu,official,drones_launched,ua,31.0,,"(район пусків Саратовська обл. -рф.);
- 31 ударний БпЛА «Shahed-131/136» (пуски – Приморсько-Ах",2026-09-10T09:18:34.317066+00:00
2024-05-25,1,kpszsu,official,missiles_launched,ua,12.0,,"ого простору Тамбовської обл. – рф.);
- 12 крилатих ракет Х-101/Х-555 із літаків стратегічної аві",2026-09-10T09:18:34.317066+00:00
2024-05-25,1,kpszsu,official,targets_downed,ua,12.0,,"⚡️ ЗБИТО 12 РАКЕТ ТА 31 УДАРНИЙ БПЛА
💥 В результаті",2026-09-10T09:18:34.317066+00:00
2024-05-25,2,kpszsu,official,missile_tracks,kyiv_obl,3.0,14686,"🚀Київська, Чернігівська, Сумська області - ракетна небезпека.",2026-09-10T09:18:34.317066+00:00
2024-05-27,1,kpszsu,official,attacked,kyiv,0.0,,"канал вів повітряну обстановку (17 повідомлень з 29), жодного супроводу на Київ, тривог у місті менше 3 годин",2026-09-10T09:18:34.317066+00:00
2024-05-27,1,kpszsu,official,drones_launched,ua,3.0,,"➖➖➖
Уночі 28 травня 2024 року противник атакував трьома ударними БпЛА типу «Shahed-131/136» із району Приморс",2026-09-10T09:18:34.317066+00:00
2024-05-27,1,kpszsu,official,targets_downed,ua,3.0,,"⚡️ ЗНИЩЕНО ТРИ «ШАХЕДИ»
Ворожі безпілотники було збито ",2026-09-10T09:18:34.317066+00:00
2024-05-27,2,kpszsu,official,drone_tracks,kyiv_obl,1.0,14753,"🛵 БпЛА на межі Черкащини та Київщини, напрямок руху - Білоцерківський район.",2026-09-10T09:18:34.317066+00:00
2024-05-28,1,kpszsu,official,attacked,kyiv,0.0,,"канал вів повітряну обстановку (22 повідомлень з 44), жодного супроводу на Київ, тривог у місті менше 3 годин",2026-09-10T09:18:34.317066+00:00
2024-05-28,1,kpszsu,official,drones_launched,ua,14.0,,"➖
У ніч на 29 травня 2024 року окупанти атакували 14-ма ударними БпЛА типу «Shahed-131/136» із району Приморс",2026-09-10T09:18:34.317066+00:00
2024-05-28,1,kpszsu,official,targets_downed,ua,13.0,,"⚡️ ЗНИЩЕНО 13 УДАРНИХ БПЛА
В результаті протиповітрян",2026-09-10T09:18:34.317066+00:00
2024-05-28,2,kpszsu,official,drone_tracks,kyiv_obl,2.0,14792,"🛵 БпЛА на межі Київської та Черкаської областей, курс північно-західний.
🛵 БпЛА в західній частині Кіровоградської області, курс північно-західний.",2026-09-10T09:18:34.317066+00:00
2024-05-28,2,kpszsu,official,missile_tracks,kyiv_obl,1.0,14779,🚀 Київська область - ракетна небезпека!,2026-09-10T09:18:34.317066+00:00
2024-05-29,1,kpszsu,official,attacked,kyiv,0.0,,"канал вів повітряну обстановку (40 повідомлень з 55), жодного супроводу на Київ, тривог у місті менше 3 годин",2026-09-10T09:18:34.317066+00:00
2024-05-29,1,kpszsu,official,drones_launched,ua,32.0,,(район пусків Саратовська обл. – рф) та 32 ударних БпЛА типу «Shahed-131/136» із Приморсько-Ахт,2026-09-10T09:18:34.317066+00:00
2024-05-29,1,kpszsu,official,missiles_launched,ua,11.0,,"ованих ракет С-300/С-400 по Харківщині, 11 крилатих ракет Х-101/Х-555 із літаків стратегічної аві",2026-09-10T09:18:34.317066+00:00
2024-05-29,1,kpszsu,official,targets_downed,ua,7.0,,"⚡️ ЗБИТО 7 КРИЛАТИХ РАКЕТ ТА 32 УДАРНИХ БПЛА
💥 Від",2026-09-10T09:18:34.317066+00:00
2024-05-29,2,kpszsu,official,drone_tracks,kyiv_obl,2.0,14838,"⚠ Увага! 
🛵 Київщина рух ударних БпЛА у вашому напрямку з Черкащини.",2026-09-10T09:18:34.317066+00:00
2024-05-29,2,kpszsu,official,missile_tracks,kyiv_obl,3.0,14849,Ракета через Чернігівщину в напрямку Київщини.,2026-09-10T09:18:34.317066+00:00
2024-05-30,1,kpszsu,official,attacked,kyiv,0.0,,"канал вів повітряну обстановку (9 повідомлень з 26), жодного супроводу на Київ, тривог у місті менше 3 годин",2026-09-10T09:18:34.317066+00:00
2024-05-30,1,kpszsu,official,targets_downed,ua,4.0,,"⚡️ ЗНИЩЕНО ЧОТИРИ «ШАХЕДИ» ТА ОДНУ КРИЛАТУ РАКЕТУ
💥В резул",2026-09-10T09:18:34.317066+00:00
2024-05-30,2,kpszsu,official,drone_tracks,kyiv_obl,1.0,14881,🛵 БПЛА з Кіровоградщини рухається на Київщині курсом на північ.,2026-09-10T09:18:34.317066+00:00
2024-05-31,1,kpszsu,official,attacked,kyiv,1.0,,є повідомлення супроводу цілей на Київ,2026-09-10T09:18:34.317066+00:00
2024-05-31,1,kpszsu,official,drones_launched,ua,47.0,,"орог випустив 53 ракети різних типів та 47 ударних БпЛА:
- 35 крилатих ракет Х-101/Х-555 із літ",2026-09-10T09:18:34.317066+00:00
2024-05-31,1,kpszsu,official,missile_tracks,kyiv,1.0,14931,"⚠ Київ - в укриття! 
🚀Ракети з Чернігівщини у вашому напрямку!",2026-09-10T09:18:34.317066+00:00
2024-05-31,1,kpszsu,official,missiles_launched,ua,35.0,,"кети різних типів та 47 ударних БпЛА:
- 35 крилатих ракет Х-101/Х-555 із літаків стратегічної аві",2026-09-10T09:18:34.317066+00:00
2024-05-31,1,kpszsu,official,targets_downed,ua,35.0,,"⚡️ ЗБИТО 35 РАКЕТ ТА 46 УДАРНИХ БПЛА
🔥 В результаті",2026-09-10T09:18:34.317066+00:00
2024-05-31,2,kpszsu,official,missile_tracks,kyiv_obl,5.0,14929,"🚀Ракети через Чернігівську область, курсом на Київщину.
🚀Ракети на межі Миколаївської та Одеської області, курс північно-західний",2026-09-10T09:18:34.317066+00:00
2024-06-01,1,kpszsu,official,attacked,kyiv,0.0,,"канал вів повітряну обстановку (21 повідомлень з 49), жодного супроводу на Київ, тривог у місті менше 3 годин",2026-09-10T09:18:34.317066+00:00
2024-06-01,1,kpszsu,official,drones_launched,ua,25.0,,акетою С-300 із окупованої Донеччини та 25-ма ударними БпЛА типу «Shahed-131/136» із мису Чауда (Кр,2026-09-10T09:18:34.317066+00:00
2024-06-01,1,kpszsu,official,targets_downed,ua,24.0,,"⚡️ ЗНИЩЕНО 24 УДАРНИХ БПЛА
Упродовж ночі захисниками ",2026-09-10T09:18:34.317066+00:00
2024-06-02,1,kpszsu,official,attacked,kyiv,0.0,,"канал вів повітряну обстановку (4 повідомлень з 19), жодного супроводу на Київ, тривог у місті менше 3 годин",2026-09-10T09:18:34.317066+00:00
2024-06-03,1,kpszsu,official,attacked,kyiv,0.0,,"канал вів повітряну обстановку (10 повідомлень з 25), жодного супроводу на Київ, тривог у місті менше 3 годин",2026-09-10T09:18:34.317066+00:00
2024-06-03,1,kpszsu,official,targets_downed,ua,2.0,,"⚡️ ЗБИТО ДВА «ІСКАНДЕРИ» ТА ДВА БПЛА ПРОТИВНИКА
Уночі",2026-09-10T09:18:34.317066+00:00
2024-06-03,2,kpszsu,official,drone_tracks,kyiv_obl,1.0,15057,"БпЛА продовжують рух:

1. На межі Полтавської та Чернігівської областей ➡️ курсом на Київщину!

2. На півночі Чернігівщини ➡️ у південно-західному напрямку!",2026-09-10T09:18:34.317066+00:00
2024-06-04,1,kpszsu,official,attacked,kyiv,0.0,,"канал вів повітряну обстановку (20 повідомлень з 35), жодного супроводу на Київ, тривог у місті менше 3 годин",2026-09-10T09:18:34.317066+00:00
2024-06-04,1,kpszsu,official,drones_launched,ua,27.0,,"➖➖
У ніч на 5 червня 2024 року окупанти атакували 27-ма ударними БпЛА типу «Shahed-131/136» із районів Курськ",2026-09-10T09:18:34.317066+00:00
2024-06-04,1,kpszsu,official,targets_downed,ua,22.0,,"⚡️ ЗБИТО 22 УДАРНІ БПЛА
В результаті протиповітряно",2026-09-10T09:18:34.317066+00:00
2024-06-04,2,kpszsu,official,missile_tracks,kyiv_obl,1.0,15072,"⚠Увага!
🚀 Полтавська, Сумська, Чернігівська, Черкаська, Київська області - ракетна небезпека!",2026-09-10T09:18:34.317066+00:00
2024-06-05,1,kpszsu,official,attacked,kyiv,0.0,,"канал вів повітряну обстановку (27 повідомлень з 45), жодного супроводу на Київ, тривог у місті менше 3 годин",2026-09-10T09:18:34.317066+00:00
2024-06-05,1,kpszsu,official,drones_launched,ua,18.0,,"ер-М» з району Таганрога – рф., а також атакували 18-ма ударними БпЛА типу «Shahed-131/136» із районів Примор",2026-09-10T09:18:34.317066+00:00
2024-06-05,1,kpszsu,official,targets_downed,ua,17.0,,"⚡️ ЗБИТО 17 УДАРНИХ БПЛА
В результаті протиповітрян",2026-09-10T09:18:34.317066+00:00
2024-06-06,1,kpszsu,official,attacked,kyiv,0.0,,"канал вів повітряну обстановку (34 повідомлень з 47), жодного супроводу на Київ, тривог у місті менше 3 годин",2026-09-10T09:18:34.317066+00:00
2024-06-06,1,kpszsu,official,drones_launched,ua,53.0,,"ет повітряного базування Х-101/Х-555 та 53 ударні БпЛА «Shahed-131/136».

💥 Відбивали повітрян",2026-09-10T09:18:34.317066+00:00
2024-06-06,1,kpszsu,official,targets_downed,ua,48.0,,"⚡️ ЗБИТО 48 УДАРНИХ БПЛА ТА 5 КРИЛАТИХ РАКЕТ
В резу",2026-09-10T09:18:34.317066+00:00
2024-06-06,2,kpszsu,official,drone_tracks,kyiv_obl,1.0,15171,"🛵 БпЛА на півдні Хмельниччини, курсом на Львів та Івано-Франківськ;
🛵 БпЛА на заході Вінницької області, курс північно-західний;
🛵 БпЛА на межі Вінницької та Житомирської областей,курс західний;
🛵Всі ",2026-09-10T09:18:34.317066+00:00
2024-06-06,2,kpszsu,official,missile_tracks,kyiv_obl,2.0,15172,"🚀Крилата ракета у Київській області, змінила напрямок на Обухів.",2026-09-10T09:18:34.317066+00:00
2024-06-07,1,kpszsu,official,attacked,kyiv,0.0,,"канал вів повітряну обстановку (15 повідомлень з 33), жодного супроводу на Київ, тривог у місті менше 3 годин",2026-09-10T09:18:34.317066+00:00
2024-06-07,1,kpszsu,official,targets_downed,ua,9.0,,"⚡️ ЗБИТО 9 «ШАХЕДІВ» ТА ОДНУ АВІАЦІЙНУ РАКЕТУ
💥  В",2026-09-10T09:18:34.317066+00:00
2024-06-08,1,kpszsu,official,attacked,kyiv,0.0,,"канал вів повітряну обстановку (9 повідомлень з 22), жодного супроводу на Київ, тривог у місті менше 3 годин",2026-09-10T09:18:34.317066+00:00
2024-06-09,1,kpszsu,official,attacked,kyiv,0.0,,"канал вів повітряну обстановку (6 повідомлень з 18), жодного супроводу на Київ, тривог у місті менше 3 годин",2026-09-10T09:18:34.317066+00:00
2024-06-10,1,kpszsu,official,attacked,kyiv,0.0,,"канал вів повітряну обстановку (6 повідомлень з 35), жодного супроводу на Київ, тривог у місті менше 3 годин",2026-09-10T09:18:34.317066+00:00
2024-06-10,2,kpszsu,official,missile_tracks,kyiv_obl,1.0,15283,"Дніпропетровська, Запорізька,  Київська, Черкаська, Вінницька області - ракетна небезпека!",2026-09-10T09:18:34.317066+00:00
2024-06-11,1,kpszsu,official,attacked,kyiv,1.0,,є повідомлення супроводу цілей на Київ,2026-09-10T09:18:34.317066+00:00
2024-06-11,1,kpszsu,official,drone_tracks,kyiv,2.0,15323,"🛵 Групи ""шахедів"" на півдні Житомирщини, курсом на північ.
🛵 ""Шахеди"" на Полтавщині прямують на Миргород!
🛵 Дрони на Київщині рухаються у напрямку Києва!
🛵 Група ""шахедів"" на Чернігівщині, курсом на п",2026-09-10T09:18:34.317066+00:00
2024-06-11,1,kpszsu,official,drones_launched,ua,24.0,,"ого простору Тамбовської обл. – рф.);
- 24 ударні БпЛА типу «Shahed-131/136» (район пусків – Є",2026-09-10T09:18:34.317066+00:00
2024-06-11,1,kpszsu,official,missile_tracks,kyiv,3.0,15332,🚀Ракети на Київ!,2026-09-10T09:18:34.317066+00:00
2024-06-11,1,kpszsu,official,missiles_launched,ua,4.0,,"ього – 30 засобів повітряного нападу:
- 4 крилаті ракети Х-101/Х-555 із літаків стратегічної ав",2026-09-10T09:18:34.317066+00:00
2024-06-11,1,kpszsu,official,targets_downed,ua,5.0,,"⚡️ ЗБИТО 5 РАКЕТ ТА 24 УДАРНІ БПЛА
💥 В результаті ",2026-09-10T09:18:34.317066+00:00
2024-06-11,2,kpszsu,official,drone_tracks,kyiv_obl,1.0,15321,"⚠ Увага!
🛵 Групи ""шахедів"" на півночі Вінниччини та на півдні Київщини, курсом на північний захід.
🛵 ""Шахеди"" на Полтавщині прямують на північ.
🛵 БпЛА на півдні та сході Чернігівщини курсом на захід.",2026-09-10T09:18:34.317066+00:00
2024-06-11,2,kpszsu,official,missile_tracks,kyiv_obl,1.0,15331,Ракети з Черкащини курсом на Київщину,2026-09-10T09:18:34.317066+00:00
2024-06-12,1,kpszsu,official,attacked,kyiv,0.0,,"канал вів повітряну обстановку (8 повідомлень з 22), жодного супроводу на Київ, тривог у місті менше 3 годин",2026-09-10T09:18:34.317066+00:00
2024-06-13,1,kpszsu,official,attacked,kyiv,0.0,,"канал вів повітряну обстановку (46 повідомлень з 79), жодного супроводу на Київ, тривог у місті менше 3 годин",2026-09-10T09:18:34.317066+00:00
2024-06-13,1,kpszsu,official,drones_launched,ua,17.0,,"акет повітряного, наземного базування й 17 ударних БпЛА, а саме:
- 10 крилатих ракет Х-101/Х-55",2026-09-10T09:18:34.317066+00:00
2024-06-13,1,kpszsu,official,missiles_launched,ua,10.0,," базування й 17 ударних БпЛА, а саме:
- 10 крилатих ракет Х-101/Х-555 із літаків стратегічної аві",2026-09-10T09:18:34.317066+00:00
2024-06-13,1,kpszsu,official,targets_downed,ua,7.0,,"⚡️ ЗБИТО 7 РАКЕТ ТА 17 УДАРНИХ БПЛА
💥 В результаті",2026-09-10T09:18:34.317066+00:00
2024-06-13,2,kpszsu,official,drone_tracks,kyiv_obl,2.0,15400,"📢Інформація по шахедам:

🛵група шахедів на Вінниччині та Хмельниччині. Курс - північно західний в напрямку Вінниці.
🛵група шахедів на Черкащині. Курс - північно західний в напрямку Київщини.",2026-09-10T09:18:34.317066+00:00
2024-06-13,2,kpszsu,official,missile_tracks,kyiv_obl,4.0,15409,🚀🚀Декілька груп крилатих ракет прямують з Чернігівської області в напрямку Київської. Курс південно західний!,2026-09-10T09:18:34.317066+00:00
2024-06-14,1,kpszsu,official,attacked,kyiv,0.0,,"канал вів повітряну обстановку (10 повідомлень з 33), жодного супроводу на Київ, тривог у місті менше 3 годин",2026-09-10T09:18:34.317066+00:00
2024-06-14,2,kpszsu,official,drone_tracks,kyiv_obl,1.0,15450,Київщина - робота ППО по ворожому БпЛА!,2026-09-10T09:18:34.317066+00:00
2024-06-14,2,kpszsu,official,missile_tracks,kyiv_obl,1.0,15448,🚀 Київська область – ракетна небезпека!,2026-09-10T09:18:34.317066+00:00
2024-06-15,1,kpszsu,official,attacked,kyiv,0.0,,"канал вів повітряну обстановку (5 повідомлень з 26), жодного супроводу на Київ, тривог у місті менше 3 годин",2026-09-10T09:18:34.317066+00:00
2024-06-17,1,kpszsu,official,attacked,kyiv,0.0,,"канал вів повітряну обстановку (8 повідомлень з 17), жодного супроводу на Київ, тривог у місті менше 3 годин",2026-09-10T09:18:34.317066+00:00
2024-06-17,1,kpszsu,official,targets_downed,ua,10.0,,"⚡️ ЗБИТО ДЕСЯТЬ УДАРНИХ БПЛА
В результаті бойової роботи",2026-09-10T09:18:34.317066+00:00
2024-06-18,1,kpszsu,official,attacked,kyiv,0.0,,"канал вів повітряну обстановку (13 повідомлень з 31), жодного супроводу на Київ, тривог у місті менше 3 годин",2026-09-10T09:18:34.317066+00:00
2024-06-18,1,kpszsu,official,targets_downed,ua,19.0,,"РНИХ БПЛА
💥 В результаті бойової роботи збито 19 ворожих ударних БпЛА типу «Shahed» у Хе",2026-09-10T09:18:34.317066+00:00
2024-06-19,1,kpszsu,official,attacked,kyiv,1.0,,є повідомлення супроводу цілей на Київ,2026-09-10T09:18:34.317066+00:00
2024-06-19,1,kpszsu,official,drone_tracks,kyiv,1.0,15595,🛵 Київ - загроза ударних БпЛА!,2026-09-10T09:18:34.317066+00:00
2024-06-19,1,kpszsu,official,drones_launched,ua,27.0,,"орог застосував 9 ракет різних типів та 27 ударних БпЛА:
- 4 крилаті ракети Х-101/Х-555 із літа",2026-09-10T09:18:34.317066+00:00
2024-06-19,1,kpszsu,official,missiles_launched,ua,4.0,,"акет різних типів та 27 ударних БпЛА:
- 4 крилаті ракети Х-101/Х-555 із літаків стратегічної ав",2026-09-10T09:18:34.317066+00:00
2024-06-19,1,kpszsu,official,targets_downed,ua,5.0,,"⚡️ ЗБИТО 5 РАКЕТ ТА 27 УДАРНИХ БПЛА
В результаті п",2026-09-10T09:18:34.317066+00:00
2024-06-19,2,kpszsu,official,drone_tracks,kyiv_obl,4.0,15591,🛵 Ударні БпЛА на межі Черкащини та Полтавщини курсом на Київщину!,2026-09-10T09:18:34.317066+00:00
2024-06-20,1,kpszsu,official,attacked,kyiv,0.0,,"канал вів повітряну обстановку (14 повідомлень з 32), жодного супроводу на Київ, тривог у місті менше 3 годин",2026-09-10T09:18:34.317066+00:00
2024-06-20,1,kpszsu,official,targets_downed,ua,4.0,,"⚡️ ЗБИТО ЧОТИРИ КЕРОВАНІ АВІАЦІЙНІ РАКЕТИ
Усі ракети бул",2026-09-10T09:18:34.317066+00:00
2024-06-21,1,kpszsu,official,attacked,kyiv,1.0,,є повідомлення супроводу цілей на Київ,2026-09-10T09:18:34.317066+00:00
2024-06-21,1,kpszsu,official,drones_launched,ua,13.0,,"рог застосував 16 ракет різних типів та 13 ударних БпЛА:
- 10 крилатих ракет Х-101/Х-555 із літ",2026-09-10T09:18:34.317066+00:00
2024-06-21,1,kpszsu,official,missile_tracks,kyiv,1.0,15686,Група ракет на Чернігівщині продовжують рух курсом на південний захід! Напрямок на Чернігів та Київ!,2026-09-10T09:18:34.317066+00:00
2024-06-21,1,kpszsu,official,missiles_launched,ua,10.0,,"акет різних типів та 13 ударних БпЛА:
- 10 крилатих ракет Х-101/Х-555 із літаків стратегічної аві",2026-09-10T09:18:34.317066+00:00
2024-06-21,1,kpszsu,official,targets_downed,ua,12.0,,"⚡️ ЗБИТО 12 РАКЕТ ТА 13 УДАРНИХ БПЛА
💥 В результаті",2026-09-10T09:18:34.317066+00:00
2024-06-21,2,kpszsu,official,missile_tracks,kyiv_obl,1.0,15689,"⚠️Увага!
🚀Щодо крилатих ракет:
🗺Група ракет на півночі продовжує рух через Київщину в напрямку Житомирщини. Курс західний.
🗺Група ракет на півдні прямують вздовж Одеської та Миколаївської областей в н",2026-09-10T09:18:34.317066+00:00
2024-06-22,1,kpszsu,official,attacked,kyiv,0.0,,"канал вів повітряну обстановку (14 повідомлень з 35), жодного супроводу на Київ, тривог у місті менше 3 годин",2026-09-10T09:18:34.317066+00:00
2024-06-22,1,kpszsu,official,targets_downed,ua,2.0,,"⚡️ ЗБИТО ДВА «КАЛІБРИ»
Дві ракети збито зенітними рак",2026-09-10T09:18:34.317066+00:00
2024-06-22,2,kpszsu,official,missile_tracks,kyiv_obl,3.0,15726,🚨 Київська область - ракетна небезпека!,2026-09-10T09:18:34.317066+00:00
2024-06-23,1,kpszsu,official,attacked,kyiv,0.0,,"канал вів повітряну обстановку (7 повідомлень з 27), жодного супроводу на Київ, тривог у місті менше 3 годин",2026-09-10T09:18:34.317066+00:00
2024-06-24,1,kpszsu,official,attacked,kyiv,0.0,,"канал вів повітряну обстановку (5 повідомлень з 22), жодного супроводу на Київ, тривог у місті менше 3 годин",2026-09-10T09:18:34.317066+00:00
2024-06-25,1,kpszsu,official,attacked,kyiv,0.0,,"канал вів повітряну обстановку (3 повідомлень з 27), жодного супроводу на Київ, тривог у місті менше 3 годин",2026-09-10T09:18:34.317066+00:00
2024-06-26,1,kpszsu,official,attacked,kyiv,0.0,,"канал вів повітряну обстановку (25 повідомлень з 55), жодного супроводу на Київ, тривог у місті менше 3 годин",2026-09-10T09:18:34.317066+00:00
2024-06-26,1,kpszsu,official,drones_launched,ua,23.0,,"орог застосував 6 ракет різних типів та 23 ударні БпЛА:
- 1 аеробалістичну ракету Х-47 М2 «Кин",2026-09-10T09:18:34.317066+00:00
2024-06-26,1,kpszsu,official,targets_downed,ua,28.0,,⚡️ ЗБИТО 28 ПОВІТРЯНИХ ЦІЛЕЙ: 5 РАКЕТ ТА 23 УДАРНІ ,2026-09-10T09:18:34.317066+00:00
2024-06-26,2,kpszsu,official,drone_tracks,kyiv_obl,1.0,15855,"🛵 Рух ударних БпЛА:
1. БпЛА на Івано-Франківщині, курс західний.
2. БпЛА з Вінниччини у напрямку Хмельниччини.
3. БпЛА з Черкащини курсом на Київщину.
4. Група ударних БпЛА на Миколаївщині у північно-",2026-09-10T09:18:34.317066+00:00
2024-06-27,1,kpszsu,official,attacked,kyiv,0.0,,"канал вів повітряну обстановку (6 повідомлень з 23), жодного супроводу на Київ, тривог у місті менше 3 годин",2026-09-10T09:18:34.317066+00:00
2024-06-27,1,kpszsu,official,targets_downed,ua,6.0,,"НА ПІВДНІ ТА СХОДІ ЗБИТО ШІСТЬ ВОРОЖИХ БпЛА
За минулу добу 27 червня в ",2026-09-10T09:18:34.317066+00:00
2024-06-28,1,kpszsu,official,attacked,kyiv,0.0,,"канал вів повітряну обстановку (24 повідомлень з 39), жодного супроводу на Київ, тривог у місті менше 3 годин",2026-09-10T09:18:34.317066+00:00
2024-06-28,1,kpszsu,official,drones_launched,ua,10.0,,"
У ніч на 29 червня 2024 року противник атакував 10-ма ударними БпЛА типу «Shahed-131/136» із району Приморс",2026-09-10T09:18:34.317066+00:00
2024-06-28,1,kpszsu,official,targets_downed,ua,10.0,,"⚡️ ЗБИТО 10 із 10 УДАРНИХ БПЛА
💥 В результаті бойов",2026-09-10T09:18:34.317066+00:00
2024-06-29,1,kpszsu,official,attacked,kyiv,0.0,,"канал вів повітряну обстановку (6 повідомлень з 31), жодного супроводу на Київ, тривог у місті менше 3 годин",2026-09-10T09:18:34.317066+00:00
2024-06-30,1,kpszsu,official,attacked,kyiv,1.0,,є повідомлення супроводу цілей на Київ,2026-09-10T09:18:34.317066+00:00
2024-06-30,1,kpszsu,official,missile_tracks,kyiv,2.0,15995,Ракети на південний схід від Чернігова продовжують курс на Київ!,2026-09-10T09:18:34.317066+00:00
2024-07-01,1,kpszsu,official,attacked,kyiv,0.0,,"канал вів повітряну обстановку (14 повідомлень з 35), жодного супроводу на Київ, тривог у місті менше 3 годин",2026-09-10T09:18:34.317066+00:00
2024-07-01,2,kpszsu,official,missile_tracks,kyiv_obl,2.0,16047,"⚠Увага!
🚀Ракетна небезпека зберігається для Київської, Чернігівської та Сумської областей.",2026-09-10T09:18:34.317066+00:00
2024-07-02,1,kpszsu,official,attacked,kyiv,0.0,,"канал вів повітряну обстановку (31 повідомлень з 54), жодного супроводу на Київ, тривог у місті менше 3 годин",2026-09-10T09:18:34.317066+00:00
2024-07-02,1,kpszsu,official,targets_downed,ua,11.0,,"ЗБИТО 11 ПОВІТРЯНИХ ЦІЛЕЙ 
💥 Силами та засобами ",2026-09-10T09:18:34.317066+00:00
2024-07-03,1,kpszsu,official,attacked,kyiv,1.0,,є повідомлення супроводу цілей на Київ,2026-09-10T09:18:34.317066+00:00
2024-07-03,1,kpszsu,official,drone_tracks,kyiv,1.0,16143,"Рух ударних БпЛА:
🛵 БпЛА південніше Києва у західному напрямку.
🛵 БпЛА на межі Сумської та Чернігівської областей, курс західний/південно-західний.
🛵 БпЛА в південній частині Харківської області, курс",2026-09-10T09:18:34.317066+00:00
2024-07-03,1,kpszsu,official,drones_launched,ua,22.0,,"➖➖
У ніч на 4 липня 2024 року противник атакував 22-ма ударними БпЛА типу «Shahed-131/136» із Курської обл. ",2026-09-10T09:18:34.317066+00:00
2024-07-03,1,kpszsu,official,targets_downed,ua,21.0,,"⚡️ ЗБИТО 21 УДАРНИЙ БПЛА
💥В результаті бойової робо",2026-09-10T09:18:34.317066+00:00
2024-07-03,2,kpszsu,official,drone_tracks,kyiv_obl,3.0,16136,"+ 🛵 БпЛА в північній частині Київщини, курс західний
🛵 БпЛА з Сумщини, курсом на Чернігівщину, попереднім маршрутом.",2026-09-10T09:18:34.317066+00:00
2024-07-04,1,kpszsu,official,attacked,kyiv,0.0,,"канал вів повітряну обстановку (18 повідомлень з 39), жодного супроводу на Київ, тривог у місті менше 3 годин",2026-09-10T09:18:34.317066+00:00
2024-07-04,1,kpszsu,official,drones_launched,ua,32.0,,на 5 липня 2024 року російські окупанти атакували Україну 32-ма ударними БпЛА типу «Shahed-131/136» із районів Курськ,2026-09-10T09:18:34.317066+00:00
2024-07-04,1,kpszsu,official,targets_downed,ua,4.0,, протиповітряною обороною сходу України збито 4 керовані авіаційні ракети Х-59/69. ,2026-09-10T09:18:34.317066+00:00
2024-07-04,2,kpszsu,official,drone_tracks,kyiv_obl,2.0,16170,"1. Група через Сумщину ➡️ у напрямку Чернігівської області!
2. Група через Полтавщину ➡️ курсом на Черкащину/Київщину!
3. Група через Чернігівську область ➡️ у західному напрямку!
4. Рух групи ""шахеді",2026-09-10T09:18:34.317066+00:00
2024-07-05,1,kpszsu,official,attacked,kyiv,0.0,,"канал вів повітряну обстановку (29 повідомлень з 45), жодного супроводу на Київ, тривог у місті менше 3 годин",2026-09-10T09:18:34.317066+00:00
2024-07-05,1,kpszsu,official,drones_launched,ua,27.0,,на 6 липня 2024 року ворог завдав удару 27-ма ударними БпЛА типу «Shahed-131/136» із Криму та Курсь,2026-09-10T09:18:34.317066+00:00
2024-07-05,1,kpszsu,official,targets_downed,ua,24.0,,⚡️ ЗБИТО 24 УДАРНІ БПЛА,2026-09-10T09:18:34.317066+00:00
2024-07-05,2,kpszsu,official,drone_tracks,kyiv_obl,2.0,16198,🛸 Київська область - можлива робота ППО по ворожому розвідувальному БпЛА!,2026-09-10T09:18:34.317066+00:00
2024-07-06,1,kpszsu,official,attacked,kyiv,0.0,,"канал вів повітряну обстановку (11 повідомлень з 20), жодного супроводу на Київ, тривог у місті менше 3 годин",2026-09-10T09:18:34.317066+00:00
2024-07-06,1,kpszsu,official,drones_launched,ua,13.0,,а балістичними ракетами «Іскандер-М» та 13-ма ударними БпЛА типу «Shahed-131/136» із Курської обл. ,2026-09-10T09:18:34.317066+00:00
2024-07-06,1,kpszsu,official,targets_downed,ua,13.0,,"⚡️ ЗБИТО 13 УДАРНИХ БПЛА
💥 В результаті бойової роб",2026-09-10T09:18:34.317066+00:00
2024-07-07,1,kpszsu,official,missiles_launched,ua,2.0,,яний простір Саратовської обл. – рф) та 2-ма балістичними ракетами «Іскандер-М» (райони пусків – Курськ,2026-09-10T09:18:34.317066+00:00
2024-07-07,1,kpszsu,official,targets_downed,ua,30.0,,ЗБИТО 30 РАКЕТ,2026-09-10T09:18:34.317066+00:00
2024-07-07,2,kpszsu,official,missile_tracks,kyiv_obl,5.0,16280,На Чернігівщині - 2 групи ракет! Вектор ➡️ Київщина!,2026-09-10T09:18:34.317066+00:00
2024-07-08,1,kpszsu,official,attacked,kyiv,0.0,,"канал вів повітряну обстановку (9 повідомлень з 35), жодного супроводу на Київ, тривог у місті менше 3 годин",2026-09-10T09:18:34.317066+00:00
2024-07-08,2,kpszsu,official,drone_tracks,kyiv_obl,1.0,16334,🛸 Київська область - можлива робота ППО по ворожому розвідувальному БпЛА!,2026-09-10T09:18:34.317066+00:00
2024-07-09,1,kpszsu,official,attacked,kyiv,0.0,,"канал вів повітряну обстановку (27 повідомлень з 40), жодного супроводу на Київ, тривог у місті менше 3 годин",2026-09-10T09:18:34.317066+00:00
2024-07-09,1,kpszsu,official,drones_launched,ua,20.0,,"Х-59/Х-69 з окупованого Криму, а також  20-ма ударними БпЛА типу «Shahed-131/136» із Курської обл. ",2026-09-10T09:18:34.317066+00:00
2024-07-09,1,kpszsu,official,targets_downed,ua,14.0,,"⚡️ЗБИТО 14 УДАРНИХ БПЛА
💥 В результаті бойової роб",2026-09-10T09:18:34.317066+00:00
2024-07-09,2,kpszsu,official,drone_tracks,kyiv_obl,1.0,16395,"⚠Увага!
🛵 ""Шахеди"" на Вінниччині. Курс - західний.
🛵 Група ""шахедів"" на Черкащині. Курсом на Київщину.
🛵 Група ""шахедів"" на Дніпропетровщині, прямують на північ.
🛵 ""Шахеди"" на Херсонщині, рухаються на",2026-09-10T09:18:34.317066+00:00
2024-07-10,1,kpszsu,official,attacked,kyiv,0.0,,"канал вів повітряну обстановку (12 повідомлень з 32), жодного супроводу на Київ, тривог у місті менше 3 годин",2026-09-10T09:18:34.317066+00:00
2024-07-10,1,kpszsu,official,drones_launched,ua,6.0,,"скандер-М» із Курської області, а також атакував 6-ма ударними БпЛА типу «Shahed-131/136» із Приморсько-Ахт",2026-09-10T09:18:34.317066+00:00
2024-07-10,1,kpszsu,official,targets_downed,ua,6.0,,⚡️ ЗБИТО 6 УДАРНИХ БПЛА,2026-09-10T09:18:34.317066+00:00
2024-07-11,1,kpszsu,official,attacked,kyiv,1.0,,є повідомлення супроводу цілей на Київ,2026-09-10T09:18:34.317066+00:00
2024-07-11,1,kpszsu,official,drone_tracks,kyiv,1.0,16466,🛵 Ударний БпЛА в районі Києва зі сходу.,2026-09-10T09:18:34.317066+00:00
2024-07-11,1,kpszsu,official,drones_launched,ua,19.0,,"товської обл. – рф.), а протягом ночі – 19-ма ударними БпЛА типу «Shahed-131/136» та безпілотниками",2026-09-10T09:18:34.317066+00:00
2024-07-11,1,kpszsu,official,targets_downed,ua,16.0,,"⚡️ ЗБИТО 5 КРИЛАТИХ РАКЕТ ТА 11 БПЛА
💥 В результат",2026-09-10T09:18:34.317066+00:00
2024-07-11,2,kpszsu,official,drone_tracks,kyiv_obl,5.0,16460,"🛵 Оновлення щодо руху ударних ворожих БпЛА:
1-а група перебуває на півночі  Чернігівської області, курс західний;
2-а група на півдні Чернігівщини, заходить на Київщину зі сходу;
3-я група у центральн",2026-09-10T09:18:34.317066+00:00
2024-07-11,2,kpszsu,official,missile_tracks,kyiv_obl,2.0,16462,"🚀Крилаті ракети з Сумщини на Чернігівщину курс західний;
🚀Крилата ракета з Чернігівщини на Київщину через Полтавську область.",2026-09-10T09:18:34.317066+00:00
2024-07-12,1,kpszsu,official,attacked,kyiv,0.0,,"канал вів повітряну обстановку (11 повідомлень з 22), жодного супроводу на Київ, тривог у місті менше 3 годин",2026-09-10T09:18:34.317066+00:00
2024-07-12,1,kpszsu,official,drones_launched,ua,5.0,,"➖
У ніч на 13 липня 2024 року противник атакував 5-ма ударними БпЛА типу «Shahed-131/136» із Приморсько-Ахт",2026-09-10T09:18:34.317066+00:00
2024-07-12,1,kpszsu,official,targets_downed,ua,4.0,,"⚡️ ЗБИТО ЧОТИРИ УДАРНІ БПЛА
💥 Чотири ворожі БпЛА збито п",2026-09-10T09:18:34.317066+00:00
2024-07-13,1,kpszsu,official,attacked,kyiv,0.0,,"канал вів повітряну обстановку (9 повідомлень з 31), жодного супроводу на Київ, тривог у місті менше 3 годин",2026-09-10T09:18:34.317066+00:00
2024-07-14,1,kpszsu,official,attacked,kyiv,1.0,,є повідомлення супроводу цілей на Київ,2026-09-10T09:18:34.317066+00:00
2024-07-14,1,kpszsu,official,missile_tracks,kyiv,1.0,16546,Ракета на Чернігівщині в сторону Києва!,2026-09-10T09:18:34.317066+00:00
2024-07-14,1,kpszsu,official,targets_downed,ua,4.0,,протиповітряною обороною півдня України знищено 4 розвідувальні безпілотники – три «Орлан,2026-09-10T09:18:34.317066+00:00
2024-07-15,1,kpszsu,official,attacked,kyiv,1.0,,є повідомлення супроводу цілей на Київ,2026-09-10T09:18:34.317066+00:00
2024-07-15,1,kpszsu,official,drone_tracks,kyiv,1.0,16616,🛵 Київ - загроза ударних БпЛА!,2026-09-10T09:18:34.317066+00:00
2024-07-15,1,kpszsu,official,targets_downed,ua,2.0,,"ипня 2024 року протиповітряною обороною знищено два ударні БпЛА типу «Shahed», ще два «шахед",2026-09-10T09:18:34.317066+00:00
2024-07-15,2,kpszsu,official,drone_tracks,kyiv_obl,5.0,16615,"🛵 ""Шахеди"" з Черкащини курсом на Київщину.",2026-09-10T09:18:34.317066+00:00
2024-07-16,1,kpszsu,official,attacked,kyiv,0.0,,"канал вів повітряну обстановку (10 повідомлень з 28), жодного супроводу на Київ, тривог у місті менше 3 годин",2026-09-10T09:18:34.317066+00:00
2024-07-16,1,kpszsu,official,targets_downed,ua,4.0,,"протиповітряною обороною півдня України знищено 4 розвідувальних безпілотники, зокрема тр",2026-09-10T09:18:34.317066+00:00
2024-07-16,2,kpszsu,official,missile_tracks,kyiv_obl,1.0,16642,Ракета продовжує рух в напрямку Київщини!,2026-09-10T09:18:34.317066+00:00
2024-07-17,1,kpszsu,official,attacked,kyiv,1.0,,є повідомлення супроводу цілей на Київ,2026-09-10T09:18:34.317066+00:00
2024-07-17,1,kpszsu,official,drone_tracks,kyiv,1.0,16683,"🛵 БпЛА в напрямку Києва з східної сторони.
🛵 БпЛА на межі Харківської та Дніпропетровської областе, курс південний (Дніпро)",2026-09-10T09:18:34.317066+00:00
2024-07-17,1,kpszsu,official,drones_launched,ua,16.0,,а 18 липня 2024 року ворог завдав удару 16-ма ударними БпЛА типу «Shahed-131/136» із Курської обл. ,2026-09-10T09:18:34.317066+00:00
2024-07-17,1,kpszsu,official,targets_downed,ua,16.0,,⚡️ ЗБИТО 16 УДАРНИХ БПЛА ТА ДВІ КЕРОВАНІ АВІАЦІЙНІ ,2026-09-10T09:18:34.317066+00:00
2024-07-17,2,kpszsu,official,drone_tracks,kyiv_obl,1.0,16682,"🛵 БпЛА на межі Чернігівської та Київської областей, курс південно-західний.",2026-09-10T09:18:34.317066+00:00
2024-07-18,1,kpszsu,official,attacked,kyiv,0.0,,"канал вів повітряну обстановку (7 повідомлень з 27), жодного супроводу на Київ, тривог у місті менше 3 годин",2026-09-10T09:18:34.317066+00:00
2024-07-19,1,kpszsu,official,attacked,kyiv,0.0,,"канал вів повітряну обстановку (15 повідомлень з 30), жодного супроводу на Київ, тривог у місті менше 3 годин",2026-09-10T09:18:34.317066+00:00
2024-07-19,1,kpszsu,official,drones_launched,ua,16.0,,", однією крилатою ракетою «Іскандер-К», 16-ма ударними БпЛА типу «Shahed» (Курська обл.– рф) та зас",2026-09-10T09:18:34.317066+00:00
2024-07-19,1,kpszsu,official,targets_downed,ua,13.0,,⚡️ ЗБИТО 13 ПОВІТРЯНИХ ЦІЛЕЙ ,2026-09-10T09:18:34.317066+00:00
2024-07-20,1,kpszsu,official,attacked,kyiv,1.0,,є повідомлення супроводу цілей на Київ,2026-09-10T09:18:34.317066+00:00
2024-07-20,1,kpszsu,official,drone_tracks,kyiv,1.0,16781,"Рух ударних БпЛА:
🛵 БпЛА в напрямку Києва з східного напрямку.
🛵 БпЛА в центральній та східній частині Черкаської області, курс північний.
🛵 декілька груп БпЛА в різних частинах Полтавської області.
🛵",2026-09-10T09:18:34.317066+00:00
2024-07-20,1,kpszsu,official,drones_launched,ua,39.0,,ного простору Курської області – рф. та 39-ма ударними БпЛА типу «Shahed» із трьох напрямків: Курсь,2026-09-10T09:18:34.317066+00:00
2024-07-20,1,kpszsu,official,targets_downed,ua,35.0,,⚡️ ЗБИТО 35 УДАРНИХ БпЛА ,2026-09-10T09:18:34.317066+00:00
2024-07-21,1,kpszsu,official,attacked,kyiv,0.0,,"канал вів повітряну обстановку (9 повідомлень з 20), жодного супроводу на Київ, тривог у місті менше 3 годин",2026-09-10T09:18:34.317066+00:00
2024-07-21,2,kpszsu,official,missile_tracks,kyiv_obl,1.0,16812,"⚠Увага!
Київська, Чернігівська області - ракетна небезпека!",2026-09-10T09:18:34.317066+00:00
2024-07-22,1,kpszsu,official,attacked,kyiv,0.0,,"канал вів повітряну обстановку (14 повідомлень з 23), жодного супроводу на Київ, тривог у місті менше 3 годин",2026-09-10T09:18:34.317066+00:00
2024-07-22,1,kpszsu,official,drones_launched,ua,8.0,,ного простору Курської області – рф. та 8-ма ударними БпЛА типу «Shahed» також із Курського напрям,2026-09-10T09:18:34.317066+00:00
2024-07-22,1,kpszsu,official,targets_downed,ua,7.0,,"⚡️ ЗБИТО 7 УДАРНИХ БпЛА 
Протиповітряною обороною ",2026-09-10T09:18:34.317066+00:00
2024-07-23,1,kpszsu,official,attacked,kyiv,0.0,,"канал вів повітряну обстановку (21 повідомлень з 34), жодного супроводу на Київ, тривог у місті менше 3 годин",2026-09-10T09:18:34.317066+00:00
2024-07-23,1,kpszsu,official,targets_downed,ua,17.0,,"⚡️ ЗБИТО 17 «ШАХЕДІВ» ТА 8 РОЗВІДУВАЛЬНИХ БПЛА
💥 Ус",2026-09-10T09:18:34.317066+00:00
2024-07-23,2,kpszsu,official,drone_tracks,kyiv_obl,3.0,16868,"⚠ Увага!
🛵 БпЛА на Полтавщині – у напрямку Київської  області.",2026-09-10T09:18:34.317066+00:00
2024-07-24,1,kpszsu,official,attacked,kyiv,0.0,,"канал вів повітряну обстановку (40 повідомлень з 57), жодного супроводу на Київ, тривог у місті менше 3 годин",2026-09-10T09:18:34.317066+00:00
2024-07-24,1,kpszsu,official,drones_launched,ua,38.0,,"арська – рф.
Цієї ночі ворог застосував 38 ударних БпЛА «Shahed-131/136», атакуючи об’єкти інфр",2026-09-10T09:18:34.317066+00:00
2024-07-24,1,kpszsu,official,targets_downed,ua,25.0,,"⚡️ ЗБИТО 25 УДАРНИХ БПЛА
💥 Відбивали повітряний нап",2026-09-10T09:18:34.317066+00:00
2024-07-24,2,kpszsu,official,drone_tracks,kyiv_obl,9.0,16915,"Рух ударних БпЛА:
🛵БпЛА на Вінниччині, курсом на Київщину/Житомирщину.
🛵БпЛА на півночі Полтавщини, курс західний (Київщина/Черкащина).
🛵БпЛА на Сумщині, рухаються на захід.
🛵БпЛА на півночі Миколаївщ",2026-09-10T09:18:34.317066+00:00
2024-07-25,1,kpszsu,official,attacked,kyiv,0.0,,"канал вів повітряну обстановку (12 повідомлень з 22), жодного супроводу на Київ, тривог у місті менше 3 годин",2026-09-10T09:18:34.317066+00:00
2024-07-25,1,kpszsu,official,targets_downed,ua,20.0,,"⚡️ ЗБИТО 20 УДАРНИХ БПЛА
💥 Радіотехнічними військам",2026-09-10T09:18:34.317066+00:00
2024-07-25,2,kpszsu,official,drone_tracks,kyiv_obl,2.0,16952,"Група ударних БпЛА ➡️  через Чернігівщину курсом на Київщину (Вишгородський район)

Нові групи через Сумщину!",2026-09-10T09:18:34.317066+00:00
2024-07-26,1,kpszsu,official,attacked,kyiv,0.0,,"канал вів повітряну обстановку (17 повідомлень з 30), жодного супроводу на Київ, тривог у місті менше 3 годин",2026-09-10T09:18:34.317066+00:00
2024-07-26,2,kpszsu,official,drone_tracks,kyiv_obl,3.0,16979,"🛵 БпЛА в південній частині Київської області, курс північно-західний!",2026-09-10T09:18:34.317066+00:00
2024-07-27,1,kpszsu,official,attacked,kyiv,0.0,,"канал вів повітряну обстановку (20 повідомлень з 39), жодного супроводу на Київ, тривог у місті менше 3 годин",2026-09-10T09:18:34.317066+00:00
2024-07-27,1,kpszsu,official,drones_launched,ua,8.0,,"простору над акваторією Чорного моря та 8-ма ударними БпЛА «Shahed» із мису Чауда – Крим.

Дякую з",2026-09-10T09:18:34.317066+00:00
2024-07-28,1,kpszsu,official,attacked,kyiv,0.0,,"канал вів повітряну обстановку (28 повідомлень з 48), жодного супроводу на Київ, тривог у місті менше 3 годин",2026-09-10T09:18:34.317066+00:00
2024-07-28,1,kpszsu,official,drones_launched,ua,10.0,,"ряного простору окупованої Донеччини та 10-ма ударними БпЛА типу «Shahed» із мису Чауда – Крим.

 Д",2026-09-10T09:18:34.317066+00:00
2024-07-29,1,kpszsu,official,attacked,kyiv,0.0,,"канал вів повітряну обстановку (11 повідомлень з 24), жодного супроводу на Київ, тривог у місті менше 3 годин",2026-09-10T09:18:34.317066+00:00
2024-07-30,1,kpszsu,official,attacked,kyiv,1.0,,є повідомлення супроводу цілей на Київ,2026-09-10T09:18:34.317066+00:00
2024-07-30,1,kpszsu,official,drone_tracks,kyiv,7.0,17139,🛵 БпЛА на Київ з півночі!,2026-09-10T09:18:34.317066+00:00
2024-07-30,1,kpszsu,official,drones_launched,ua,89.0,,"яного простору окупованої Херсонщини та 89-ма ударними БпЛА типу «Shahed» із районів Єйськ, Сеща, К",2026-09-10T09:18:34.317066+00:00
2024-07-30,2,kpszsu,official,drone_tracks,kyiv_obl,14.0,17137,🛵 БпЛА з Чернігівщини на Київщину з  північного сходу.,2026-09-10T09:18:34.317066+00:00
2024-07-31,1,kpszsu,official,attacked,kyiv,1.0,,є повідомлення супроводу цілей на Київ,2026-09-10T09:18:34.317066+00:00
2024-07-31,1,kpszsu,official,drone_tracks,kyiv,1.0,17222,"🛵 БпЛА в Київській області, курсом на Бровари/Київ.",2026-09-10T09:18:34.317066+00:00
2024-07-31,1,kpszsu,official,targets_downed,ua,7.0,,"⚡️ ЗБИТО 7 УДАРНИХ БПЛА
Радіотехнічними військами ",2026-09-10T09:18:34.317066+00:00
2024-07-31,2,kpszsu,official,drone_tracks,kyiv_obl,1.0,17224,🛵 Київська область - загроза ударних БпЛА!,2026-09-10T09:18:34.317066+00:00
2024-08-01,1,kpszsu,official,attacked,kyiv,0.0,,"канал вів повітряну обстановку (26 повідомлень з 47), жодного супроводу на Київ, тривог у місті менше 3 годин",2026-09-10T09:18:34.317066+00:00
2024-08-02,1,kpszsu,official,attacked,kyiv,0.0,,"канал вів повітряну обстановку (26 повідомлень з 46), жодного супроводу на Київ, тривог у місті менше 3 годин",2026-09-10T09:18:34.317066+00:00
2024-08-02,1,kpszsu,official,drones_launched,ua,29.0,,"ру над акваторією Чорного моря, а також 29-ма ударними БпЛА типу «Shahed» із напрямків: мис Чауда –",2026-09-10T09:18:34.317066+00:00
2024-08-02,1,kpszsu,official,targets_downed,ua,24.0,,"⚡️ ЗБИТО 24 УДАРНІ БПЛА
💥 В результаті протиповітря",2026-09-10T09:18:34.317066+00:00
2024-08-02,2,kpszsu,official,drone_tracks,kyiv_obl,2.0,17306,"⚠Увага!
🛵 Київська область - група ударних БпЛА з Чернігівщини у вашому напрямку!",2026-09-10T09:18:34.317066+00:00
2024-08-03,1,kpszsu,official,attacked,kyiv,0.0,,"канал вів повітряну обстановку (29 повідомлень з 41), жодного супроводу на Київ, тривог у місті менше 3 годин",2026-09-10T09:18:34.317066+00:00
2024-08-03,1,kpszsu,official,drones_launched,ua,5.0,,"остору Курської обл. – по Полтавщині та 5-ма ударними БпЛА «Shahed», район пусків Приморсько-Ахтар",2026-09-10T09:18:34.317066+00:00
2024-08-03,1,kpszsu,official,missiles_launched,ua,2.0,,"ерованими ракетами С-300 по Харківщині, двома керованими авіаційними ракетами Х-59 із повітряного простору Курсько",2026-09-10T09:18:34.317066+00:00
2024-08-04,1,kpszsu,official,attacked,kyiv,0.0,,"канал вів повітряну обстановку (20 повідомлень з 26), жодного супроводу на Київ, тривог у місті менше 3 годин",2026-09-10T09:18:34.317066+00:00
2024-08-04,1,kpszsu,official,targets_downed,ua,24.0,,"⚡️ ЗБИТО 24 УДАРНІ БПЛА
💥 В результаті протиповітря",2026-09-10T09:18:34.317066+00:00
2024-08-04,2,kpszsu,official,drone_tracks,kyiv_obl,6.0,17390,"🛵 БпЛА в східній частині Миколаївщини, курс північно-західний.
🛵 БпЛА на межі Вінницької та Кіровоградської областей, курс північно-західний.
🛵 БпЛА на Кіровоградщині, курс північний.
🛵 БпЛА в Черкась",2026-09-10T09:18:34.317066+00:00
2024-08-05,1,kpszsu,official,attacked,kyiv,1.0,,є повідомлення супроводу цілей на Київ,2026-09-10T09:18:34.317066+00:00
2024-08-05,1,kpszsu,official,drone_tracks,kyiv,1.0,17424,"🛵 Наразі група ""Шахедів"" на межі Київської та Чернігівської областей, напрямок на Київ.",2026-09-10T09:18:34.317066+00:00
2024-08-05,1,kpszsu,official,drones_launched,ua,16.0,,стору над акваторією Азовського моря та 16-ма ударними БпЛА типу «Shahed» із напрямків мис Чауда – ,2026-09-10T09:18:34.317066+00:00
2024-08-05,1,kpszsu,official,missiles_launched,ua,4.0,, на 6 серпня 2024 року противник ударив 4-ма балістичними ракетами «Іскандер-М»/KN-23 по Київщині із Во,2026-09-10T09:18:34.317066+00:00
2024-08-05,1,kpszsu,official,targets_downed,ua,4.0,,"⚡️ ЗБИТО 4 РАКЕТИ ТА 15 УДАРНИХ БПЛА
В результаті ",2026-09-10T09:18:34.317066+00:00
2024-08-05,2,kpszsu,official,drone_tracks,kyiv_obl,1.0,17426,🛵 Житомирська область - загроза застосування ударних БпЛА з Київщини!,2026-09-10T09:18:34.317066+00:00
2024-08-06,1,kpszsu,official,attacked,kyiv,0.0,,"канал вів повітряну обстановку (11 повідомлень з 38), жодного супроводу на Київ, тривог у місті менше 3 годин",2026-09-10T09:18:34.317066+00:00
2024-08-06,1,kpszsu,official,targets_downed,ua,30.0,,"⚡️ ЗБИТО 30 УДАРНИХ БПЛА
💥 В результаті протиповітр",2026-09-10T09:18:34.317066+00:00
2024-08-07,1,kpszsu,official,attacked,kyiv,0.0,,"канал вів повітряну обстановку (22 повідомлень з 48), жодного супроводу на Київ, тривог у місті менше 3 годин",2026-09-10T09:18:34.317066+00:00
2024-08-07,1,kpszsu,official,drones_launched,ua,4.0,,"стору над акваторією Азовського моря та 4-ма ударними БпЛА типу «Shahed» із напрямку Єйськ – рф.

",2026-09-10T09:18:34.317066+00:00
2024-08-07,1,kpszsu,official,missiles_launched,ua,2.0,, на 8 серпня 2024 року противник ударив 2-ма балістичними ракетами «Іскандер-М» по Харківщині із Бєлгор,2026-09-10T09:18:34.317066+00:00
2024-08-07,1,kpszsu,official,targets_downed,ua,2.0,,"⚡️ ЗБИТО 2 РАКЕТИ ТА 4 УДАРНИХ БПЛА
💥 В результаті",2026-09-10T09:18:34.317066+00:00
2024-08-08,1,kpszsu,official,attacked,kyiv,0.0,,"канал вів повітряну обстановку (19 повідомлень з 40), жодного супроводу на Київ, тривог у місті менше 3 годин",2026-09-10T09:18:34.317066+00:00
2024-08-08,1,kpszsu,official,targets_downed,ua,27.0,,"⚡️ ЗБИТО 27 УДАРНИХ БПЛА
Радіотехнічними військами ",2026-09-10T09:18:34.317066+00:00
2024-08-08,2,kpszsu,official,drone_tracks,kyiv_obl,3.0,17553,🛵 Київська область - загроза ударних БпЛА!,2026-09-10T09:18:34.317066+00:00
2024-08-09,1,kpszsu,official,attacked,kyiv,0.0,,"канал вів повітряну обстановку (3 повідомлень з 32), жодного супроводу на Київ, тривог у місті менше 3 годин",2026-09-10T09:18:34.317066+00:00
2024-08-10,1,kpszsu,official,attacked,kyiv,1.0,,є повідомлення супроводу цілей на Київ,2026-09-10T09:18:34.317066+00:00
2024-08-10,1,kpszsu,official,drones_launched,ua,57.0,,акетами KN-23 із Воронезької області та 57-ма ударними БпЛА типу «Shahed» із районів Приморсько-Ахт,2026-09-10T09:18:34.317066+00:00
2024-08-10,1,kpszsu,official,missile_tracks,kyiv,1.0,17623,Київ - укриття! Ще одна ракета в напрямку міста!,2026-09-10T09:18:34.317066+00:00
2024-08-10,1,kpszsu,official,targets_downed,ua,53.0,,"⚡️ ЗБИТО 53 УДАРНІ БПЛА
💥 В результаті протиповітря",2026-09-10T09:18:34.317066+00:00
2024-08-10,2,kpszsu,official,drone_tracks,kyiv_obl,3.0,17627,"1. 🛵 Ударні БпЛА на межі Київщини та Чернігівщини ➡️ у західному напрямку!
2. Групи 🛵 на Вінниччині/Черкащині курсом ➡️ на захід!
3. 🛵 на Миколаївщині та Кіровоградщині курсом ➡️ на Черкащину/Вінниччи",2026-09-10T09:18:34.317066+00:00
2024-08-12,1,kpszsu,official,attacked,kyiv,0.0,,"канал вів повітряну обстановку (23 повідомлень з 41), жодного супроводу на Київ, тривог у місті менше 3 годин",2026-09-10T09:18:34.317066+00:00
2024-08-12,1,kpszsu,official,drones_launched,ua,38.0,,ндер-М»/KN-23 із Воронезької області та 38-ма ударними БпЛА типу «Shahed» із районів Приморсько-Ахт,2026-09-10T09:18:34.317066+00:00
2024-08-12,1,kpszsu,official,targets_downed,ua,30.0,,"⚡️ ЗБИТО 30 УДАРНИХ БПЛА
💥 В результаті протиповітр",2026-09-10T09:18:34.317066+00:00
2024-08-12,2,kpszsu,official,drone_tracks,kyiv_obl,1.0,17684,🛵 Група ворожих БпЛА на Черкащині в напрямку Київщини.,2026-09-10T09:18:34.317066+00:00
2024-08-13,1,kpszsu,official,attacked,kyiv,0.0,,"канал вів повітряну обстановку (24 повідомлень з 36), жодного супроводу на Київ, тривог у місті менше 3 годин",2026-09-10T09:18:34.317066+00:00
2024-08-13,1,kpszsu,official,drones_launched,ua,23.0,," простору Бєлгородської області –рф. та 23-ма ударними БпЛА типу «Shahed» із районів Чауда – Крим, ",2026-09-10T09:18:34.317066+00:00
2024-08-13,1,kpszsu,official,targets_downed,ua,17.0,,"⚡️ ЗБИТО 17 УДАРНИХ БПЛА
💥 У протиповітряному бою м",2026-09-10T09:18:34.317066+00:00
2024-08-13,2,kpszsu,official,drone_tracks,kyiv_obl,3.0,17717,"🛵Ворожі БпЛА з Сумщини на Чернігівщині, рухаються у напрямку Київської області.
🛵Ще декілька груп ворожих ударних БпЛА  на Сумщині рухаються південно-західним курсом у напрямку Київської області через",2026-09-10T09:18:34.317066+00:00
2024-08-14,1,kpszsu,official,attacked,kyiv,0.0,,"канал вів повітряну обстановку (24 повідомлень з 61), жодного супроводу на Київ, тривог у місті менше 3 годин",2026-09-10T09:18:34.317066+00:00
2024-08-14,1,kpszsu,official,drones_launched,ua,29.0,,яного простору Курської області –рф. та 29-ма ударними БпЛА типу «Shahed» із районів Приморсько-Ахт,2026-09-10T09:18:34.317066+00:00
2024-08-14,1,kpszsu,official,targets_downed,ua,29.0,,"⚡️ ЗБИТО 29 УДАРНИХ БПЛА
💥 В результаті протиповітр",2026-09-10T09:18:34.317066+00:00
2024-08-14,2,kpszsu,official,drone_tracks,kyiv_obl,2.0,17786,"🛵 Ворожі БпЛА на Черкащині, рухаються у напрямку Київщини.",2026-09-10T09:18:34.317066+00:00
2024-08-15,1,kpszsu,official,attacked,kyiv,1.0,,є повідомлення супроводу цілей на Київ,2026-09-10T09:18:34.317066+00:00
2024-08-15,1,kpszsu,official,drone_tracks,kyiv,1.0,17823,"""Шахед"" ➡️ в межах столиці! Робота ППО!",2026-09-10T09:18:34.317066+00:00
2024-08-15,1,kpszsu,official,drones_launched,ua,3.0,,"-ма балістичними ракетами «Іскандер-М», 3-ма ударними БпЛА типу «Shahed» та 2-ма безпілотниками не",2026-09-10T09:18:34.317066+00:00
2024-08-15,1,kpszsu,official,missiles_launched,ua,3.0,,"4 року російські окупанти завдали удару 3-ма балістичними ракетами «Іскандер-М», 3-ма ударними БпЛА тип",2026-09-10T09:18:34.317066+00:00
2024-08-15,1,kpszsu,official,targets_downed,ua,5.0,,"⚡️ ЗБИТО 5 ВОРОЖИХ БПЛА
💥 В результаті протиповітр",2026-09-10T09:18:34.317066+00:00
2024-08-16,1,kpszsu,official,attacked,kyiv,0.0,,"канал вів повітряну обстановку (24 повідомлень з 48), жодного супроводу на Київ, тривог у місті менше 3 годин",2026-09-10T09:18:34.317066+00:00
2024-08-16,1,kpszsu,official,drones_launched,ua,14.0,,(пуски із Воронезької області – рф.) та 14-ма ударними БпЛА типу «Shahed» із районів Приморсько-Ахт,2026-09-10T09:18:34.317066+00:00
2024-08-16,1,kpszsu,official,targets_downed,ua,14.0,,"⚡️ ЗБИТО 14 УДАРНИХ БПЛА
💥 Усі 14 шахедів збито роз",2026-09-10T09:18:34.317066+00:00
2024-08-16,2,kpszsu,official,drone_tracks,kyiv_obl,6.0,17870,"Рух ударних БпЛА:
🛵 БпЛА в південній частині Чернігівської області, курс західний.
🛵 БпЛА на межі Київської та Черкаської областей, курс південно-західний.
🛵 БпЛА в західній частині Донецької області,",2026-09-10T09:18:34.317066+00:00
2024-08-16,2,kpszsu,official,missile_tracks,kyiv_obl,1.0,17865,"🚀Київська, Черкаська, Кіровоградська області - ракетна небезпека!",2026-09-10T09:18:34.317066+00:00
2024-08-17,1,kpszsu,official,attacked,kyiv,0.0,,"канал вів повітряну обстановку (20 повідомлень з 51), жодного супроводу на Київ, тривог у місті менше 3 годин",2026-09-10T09:18:34.317066+00:00
2024-08-17,1,kpszsu,official,drones_launched,ua,8.0,,"- 3 крилаті ракети (тип уточнюється);
- 8 ударних БпЛА «Shahed-131/136».


- 2 балістичні раке",2026-09-10T09:18:34.317066+00:00
2024-08-17,1,kpszsu,official,targets_downed,ua,13.0,," підрозділами радіоелектронної боротьби збито 13 повітряних цілей у межах Київської, Сум",2026-09-10T09:18:34.317066+00:00
2024-08-17,2,kpszsu,official,drone_tracks,kyiv_obl,1.0,17910,"⚠Увага!
🛵 Київська область - загроза застосування ворогом ударних БпЛА!
У разі оголошення тривоги прямуйте в укриття.",2026-09-10T09:18:34.317066+00:00
2024-08-17,2,kpszsu,official,missile_tracks,kyiv_obl,1.0,17924,Ракета змінює курс на Київщину.,2026-09-10T09:18:34.317066+00:00
2024-08-18,1,kpszsu,official,attacked,kyiv,0.0,,"канал вів повітряну обстановку (19 повідомлень з 38), жодного супроводу на Київ, тривог у місті менше 3 годин",2026-09-10T09:18:34.317066+00:00
2024-08-18,1,kpszsu,official,drones_launched,ua,11.0,,4 року російські окупанти завдали удару 11-ма ударними БпЛА типу «Shahed» із курського напрямку та ,2026-09-10T09:18:34.317066+00:00
2024-08-18,1,kpszsu,official,targets_downed,ua,11.0,,"⚡️ ЗБИТО 11 УДАРНИХ БПЛА
💥 В результаті протиповітр",2026-09-10T09:18:34.317066+00:00
2024-08-18,2,kpszsu,official,drone_tracks,kyiv_obl,1.0,17965,БпЛА з Полтавщини курсом на Київщину.,2026-09-10T09:18:34.317066+00:00
2024-08-19,1,kpszsu,official,attacked,kyiv,0.0,,"канал вів повітряну обстановку (20 повідомлень з 40), жодного супроводу на Київ, тривог у місті менше 3 годин",2026-09-10T09:18:34.317066+00:00
2024-08-19,1,kpszsu,official,drones_launched,ua,26.0,,"рської та Запорізької областей, а також 26-ма ударними БпЛА типу «Shahed» (райони пусків – Приморсь",2026-09-10T09:18:34.317066+00:00
2024-08-19,1,kpszsu,official,targets_downed,ua,28.0,,"⚡️ ЗБИТО 28 ПОВІТРЯНИХ ЦІЛЕЙ
💥 В результаті протипо",2026-09-10T09:18:34.317066+00:00
2024-08-19,2,kpszsu,official,drone_tracks,kyiv_obl,3.0,17994,"Рух ударних БпЛА:
🛵 БпЛА на межі Чернігівської та Київської областей, курс західний.
🛵 БпЛА в південній частині Сумської області, курс західний.
🛵 Декілька груп БпЛА з Херсонщини ➡️ через Миколаївщину",2026-09-10T09:18:34.317066+00:00
2024-08-19,2,kpszsu,official,missile_tracks,kyiv_obl,1.0,18004,"🚀Київська, Чернігівська, Полтавська, Житомирська області - ракетна небезпека!",2026-09-10T09:18:34.317066+00:00
2024-08-20,1,kpszsu,official,attacked,kyiv,0.0,,"канал вів повітряну обстановку (19 повідомлень з 34), жодного супроводу на Київ, тривог у місті менше 3 годин",2026-09-10T09:18:34.317066+00:00
2024-08-20,1,kpszsu,official,drones_launched,ua,69.0,," повітряного простору Курської обл., та 69-ма ударними БпЛА типу «Shahed» (райони пусків – Приморсь",2026-09-10T09:18:34.317066+00:00
2024-08-20,1,kpszsu,official,targets_downed,ua,50.0,,"⚡️ ЗБИТО 50 БПЛА ТА АВІАЦІЙНУ РАКЕТУ
💥 В результаті",2026-09-10T09:18:34.317066+00:00
2024-08-20,2,kpszsu,official,drone_tracks,kyiv_obl,5.0,18034,"🛵 Оновлення щодо руху БпЛА:
1. Скупчення груп БпЛА у Миколаївській та Кіровоградській областях, рух переважно північно-західний;
2.  БпЛА на півдні Полтавщини, кірс на Кіровоградщину;
3. БпЛА на Черні",2026-09-10T09:18:34.317066+00:00
2024-08-21,1,kpszsu,official,attacked,kyiv,0.0,,"канал вів повітряну обстановку (20 повідомлень з 38), жодного супроводу на Київ, тривог у місті менше 3 годин",2026-09-10T09:18:34.317066+00:00
2024-08-21,1,kpszsu,official,targets_downed,ua,2.0,,⚡️ ЗБИТО ДВА УДАРНИХ БПЛА. РАКЕТИ НЕ ДОСЯГЛИ СВОЇХ ЦІ,2026-09-10T09:18:34.317066+00:00
2024-08-21,2,kpszsu,official,drone_tracks,kyiv_obl,3.0,18078,"🛵 Рух ударних БпЛА: 
1. Група БпЛА на півдні Сумщини, постійно змінює курс.
2. БпЛА з Черкащини курсом на Київщину.
3. БпЛА на півдні Чернігівської області курсом на захід.",2026-09-10T09:18:34.317066+00:00
2024-08-22,1,kpszsu,official,attacked,kyiv,0.0,,"канал вів повітряну обстановку (21 повідомлень з 38), жодного супроводу на Київ, тривог у місті менше 3 годин",2026-09-10T09:18:34.317066+00:00
2024-08-22,1,kpszsu,official,drones_launched,ua,16.0,,"ндер-М»/KN-23 із Воронезької області та 16-ма ударними БпЛА типу «Shahed» (райони пусків – Єйськ, К",2026-09-10T09:18:34.317066+00:00
2024-08-22,1,kpszsu,official,targets_downed,ua,14.0,,"⚡️ ЗБИТО 14 УДАРНИХ БПЛА
💥 В результаті протиповітр",2026-09-10T09:18:34.317066+00:00
2024-08-22,2,kpszsu,official,drone_tracks,kyiv_obl,1.0,18119,🛵 Київська область - загроза застосування ударних БпЛА.,2026-09-10T09:18:34.317066+00:00
2024-08-23,1,kpszsu,official,attacked,kyiv,0.0,,"канал вів повітряну обстановку (10 повідомлень з 35), жодного супроводу на Київ, тривог у місті менше 3 годин",2026-09-10T09:18:34.317066+00:00
2024-08-23,2,kpszsu,official,missile_tracks,kyiv_obl,1.0,18137,🚀Київська та Черкаська області - ракетна небезпека!,2026-09-10T09:18:34.317066+00:00
2024-08-24,1,kpszsu,official,attacked,kyiv,0.0,,"канал вів повітряну обстановку (12 повідомлень з 29), жодного супроводу на Київ, тривог у місті менше 3 годин",2026-09-10T09:18:34.317066+00:00
2024-08-24,1,kpszsu,official,missiles_launched,ua,6.0,,"Іскандер-К», балістичну «Іскандер-М» та шість керованих авіаційних ракет Х-59/Х-69 із повітряного простору Курсь",2026-09-10T09:18:34.317066+00:00
2024-08-24,1,kpszsu,official,targets_downed,ua,8.0,,"⚡️ ЗБИТО ВІСІМ УДАРНИХ БПЛА
Вісім «шахедів» збито розра",2026-09-10T09:18:34.317066+00:00
2024-08-25,1,kpszsu,official,attacked,kyiv,1.0,,є повідомлення супроводу цілей на Київ,2026-09-10T09:18:34.317066+00:00
2024-08-25,1,kpszsu,official,drone_tracks,kyiv,4.0,18222,🛵 Київ - загроза ударних БпЛА!,2026-09-10T09:18:34.317066+00:00
2024-08-25,1,kpszsu,official,drones_launched,ua,109.0,,"тряного нападу противника: 127 ракет та 109 ударних БпЛА:

- 3 аеробалістичні ракети Х-47М2 «Кин",2026-09-10T09:18:34.317066+00:00
2024-08-25,1,kpszsu,official,missiles_launched,ua,77.0,,"оронезької областей – рф. та з Криму;
- 77 крилатих ракет Х-101 з літаків Ту-95МС із повітряного ",2026-09-10T09:18:34.317066+00:00
2024-08-25,1,kpszsu,official,targets_downed,ua,102.0,,"⚡️ НАЙМАСОВАНІША ПОВІТРЯНА АТАКА: ЗБИТО 102 РАКЕТИ ТА 99 УДАРНИХ БПЛА
💥 До відбиття",2026-09-10T09:18:34.317066+00:00
2024-08-25,2,kpszsu,official,drone_tracks,kyiv_obl,8.0,18219,"🛵 Рух ударних БпЛА:
1. Ударні БпЛА на Чернігівщині курсом на Київщину.
2. БпЛА на Полтавщині у південно-західному напрямку.
3. БпЛА з Черкаської курсом на Кіровоградську область.",2026-09-10T09:18:34.317066+00:00
2024-08-26,1,kpszsu,official,attacked,kyiv,1.0,,є повідомлення супроводу цілей на Київ,2026-09-10T09:18:34.317066+00:00
2024-08-26,1,kpszsu,official,drone_tracks,kyiv,3.0,18325,"🛵 Рух ударних БпЛА:

1.Ударний БпЛА ➡️ в центрі Київщини в сторону Києва.
2. Ударний БпЛА ➡️ на півночі Черкащини.",2026-09-10T09:18:34.317066+00:00
2024-08-26,1,kpszsu,official,drones_launched,ua,81.0,," простору Волгоградської обл. – рф.);
- 81 ударним БпЛА типу «Shahed» (із Єйська та Курської об",2026-09-10T09:18:34.317066+00:00
2024-08-26,1,kpszsu,official,missile_tracks,kyiv,2.0,18359,Ракета на Київ,2026-09-10T09:18:34.317066+00:00
2024-08-26,1,kpszsu,official,missiles_launched,ua,5.0,,"андер-К» (із Воронезької обл. – рф.);
- 5-ма крилатими ракетами Х-101 (з бомбардувальників Ту-95МС і",2026-09-10T09:18:34.317066+00:00
2024-08-26,1,kpszsu,official,targets_downed,ua,5.0,,"⚡️ ЗБИТО 5 КРИЛАТИХ РАКЕТ ТА 60 УДАРНИХ БПЛА
💥 Ста",2026-09-10T09:18:34.317066+00:00
2024-08-26,2,kpszsu,official,drone_tracks,kyiv_obl,11.0,18320,"Рух ударних БпЛА:
1. Кілька груп ударних БпЛА на Київщині, курсом на Васильків.
2. БпЛА на півночі Черкащини.
4. ""Шахед"" на сході Полтавщини курсом на захід.
5. ""Шахед"" на півдні Сумщини курсом на пів",2026-09-10T09:18:34.317066+00:00
2024-08-26,2,kpszsu,official,missile_tracks,kyiv_obl,1.0,18373,"Балістика на Васильків, Обухів",2026-09-10T09:18:34.317066+00:00
2024-08-27,1,kpszsu,official,attacked,kyiv,1.0,,є повідомлення супроводу цілей на Київ,2026-09-10T09:18:34.317066+00:00
2024-08-27,1,kpszsu,official,drone_tracks,kyiv,1.0,18384,"🛵БПЛА на півночі Чернігівщини курсом на захід.
🛵 БПЛА на півдні від Києва курсом на північний захід.",2026-09-10T09:18:34.317066+00:00
2024-08-27,2,kpszsu,official,drone_tracks,kyiv_obl,1.0,18397,🛸 Київська область - можлива робота ППО по ворожому розвідувальному БпЛА!,2026-09-10T09:18:34.317066+00:00
2024-08-28,1,kpszsu,official,attacked,kyiv,1.0,,є повідомлення супроводу цілей на Київ,2026-09-10T09:18:34.317066+00:00
2024-08-28,1,kpszsu,official,drone_tracks,kyiv,2.0,18429,🛵 Київ - ударний БпЛА у напрямку міста!,2026-09-10T09:18:34.317066+00:00
2024-08-28,1,kpszsu,official,drones_launched,ua,74.0,,"тип яких наразі встановлюється, а також 74-ма ударними БпЛА типу «Shahed-131/136» з районів: Примор",2026-09-10T09:18:34.317066+00:00
2024-08-28,1,kpszsu,official,targets_downed,ua,2.0,,"⚡️ ЗБИТО ДВІ Х-59/69 та 60 УДАРНИХ БПЛА
В результаті ",2026-09-10T09:18:34.317066+00:00
2024-08-28,2,kpszsu,official,drone_tracks,kyiv_obl,9.0,18422,"🛵 Рух ударних БпЛА:
1. БпЛА на півдні Чернігівщини курсом на Київщину.
2. БпЛА на Сумщині курсом південно-західним.
3. БпЛА на Миколаївщині у північно-західному напрямку.
4. БпЛА з Херсонщини курсом н",2026-09-10T09:18:34.317066+00:00
2024-08-28,2,kpszsu,official,missile_tracks,kyiv_obl,1.0,18414,Ракета курсом на Київщину!,2026-09-10T09:18:34.317066+00:00
2024-08-29,1,kpszsu,official,attacked,kyiv,0.0,,"канал вів повітряну обстановку (18 повідомлень з 34), жодного супроводу на Київ, тривог у місті менше 3 годин",2026-09-10T09:18:34.317066+00:00
2024-08-29,1,kpszsu,official,drones_launched,ua,18.0,,тичною ракетою «Іскандер-М» із Криму та 18-ма ударними БпЛА типу «Shahed-131/136» із районів Примор,2026-09-10T09:18:34.317066+00:00
2024-08-29,1,kpszsu,official,targets_downed,ua,12.0,,"⚡️ ЗБИТО 12 УДАРНИХ БПЛА
💥 В результаті протиповітр",2026-09-10T09:18:34.317066+00:00
2024-08-30,1,kpszsu,official,attacked,kyiv,1.0,,є повідомлення супроводу цілей на Київ,2026-09-10T09:18:34.317066+00:00
2024-08-30,1,kpszsu,official,drone_tracks,kyiv,1.0,18520,"Рух ударних БпЛА:
🛵 БпЛА в Київській області, курсом на Київ.
🛵 БпЛА в південній частині Київської області, курс західний.
🛵 БпЛА на межі Запорізької та Дніпропетровської області, курсом на північ (Дн",2026-09-10T09:18:34.317066+00:00
2024-08-30,1,kpszsu,official,drones_launched,ua,52.0,,кетами С-300 із окупованої Донеччини та 52-ма ударними БпЛА типу «Shahed-131/136» із Курської обл. ,2026-09-10T09:18:34.317066+00:00
2024-08-30,1,kpszsu,official,targets_downed,ua,24.0,,"иповітряного бою Силами оборони України збито 24 ударних БпЛА  «Shahed-131/136», 25 – ло",2026-09-10T09:18:34.317066+00:00
2024-08-30,2,kpszsu,official,drone_tracks,kyiv_obl,2.0,18519,"Рух ударних БпЛА:
🛵 БпЛА в Херсонській області, курс північний.
🛵 БпЛА в східній частині Київської області, курс західний.
🛵 БпЛА в Сумській області, курс південно-західний.
🛵 БпЛА в Черкаській област",2026-09-10T09:18:34.317066+00:00
2024-08-31,1,kpszsu,official,attacked,kyiv,0.0,,"канал вів повітряну обстановку (11 повідомлень з 29), жодного супроводу на Київ, тривог у місті менше 3 годин",2026-09-10T09:18:34.317066+00:00
2024-08-31,1,kpszsu,official,targets_downed,ua,8.0,,"⚡️ ЗБИТО ВІСІМ УДАРНИХ БПЛА
💥 В результаті бойової робо",2026-09-10T09:18:34.317066+00:00
2024-09-01,1,kpszsu,official,attacked,kyiv,1.0,,є повідомлення супроводу цілей на Київ,2026-09-10T09:18:34.317066+00:00
2024-09-01,1,kpszsu,official,drones_launched,ua,23.0,,"тряних цілей – 35 ракет різних типів та 23 ударних БпЛА:
- 16 балістичних ракет «Іскандер-М»/KN",2026-09-10T09:18:34.317066+00:00
2024-09-01,1,kpszsu,official,missile_tracks,kyiv,7.0,18623,Ракети із Черкащини змінили курс! Рухаються в напрямку Білої Церкви/Києва!,2026-09-10T09:18:34.317066+00:00
2024-09-01,1,kpszsu,official,missiles_launched,ua,14.0,,"ронезької та Курської областей – рф.;
- 14 крилатих ракет Х-101 із літаків Ту-95МС з повітряного ",2026-09-10T09:18:34.317066+00:00
2024-09-01,1,kpszsu,official,targets_downed,ua,9.0,,"⚡️ ЗБИТО 9 БАЛІСТИЧНИХ, 13 КРИЛАТИХ РАКЕТ І 20 УДА",2026-09-10T09:18:34.317066+00:00
2024-09-01,2,kpszsu,official,drone_tracks,kyiv_obl,2.0,18601,Шахед ➡️ в передмісті Білої Церкви!,2026-09-10T09:18:34.317066+00:00
2024-09-01,2,kpszsu,official,missile_tracks,kyiv_obl,4.0,18614,Ракета через Чернігівщину в напрямку Київщини/Броварів!,2026-09-10T09:18:34.317066+00:00
2024-09-02,1,kpszsu,official,attacked,kyiv,1.0,,є повідомлення супроводу цілей на Київ,2026-09-10T09:18:34.317066+00:00
2024-09-02,1,kpszsu,official,drone_tracks,kyiv,1.0,18691,"⚠ Увага! 
🛵 Київ рух ударних БпЛА у вашому напрямку з південного та північного напрямках Київщини.",2026-09-10T09:18:34.317066+00:00
2024-09-02,1,kpszsu,official,drones_launched,ua,35.0,,кетою Х-59/69 із Курської обл. – рф. та 35-ма ударними БпЛА типу «Shahed-131/136» (райони пусків – ,2026-09-10T09:18:34.317066+00:00
2024-09-02,1,kpszsu,official,targets_downed,ua,27.0,,"⚡️ ЗБИТО 27 УДАРНИХ БПЛА
💥 В результаті протиповітр",2026-09-10T09:18:34.317066+00:00
2024-09-02,2,kpszsu,official,drone_tracks,kyiv_obl,3.0,18685,"⚠ Увага! 
🛵 Київщина рух ударних БпЛА у вашому напрямку з півночі.",2026-09-10T09:18:34.317066+00:00
2024-09-03,1,kpszsu,official,attacked,kyiv,1.0,,є повідомлення супроводу цілей на Київ,2026-09-10T09:18:34.317066+00:00
2024-09-03,1,kpszsu,official,drone_tracks,kyiv,1.0,18737,🛵 Київ - ударний БпЛА у напрямку міста!,2026-09-10T09:18:34.317066+00:00
2024-09-03,1,kpszsu,official,drones_launched,ua,29.0,,"ер-К» із території окупованого Криму;
- 29 ударних БпЛА «Shahed-131/136 (райони пусків Курська ",2026-09-10T09:18:34.317066+00:00
2024-09-03,1,kpszsu,official,targets_downed,ua,22.0,,"⚡️ ЗБИТО 22 УДАРНІ БПЛА ТА СІМ КРИЛАТИХ РАКЕТ
💥 В р",2026-09-10T09:18:34.317066+00:00
2024-09-03,2,kpszsu,official,drone_tracks,kyiv_obl,7.0,18732,🛵 БпЛА на півдні Чернігівщини курсом на Київщину!,2026-09-10T09:18:34.317066+00:00
2024-09-03,2,kpszsu,official,missile_tracks,kyiv_obl,1.0,18723,"🚀Київська, Чернігівська, Черкаська, Полтавська області - ракетна небезпека!",2026-09-10T09:18:34.317066+00:00
2024-09-04,1,kpszsu,official,drones_launched,ua,78.0,,"ою «Іскандер-М» із окупованого Криму та 78-ма ударними БпЛА типу «Shahed» (райони пусків – Курськ, ",2026-09-10T09:18:34.317066+00:00
2024-09-04,1,kpszsu,official,targets_downed,ua,60.0,,"⚡️ ЗБИТО 60 УДАРНИХ БПЛА
💥 В результаті протиповітр",2026-09-10T09:18:34.317066+00:00
2024-09-04,2,kpszsu,official,drone_tracks,kyiv_obl,2.0,18825,"Через Київщину ""шахеди"" рухаються в напрямку Житомирської області!",2026-09-10T09:18:34.317066+00:00
2024-09-05,1,kpszsu,official,attacked,kyiv,0.0,,"канал вів повітряну обстановку (58 повідомлень з 92), жодного супроводу на Київ, тривог у місті менше 3 годин",2026-09-10T09:18:34.317066+00:00
2024-09-05,1,kpszsu,official,drones_launched,ua,44.0,,"ганської та Брянської областей, а також 44-ма ударними БпЛА типу «Shahed» (райони пусків – Курськ, ",2026-09-10T09:18:34.317066+00:00
2024-09-05,1,kpszsu,official,targets_downed,ua,27.0,,"⚡️ ЗБИТО 27 УДАРНИХ БПЛА
💥 В результаті протиповітр",2026-09-10T09:18:34.317066+00:00
2024-09-05,2,kpszsu,official,drone_tracks,kyiv_obl,4.0,18904,🛵 Київська область - загроза ударних БпЛА!,2026-09-10T09:18:34.317066+00:00
2024-09-05,2,kpszsu,official,missile_tracks,kyiv_obl,1.0,18918,"🚀 Київська, Черкаська області - ракетна небезпека.",2026-09-10T09:18:34.317066+00:00
2024-09-06,1,kpszsu,official,attacked,kyiv,1.0,,є повідомлення супроводу цілей на Київ,2026-09-10T09:18:34.317066+00:00
2024-09-06,1,kpszsu,official,drone_tracks,kyiv,2.0,18970,🛵 Ударні ворожі БпЛА в районі Києва зі сходу;,2026-09-10T09:18:34.317066+00:00
2024-09-06,1,kpszsu,official,targets_downed,ua,58.0,,"⚡️ ЗБИТО 58 УДАРНИХ БПЛА
💥 В результаті протиповітр",2026-09-10T09:18:34.317066+00:00
2024-09-06,2,kpszsu,official,drone_tracks,kyiv_obl,1.0,18977,"🛵 Щодо руху ударних БпЛА:
1. БпЛА на північному сході Вінниччини, курс північно-західний;
2.  БпЛА на північному сході Житомирщини, курс західний;
3.  БпЛА в Яготинському та Переяславському районах Ки",2026-09-10T09:18:34.317066+00:00
2024-09-07,1,kpszsu,official,attacked,kyiv,0.0,,"канал вів повітряну обстановку (29 повідомлень з 53), жодного супроводу на Київ, тривог у місті менше 3 годин",2026-09-10T09:18:34.317066+00:00
2024-09-07,1,kpszsu,official,drones_launched,ua,23.0,,ами Х-59 із Бєлгородської обл. – рф. та 23-ма ударними БпЛА типу «Shahed» (райони пусків: Курськ – ,2026-09-10T09:18:34.317066+00:00
2024-09-07,1,kpszsu,official,targets_downed,ua,15.0,,"⚡️ ЗБИТО 15 «ШАХЕДІВ» ТА ОДНУ Х-59
💥 В результаті п",2026-09-10T09:18:34.317066+00:00
2024-09-08,1,kpszsu,official,attacked,kyiv,1.0,,є повідомлення супроводу цілей на Київ,2026-09-10T09:18:34.317066+00:00
2024-09-08,1,kpszsu,official,drone_tracks,kyiv,1.0,19059,"🛵  ""Шахеди"" ➡️ у напрямку Києва по Дніпро",2026-09-10T09:18:34.317066+00:00
2024-09-08,1,kpszsu,official,drones_launched,ua,8.0,,ї обл. – рф. та окупованої Донеччини та 8-ма ударними БпЛА типу «Shahed» (район пусків: Курськ – р,2026-09-10T09:18:34.317066+00:00
2024-09-08,1,kpszsu,official,missiles_launched,ua,3.0,, 9 вересня 2024 року противник атакував трьома керованими авіаційними ракетами Х-59/69 із повітряного простору Курс,2026-09-10T09:18:34.317066+00:00
2024-09-08,1,kpszsu,official,targets_downed,ua,6.0,,"⚡️ ЗБИТО ШІСТЬ «ШАХЕДІВ» ТА ДВІ Х-59/69
💥 В результаті ",2026-09-10T09:18:34.317066+00:00
2024-09-09,1,kpszsu,official,attacked,kyiv,0.0,,"канал вів повітряну обстановку (21 повідомлень з 51), жодного супроводу на Київ, тривог у місті менше 3 годин",2026-09-10T09:18:34.317066+00:00
2024-09-09,1,kpszsu,official,drones_launched,ua,46.0,,"о простору над акваторією Чорного моря, 46-ма ударними БпЛА типу «Shahed» (райони пусків: Курськ, Є",2026-09-10T09:18:34.317066+00:00
2024-09-09,1,kpszsu,official,targets_downed,ua,38.0,,"⚡️ ЗБИТО 38 УДАРНИХ БПЛА
💥 До відбиття повітряного ",2026-09-10T09:18:34.317066+00:00
2024-09-09,2,kpszsu,official,drone_tracks,kyiv_obl,4.0,19099,"Кілька 🛵 ➡️ на півдні Київщини. Курсом ➡️ на Черкаську область.

""Шахеди"" з Кіровоградщини на ➡️ Черкащину.

Кілька груп 🛵 через Миколаївщину на Кіровоградщину.

🛵 через Сумщину ➡️ на Чернігівщину.",2026-09-10T09:18:34.317066+00:00
2024-09-10,1,kpszsu,official,attacked,kyiv,0.0,,"канал вів повітряну обстановку (17 повідомлень з 46), жодного супроводу на Київ, тривог у місті менше 3 годин",2026-09-10T09:18:34.317066+00:00
2024-09-10,1,kpszsu,official,drones_launched,ua,25.0,,"орного моря в напрямку острова Зміїний, 25-ма ударними БпЛА типу «Shahed» (райони пусків: Курськ, Є",2026-09-10T09:18:34.317066+00:00
2024-09-10,1,kpszsu,official,targets_downed,ua,20.0,,"⚡️ ЗБИТО 20 УДАРНИХ БПЛА
💥 До відбиття повітряного ",2026-09-10T09:18:34.317066+00:00
2024-09-10,2,kpszsu,official,drone_tracks,kyiv_obl,1.0,19153,"Рух ударних БпЛА:
1. БпЛА на Полтавщині, курс північно-західний (Київщина, Чернігівщина).
2. Декілька груп БпЛА у Херсонській та Миколаївській областях, курс на північ.",2026-09-10T09:18:34.317066+00:00
2024-09-11,1,kpszsu,official,attacked,kyiv,1.0,,є повідомлення супроводу цілей на Київ,2026-09-10T09:18:34.317066+00:00
2024-09-11,1,kpszsu,official,drone_tracks,kyiv,3.0,19204,📢Київ - шахед з північного сходу столиці! Пройдіть в укриття!,2026-09-10T09:18:34.317066+00:00
2024-09-11,1,kpszsu,official,drones_launched,ua,64.0,,"рного моря в напрямку острова Зміїний), 64-ма ударними БпЛА типу «Shahed» (райони пусків: Курськ, Є",2026-09-10T09:18:34.317066+00:00
2024-09-11,1,kpszsu,official,missile_tracks,kyiv,1.0,19208,Ракета на Київ!,2026-09-10T09:18:34.317066+00:00
2024-09-11,1,kpszsu,official,targets_downed,ua,44.0,,"⚡️ ЗБИТО 44 УДАРНИХ БПЛА
💥 Повітряний напад противн",2026-09-10T09:18:34.317066+00:00
2024-09-11,2,kpszsu,official,drone_tracks,kyiv_obl,3.0,19200,"🛵 Група шахедів продовжує рух:
🛵 з Харківщини курсом на південний-захід!
🛵 з Полтавщини курсом на північний-захід!
🛵 з Дніпропетровщини на захід та північний-захід!
🛵 з Херсонщинина північний-захід!
🛵",2026-09-10T09:18:34.317066+00:00
2024-09-11,2,kpszsu,official,missile_tracks,kyiv_obl,2.0,19185,Ракета на Чернігівщині курсом на Київщину!,2026-09-10T09:18:34.317066+00:00
2024-09-12,1,kpszsu,official,attacked,kyiv,0.0,,"канал вів повітряну обстановку (30 повідомлень з 47), жодного супроводу на Київ, тривог у місті менше 3 годин",2026-09-10T09:18:34.317066+00:00
2024-09-12,1,kpszsu,official,drones_launched,ua,26.0,,У ніч на 13 вересня 2024 року противник атакував 26-ма ударними БпЛА типу «Shahed» (райони пусків: Приморськ,2026-09-10T09:18:34.317066+00:00
2024-09-12,1,kpszsu,official,targets_downed,ua,24.0,,"⚡️ ЗБИТО 24 «ШАХЕДИ»
💥 В результаті протиповітряног",2026-09-10T09:18:34.317066+00:00
2024-09-12,2,kpszsu,official,drone_tracks,kyiv_obl,5.0,19238,"⚠Увага!
🛵 Київська область - загроза застосування ударних БпЛА!",2026-09-10T09:18:34.317066+00:00
2024-09-13,1,kpszsu,official,attacked,kyiv,1.0,,є повідомлення супроводу цілей на Київ,2026-09-10T09:18:34.317066+00:00
2024-09-13,1,kpszsu,official,drone_tracks,kyiv,1.0,19311,"⚠Увага!
🛵Київ- загроза застосування ударних БпЛА!",2026-09-10T09:18:34.317066+00:00
2024-09-13,1,kpszsu,official,targets_downed,ua,72.0,,"⚡️ ЗБИТО 72 «ШАХЕДИ»
💥 В результаті протиповітряног",2026-09-10T09:18:34.317066+00:00
2024-09-13,2,kpszsu,official,drone_tracks,kyiv_obl,5.0,19298,"🛵 ""Шахеди"" на Чернігівщині➡️  курс на  Київську область.",2026-09-10T09:18:34.317066+00:00
2024-09-13,2,kpszsu,official,missile_tracks,kyiv_obl,1.0,19289,☄️ Загроза застосування балістики Київщина,2026-09-10T09:18:34.317066+00:00
2024-09-14,1,kpszsu,official,attacked,kyiv,0.0,,"канал вів повітряну обстановку (24 повідомлень з 41), жодного супроводу на Київ, тривог у місті менше 3 годин",2026-09-10T09:18:34.317066+00:00
2024-09-14,1,kpszsu,official,drones_launched,ua,14.0,," простору ТОТ Запорізької обл., а також 14-ма ударними БпЛА типу «Shahed» (райони пусків: Курськ – ",2026-09-10T09:18:34.317066+00:00
2024-09-14,1,kpszsu,official,targets_downed,ua,1.0,,"⚡️ ЗБИТО ОДНУ РАКЕТУ ТА 10 УДАРНИХ БПЛА
💥 Повітряний н",2026-09-10T09:18:34.317066+00:00
2024-09-14,2,kpszsu,official,drone_tracks,kyiv_obl,3.0,19365,🛵 Ударні БпЛА у західній частині Полтавщини курсом на Київщину.,2026-09-10T09:18:34.317066+00:00
2024-09-15,1,kpszsu,official,attacked,kyiv,1.0,,є повідомлення супроводу цілей на Київ,2026-09-10T09:18:34.317066+00:00
2024-09-15,1,kpszsu,official,drone_tracks,kyiv,3.0,19443,🛵 БпЛА на Київ з південного заходу.,2026-09-10T09:18:34.317066+00:00
2024-09-15,1,kpszsu,official,drones_launched,ua,56.0,,"яних Сил виявлено та здійснено супровід 56 ударних БплА (пуски із Курська та Єйська – рф).

Осн",2026-09-10T09:18:34.317066+00:00
2024-09-15,1,kpszsu,official,targets_downed,ua,53.0,,"⚡️ ЗБИТО 53 УДАРНІ БПЛА
💥 В результаті протиповітря",2026-09-10T09:18:34.317066+00:00
2024-09-15,2,kpszsu,official,drone_tracks,kyiv_obl,7.0,19401,🛵 Київщина - загроза застосування ударних БпЛА!,2026-09-10T09:18:34.317066+00:00
2024-09-15,2,kpszsu,official,missile_tracks,kyiv_obl,1.0,19432,🚀 Київська область - ракетна небезпека.,2026-09-10T09:18:34.317066+00:00
2024-09-16,1,kpszsu,official,attacked,kyiv,1.0,,є повідомлення супроводу цілей на Київ,2026-09-10T09:18:34.317066+00:00
2024-09-16,1,kpszsu,official,drone_tracks,kyiv,1.0,19478,"🛵Шахед на Київ зі сторони Борисполя!
🔱Пройдіть, будь ласка, в укриття!",2026-09-10T09:18:34.317066+00:00
2024-09-16,1,kpszsu,official,drones_launched,ua,51.0,,"яних Сил виявлено та здійснено супровід 51 ударного БплА із напрямків: Курськ, Приморсько-Ахтарс",2026-09-10T09:18:34.317066+00:00
2024-09-16,1,kpszsu,official,targets_downed,ua,34.0,,"⚡️ ЗБИТО 34 УДАРНІ БПЛА
💥 Повітряний напад противни",2026-09-10T09:18:34.317066+00:00
2024-09-16,2,kpszsu,official,drone_tracks,kyiv_obl,2.0,19471,"🛵Група шахедів на Сумщині, продовжують рух в напрямку Чернігівщини!
🛵 Група шахедів на Полтавщині, продовжують рух в напрямку Київщини!",2026-09-10T09:18:34.317066+00:00
2024-09-17,1,kpszsu,official,attacked,kyiv,1.0,,є повідомлення супроводу цілей на Київ,2026-09-10T09:18:34.317066+00:00
2024-09-17,1,kpszsu,official,drone_tracks,kyiv,2.0,19554,"⚠ Увага!
🛵 ""Шахеди""з Білої Церкви ➡️  в напрямку столиці.
🛵 ""Шахеди"" на сході Київської області ➡️  в напрямку Білої Церкви!
🛵 ""Шахеди"" на півночі Полтавщини ➡️  в напрямку Київщини та на півдні ➡️  в",2026-09-10T09:18:34.317066+00:00
2024-09-17,1,kpszsu,official,drones_launched,ua,52.0,,"яного простору окупованої Херсонщини та 52-ма ударними БпЛА із районів: Курськ, Єйськ – рф.


❗️Крі",2026-09-10T09:18:34.317066+00:00
2024-09-17,1,kpszsu,official,targets_downed,ua,46.0,,"⚡️ ЗБИТО 46 УДАРНИХ БПЛА
💥  До відбиття повітряного",2026-09-10T09:18:34.317066+00:00
2024-09-17,2,kpszsu,official,drone_tracks,kyiv_obl,8.0,19546,"🛵 Щодо руху БпЛА:
1. БпЛА на межі Черкаської області області, в  напрямку Київщини
2.  БпЛА на півночі Одеської області курсом на Вінниччину",2026-09-10T09:18:34.317066+00:00
2024-09-18,1,kpszsu,official,attacked,kyiv,0.0,,"канал вів повітряну обстановку (15 повідомлень з 29), жодного супроводу на Київ, тривог у місті менше 3 годин",2026-09-10T09:18:34.317066+00:00
2024-09-18,1,kpszsu,official,drones_launched,ua,42.0,,"остору ТОТ Запорізької області, а також 42-ма ударними БпЛА типу «Shahed» (райони пусків: Приморськ",2026-09-10T09:18:34.317066+00:00
2024-09-18,1,kpszsu,official,targets_downed,ua,42.0,,⚡️ ЗБИТО 42 УДАРНИХ БПЛА ТА ОДНУ КЕРОВАНУ АВІАЦІЙНУ,2026-09-10T09:18:34.317066+00:00
2024-09-18,2,kpszsu,official,drone_tracks,kyiv_obl,2.0,19599,"Щодо руху ударних БпЛА:
🛵 БпЛА на межі Вінницької та Хмельницької областей, курс північний.
🛵 БпЛА в південній частині Вінницької області, курс північно-західний.
🛵 БпЛА західніше Житомира, курс півні",2026-09-10T09:18:34.317066+00:00
2024-09-19,1,kpszsu,official,attacked,kyiv,1.0,,є повідомлення супроводу цілей на Київ,2026-09-10T09:18:34.317066+00:00
2024-09-19,1,kpszsu,official,drone_tracks,kyiv,1.0,19632,"Група шахедів продовжує рух:
🛵 на південному сході від Києва курсом на південний захід!
🛵 на півночі Черкаської області курсом на Білу Церкву!
🛵 на заході Полтавщини курсом на Київщину та на сході Пол",2026-09-10T09:18:34.317066+00:00
2024-09-19,1,kpszsu,official,drones_launched,ua,70.0,,"остору ТОТ Запорізької області, а також 70-ма ударними БпЛА типу «Shahed» (райони пусків: Приморськ",2026-09-10T09:18:34.317066+00:00
2024-09-19,1,kpszsu,official,targets_downed,ua,61.0,,⚡️ ЗБИТО 61 УДАРНИЙ БПЛА ТА ОДНУ КЕРОВАНУ АВІАЦІЙНУ,2026-09-10T09:18:34.317066+00:00
2024-09-19,2,kpszsu,official,drone_tracks,kyiv_obl,4.0,19630,"🛵група шахедів продовжує рух на  півдні Чернігівщини в напрямку Київщини!
🛵група шахедів на сході Київської області продовжує рух курсом на Черкаси!
🛵група шахедів подовжує рух на межі Сумської та Пол",2026-09-10T09:18:34.317066+00:00
2024-09-20,1,kpszsu,official,attacked,kyiv,0.0,,"канал вів повітряну обстановку (50 повідомлень з 79), жодного супроводу на Київ, тривог у місті менше 3 годин",2026-09-10T09:18:34.317066+00:00
2024-09-20,1,kpszsu,official,drones_launched,ua,16.0,,Т Запорізької обл. Також ворог випустив 16 ударних БпЛА типу «Shahed» із Приморсько-Ахтарська т,2026-09-10T09:18:34.317066+00:00
2024-09-20,1,kpszsu,official,targets_downed,ua,5.0,,⚡️ ЗБИТО 5 КЕРОВАНИХ АВІАЦІЙНИХ РАКЕТ ТА 11 УДАРНИ,2026-09-10T09:18:34.317066+00:00
2024-09-20,2,kpszsu,official,missile_tracks,kyiv_obl,1.0,19731,"⚠Увага!
☄️ Загроза застосування балістики на Чернігівщину та Київщину",2026-09-10T09:18:34.317066+00:00
2024-09-21,1,kpszsu,official,attacked,kyiv,1.0,,є повідомлення супроводу цілей на Київ,2026-09-10T09:18:34.317066+00:00
2024-09-21,1,kpszsu,official,drone_tracks,kyiv,1.0,19768,"⚠Увага!
🛵 Київська область  - облітає Київ зі сторони Броварів .
🛵 ""Шахеди""  на  Миколаївщині ➡️  курсом на південний захід.
🛵 ""Шахеди""в Черкаській області➡️   курс західний.
🛵 ""Шахеди""в Кіровоградськ",2026-09-10T09:18:34.317066+00:00
2024-09-21,1,kpszsu,official,drones_launched,ua,80.0,, Луганської обл. та випустив по Україні 80 ударних БпЛА типу «Shahed» із Єйська та Курська – рф,2026-09-10T09:18:34.317066+00:00
2024-09-21,1,kpszsu,official,targets_downed,ua,71.0,,"⚡️ ЗБИТО 71 УДАРНИЙ БПЛА
💥 В результаті протиповітр",2026-09-10T09:18:34.317066+00:00
2024-09-21,2,kpszsu,official,drone_tracks,kyiv_obl,5.0,19761,"⚠Увага!
🛵 Київська область  - загроза застосування ударних БпЛА!
🛵 ""Шахеди"" на Миколаївщині ➡️  курсом на південний захід.
🛵 ""Шахеди""з Черкаської області➡️   на Київщину.
🛵 ""Шахеди""на Полтавщині➡️  ку",2026-09-10T09:18:34.317066+00:00
2024-09-22,1,kpszsu,official,attacked,kyiv,0.0,,"канал вів повітряну обстановку (11 повідомлень з 34), жодного супроводу на Київ, тривог у місті менше 3 годин",2026-09-10T09:18:34.317066+00:00
2024-09-22,1,kpszsu,official,missiles_launched,ua,2.0,,влено шість засобів повітряного нападу: дві керовані авіаційні ракети Х-59/69 та чотири ударні БпЛА типу «Sh,2026-09-10T09:18:34.317066+00:00
2024-09-22,1,kpszsu,official,targets_downed,ua,3.0,,"⚡️ ЗБИТО ТРИ УДАРНІ БПЛА
💥 В результаті бойової робот",2026-09-10T09:18:34.317066+00:00
2024-09-23,1,kpszsu,official,attacked,kyiv,0.0,,"канал вів повітряну обстановку (35 повідомлень з 68), жодного супроводу на Київ, тривог у місті менше 3 годин",2026-09-10T09:18:34.317066+00:00
2024-09-23,1,kpszsu,official,drones_launched,ua,81.0,,"становлюється) із Курської обл. – рф;
- 81 ударний БплА типу «Shahed» із районів Курськ та Прим",2026-09-10T09:18:34.317066+00:00
2024-09-23,1,kpszsu,official,targets_downed,ua,66.0,,"⚡️ ЗБИТО 66 УДАРНИХ БПЛА
В результаті протиповітрян",2026-09-10T09:18:34.317066+00:00
2024-09-23,2,kpszsu,official,drone_tracks,kyiv_obl,2.0,19889,"🛵 БпЛА з Чернігівщини на Київщину, курс південно-західний:
🛵 БпЛА на сході Київщини, курс південно-західний;
🛵 БпЛА західним курсом з Сумщини на Чернігівщину;
🛵 БпЛА з Харківщини на Дніпропетровщину.",2026-09-10T09:18:34.317066+00:00
2024-09-24,1,kpszsu,official,attacked,kyiv,0.0,,"канал вів повітряну обстановку (31 повідомлень з 50), жодного супроводу на Київ, тривог у місті менше 3 годин",2026-09-10T09:18:34.317066+00:00
2024-09-24,1,kpszsu,official,drones_launched,ua,32.0,,"стору з акваторії Чорного моря, а також 32-ма ударними БпЛА типу «Shahed» (райони пусків: Приморськ",2026-09-10T09:18:34.317066+00:00
2024-09-24,1,kpszsu,official,targets_downed,ua,28.0,,⚡️ ЗБИТО 28 УДАРНИХ БПЛА ТА ЧОТИРИ КЕРОВАНІ АВІАЦІЙ,2026-09-10T09:18:34.317066+00:00
2024-09-24,2,kpszsu,official,drone_tracks,kyiv_obl,1.0,19940,"Рух ударних БпЛА:
🛵 БпЛА в південній частині Хмельницької області, - курс західний.
🛵 БпЛА в південній частині Полтавської області, курс південний.
🛵 БпЛА на межі Полтавської та Черкаської областей, к",2026-09-10T09:18:34.317066+00:00
2024-09-25,1,kpszsu,official,attacked,kyiv,1.0,,є повідомлення супроводу цілей на Київ,2026-09-10T09:18:34.317066+00:00
2024-09-25,1,kpszsu,official,drone_tracks,kyiv,4.0,20004,"⚠Увага!
🛵 Київ - загроза застосування ворогом ударних БпЛА з півночі!
У разі оголошення тривоги прямуйте в укриття.",2026-09-10T09:18:34.317066+00:00
2024-09-25,1,kpszsu,official,drones_launched,ua,78.0,,ря. Також окупанти випустили по Україні 78 ударних БпЛА типу «Shahed» (райони пусків: Приморськ,2026-09-10T09:18:34.317066+00:00
2024-09-25,1,kpszsu,official,targets_downed,ua,66.0,,⚡️ ЗБИТО 66 УДАРНИХ БПЛА ТА ЧОТИРИ КЕРОВАНІ АВІАЦІЙ,2026-09-10T09:18:34.317066+00:00
2024-09-25,2,kpszsu,official,drone_tracks,kyiv_obl,8.0,19992,"⚠🛵 Увага! 
Київщина рух ударних БпЛА у вашому напрямку з Чернігівщини та Черкащини.
У разі оголошення тривоги прямуйте в укриття.",2026-09-10T09:18:34.317066+00:00
2024-09-26,1,kpszsu,official,attacked,kyiv,0.0,,"канал вів повітряну обстановку (40 повідомлень з 68), жодного супроводу на Київ, тривог у місті менше 3 годин",2026-09-10T09:18:34.317066+00:00
2024-09-26,1,kpszsu,official,drones_launched,ua,32.0,,ря. Також окупанти випустили по Україні 32 ударних БпЛА типу «Shahed» (район пусків: Приморсько,2026-09-10T09:18:34.317066+00:00
2024-09-26,1,kpszsu,official,targets_downed,ua,24.0,,"⚡️ ЗБИТО 24 УДАРНИХ БПЛА
В результаті протиповітрян",2026-09-10T09:18:34.317066+00:00
2024-09-27,1,kpszsu,official,attacked,kyiv,1.0,,є повідомлення супроводу цілей на Київ,2026-09-10T09:18:34.317066+00:00
2024-09-27,1,kpszsu,official,drone_tracks,kyiv,2.0,20148,"🛵 БПЛА продовжують рух:
1. БпЛА з Сумщини на Чернігівщину західним курсом;
2. БпЛА на Чернігівщині рухаються у напрямку Київської області та у напрямку Полтавщини;
3. БпЛА з Черкащини на Кіровоградщин",2026-09-10T09:18:34.317066+00:00
2024-09-27,1,kpszsu,official,drones_launched,ua,73.0,,"ряного простору ТОТ Запорізької обл.;
- 73 ударних БПлА типу «Shahed» із районів Курськ, Примор",2026-09-10T09:18:34.317066+00:00
2024-09-27,1,kpszsu,official,targets_downed,ua,69.0,,⚡️ ЗБИТО 69 УДАРНИХ БПЛА ТА ДВІ КЕРОВАНІ АВІАЦІЙНІ ,2026-09-10T09:18:34.317066+00:00
2024-09-27,2,kpszsu,official,drone_tracks,kyiv_obl,3.0,20150,"🛵 БпЛА на півночі Київської області рухаються на захід;
🛵 БпЛА з Сумщини на Чернігівщину західним курсом;
🛵 БпЛА на Полтавщині курс західний;
🛵 БпЛА на півдні Черкащини, курс північний;
🛵 БпЛА в район",2026-09-10T09:18:34.317066+00:00
2024-09-28,1,kpszsu,official,attacked,kyiv,0.0,,"канал вів повітряну обстановку (25 повідомлень з 47), жодного супроводу на Київ, тривог у місті менше 3 годин",2026-09-10T09:18:34.317066+00:00
2024-09-28,1,kpszsu,official,drones_launched,ua,22.0,,"2024 року противник випустив по Україні 22 ударних БпЛА типу «Shahed» (райони пусків: Єйськ, Ку",2026-09-10T09:18:34.317066+00:00
2024-09-28,1,kpszsu,official,targets_downed,ua,15.0,,"⚡️ ЗБИТО 15 УДАРНИХ БПЛА
💥 В результаті протиповітр",2026-09-10T09:18:34.317066+00:00
2024-09-28,2,kpszsu,official,missile_tracks,kyiv_obl,1.0,20194,"⚠Увага!
🚀Київська та Житомирська область – ракетна небезпека!",2026-09-10T09:18:34.317066+00:00
2024-09-29,1,kpszsu,official,attacked,kyiv,1.0,,є повідомлення супроводу цілей на Київ,2026-09-10T09:18:34.317066+00:00
2024-09-29,1,kpszsu,official,drone_tracks,kyiv,3.0,20243,"Рух ударних БпЛА:
🛵 БпЛА північніше Києва та на півдні Київської області, постійно змінюють курс.
🛵 БпЛА північніше Житомира, курс східний.
🛵 БпЛА в західній частині Черкаської області, курс північний",2026-09-10T09:18:34.317066+00:00
2024-09-29,1,kpszsu,official,drones_launched,ua,73.0,,"простору над акваторією Чорного моря;
- 73 ударних БпЛА типу «Shahed» із районів Курськ, Єйськ,",2026-09-10T09:18:34.317066+00:00
2024-09-29,1,kpszsu,official,targets_downed,ua,67.0,,⚡️ ЗБИТО 67 УДАРНИХ БПЛА ТА ОДНУ КЕРОВАНУ АВІАЦІЙНУ,2026-09-10T09:18:34.317066+00:00
2024-09-29,2,kpszsu,official,drone_tracks,kyiv_obl,4.0,20233,"🛵 БпЛА з Полтавщини, курсом на Київщину.
🛵 БпЛА на Одещині змінив курс на північ.",2026-09-10T09:18:34.317066+00:00
2024-09-30,1,kpszsu,official,attacked,kyiv,0.0,,"канал вів повітряну обстановку (39 повідомлень з 98), жодного супроводу на Київ, тривог у місті менше 3 годин",2026-09-10T09:18:34.317066+00:00
2024-09-30,1,kpszsu,official,drones_launched,ua,32.0,,"➖
У ніч на 1 жовтня 2024 року противник атакував Україну 32-ма ударними БпЛА типу «Shahed» (райони пусків: Приморськ",2026-09-10T09:18:34.317066+00:00
2024-09-30,1,kpszsu,official,targets_downed,ua,29.0,,"⚡️ ЗБИТО 29 УДАРНИХ БПЛА
💥 В результаті протиповітр",2026-09-10T09:18:34.317066+00:00
2024-09-30,2,kpszsu,official,drone_tracks,kyiv_obl,3.0,20329,"⚠Увага!
🛵 Київська область - загроза застосування ударних БпЛА! Можлива робота ППО.",2026-09-10T09:18:34.317066+00:00
2024-10-01,1,kpszsu,official,attacked,kyiv,0.0,,"канал вів повітряну обстановку (44 повідомлень з 70), жодного супроводу на Київ, тривог у місті менше 3 годин",2026-09-10T09:18:34.317066+00:00
2024-10-01,1,kpszsu,official,drones_launched,ua,32.0,,"➖
У ніч на 2 жовтня 2024 року противник атакував Україну 32-ма ударними БпЛА типу «Shahed» (райони пусків: Приморськ",2026-09-10T09:18:34.317066+00:00
2024-10-01,1,kpszsu,official,targets_downed,ua,11.0,,"⚡️ ЗБИТО 11 УДАРНИХ БПЛА
В результаті протиповітрян",2026-09-10T09:18:34.317066+00:00
2024-10-01,2,kpszsu,official,drone_tracks,kyiv_obl,4.0,20383,"⚠️⚠️Активність ворожих розвідувальних БпЛА у Київській області. 
Можлива робота ППО.",2026-09-10T09:18:34.317066+00:00
2024-10-02,1,kpszsu,official,targets_downed,ua,78.0,,"⚡️ ЗБИТО 78 УДАРНИХ БПЛА 
💥 В результаті протиповіт",2026-09-10T09:18:34.317066+00:00
2024-10-02,2,kpszsu,official,drone_tracks,kyiv_obl,3.0,20462,🛵 БпЛА з Полтавщини через Черкащину у напрямку Київщини (вектор руху Яготин),2026-09-10T09:18:34.317066+00:00
2024-10-03,1,kpszsu,official,attacked,kyiv,1.0,,є повідомлення супроводу цілей на Київ,2026-09-10T09:18:34.317066+00:00
2024-10-03,1,kpszsu,official,drone_tracks,kyiv,2.0,20559,🛵 БпЛА на Київщині. Курсом на Київ.,2026-09-10T09:18:34.317066+00:00
2024-10-03,1,kpszsu,official,drones_launched,ua,19.0,,"арськ, Курськ – рф. та мис Чауда – Крим 19 ударних БпЛА типу «Shahed».

🇺🇦 Разом – до перемоги!",2026-09-10T09:18:34.317066+00:00
2024-10-03,1,kpszsu,official,targets_downed,ua,9.0,,"⚡️ ЗБИТО 9 УДАРНИХ БПЛА 
💥 9 ударних БпЛА збито пр",2026-09-10T09:18:34.317066+00:00
2024-10-03,2,kpszsu,official,drone_tracks,kyiv_obl,4.0,20504,🛵 БпЛА в південній частині Київської області- в напрямку Біла Церква.,2026-09-10T09:18:34.317066+00:00
2024-10-04,1,kpszsu,official,attacked,kyiv,0.0,,"канал вів повітряну обстановку (18 повідомлень з 52), жодного супроводу на Київ, тривог у місті менше 3 годин",2026-09-10T09:18:34.317066+00:00
2024-10-04,1,kpszsu,official,missiles_launched,ua,3.0,,4 року російські окупанти завдали удару трьома керованими авіаційними ракетами Х-59/69 з повітряного простору курсь,2026-09-10T09:18:34.317066+00:00
2024-10-04,1,kpszsu,official,targets_downed,ua,3.0,,аїни. В результаті протиповітряного бою збито 3 безпілотники противника в Одеській обла,2026-09-10T09:18:34.317066+00:00
2024-10-05,1,kpszsu,official,attacked,kyiv,1.0,,є повідомлення супроводу цілей на Київ,2026-09-10T09:18:34.317066+00:00
2024-10-05,1,kpszsu,official,drone_tracks,kyiv,1.0,20678,🛵 БпЛА в напрямку Києва з східного напрямку.,2026-09-10T09:18:34.317066+00:00
2024-10-05,1,kpszsu,official,targets_downed,ua,56.0,,"⚡️ ЗБИТО 56 УДАРНИХ БПЛА ТА ДВІ РАКЕТИ
💥 В результа",2026-09-10T09:18:34.317066+00:00
2024-10-05,2,kpszsu,official,drone_tracks,kyiv_obl,5.0,20692,"Рух ударних БпЛА:
🛵 БпЛА в східній частині Вінниччини, курс західний.
🛵 БпЛА в південній частині Чернігівщини, курс західний.
🛵 БпЛА в південно-східній частині Київщини, курс південно-східний.
🛵 БпЛА ",2026-09-10T09:18:34.317066+00:00
2024-10-06,1,kpszsu,official,attacked,kyiv,1.0,,є повідомлення супроводу цілей на Київ,2026-09-10T09:18:34.317066+00:00
2024-10-06,1,kpszsu,official,drone_tracks,kyiv,1.0,20738,"🛵 БпЛА наближається до Києва з заходу;
🛵 БпЛА наближається з до Дніпра з північного-сходу.",2026-09-10T09:18:34.317066+00:00
2024-10-06,1,kpszsu,official,targets_downed,ua,32.0,,⚡️ ЗБИТО 32 УДАРНИХ БПЛА ТА ДВІ РАКЕТИ «КИНДЖАЛ»,2026-09-10T09:18:34.317066+00:00
2024-10-06,2,kpszsu,official,drone_tracks,kyiv_obl,7.0,20735,"Щодо руху ударних БпЛА:
🛵 Декілька груп БпЛА з Курської області прямують через Сумщину на Полтавщину;
🛵 БпЛА з Харківської області прямують на південь та заходять у Дніпропетровську область;
🛵  БпЛА н",2026-09-10T09:18:34.317066+00:00
2024-10-06,2,kpszsu,official,missile_tracks,kyiv_obl,1.0,20733,🚀Крилата ракета через Чернігівщину у напрямку Київщини,2026-09-10T09:18:34.317066+00:00
2024-10-07,1,kpszsu,official,attacked,kyiv,0.0,,"канал вів повітряну обстановку (34 повідомлень з 86), жодного супроводу на Київ, тривог у місті менше 3 годин",2026-09-10T09:18:34.317066+00:00
2024-10-07,1,kpszsu,official,drones_launched,ua,19.0,,"скандер-М із окупованого Криму, а також 19-ма ударними БпЛА із Приморсько-Ахтарська, рф.


🇺🇦 Разом",2026-09-10T09:18:34.317066+00:00
2024-10-07,1,kpszsu,official,targets_downed,ua,18.0,,"⚡️ ЗБИТО 18 УДАРНИХ БПЛА
💥 В результаті протиповітр",2026-09-10T09:18:34.317066+00:00
2024-10-07,2,kpszsu,official,drone_tracks,kyiv_obl,1.0,20871,Київська область повітряна тривога! Спостерігається активність  БпЛА невизначеного типу.,2026-09-10T09:18:34.317066+00:00
2024-10-08,1,kpszsu,official,attacked,kyiv,0.0,,"канал вів повітряну обстановку (20 повідомлень з 57), жодного супроводу на Київ, тривог у місті менше 3 годин",2026-09-10T09:18:34.317066+00:00
2024-10-08,1,kpszsu,official,drones_launched,ua,22.0,,"N-23 із Курської області – рф., а також 22-ма ударними БпЛА із Приморсько-Ахтарська – рф., мис Чауд",2026-09-10T09:18:34.317066+00:00
2024-10-08,1,kpszsu,official,targets_downed,ua,21.0,,"⚡️ ЗБИТО 21 УДАРНИЙ БПЛА
В результаті протиповітрян",2026-09-10T09:18:34.317066+00:00
2024-10-08,2,kpszsu,official,drone_tracks,kyiv_obl,1.0,20920,🛵 Ударний БпЛА з Черкащини курсом на Київщину.,2026-09-10T09:18:34.317066+00:00
2024-10-09,1,kpszsu,official,attacked,kyiv,1.0,,є повідомлення супроводу цілей на Київ,2026-09-10T09:18:34.317066+00:00
2024-10-09,1,kpszsu,official,drone_tracks,kyiv,1.0,20979,"🛵БпЛА в районі Южного, курс північно-західний;
🛵 БпЛА на північному заході Дніпропетровської області, курсом на Кременчук;
🛵БпЛА в районі Запоріжжя з півночі;
🛵 БпЛА на заході Сумщини, орієнтовний нап",2026-09-10T09:18:34.317066+00:00
2024-10-09,1,kpszsu,official,drones_launched,ua,62.0,,"кети С-300 (із окупованої Донеччини);
- 62 ударні БпЛА  (райони пусків – Приморсько-Ахтарськ, ",2026-09-10T09:18:34.317066+00:00
2024-10-09,1,kpszsu,official,targets_downed,ua,41.0,,"⚡️ ЗБИТО 41 УДАРНИЙ БПЛА
💥 В результаті протиповітр",2026-09-10T09:18:34.317066+00:00
2024-10-10,1,kpszsu,official,drones_launched,ua,66.0,," простору над акваторією Чорного моря), 66-ма ударним БпЛА (район пусків – Курськ, рф).

До відбит",2026-09-10T09:18:34.317066+00:00
2024-10-10,1,kpszsu,official,targets_downed,ua,29.0,,"⚡️ ЗБИТО 29 УДАРНИХ БПЛА
💥 Станом на 11.00 в резуль",2026-09-10T09:18:34.317066+00:00
2024-10-10,2,kpszsu,official,drone_tracks,kyiv_obl,7.0,21050,"🛵 БпЛА на півдні Чернігівщини, курсом на Київщину.
🛵 БпЛА на Сумщині, постійно змінюють курс.
🛵 БпЛА на півночі та заході Полтавщини, курс південний.
🛵 БпЛА на межі Полтавщини та Харківщини, курс півд",2026-09-10T09:18:34.317066+00:00
2024-10-11,1,kpszsu,official,attacked,kyiv,0.0,,"канал вів повітряну обстановку (33 повідомлень з 91), жодного супроводу на Київ, тривог у місті менше 3 годин",2026-09-10T09:18:34.317066+00:00
2024-10-11,1,kpszsu,official,drones_launched,ua,28.0,,"йон пусків – Бєлгородська обл. – рф) та 28-ма ударним БпЛА (район пусків – Курськ, Приморсько-Ахта",2026-09-10T09:18:34.317066+00:00
2024-10-11,1,kpszsu,official,targets_downed,ua,24.0,,"⚡️ ЗБИТО 24 УДАРНИХ БПЛА
💥 В результаті протиповітр",2026-09-10T09:18:34.317066+00:00
2024-10-11,2,kpszsu,official,drone_tracks,kyiv_obl,3.0,21094,"⚠Увага!
🛵 Ударний БплА з Чернігівщини на Київщину!",2026-09-10T09:18:34.317066+00:00
2024-10-12,1,kpszsu,official,attacked,kyiv,1.0,,є повідомлення супроводу цілей на Київ,2026-09-10T09:18:34.317066+00:00
2024-10-12,1,kpszsu,official,drone_tracks,kyiv,1.0,21222,🛵 Київ - ударний БпЛА у напрямку міста!,2026-09-10T09:18:34.317066+00:00
2024-10-12,1,kpszsu,official,drones_launched,ua,68.0,,"тряного простору Курської обл., а також 68-ма ударними БпЛА (райони пусків: Курськ, Орел – рф.)

💥 ",2026-09-10T09:18:34.317066+00:00
2024-10-12,1,kpszsu,official,targets_downed,ua,31.0,,"⚡️ ЗБИТО 31 УДАРНИЙ БПЛА
В результаті протиповітрян",2026-09-10T09:18:34.317066+00:00
2024-10-12,2,kpszsu,official,drone_tracks,kyiv_obl,12.0,21203,🛵 Ударні БпЛА на півдні Чернігівщини курсом на Київщину!,2026-09-10T09:18:34.317066+00:00
2024-10-14,1,kpszsu,official,attacked,kyiv,0.0,,"канал вів повітряну обстановку (24 повідомлень з 55), жодного супроводу на Київ, тривог у місті менше 3 годин",2026-09-10T09:18:34.317066+00:00
2024-10-14,1,kpszsu,official,drones_launched,ua,17.0,,"тряного простору Курської обл., а також 17-ма ударними БпЛА (райони пусків: Курськ, Приморсько-Ахта",2026-09-10T09:18:34.317066+00:00
2024-10-14,1,kpszsu,official,targets_downed,ua,12.0,,"⚡️ ЗБИТО 12 УДАРНИХ БПЛА
В результаті протиповітрян",2026-09-10T09:18:34.317066+00:00
2024-10-14,2,kpszsu,official,drone_tracks,kyiv_obl,1.0,21275,🛵 Ворожі ударні БпЛА на Черкащині та Полтавщині прямують західним курсом у напрямку Київської області.,2026-09-10T09:18:34.317066+00:00
2024-10-15,1,kpszsu,official,attacked,kyiv,1.0,,є повідомлення супроводу цілей на Київ,2026-09-10T09:18:34.317066+00:00
2024-10-15,1,kpszsu,official,drone_tracks,kyiv,5.0,21347,"🛵 ""Шахеди""на Київщині ➡️  в районі столиці,  можлива робота ППО, перебувайте в укриттях!",2026-09-10T09:18:34.317066+00:00
2024-10-15,1,kpszsu,official,drones_launched,ua,136.0,,"тряного простору Курської обл., а також 136-ма ударними БпЛА (райони пусків: Курськ, Орел, Приморськ",2026-09-10T09:18:34.317066+00:00
2024-10-15,1,kpszsu,official,targets_downed,ua,51.0,,"⚡️ ЗБИТО 51 УДАРНИЙ БПЛА
💥 Станом на 07.00 в резуль",2026-09-10T09:18:34.317066+00:00
2024-10-15,2,kpszsu,official,drone_tracks,kyiv_obl,9.0,21327,"⚠ Увага!
🛵 ""Шахеди""на Сумщині ➡️  курсом південно-західним напрямок на  Полтавщину!
🛵 ""Шахеди""на Полтавщині ➡️  курсом південно-західним на Київську та Черкаську області.
🛵 ""Шахеди""на Чернігівщині➡️  ",2026-09-10T09:18:34.317066+00:00
2024-10-16,1,kpszsu,official,attacked,kyiv,1.0,,є повідомлення супроводу цілей на Київ,2026-09-10T09:18:34.317066+00:00
2024-10-16,1,kpszsu,official,drone_tracks,kyiv,4.0,21402,Київ - ворожий БпЛА з півночі у напрямку міста. Можлива робота ППО!,2026-09-10T09:18:34.317066+00:00
2024-10-16,1,kpszsu,official,drones_launched,ua,56.0,,"тряного простору Курської обл., а також 56-ма ударними БпЛА та безпілотниками невстановленого типу ",2026-09-10T09:18:34.317066+00:00
2024-10-16,1,kpszsu,official,targets_downed,ua,22.0,,"⚡️ ЗБИТО 22 УДАРНІ БПЛА
💥 В результаті протиповітря",2026-09-10T09:18:34.317066+00:00
2024-10-16,2,kpszsu,official,drone_tracks,kyiv_obl,8.0,21401,Київщина - загроза ворожих БпЛА!,2026-09-10T09:18:34.317066+00:00
2024-10-17,1,kpszsu,official,attacked,kyiv,1.0,,є повідомлення супроводу цілей на Київ,2026-09-10T09:18:34.317066+00:00
2024-10-17,1,kpszsu,official,drone_tracks,kyiv,2.0,21462,🛵 БпЛА в напрямку Києва з східного напрямку!,2026-09-10T09:18:34.317066+00:00
2024-10-17,1,kpszsu,official,targets_downed,ua,80.0,,"⚡️ ЗБИТО 80 УДАРНИХ БПЛА
💥 В результаті протиповітр",2026-09-10T09:18:34.317066+00:00
2024-10-17,2,kpszsu,official,drone_tracks,kyiv_obl,5.0,21460,"Рух ударних БпЛА:
🛵 БпЛА з Чернігівщини, курсом на Київщину.
🛵 БпЛА з Сумщини, курсом на Чернігівщину.
🛵 БпЛА з Полтавщини, курсом на південь.",2026-09-10T09:18:34.317066+00:00
2024-10-18,1,kpszsu,official,attacked,kyiv,1.0,,є повідомлення супроводу цілей на Київ,2026-09-10T09:18:34.317066+00:00
2024-10-18,1,kpszsu,official,drone_tracks,kyiv,1.0,21513,"🛵Оновлення щодо руху БпЛА:
1. БпЛА на сході Миколаївщини, курсом на південь;
2. БпЛА з Сумщини західним курсом на Чернігівщину;
3.  БпЛА з Полтавщини на Черкащину, південно-західним курсом;
4. БпЛА з ",2026-09-10T09:18:34.317066+00:00
2024-10-18,1,kpszsu,official,targets_downed,ua,42.0,,"⚡️ЗБИТО 42 БПЛА ТА 4 КЕРОВАНІ АВІАЦІЙНІ РАКЕТИ
💥 С",2026-09-10T09:18:34.317066+00:00
2024-10-18,2,kpszsu,official,drone_tracks,kyiv_obl,2.0,21500,"🛵 рух продовжується:
1. БпЛА на Сумщині заходять на Полтавщину південно-західним курсом;
2. БпЛА на півночі Полтавщини прямують на захід;
3. БпЛА на сході Черкащини у західному напрямку;
4. Групи БпЛА",2026-09-10T09:18:34.317066+00:00
2024-10-19,1,kpszsu,official,attacked,kyiv,1.0,,є повідомлення супроводу цілей на Київ,2026-09-10T09:18:34.317066+00:00
2024-10-19,1,kpszsu,official,drone_tracks,kyiv,5.0,21593,"⚠Увага!
🛵 Київ - загроза застосування ударних БпЛА! До відбою загрози активності  БпЛА , не ігноруйте сигнали повітряної тривоги та залишайтесь в укриттях.
🚀Пуск КАБ тактичною авіацією на Сумщину.",2026-09-10T09:18:34.317066+00:00
2024-10-19,1,kpszsu,official,targets_downed,ua,31.0,,⚡️ ЗБИТО 31 ВОРОЖИЙ БПЛА ,2026-09-10T09:18:34.317066+00:00
2024-10-19,2,kpszsu,official,drone_tracks,kyiv_obl,2.0,21587,"🚨Оновлення щодо шахедів:
🛵 БпЛА на Вінниччині! Курсом на північний захід!
🛵 БпЛА на Кіровоградщині. Курс - західний на Черкащину.
🛵 БпЛА на півночі Полтавщини. Рух у напрямку Миргорода.
🛵  ""Шахеди"" на",2026-09-10T09:18:34.317066+00:00
2024-10-20,1,kpszsu,official,attacked,kyiv,1.0,,є повідомлення супроводу цілей на Київ,2026-09-10T09:18:34.317066+00:00
2024-10-20,1,kpszsu,official,drone_tracks,kyiv,7.0,21670,🛵 Київ - ударний БпЛА зі сходу у напрямку міста!,2026-09-10T09:18:34.317066+00:00
2024-10-20,1,kpszsu,official,targets_downed,ua,59.0,,⚡️ ЗБИТО 59 ВОРОЖИХ БПЛА,2026-09-10T09:18:34.317066+00:00
2024-10-20,2,kpszsu,official,drone_tracks,kyiv_obl,5.0,21663,"🛵 Рух ударних БпЛА:
1. БпЛА з Чернігівщини курсом на Київщину.
2. Декілька груп БпЛА через Сумщину на Чернігівщину та Полтавщину.
3. Група БпЛА на Одещині курсом на Вінниччину.
4. Декілька груп БпЛА н",2026-09-10T09:18:34.317066+00:00
2024-10-21,1,kpszsu,official,attacked,kyiv,0.0,,"канал вів повітряну обстановку (21 повідомлень з 48), жодного супроводу на Київ, тривог у місті менше 3 годин",2026-09-10T09:18:34.317066+00:00
2024-10-21,1,kpszsu,official,targets_downed,ua,42.0,,"⚡️ ЗБИТО 42 ВОРОЖІ БПЛА
Більшість ударних БпЛА збит",2026-09-10T09:18:34.317066+00:00
2024-10-21,2,kpszsu,official,drone_tracks,kyiv_obl,1.0,21731,"Рух ударних БпЛА:
🛵 БпЛА східніше Харкова, курс північно-західний.
🛵 БпЛА на межі Київщини та Черкащини, курс західний.
🛵 БпЛА в північно-східній частині Кіровоградщини, курс південно-західний.
🛵 БпЛА",2026-09-10T09:18:34.317066+00:00
2024-10-22,1,kpszsu,official,attacked,kyiv,0.0,,"канал вів повітряну обстановку (19 повідомлень з 38), жодного супроводу на Київ, тривог у місті менше 3 годин",2026-09-10T09:18:34.317066+00:00
2024-10-22,1,kpszsu,official,drones_launched,ua,81.0,,2 жовтня) ворог завдає удару по Україні 81 ударним БпЛА типу «Shahed» та безпілотниками невстан,2026-09-10T09:18:34.317066+00:00
2024-10-22,1,kpszsu,official,targets_downed,ua,57.0,,⚡️ ЗБИТО 57 ВОРОЖИХ БПЛА,2026-09-10T09:18:34.317066+00:00
2024-10-22,2,kpszsu,official,drone_tracks,kyiv_obl,1.0,21778,"🛵БпЛА на межі Київської та Вінницької областей  курс південний;
🛵БпЛА на межі Київської та Черкаської областей  курс південно-західний (Умань);
🛵БпЛА у центральній частині Полтавщини, вектор руху Крем",2026-09-10T09:18:34.317066+00:00
2024-10-23,1,kpszsu,official,attacked,kyiv,1.0,,є повідомлення супроводу цілей на Київ,2026-09-10T09:18:34.317066+00:00
2024-10-23,1,kpszsu,official,drone_tracks,kyiv,1.0,21819,🛵 Поодинокі ударні БПлА ➡️ в передмісті Житомира та ➡️ північніше Києва!,2026-09-10T09:18:34.317066+00:00
2024-10-23,1,kpszsu,official,drones_launched,ua,50.0,, повітряного простору Брянської обл. та 50-ма ударними БпЛА типу «Shahed» та безпілотниками невстан,2026-09-10T09:18:34.317066+00:00
2024-10-23,1,kpszsu,official,targets_downed,ua,40.0,,⚡️  ЗБИТО 40 ВОРОЖИХ БПЛА,2026-09-10T09:18:34.317066+00:00
2024-10-23,2,kpszsu,official,drone_tracks,kyiv_obl,2.0,21803,🛵 Група ворожих ударних БпЛА ➡️ через Чернігівщину в напрямку Київської області!,2026-09-10T09:18:34.317066+00:00
2024-10-24,1,kpszsu,official,attacked,kyiv,1.0,,є повідомлення супроводу цілей на Київ,2026-09-10T09:18:34.317066+00:00
2024-10-24,1,kpszsu,official,drone_tracks,kyiv,1.0,21859,"⚠Увага! 
🛵Київ рух ударних БпЛА у вашому напрямку з північного напрямку.",2026-09-10T09:18:34.317066+00:00
2024-10-24,1,kpszsu,official,drones_launched,ua,63.0,,024 року (із 23.00 24 жовтня) противник атакував 63-ма ударними БпЛА типу «Shahed» та безпілотниками невстан,2026-09-10T09:18:34.317066+00:00
2024-10-24,1,kpszsu,official,targets_downed,ua,36.0,,"⚡️ ЗБИТО 36 ВОРОЖИХ БПЛА
💥 Станом на 10.00 підтверд",2026-09-10T09:18:34.317066+00:00
2024-10-24,2,kpszsu,official,drone_tracks,kyiv_obl,4.0,21857,"🛵Наразі декілька груп ударних БпЛА  рухаються територією Чернігівської області, у напрямку Київщини.",2026-09-10T09:18:34.317066+00:00
2024-10-25,1,kpszsu,official,attacked,kyiv,1.0,,є повідомлення супроводу цілей на Київ,2026-09-10T09:18:34.317066+00:00
2024-10-25,1,kpszsu,official,drone_tracks,kyiv,3.0,21902,"🛵 ""Шахеди""  на Київщині - курсом на Київ.
🛵 кілька груп ""шахедів"" на Чернігивщині - курсом на захід.",2026-09-10T09:18:34.317066+00:00
2024-10-25,1,kpszsu,official,targets_downed,ua,44.0,,⚡️ ЗБИТО 44 УДАРНИХ БПЛА,2026-09-10T09:18:34.317066+00:00
2024-10-25,2,kpszsu,official,drone_tracks,kyiv_obl,6.0,21906,"🛵 ""Шахеди""  з Київщини курсом на Житомирщину.",2026-09-10T09:18:34.317066+00:00
2024-10-26,1,kpszsu,official,drones_launched,ua,80.0,,024 року (із 21.00 26 жовтня) противник атакував 80-ма ударними БпЛА типу «Shahed» та безпілотниками невстан,2026-09-10T09:18:34.317066+00:00
2024-10-26,1,kpszsu,official,targets_downed,ua,41.0,,"⚡️ ЗБИТО 41 ВОРОЖИЙ БПЛА
💥 Станом на 09.30 підтверд",2026-09-10T09:18:34.317066+00:00
2024-10-26,2,kpszsu,official,drone_tracks,kyiv_obl,4.0,21964,"🛵Ударні ворожі БпЛА з Курської області через Сумщину у напрямку Чернігівщини, західним курсом;
🛵 Ворожі БпЛА з Чернігівщини у напрямку Київщини у південно-західному напрямку.",2026-09-10T09:18:34.317066+00:00
2024-10-27,1,kpszsu,official,attacked,kyiv,1.0,,є повідомлення супроводу цілей на Київ,2026-09-10T09:18:34.317066+00:00
2024-10-27,1,kpszsu,official,drone_tracks,kyiv,1.0,22005,"🛵 Кілька груп ""шахедів"" на півночі, півдні та сході Сумщини ➡️ на південний західний.
🛵 На Чернігівщині ➡️ курс на Київщину.
🛵 На Київщині ➡️   курс на столицю.
🛵 На Полтавщині ➡️ курс на Черкащину.
🛵",2026-09-10T09:18:34.317066+00:00
2024-10-27,1,kpszsu,official,drones_launched,ua,100.0,,з 19.00 27 жовтня) противник застосував 100 ударних БпЛА типу «Shahed» та безпілотників невстано,2026-09-10T09:18:34.317066+00:00
2024-10-27,1,kpszsu,official,targets_downed,ua,66.0,,"⚡️ ЗБИТО 66 ВОРОЖИХ БПЛА
💥 Станом на 10.30 підтверд",2026-09-10T09:18:34.317066+00:00
2024-10-27,2,kpszsu,official,drone_tracks,kyiv_obl,8.0,22007,"⚠ Увага! 
🛵 Нова група ""шахедів"" з півдня Херсонщини ➡️ на Миколаївщину.
🛵 з Миколаївщини ➡️ на Кіровоградщину.
🛵 Нова група ""шахедів"" на півночі Сумщини ➡️  курсом на Чернігівщину.
🛵 На Чернігівщині ",2026-09-10T09:18:34.317066+00:00
2024-10-28,1,kpszsu,official,drones_launched,ua,48.0,,"кандер-М» по місту Кривий Ріг із Криму, атакував 48-ма ударними БпЛА типу «Shahed» та безпілотниками невстан",2026-09-10T09:18:34.317066+00:00
2024-10-28,1,kpszsu,official,targets_downed,ua,26.0,,⚡️ ЗБИТО 26 ВОРОЖИХ БПЛА,2026-09-10T09:18:34.317066+00:00
2024-10-28,2,kpszsu,official,drone_tracks,kyiv_obl,7.0,22051,"🛵Ворожі БпЛА на Чернігівщині, рухаються у західному напрямку на Київщину.",2026-09-10T09:18:34.317066+00:00
2024-10-29,1,kpszsu,official,attacked,kyiv,1.0,,є повідомлення супроводу цілей на Київ,2026-09-10T09:18:34.317066+00:00
2024-10-29,1,kpszsu,official,drone_tracks,kyiv,1.0,22094,"🛵Наразі ворожі БпЛА спостерігаються у передмісті Києва, Хмельницького, в районі Кременчука та на Харківщині.",2026-09-10T09:18:34.317066+00:00
2024-10-29,1,kpszsu,official,drones_launched,ua,62.0,,"по приватному сектору на Сумщині, також атакував 62-ма ударними БпЛА типу «Shahed» та безпілотниками невстан",2026-09-10T09:18:34.317066+00:00
2024-10-29,1,kpszsu,official,targets_downed,ua,33.0,,⚡️ ЗБИТО 33 ВОРОЖИХ БПЛА,2026-09-10T09:18:34.317066+00:00
2024-10-29,2,kpszsu,official,drone_tracks,kyiv_obl,1.0,22093,Кілька груп ударних БпЛА через Чернігівську область ➡️ в напрямку Київщини.,2026-09-10T09:18:34.317066+00:00
2024-10-30,1,kpszsu,official,attacked,kyiv,1.0,,є повідомлення супроводу цілей на Київ,2026-09-10T09:18:34.317066+00:00
2024-10-30,1,kpszsu,official,drone_tracks,kyiv,2.0,22146,"🛵 ""шахед""  центрі Київщини  ➡️ курсом на захід. 
🛵 ""шахед""  на заході Київщини  ➡️ в напрямку на м. Київ. 
🛵 ""шахед"" на півдні Кіровоградської області ➡️ в напрямку на північ.",2026-09-10T09:18:34.317066+00:00
2024-10-30,1,kpszsu,official,drones_launched,ua,43.0,,"

Із напрямків Курськ, Орел — рф. ворог атакував 43-ма ударними БпЛА типу «Shahed» та безпілотниками невстан",2026-09-10T09:18:34.317066+00:00
2024-10-30,1,kpszsu,official,targets_downed,ua,17.0,,⚡️ ЗБИТО 17 ВОРОЖИХ БПЛА ТА 2 КЕРОВАНІ АВІАЦІЙНІ РА,2026-09-10T09:18:34.317066+00:00
2024-10-30,2,kpszsu,official,drone_tracks,kyiv_obl,2.0,22143,"🛵 ""шахед"" на заході Сумщини ➡️ курсом на Чернігівщину.
група ""шахедів"" в з Сумщини ➡️ курсом на Полтавщину та Чернігівщину..  
🛵 ""шахед"" в Черкаській області ➡️ курсом на Київщину.
🛵 ""шахеди"" на півдн",2026-09-10T09:18:34.317066+00:00
2024-10-31,1,kpszsu,official,attacked,kyiv,1.0,,є повідомлення супроводу цілей на Київ,2026-09-10T09:18:34.317066+00:00
2024-10-31,1,kpszsu,official,drone_tracks,kyiv,2.0,22189,"🛵 БпЛА в напрямку Києва з західного напрямку.
🛵 Декілька БпЛА на Житомирщині, курс західний/південно-західний.",2026-09-10T09:18:34.317066+00:00
2024-10-31,1,kpszsu,official,drones_launched,ua,48.0,,"ітряного простору ТОТ Херсонщини, також атакував 48-ма ударними БпЛА типу «Shahed» та безпілотниками невстан",2026-09-10T09:18:34.317066+00:00
2024-10-31,1,kpszsu,official,targets_downed,ua,31.0,,⚡️  ЗБИТО 31 ВОРОЖИЙ БПЛА ТА ОДНУ КАР Х-59/69,2026-09-10T09:18:34.317066+00:00
2024-10-31,2,kpszsu,official,drone_tracks,kyiv_obl,2.0,22187,"Рух ударних БпЛА:
🛵 БпЛА в північній частині Чернігівщини, курс західний.
🛵 БпЛА на півночі Київщини, курс західний.",2026-09-10T09:18:34.317066+00:00
2024-11-01,1,kpszsu,official,attacked,kyiv,1.0,,є повідомлення супроводу цілей на Київ,2026-09-10T09:18:34.317066+00:00
2024-11-01,1,kpszsu,official,drone_tracks,kyiv,3.0,22244,"🛵 Група ""шахедів"" поблизу Києва!
""Шахеди"" на півночі  Київщини ➡️ курсом на захід.
🛵 ""Шахеди"" на Житомирщини ➡️ у напрямку Житомира.
🛵 ""Шахеди"" на сході Чернігівщини ➡️ курсом на захід.",2026-09-10T09:18:34.317066+00:00
2024-11-01,1,kpszsu,official,drones_launched,ua,71.0,,ітряного простору Бєлгородської обл. та 71 ударним БпЛА типу «Shahed» та безпілотниками невстан,2026-09-10T09:18:34.317066+00:00
2024-11-01,1,kpszsu,official,targets_downed,ua,39.0,,⚡️ ЗБИТО 39 ВОРОЖИХ БПЛА ,2026-09-10T09:18:34.317066+00:00
2024-11-01,2,kpszsu,official,drone_tracks,kyiv_obl,3.0,22243,"🛵 ""Шахеди"" на півночі  Сумщини ➡️ курсом на південний захід.
🛵 ""Шахеди"" на півночі Київщини та Житомирщини ➡️ продовжують рух у західному напрямку.",2026-09-10T09:18:34.317066+00:00
2024-11-02,1,kpszsu,official,attacked,kyiv,1.0,,є повідомлення супроводу цілей на Київ,2026-09-10T09:18:34.317066+00:00
2024-11-02,1,kpszsu,official,drone_tracks,kyiv,9.0,22256,🛵 БпЛА в напрямку Києва з західного та північного напрямків!,2026-09-10T09:18:34.317066+00:00
2024-11-02,1,kpszsu,official,drones_launched,ua,96.0,," із повітряного простору Курської обл., 96-ма ударними БпЛА типу «Shahed» та безпілотниками невстан",2026-09-10T09:18:34.317066+00:00
2024-11-02,1,kpszsu,official,targets_downed,ua,66.0,,⚡️ ЗБИТО 66 ВОРОЖИХ БПЛА І РАКЕТУ Х-59/69 ,2026-09-10T09:18:34.317066+00:00
2024-11-02,2,kpszsu,official,drone_tracks,kyiv_obl,2.0,22277,"Рух ударних БпЛА:
🛵 БпЛА в південній частині Сумщини, курс західний.
🛵 Декілька груп БпЛА на Чернігівщині, курс західний.
🛵 БпЛА в північній частині Київщини, курс західний.
🛵 БпЛА в східній частині Ж",2026-09-10T09:18:34.317066+00:00
2024-11-03,1,kpszsu,official,attacked,kyiv,1.0,,є повідомлення супроводу цілей на Київ,2026-09-10T09:18:34.317066+00:00
2024-11-03,1,kpszsu,official,drone_tracks,kyiv,2.0,22317,"📢Оновлення щодо ударних БПЛА:
🛵на півдні Чернігівщини курсом на Київ;
🛵на межі Сумської та Чернігівської областей курсом на північний захід;
🛵 на південному заході від Сум курсом на південний схід;
🛵н",2026-09-10T09:18:34.317066+00:00
2024-11-03,1,kpszsu,official,drones_launched,ua,80.0,,мбами Харківщину та запустив по Україні 80 ударних БпЛА типу «Shahed» та безпілотників невстано,2026-09-10T09:18:34.317066+00:00
2024-11-03,1,kpszsu,official,targets_downed,ua,50.0,,⚡️ ЗБИТО 50 ВОРОЖИХ БПЛА,2026-09-10T09:18:34.317066+00:00
2024-11-03,2,kpszsu,official,drone_tracks,kyiv_obl,2.0,22321,"Оновлення щодо ударних БПЛА:
🛵 на півночі Чернігівщини курсом на південний захід;
🛵на півночі Київщини курсом на південний захід;
🛵на північному заході від Сум курсом на південний захід; 
🛵на межі Пол",2026-09-10T09:18:34.317066+00:00
2024-11-04,1,kpszsu,official,drones_launched,ua,79.0,,"ваними авіабомбами Харківщину, випустив 79 ударних БпЛА типу «Shahed» та безпілотників невстано",2026-09-10T09:18:34.317066+00:00
2024-11-04,1,kpszsu,official,targets_downed,ua,48.0,,⚡️ ЗБИТО 48 ВОРОЖИХ БПЛА ТА ДВІ КЕРОВАНІ АВІАЦІЙНІ ,2026-09-10T09:18:34.317066+00:00
2024-11-04,2,kpszsu,official,drone_tracks,kyiv_obl,2.0,22343,"📢Оновлення щодо ударних БПЛА:
🛵На межі Сумської та Полтавської областей ➡️ курсом на захід;
🛵 В передмісті Сум;
🛵на півдні Чернігівщини ➡️ курсом на Київщину;
🛵 На Полтавщині ➡️ в напрямку Миргорода.",2026-09-10T09:18:34.317066+00:00
2024-11-05,1,kpszsu,official,attacked,kyiv,0.0,,"канал вів повітряну обстановку (34 повідомлень з 55), жодного супроводу на Київ, тривог у місті менше 3 годин",2026-09-10T09:18:34.317066+00:00
2024-11-05,1,kpszsu,official,drones_launched,ua,63.0,,"Чорного моря, також випустив по Україні 63 ударних БпЛА типу «Shahed» та безпілотники невстанов",2026-09-10T09:18:34.317066+00:00
2024-11-05,1,kpszsu,official,targets_downed,ua,38.0,,⚡️ ЗБИТО 38 ВОРОЖИХ БПЛА,2026-09-10T09:18:34.317066+00:00
2024-11-05,2,kpszsu,official,drone_tracks,kyiv_obl,5.0,22399,"🛵  група ""шахедів"" з Сумщини ➡️ курсом на захід.
🛵  група ""шахедів"" на Чернігівщині ➡️ курс на Київщину.
🛵 ""шахед"" на півдні Дніпропетровщини ➡️ в напрямку півдня.
🛵 нова  група ""шахедів"" з Сумщини ➡️",2026-09-10T09:18:34.317066+00:00
2024-11-06,1,kpszsu,official,attacked,kyiv,1.0,,є повідомлення супроводу цілей на Київ,2026-09-10T09:18:34.317066+00:00
2024-11-06,1,kpszsu,official,drone_tracks,kyiv,7.0,22445,🛵 Ударний БпЛА повз Бориспіль у напрямку Києва!,2026-09-10T09:18:34.317066+00:00
2024-11-06,1,kpszsu,official,drones_launched,ua,106.0,,з 21.00 6 листопада) ворог завдав удару 106-ма ударними БпЛА типу «Shahed» та безпілотниками невстан,2026-09-10T09:18:34.317066+00:00
2024-11-06,1,kpszsu,official,targets_downed,ua,74.0,,⚡️ ЗБИТО 74 ВОРОЖИХ БПЛА,2026-09-10T09:18:34.317066+00:00
2024-11-06,2,kpszsu,official,drone_tracks,kyiv_obl,10.0,22438,"🛵 Рух ударних БпЛА:
1. БпЛА на Чернігівщині курсом на Київщину.
2. БпЛА через Сумщину курсом на Полтавщину.",2026-09-10T09:18:34.317066+00:00
2024-11-07,1,kpszsu,official,attacked,kyiv,1.0,,є повідомлення супроводу цілей на Київ,2026-09-10T09:18:34.317066+00:00
2024-11-07,1,kpszsu,official,drone_tracks,kyiv,1.0,22514,🛵 БпЛА в напрямку Києва з південно-східного напрямку!,2026-09-10T09:18:34.317066+00:00
2024-11-07,1,kpszsu,official,drones_launched,ua,92.0,,"тряного простору Бєлгородської області, 92-ма ударними БпЛА типу «Shahed» та безпілотниками невстан",2026-09-10T09:18:34.317066+00:00
2024-11-07,1,kpszsu,official,missile_tracks,kyiv,1.0,22512,Ракета в напрямку Києва!,2026-09-10T09:18:34.317066+00:00
2024-11-07,1,kpszsu,official,targets_downed,ua,62.0,,⚡️ ЗБИТО 62 ВОРОЖИХ БПЛА ТА 4  РАКЕТИ Х-59/69,2026-09-10T09:18:34.317066+00:00
2024-11-07,2,kpszsu,official,drone_tracks,kyiv_obl,7.0,22496,"Рух ударних БпЛА:
🛵 БпЛА в північно-східній частині Чернігівщини, курс західний.
🛵 БпЛА на півночі Київщини, курс західний.
🛵 БпЛА на межі Чернігівщини та Полтавщини, курс південний.
🛵 БпЛА в південно",2026-09-10T09:18:34.317066+00:00
2024-11-08,1,kpszsu,official,attacked,kyiv,1.0,,є повідомлення супроводу цілей на Київ,2026-09-10T09:18:34.317066+00:00
2024-11-08,1,kpszsu,official,drone_tracks,kyiv,1.0,22556,"🛵 ""шахед"" на сході Київщини ➡️ курсом на м. Київ!",2026-09-10T09:18:34.317066+00:00
2024-11-08,1,kpszsu,official,targets_downed,ua,32.0,,⚡️ ЗБИТО 32 ВОРОЖИХ БПЛА,2026-09-10T09:18:34.317066+00:00
2024-11-09,1,kpszsu,official,attacked,kyiv,1.0,,є повідомлення супроводу цілей на Київ,2026-09-10T09:18:34.317066+00:00
2024-11-09,1,kpszsu,official,drone_tracks,kyiv,3.0,22608,🛵 Ударний БпЛА у напрямку Києва!,2026-09-10T09:18:34.317066+00:00
2024-11-09,1,kpszsu,official,targets_downed,ua,62.0,,⚡️ ЗБИТО 62 ВОРОЖІ БПЛА,2026-09-10T09:18:34.317066+00:00
2024-11-09,2,kpszsu,official,drone_tracks,kyiv_obl,12.0,22580,🛵 БпЛА з Чернігівщини курсом на Київщину.,2026-09-10T09:18:34.317066+00:00
2024-11-10,1,kpszsu,official,attacked,kyiv,1.0,,є повідомлення супроводу цілей на Київ,2026-09-10T09:18:34.317066+00:00
2024-11-10,1,kpszsu,official,drone_tracks,kyiv,1.0,22699,"⚠Увага!
🛵Київ - в районі міста ворожий БпЛА.
Перебувайте в укриттях!",2026-09-10T09:18:34.317066+00:00
2024-11-10,1,kpszsu,official,drones_launched,ua,74.0,,"кетами Х-59/69 із ТОТ Запорізької обл., 74-ма ударними БпЛА типу «Shahed» та безпілотниками невстан",2026-09-10T09:18:34.317066+00:00
2024-11-10,1,kpszsu,official,targets_downed,ua,39.0,,⚡️ ЗБИТО 39 ВОРОЖИХ БПЛА ТА ДВІ РАКЕТИ Х-59/69,2026-09-10T09:18:34.317066+00:00
2024-11-10,2,kpszsu,official,drone_tracks,kyiv_obl,10.0,22658,🛵Станом на зараз БпЛА на Полтавщині- прямує у північно-західному напрямку загроза для Чернігівщини та Київщини.,2026-09-10T09:18:34.317066+00:00
2024-11-11,1,kpszsu,official,attacked,kyiv,1.0,,є повідомлення супроводу цілей на Київ,2026-09-10T09:18:34.317066+00:00
2024-11-11,1,kpszsu,official,drone_tracks,kyiv,2.0,22750,Ворожі БпЛА на Київ зі сходу!,2026-09-10T09:18:34.317066+00:00
2024-11-11,1,kpszsu,official,drones_launched,ua,110.0,,"мбами по Сумщині та Харківщині, а також 110-ма ударними БпЛА типу «Shahed» та безпілотниками невстан",2026-09-10T09:18:34.317066+00:00
2024-11-11,1,kpszsu,official,targets_downed,ua,46.0,,⚡️ ЗБИТО 46 ВОРОЖИХ БПЛА ,2026-09-10T09:18:34.317066+00:00
2024-11-11,2,kpszsu,official,drone_tracks,kyiv_obl,8.0,22747,"Група БпЛА на Сумщині ➡️ курсом на  Чернігівщину.
БпЛА на півдні Чернігівщини ➡️ курсом на Київщину.",2026-09-10T09:18:34.317066+00:00
2024-11-12,1,kpszsu,official,attacked,kyiv,1.0,,є повідомлення супроводу цілей на Київ,2026-09-10T09:18:34.317066+00:00
2024-11-12,1,kpszsu,official,drone_tracks,kyiv,5.0,22803,🛵Ударний БПЛА курсом на Київ через Бровари!,2026-09-10T09:18:34.317066+00:00
2024-11-12,1,kpszsu,official,drones_launched,ua,90.0,,"3 район пусків Воронезька обл. — рф.;
- 90 ударних БпЛА типу «Shahed» та безпілотників невстано",2026-09-10T09:18:34.317066+00:00
2024-11-12,1,kpszsu,official,missile_tracks,kyiv,2.0,22834,Ракета на Київ!,2026-09-10T09:18:34.317066+00:00
2024-11-12,1,kpszsu,official,targets_downed,ua,37.0,,⚡️ ЗБИТО 37 ВОРОЖИХ БПЛА ,2026-09-10T09:18:34.317066+00:00
2024-11-12,2,kpszsu,official,drone_tracks,kyiv_obl,5.0,22801,Група ударних БПЛА продовжує рух з Полтавщини на Київщину.,2026-09-10T09:18:34.317066+00:00
2024-11-12,2,kpszsu,official,missile_tracks,kyiv_obl,2.0,22829,"Увага!
Ракета на Чернігівщині курсом на Київщину!",2026-09-10T09:18:34.317066+00:00
2024-11-13,1,kpszsu,official,attacked,kyiv,1.0,,є повідомлення супроводу цілей на Київ,2026-09-10T09:18:34.317066+00:00
2024-11-13,1,kpszsu,official,drone_tracks,kyiv,1.0,22870,"🛵 БпЛА південніше Києва у напрямку Василькова західним курсом;
🛵 БпЛА на сході Київщини рухаються у напрямку на Канів.",2026-09-10T09:18:34.317066+00:00
2024-11-13,1,kpszsu,official,drones_launched,ua,59.0,, року (із 19.00 13 листопада) противник атакував 59-ма ударними БпЛА типу «Shahed» та безпілотниками невстан,2026-09-10T09:18:34.317066+00:00
2024-11-13,1,kpszsu,official,targets_downed,ua,21.0,,⚡️ ЗБИТО 21 ВОРОЖИЙ БПЛА ,2026-09-10T09:18:34.317066+00:00
2024-11-13,2,kpszsu,official,drone_tracks,kyiv_obl,1.0,22869,"🛵 БпЛА на сході Київщини рухається у напрямку Черкащини, курс південно-західний.",2026-09-10T09:18:34.317066+00:00
2024-11-14,1,kpszsu,official,attacked,kyiv,0.0,,"канал вів повітряну обстановку (24 повідомлень з 36), жодного супроводу на Київ, тривог у місті менше 3 годин",2026-09-10T09:18:34.317066+00:00
2024-11-14,1,kpszsu,official,drones_launched,ua,29.0,,"-59/69 із акваторії Чорного моря, також атакував 29-ма ударними БпЛА типу «Shahed» із районів Приморсько-Ахт",2026-09-10T09:18:34.317066+00:00
2024-11-14,1,kpszsu,official,targets_downed,ua,25.0,,"⚡️ ЗБИТО 25 ВОРОЖИХ БПЛА ТА РАКЕТУ Х-59/69
💥  Стано",2026-09-10T09:18:34.317066+00:00
2024-11-14,2,kpszsu,official,missile_tracks,kyiv_obl,1.0,22915,"🚀 Київська, Черкаська, Полтавська області - ракетна небезпека!",2026-09-10T09:18:34.317066+00:00
2024-11-15,1,kpszsu,official,attacked,kyiv,1.0,,є повідомлення супроводу цілей на Київ,2026-09-10T09:18:34.317066+00:00
2024-11-15,1,kpszsu,official,drone_tracks,kyiv,4.0,22952,"🛵 Рух ударних БпЛА:
1. Група БпЛА з півночі курсом на Київ.
2. БпЛА з Київщини курсом на Житомирщину.
3. БпЛА з Одещини на Вінниччину.
4. Декілька груп БпЛА на Чернігівщині курсом на Київщину.
5. Груп",2026-09-10T09:18:34.317066+00:00
2024-11-15,1,kpszsu,official,drones_launched,ua,83.0,,"вщині зенітною керованою ракетою С-300, атакував 83-ма ударними БпЛА типу «Shahed» та безпілотниками невстан",2026-09-10T09:18:34.317066+00:00
2024-11-15,1,kpszsu,official,targets_downed,ua,53.0,,⚡️ ЗБИТО 53 ВОРОЖІ БПЛА,2026-09-10T09:18:34.317066+00:00
2024-11-15,2,kpszsu,official,drone_tracks,kyiv_obl,7.0,22948,🛵 Ударний БпЛА на Київщині курсом на Бровари.,2026-09-10T09:18:34.317066+00:00
2024-11-16,1,kpszsu,official,attacked,kyiv,1.0,,є повідомлення супроводу цілей на Київ,2026-09-10T09:18:34.317066+00:00
2024-11-16,1,kpszsu,official,drone_tracks,kyiv,1.0,23017,🛵 ударний БпЛА на Київ!,2026-09-10T09:18:34.317066+00:00
2024-11-16,1,kpszsu,official,missile_tracks,kyiv,4.0,23023,Крилата ракета на Київ!!,2026-09-10T09:18:34.317066+00:00
2024-11-16,1,kpszsu,official,missiles_launched,ua,101.0,,"робалістичних ракет Х-47М2 «Кинджал»;
- 101 крилата ракета Х-101, «Калібр»;
- 1 балістична ракета",2026-09-10T09:18:34.317066+00:00
2024-11-16,1,kpszsu,official,targets_downed,ua,186.0,,⚡️ ЗБИТО 144 ПОВІТРЯНІ ЦІЛІ — 102 РАКЕТИ ТА 42 БПЛА,2026-09-10T09:18:34.317066+00:00
2024-11-16,2,kpszsu,official,drone_tracks,kyiv_obl,5.0,23001,"🛵 Ворожі БпЛА на межі Черкаської та Київської областей ➡️ напрямок південно-західний.
🛵 Ударний БпЛА на півночі Полтавщини ➡️ курс на Черкащину.",2026-09-10T09:18:34.317066+00:00
2024-11-16,2,kpszsu,official,missile_tracks,kyiv_obl,4.0,22980,"⚠Увага!
Ракетна небезпека у Київській та Черкаській областях!",2026-09-10T09:18:34.317066+00:00
2024-11-17,1,kpszsu,official,attacked,kyiv,0.0,,"канал вів повітряну обстановку (14 повідомлень з 51), жодного супроводу на Київ, тривог у місті менше 3 годин",2026-09-10T09:18:34.317066+00:00
2024-11-17,1,kpszsu,official,drones_launched,ua,11.0,,. — рф. Також із Курщини ворог випустив 11 ударних БпЛА типу «Shahed» та безпілотників невстано,2026-09-10T09:18:34.317066+00:00
2024-11-17,1,kpszsu,official,targets_downed,ua,8.0,,"⚡️ ЗБИТО 8 ВОРОЖИХ БПЛА
Вісім ударних дронів було ",2026-09-10T09:18:34.317066+00:00
2024-11-17,2,kpszsu,official,drone_tracks,kyiv_obl,1.0,23143,Шахед ➡️ із Полтавщини в напрямку Київщини (Яготин)!,2026-09-10T09:18:34.317066+00:00
2024-11-18,1,kpszsu,official,attacked,kyiv,1.0,,є повідомлення супроводу цілей на Київ,2026-09-10T09:18:34.317066+00:00
2024-11-18,1,kpszsu,official,drone_tracks,kyiv,2.0,23207,"⚠ Увага!
🛵Київ - у північну частину міста прямують ворожі БпЛА.
Перебувайте в укриттях!",2026-09-10T09:18:34.317066+00:00
2024-11-18,1,kpszsu,official,drones_launched,ua,87.0,, року (із 19.30 18 листопада) противник атакував 87-ма ударними БпЛА типу «Shahed» та безпілотниками невстан,2026-09-10T09:18:34.317066+00:00
2024-11-18,1,kpszsu,official,targets_downed,ua,51.0,,⚡️ ЗБИТО 51 ВОРОЖИЙ БПЛА,2026-09-10T09:18:34.317066+00:00
2024-11-18,2,kpszsu,official,drone_tracks,kyiv_obl,7.0,23200,"⚠ Увага! 
🛵Київщина рух ударних БпЛА у вашому напрямку із Чернігівщини та Черкащини.
У разі оголошення тривоги прямуйте в укриття.",2026-09-10T09:18:34.317066+00:00
2024-11-19,1,kpszsu,official,attacked,kyiv,1.0,,є повідомлення супроводу цілей на Київ,2026-09-10T09:18:34.317066+00:00
2024-11-19,1,kpszsu,official,drone_tracks,kyiv,6.0,23292,"⚠Увага!
🛵 м. Бровари, м. Київ! 
      Ворожий ударний БпЛА у вашому напрямку. Не ігноруйте сигнали повітряної тривоги. Перебувайте в укриттях.",2026-09-10T09:18:34.317066+00:00
2024-11-19,1,kpszsu,official,drones_launched,ua,122.0,,или керованими авіабомбами та випустили 122 ударних БпЛА типу «Shahed» та безпілотників невстано,2026-09-10T09:18:34.317066+00:00
2024-11-19,1,kpszsu,official,targets_downed,ua,56.0,,⚡️ ЗБИТО 56 ВОРОЖИХ БПЛА ТА ДВІ Х-59/69,2026-09-10T09:18:34.317066+00:00
2024-11-19,2,kpszsu,official,drone_tracks,kyiv_obl,6.0,23256,"⚠Увага!
Київська область - загроза застосування ударних БпЛА.",2026-09-10T09:18:34.317066+00:00
2024-11-19,2,kpszsu,official,missile_tracks,kyiv_obl,1.0,23278,"Ракетна небезпека - Київська, Черкаська області!",2026-09-10T09:18:34.317066+00:00
2024-11-20,1,kpszsu,official,targets_downed,ua,6.0,,"⚡️ ЗБИТО ШІСТЬ КРИЛАТИХ РАКЕТ
💥 Внаслідок протиповітрян",2026-09-10T09:18:34.317066+00:00
2024-11-20,2,kpszsu,official,missile_tracks,kyiv_obl,3.0,23336,"🚀Київська, Житомирська, Вінницька, Черкаська області - ракетна небезпека!",2026-09-10T09:18:34.317066+00:00
2024-11-21,1,kpszsu,official,attacked,kyiv,1.0,,є повідомлення супроводу цілей на Київ,2026-09-10T09:18:34.317066+00:00
2024-11-21,1,kpszsu,official,drone_tracks,kyiv,1.0,23426,"⚠ Увага!
🛵Київ, ворожий  БпЛА у вашому напрямку з південного напрямку.",2026-09-10T09:18:34.317066+00:00
2024-11-21,1,kpszsu,official,targets_downed,ua,64.0,,"⚡️ ЗБИТО 64 ВОРОЖІ БПЛА
💥 Станом на 17.30 протипові",2026-09-10T09:18:34.317066+00:00
2024-11-21,2,kpszsu,official,drone_tracks,kyiv_obl,8.0,23403,"🛵Ворожі БпЛА на Чернігівщині, рухаються у південно-західному напрямку на Київщину.",2026-09-10T09:18:34.317066+00:00
2024-11-22,1,kpszsu,official,attacked,kyiv,0.0,,"канал вів повітряну обстановку (23 повідомлень з 51), жодного супроводу на Київ, тривог у місті менше 3 годин",2026-09-10T09:18:34.317066+00:00
2024-11-22,2,kpszsu,official,drone_tracks,kyiv_obl,7.0,23444,"⚠Рух ударних БпЛА:
🛵 БпЛА на Полтавщині, напрямок руху - південно-західний, північно-західний;
 🛵БпЛА на півночі Чернігівщини, напрямок руху -  північно-західний;
🛵 БпЛА на Черкащині, напрямок руху - ",2026-09-10T09:18:34.317066+00:00
2024-11-23,1,kpszsu,official,attacked,kyiv,1.0,,є повідомлення супроводу цілей на Київ,2026-09-10T09:18:34.317066+00:00
2024-11-23,1,kpszsu,official,drone_tracks,kyiv,1.0,23502,"🛵 нова група БпЛА на Сумщині ➡️ курс південно-західний.
🛵  БпЛА на Полтавщині ➡️ курс західний, півленно-західний.
🛵 Ворожі БпЛА на Київщині ➡️ курс на м. Київ.
🛵  БпЛА Чернігівщині ➡️ курс на м. Черн",2026-09-10T09:18:34.317066+00:00
2024-11-23,1,kpszsu,official,targets_downed,ua,50.0,,"⚡️ ЗБИТО 50 ВОРОЖИХ БПЛА
💥 Станом на 09.00 протипов",2026-09-10T09:18:34.317066+00:00
2024-11-23,2,kpszsu,official,drone_tracks,kyiv_obl,7.0,23503,"🛵 нова група БпЛА на Сумщині ➡️ курсом на Полтавщину.
🛵  БпЛА на Полтавщині ➡️ курс західний, півленно-західний.
🛵 Ворожий БпЛА на Київщині ➡️ продовжує курс на Житомирщину.
🛵  БпЛА на півдні Чернігів",2026-09-10T09:18:34.317066+00:00
2024-11-24,1,kpszsu,official,attacked,kyiv,1.0,,є повідомлення супроводу цілей на Київ,2026-09-10T09:18:34.317066+00:00
2024-11-24,1,kpszsu,official,drone_tracks,kyiv,2.0,23544,🛵 БпЛА в напрямку Києва з північно-східного напрямку,2026-09-10T09:18:34.317066+00:00
2024-11-24,1,kpszsu,official,targets_downed,ua,71.0,,"⚡️ ЗБИТО 71 ВОРОЖИЙ БПЛА
💥 Станом на 11.00 протипов",2026-09-10T09:18:34.317066+00:00
2024-11-24,2,kpszsu,official,drone_tracks,kyiv_obl,6.0,23522,"🛵 БпЛА в північній частині Київщини, курс західний.
🛵 БпЛА в західній частині Чернігівщини, курсом на Київщину.
🛵 БпЛА на Полтавщині, курс південний/південно-західний.",2026-09-10T09:18:34.317066+00:00
2024-11-25,1,kpszsu,official,attacked,kyiv,1.0,,є повідомлення супроводу цілей на Київ,2026-09-10T09:18:34.317066+00:00
2024-11-25,1,kpszsu,official,drone_tracks,kyiv,2.0,23607,"На Київщині ➡️ понад 10 груп ударних БпЛА!
Найбільша загроза для Києва, Борисполя, Фастова, Василькова, Білої Церкви!",2026-09-10T09:18:34.317066+00:00
2024-11-25,1,kpszsu,official,targets_downed,ua,76.0,,"⚡️ ЗБИТО 76 ВОРОЖИХ БПЛА
❗️Станом на 09.00 протипов",2026-09-10T09:18:34.317066+00:00
2024-11-25,2,kpszsu,official,drone_tracks,kyiv_obl,3.0,23589,"🛵 Атака  ударних БпЛА триває!
Нові групи шахедів залітають з Курської та Бєлгородської областей, рф на Сумщину. Курс ➡️ через Полтавщину, Чернігівщину на Київщину!",2026-09-10T09:18:34.317066+00:00
2024-11-26,1,kpszsu,official,attacked,kyiv,1.0,,є повідомлення супроводу цілей на Київ,2026-09-10T09:18:34.317066+00:00
2024-11-26,1,kpszsu,official,drone_tracks,kyiv,2.0,23655,🛵 Ворожий ударний БпЛА наближається до Києва з півдня.,2026-09-10T09:18:34.317066+00:00
2024-11-26,1,kpszsu,official,drones_launched,ua,89.0,, року (із 19.30 26 листопада) противник атакував Україну 89-ма ударними БпЛА типу «Shahed» та безпілотниками невстан,2026-09-10T09:18:34.317066+00:00
2024-11-26,1,kpszsu,official,targets_downed,ua,36.0,,"⚡️ ЗБИТО 36 ВОРОЖИХ БПЛА, 48 ЛОКАЦІЙНО ВТРАЧЕНО, П’",2026-09-10T09:18:34.317066+00:00
2024-11-27,1,kpszsu,official,attacked,kyiv,1.0,,є повідомлення супроводу цілей на Київ,2026-09-10T09:18:34.317066+00:00
2024-11-27,1,kpszsu,official,drone_tracks,kyiv,5.0,23707,"⚠ Увага, Київ!
🛵 В вашому напрямку ворожий  БпЛА з боку Борисполя.",2026-09-10T09:18:34.317066+00:00
2024-11-27,1,kpszsu,official,drones_launched,ua,97.0,," простір над акваторією Чорного моря;
- 97 ударних БпЛА типу «Shahed» та безпілотників невстано",2026-09-10T09:18:34.317066+00:00
2024-11-27,1,kpszsu,official,missile_tracks,kyiv,2.0,23822,Ракета в напрямку Києва з південного-сходу.,2026-09-10T09:18:34.317066+00:00
2024-11-27,1,kpszsu,official,missiles_launched,ua,57.0,,"лгородської обл. – рф. по Харківщині;
- 57 крилатих ракет Х-101 із стратегічних бомбардувальників",2026-09-10T09:18:34.317066+00:00
2024-11-27,1,kpszsu,official,targets_downed,ua,111.0,,"⚡️ ЗБИТО 76 КРИЛАТИХ РАКЕТ, 3 КЕРОВАНІ АВІАЦІЙНІ РА",2026-09-10T09:18:34.317066+00:00
2024-11-27,2,kpszsu,official,drone_tracks,kyiv_obl,4.0,23698,"⚠Увага!
🛵Київщина - загроза застосування ворогом ударних БпЛА з Чернігівщини!",2026-09-10T09:18:34.317066+00:00
2024-11-27,2,kpszsu,official,missile_tracks,kyiv_obl,8.0,23771,Ракети на півдні Київщини в напрямку Вінниччини,2026-09-10T09:18:34.317066+00:00
2024-11-28,1,kpszsu,official,attacked,kyiv,1.0,,є повідомлення супроводу цілей на Київ,2026-09-10T09:18:34.317066+00:00
2024-11-28,1,kpszsu,official,drone_tracks,kyiv,2.0,23913,"⚠ Увага!
🛵Київ - в районі міста ворожі БпЛА.
Перебувайте в укриттях!",2026-09-10T09:18:34.317066+00:00
2024-11-28,1,kpszsu,official,drones_launched,ua,132.0,, року (із 18.30 28 листопада) противник атакував Україну 132-ма ударними БпЛА типу «Shahed» та безпілотниками невстан,2026-09-10T09:18:34.317066+00:00
2024-11-28,1,kpszsu,official,targets_downed,ua,88.0,,"⚡️ ЗБИТО 88 ВОРОЖИХ БПЛА, 41 ЛОКАЦІЙНО ВТРАЧЕНО, ОД",2026-09-10T09:18:34.317066+00:00
2024-11-28,2,kpszsu,official,drone_tracks,kyiv_obl,10.0,23869,"⚠Увага! 
Київщина рух ударних БпЛА у вашому напрямку із Чернігівщини.
У разі оголошення тривоги прямуйте в укриття.",2026-09-10T09:18:34.317066+00:00
2024-11-29,1,kpszsu,official,attacked,kyiv,1.0,,є повідомлення супроводу цілей на Київ,2026-09-10T09:18:34.317066+00:00
2024-11-29,1,kpszsu,official,drone_tracks,kyiv,1.0,23953,🛵 Київ - ударний БпЛА у напрямку міста!,2026-09-10T09:18:34.317066+00:00
2024-11-29,1,kpszsu,official,drones_launched,ua,10.0,, року (із 21.30 29 листопада) противник атакував 10-ма ударними БпЛА типу «Shahed» та безпілотниками невстан,2026-09-10T09:18:34.317066+00:00
2024-11-29,1,kpszsu,official,targets_downed,ua,8.0,,"⚡️ ЗБИТО 8 ВОРОЖИХ БПЛА
В результаті протиповітрян",2026-09-10T09:18:34.317066+00:00
2024-11-29,2,kpszsu,official,drone_tracks,kyiv_obl,1.0,23952,"🛵 БпЛА з Черкащини на Київщину. 
🛵 БпЛА з Черкащини на Полтавщину.
🛵 БпЛА на Кіровоградщині курсом на захід.",2026-09-10T09:18:34.317066+00:00
2024-11-30,1,kpszsu,official,attacked,kyiv,1.0,,є повідомлення супроводу цілей на Київ,2026-09-10T09:18:34.317066+00:00
2024-11-30,1,kpszsu,official,drone_tracks,kyiv,4.0,23991,"⚠ м.Київ!
🛵 Ударний БпЛА в напрямку міста зі  сходу.",2026-09-10T09:18:34.317066+00:00
2024-11-30,1,kpszsu,official,drones_launched,ua,78.0,,"ямків Курськ, Орел, Брянськ - рф. ворог атакував 78-ма ударними БпЛА типу «Shahed» та безпілотниками невстан",2026-09-10T09:18:34.317066+00:00
2024-11-30,1,kpszsu,official,targets_downed,ua,32.0,,⚡️ ЗБИТО 32 ВОРОЖИХ БПЛА,2026-09-10T09:18:34.317066+00:00
2024-11-30,2,kpszsu,official,drone_tracks,kyiv_obl,8.0,23988,"⚠Увага!
🛵 Загроза застосування ворожих ударних БпЛА для Київської, Черкаської, Дніпропетровської областей.",2026-09-10T09:18:34.317066+00:00
2024-12-01,1,kpszsu,official,attacked,kyiv,1.0,,є повідомлення супроводу цілей на Київ,2026-09-10T09:18:34.317066+00:00
2024-12-01,1,kpszsu,official,drone_tracks,kyiv,2.0,24030,🛵 ударний БпЛА на Київщині ➡️курс на м. Київ!,2026-09-10T09:18:34.317066+00:00
2024-12-01,1,kpszsu,official,drones_launched,ua,110.0,,"лерово, Приморсько-Ахтарськ – рф. ворог атакував 110-ма ударними БпЛА типу «Shahed» та безпілотниками інших т",2026-09-10T09:18:34.317066+00:00
2024-12-01,1,kpszsu,official,targets_downed,ua,52.0,,⚡️ ЗБИТО 52 ВОРОЖИХ БПЛА,2026-09-10T09:18:34.317066+00:00
2024-12-01,2,kpszsu,official,drone_tracks,kyiv_obl,7.0,24026,"🛵  Нова група ударнихБпЛА на Сумщині ➡️ курс на Чернігівщину.
🛵 Група ворожих БпЛА на Чернігівщині ➡️ напрямок на Київщину.
🛵 Ударний БпЛА на півдні Чернігівщини ➡️ курс на Полтавщину.
🛵 БпЛА на сході",2026-09-10T09:18:34.317066+00:00
2024-12-02,1,kpszsu,official,attacked,kyiv,0.0,,"канал вів повітряну обстановку (18 повідомлень з 33), жодного супроводу на Київ, тривог у місті менше 3 годин",2026-09-10T09:18:34.317066+00:00
2024-12-02,1,kpszsu,official,drones_launched,ua,28.0,,"ьк, Курськ, Орел, Міллерово – рф. ворог атакував 28-ма ударними БпЛА типу «Shahed» та безпілотниками інших т",2026-09-10T09:18:34.317066+00:00
2024-12-02,1,kpszsu,official,targets_downed,ua,22.0,,"⚡️ ЗБИТО 22 ВОРОЖІ БПЛА
💥 Станом на 09.00 підрозділ",2026-09-10T09:18:34.317066+00:00
2024-12-02,2,kpszsu,official,drone_tracks,kyiv_obl,2.0,24068,"Рух ударних БпЛА:
🛵 БпЛА в північній та південній частинах Чернігівщини, курс західний.
🛵 БпЛА в північній частині Київщини, курс західний.
🛵 БпЛА в північно-західній частині Миколаївщини, курс північ",2026-09-10T09:18:34.317066+00:00
2024-12-03,1,kpszsu,official,attacked,kyiv,0.0,,"канал вів повітряну обстановку (20 повідомлень з 28), жодного супроводу на Київ, тривог у місті менше 3 годин",2026-09-10T09:18:34.317066+00:00
2024-12-03,1,kpszsu,official,drones_launched,ua,50.0,,з повітряного простору Курської обл. та 50-ма ударними БпЛА типу «Shahed» та безпілотниками інших т,2026-09-10T09:18:34.317066+00:00
2024-12-03,1,kpszsu,official,targets_downed,ua,29.0,,"⚡️ ЗБИТО 29 ВОРОЖИХ БПЛА
💥 Станом на 09.00 підрозді",2026-09-10T09:18:34.317066+00:00
2024-12-03,2,kpszsu,official,drone_tracks,kyiv_obl,6.0,24085,"⚠Оновлення щодо БПЛА:
🛵Група БПЛА на півночі та півдні Чернігівської області курсом на Чернігів та Київську область.
🛵 Група БПЛА на сході та в центрі Харківської області курсом на Полтаву.",2026-09-10T09:18:34.317066+00:00
2024-12-04,1,kpszsu,official,attacked,kyiv,1.0,,є повідомлення супроводу цілей на Київ,2026-09-10T09:18:34.317066+00:00
2024-12-04,1,kpszsu,official,drone_tracks,kyiv,1.0,24156,"⚠ м.Київ! Увага! 
🛵 У вашому напрямку ворожий БпЛА з північного заходу.",2026-09-10T09:18:34.317066+00:00
2024-12-04,1,kpszsu,official,drones_launched,ua,44.0,,"«Іскандер-М» із Ростовської обл., також атакував Україну 44-ма ударними БпЛА типу «Shahed» та безпілотниками інших т",2026-09-10T09:18:34.317066+00:00
2024-12-04,1,kpszsu,official,targets_downed,ua,30.0,,"⚡️ ЗБИТО 30 ВОРОЖИХ БПЛА
💥 Станом на 08.30 підрозді",2026-09-10T09:18:34.317066+00:00
2024-12-04,2,kpszsu,official,drone_tracks,kyiv_obl,7.0,24141,"Оновлення інформації щодо ворожих ударних БпЛА:
🛵  БпЛА на  Сумщині - курс на Полтавщину;
🛵   БпЛА на півночі Полтавщини - курс південно-західний;
🛵   БпЛА на півночі Черкащини - курс на Київщину;
🛵  ",2026-09-10T09:18:34.317066+00:00
2024-12-04,2,kpszsu,official,missile_tracks,kyiv_obl,1.0,24164,Київська область - ракетна небезпека,2026-09-10T09:18:34.317066+00:00
2024-12-05,1,kpszsu,official,attacked,kyiv,1.0,,є повідомлення супроводу цілей на Київ,2026-09-10T09:18:34.317066+00:00
2024-12-05,1,kpszsu,official,drone_tracks,kyiv,2.0,24199,Вишгород/Київ ➡️ БпЛА у вашому напрямку!,2026-09-10T09:18:34.317066+00:00
2024-12-05,1,kpszsu,official,drones_launched,ua,53.0,,2024 року (із 20.00 5 грудня) противник атакував Україну 53-ма ударними БпЛА типу «Shahed» та безпілотниками інших т,2026-09-10T09:18:34.317066+00:00
2024-12-05,1,kpszsu,official,targets_downed,ua,32.0,,"⚡️ ЗБИТО 32 ВОРОЖІ БПЛА
💥 Станом на 07.00 підрозділ",2026-09-10T09:18:34.317066+00:00
2024-12-05,2,kpszsu,official,drone_tracks,kyiv_obl,5.0,24195,"🛵Чернігівщина: шахеди ➡️ в напрямку півночі Київщини.
БпЛА в районі Славутича, Ніжина та Конотопа.

🛵Полтавщина: 
БпЛА в районі Котельви. Курс ➡️ південно-західний.",2026-09-10T09:18:34.317066+00:00
2024-12-06,1,kpszsu,official,attacked,kyiv,1.0,,є повідомлення супроводу цілей на Київ,2026-09-10T09:18:34.317066+00:00
2024-12-06,1,kpszsu,official,drone_tracks,kyiv,1.0,24255,"🛵 ""Шахеди"" на Полтавщині ➡️ курсом на південь.
🛵 ""шахеди"" на Київщині ➡️ у напрямку Києва!
 🛵 Група ""шахедів"" на півдні Вінниччини ➡️ курсом на Чернівецьку, Хмельницьку області.
🛵 Група ""шахедів"" на п",2026-09-10T09:18:34.317066+00:00
2024-12-06,1,kpszsu,official,drones_launched,ua,14.0,,"акетою невстановленого типу по Сумщині, атакував 14-ма ударними БпЛА типу «Shahed» та безпілотниками інших т",2026-09-10T09:18:34.317066+00:00
2024-12-06,1,kpszsu,official,targets_downed,ua,7.0,,"⚡️ ЗБИТО 7 ВОРОЖИХ БПЛА
💥 Станом на 08.30 підрозді",2026-09-10T09:18:34.317066+00:00
2024-12-06,2,kpszsu,official,drone_tracks,kyiv_obl,3.0,24254,"🛵 ""Шахеди"" на межі Полтавщини та Сумщини ➡️ курсом на південь.
🛵 ""шахеди"" з Черкащини ➡️ на Київщину та Вінниччину!
 🛵 Група ""шахедів"" на півдні Вінниччини, рухається уздовж кордону з Молдовою ➡️  на ",2026-09-10T09:18:34.317066+00:00
2024-12-07,1,kpszsu,official,attacked,kyiv,1.0,,є повідомлення супроводу цілей на Київ,2026-09-10T09:18:34.317066+00:00
2024-12-07,1,kpszsu,official,drone_tracks,kyiv,1.0,24286,🛵 Київ - ударний БпЛА з півдня у напрямку міста!,2026-09-10T09:18:34.317066+00:00
2024-12-07,1,kpszsu,official,drones_launched,ua,74.0,,2024 року (із 20.30 7 грудня) противник атакував 74-ма ударними БпЛА типу «Shahed» та безпілотниками інших т,2026-09-10T09:18:34.317066+00:00
2024-12-07,1,kpszsu,official,targets_downed,ua,28.0,,"⚡️ ЗБИТО 28 ВОРОЖИХ БПЛА, 46 — ЛОКАЦІЙНО ВТРАЧЕНО
💥",2026-09-10T09:18:34.317066+00:00
2024-12-07,2,kpszsu,official,drone_tracks,kyiv_obl,3.0,24284,"🛵 Рух ударних БпЛА:
1. БпЛА на межі Черкащини та Київщини курсом на захід.
2. Група БпЛА з Сумщини на Чернігівщину.
3. БпЛА на півночі Чернігівщини.
4. БпЛА з Кіровоградщини на Миколаївщину.
5. Декіль",2026-09-10T09:18:34.317066+00:00
2024-12-08,1,kpszsu,official,attacked,kyiv,1.0,,є повідомлення супроводу цілей на Київ,2026-09-10T09:18:34.317066+00:00
2024-12-08,1,kpszsu,official,drone_tracks,kyiv,5.0,24327,"⚠Увага! м.Київ!
🛵 У вашому напрямку ворожий БпЛА зі південного сходу!",2026-09-10T09:18:34.317066+00:00
2024-12-08,1,kpszsu,official,drones_launched,ua,37.0,," повітряного простору над Чорним морем, 37-ма ударними БпЛА типу «Shahed» та безпілотниками інших т",2026-09-10T09:18:34.317066+00:00
2024-12-08,1,kpszsu,official,targets_downed,ua,36.0,,"⚡️ ЗБИТО 18 ВОРОЖИХ БПЛА, ЩЕ 18 — ЛОКАЦІЙНО ВТРАЧЕН",2026-09-10T09:18:34.317066+00:00
2024-12-08,2,kpszsu,official,drone_tracks,kyiv_obl,13.0,24322,"⚠Увага!
🛵 Ворожий ударний БпЛА на північному сході Черкащини - курсом на Київщину.",2026-09-10T09:18:34.317066+00:00
2024-12-09,1,kpszsu,official,attacked,kyiv,0.0,,"канал вів повітряну обстановку (3 повідомлень з 22), жодного супроводу на Київ, тривог у місті менше 3 годин",2026-09-10T09:18:34.317066+00:00
2024-12-10,1,kpszsu,official,attacked,kyiv,0.0,,"канал вів повітряну обстановку (5 повідомлень з 16), жодного супроводу на Київ, тривог у місті менше 3 годин",2026-09-10T09:18:34.317066+00:00
2024-12-12,1,kpszsu,official,attacked,kyiv,1.0,,є повідомлення супроводу цілей на Київ,2026-09-10T09:18:34.317066+00:00
2024-12-12,1,kpszsu,official,drone_tracks,kyiv,10.0,24562,"⚠Увага! м. Київ!
🛵 Ворожий ударний БпЛА у вашому  напрямку  з південного  сходу!",2026-09-10T09:18:34.317066+00:00
2024-12-12,1,kpszsu,official,drones_launched,ua,193.0,,"яний простір над ТОТ Луганської обл.;
- 193 ударні БпЛА типу «Shahed» та безпілотників невстано",2026-09-10T09:18:34.317066+00:00
2024-12-12,1,kpszsu,official,targets_downed,ua,161.0,,"⚡️ ЗБИТО 81 РАКЕТУ ТА 80 ВОРОЖИХ БПЛА, ЩЕ 105 БЕЗПІ",2026-09-10T09:18:34.317066+00:00
2024-12-12,2,kpszsu,official,drone_tracks,kyiv_obl,5.0,24512,"⚠Увага!
🛵 Київська область - загроза застосування ворожих ударних БпЛА!",2026-09-10T09:18:34.317066+00:00
2024-12-12,2,kpszsu,official,missile_tracks,kyiv_obl,8.0,24692,"Ракети на Чернігівщині, курсом на Київщину",2026-09-10T09:18:34.317066+00:00
2024-12-13,1,kpszsu,official,attacked,kyiv,1.0,,є повідомлення супроводу цілей на Київ,2026-09-10T09:18:34.317066+00:00
2024-12-13,1,kpszsu,official,drone_tracks,kyiv,1.0,24811,🛵 Ударний БпЛА повз Бровари у напрямку Києва!,2026-09-10T09:18:34.317066+00:00
2024-12-13,1,kpszsu,official,drones_launched,ua,58.0,,"

💥 Станом на 09.00 підтверджено збиття 58 ударних БпЛА типу «Shahed» та безпілотників інших ти",2026-09-10T09:18:34.317066+00:00
2024-12-13,1,kpszsu,official,targets_downed,ua,58.0,,"⚡️ ЗБИТО 58 ВОРОЖИХ БПЛА, ЩЕ 72 БЕЗПІЛОТНИКИ – НЕ Д",2026-09-10T09:18:34.317066+00:00
2024-12-13,2,kpszsu,official,drone_tracks,kyiv_obl,12.0,24789,🛵 Ворожий БпЛА з Полтавщини на Київщину (Яготин).,2026-09-10T09:18:34.317066+00:00
2024-12-14,1,kpszsu,official,attacked,kyiv,0.0,,"канал вів повітряну обстановку (33 повідомлень з 54), жодного супроводу на Київ, тривог у місті менше 3 годин",2026-09-10T09:18:34.317066+00:00
2024-12-14,1,kpszsu,official,drones_launched,ua,108.0,,їну зенітною керованою ракетою С-300 та 108-ма ударними БпЛА типу «Shahed» і безпілотниками інших ти,2026-09-10T09:18:34.317066+00:00
2024-12-14,1,kpszsu,official,targets_downed,ua,56.0,,"⚡️ ЗБИТО 56 ВОРОЖИХ БПЛА, ЩЕ 49 БЕЗПІЛОТНИКІВ – НЕ ",2026-09-10T09:18:34.317066+00:00
2024-12-14,2,kpszsu,official,drone_tracks,kyiv_obl,4.0,24846,🛵 Київська область повітряна тривога пов'язана з роботою ППО по ворожому БпЛА,2026-09-10T09:18:34.317066+00:00
2024-12-15,1,kpszsu,official,attacked,kyiv,1.0,,є повідомлення супроводу цілей на Київ,2026-09-10T09:18:34.317066+00:00
2024-12-15,1,kpszsu,official,drone_tracks,kyiv,1.0,24913,"🛵 м. Київ, увага! ворожий БпЛА в напрямку міста!",2026-09-10T09:18:34.317066+00:00
2024-12-15,1,kpszsu,official,drones_launched,ua,49.0,,6 грудня 2024 року (із 01.00) противник атакував Україну 49-ма ударними БпЛА типу «Shahed» і безпілотниками інших ти,2026-09-10T09:18:34.317066+00:00
2024-12-15,1,kpszsu,official,targets_downed,ua,27.0,,"⚡️ ЗБИТО 27 ВОРОЖИХ БПЛА, ЩЕ 19 БЕЗПІЛОТНИКІВ – НЕ ",2026-09-10T09:18:34.317066+00:00
2024-12-15,2,kpszsu,official,drone_tracks,kyiv_obl,5.0,24900,"🛵 ""шахед"" на півдні Чернігівщини ➡️ курсом на Київщину.
🛵 ""шахед"" на Сумщині ➡️ напрямок на Полтавщину.",2026-09-10T09:18:34.317066+00:00
2024-12-16,1,kpszsu,official,attacked,kyiv,1.0,,є повідомлення супроводу цілей на Київ,2026-09-10T09:18:34.317066+00:00
2024-12-16,1,kpszsu,official,drone_tracks,kyiv,2.0,24964,"⚠ м.Бровари, м.Київ! Увага!
🛵 У вашому напрямку ворожий ударний БпЛА з північного сходу.",2026-09-10T09:18:34.317066+00:00
2024-12-16,1,kpszsu,official,drones_launched,ua,20.0,,"

💥 Станом на 12.00 підтверджено збиття 20 ударних БпЛА типу «Shahed» та безпілотників інших ти",2026-09-10T09:18:34.317066+00:00
2024-12-16,1,kpszsu,official,targets_downed,ua,20.0,,"⚡️ ЗБИТО 20 ВОРОЖИХ БПЛА, ЩЕ 10 БЕЗПІЛОТНИКІВ – НЕ ",2026-09-10T09:18:34.317066+00:00
2024-12-16,2,kpszsu,official,drone_tracks,kyiv_obl,9.0,24958,"⚠Увага!
🛵 Київська область - загроза застосування ворожих ударних БпЛА!",2026-09-10T09:18:34.317066+00:00
2024-12-17,1,kpszsu,official,attacked,kyiv,0.0,,"канал вів повітряну обстановку (39 повідомлень з 55), жодного супроводу на Київ, тривог у місті менше 3 годин",2026-09-10T09:18:34.317066+00:00
2024-12-17,1,kpszsu,official,drones_launched,ua,51.0,,"

💥 Станом на 09.00 підтверджено збиття 51 ударного БпЛА типу «Shahed» та безпілотників інших ти",2026-09-10T09:18:34.317066+00:00
2024-12-17,1,kpszsu,official,targets_downed,ua,51.0,,"⚡️ ЗБИТО 51 ВОРОЖИЙ БПЛА, ЩЕ 30 БЕЗПІЛОТНИКІВ – НЕ ",2026-09-10T09:18:34.317066+00:00
2024-12-17,2,kpszsu,official,drone_tracks,kyiv_obl,7.0,24995,"⚠ Увага!
🛵 Київщина - загроза застосування ударних БпЛА з Черкащини.",2026-09-10T09:18:34.317066+00:00
2024-12-18,1,kpszsu,official,attacked,kyiv,1.0,,є повідомлення супроводу цілей на Київ,2026-09-10T09:18:34.317066+00:00
2024-12-18,1,kpszsu,official,drone_tracks,kyiv,1.0,25083,🛵 Ударний БпЛА повз Бровари у напрямку Києва!,2026-09-10T09:18:34.317066+00:00
2024-12-18,1,kpszsu,official,drones_launched,ua,85.0,,з повітряного простору Курської обл. та 85-ма ударними БпЛА типу «Shahed» і безпілотниками інших ти,2026-09-10T09:18:34.317066+00:00
2024-12-18,1,kpszsu,official,targets_downed,ua,45.0,,"⚡️ ЗБИТО 45 ВОРОЖИХ БПЛА, ЩЕ 40 БЕЗПІЛОТНИКІВ – НЕ ",2026-09-10T09:18:34.317066+00:00
2024-12-18,2,kpszsu,official,drone_tracks,kyiv_obl,8.0,25061,"🛵 Рух ворожих БпЛА:
1. Група БпЛА на Чернігівщині курсом на Чернігів.
2. БпЛА з Чернігівщини курсом на Київщину.
3. БпЛА на Харківщині курсом на південь.
4. БпЛА на Полтавщині курсом на захід.
5. БпЛА",2026-09-10T09:18:34.317066+00:00
2024-12-19,1,kpszsu,official,attacked,kyiv,1.0,,є повідомлення супроводу цілей на Київ,2026-09-10T09:18:34.317066+00:00
2024-12-19,1,kpszsu,official,drone_tracks,kyiv,1.0,25132,🛵 БпЛА в напрямку Києва!,2026-09-10T09:18:34.317066+00:00
2024-12-19,1,kpszsu,official,drones_launched,ua,65.0,,з повітряного простору Курської обл. та 65-ма ударними БпЛА типу «Shahed» і безпілотниками інших ти,2026-09-10T09:18:34.317066+00:00
2024-12-19,1,kpszsu,official,missile_tracks,kyiv,2.0,25139,Ще одна ракета із півночі! Напрямок - Київ!,2026-09-10T09:18:34.317066+00:00
2024-12-19,1,kpszsu,official,targets_downed,ua,45.0,,"⚡️ ЗБИТО 5 БАЛІСТИЧНИХ РАКЕТ ТА 40 ВОРОЖИХ БПЛА, Щ",2026-09-10T09:18:34.317066+00:00
2024-12-19,2,kpszsu,official,drone_tracks,kyiv_obl,2.0,25134,"🛵 Пара БпЛА ➡️ із Полтавщини в Черкащину.
🛵 Із Кіровоградщини ➡️ також курсом на  Черкащину. 
🛵 Із Чернігівщини ➡️ на Київщину.
🛵 ➡️ на Кривий Ріг.",2026-09-10T09:18:34.317066+00:00
2024-12-20,1,kpszsu,official,attacked,kyiv,1.0,,є повідомлення супроводу цілей на Київ,2026-09-10T09:18:34.317066+00:00
2024-12-20,1,kpszsu,official,drone_tracks,kyiv,3.0,25211,"⚠ м.Київ! Увага!
🛵  Ворожий ударний БпЛА у вашому напрямку зі сходу!",2026-09-10T09:18:34.317066+00:00
2024-12-20,1,kpszsu,official,drones_launched,ua,113.0,," Полтавщини (попередньо без наслідків), атакував 113-ма ударними БпЛА типу «Shahed» і безпілотниками інших ти",2026-09-10T09:18:34.317066+00:00
2024-12-20,1,kpszsu,official,targets_downed,ua,57.0,,"⚡️ ЗБИТО 57 ВОРОЖИХ БПЛА, 56 БЕЗПІЛОТНИКІВ – НЕ ДОС",2026-09-10T09:18:34.317066+00:00
2024-12-20,2,kpszsu,official,drone_tracks,kyiv_obl,2.0,25201,"⚠ Увага!
🛵 Київська область - загроза застосування ворожих ударних БпЛА з північного сходу.",2026-09-10T09:18:34.317066+00:00
2024-12-21,1,kpszsu,official,attacked,kyiv,1.0,,є повідомлення супроводу цілей на Київ,2026-09-10T09:18:34.317066+00:00
2024-12-21,1,kpszsu,official,drone_tracks,kyiv,2.0,25321,"⚠Увага!
🛵Київ - у південній частині міста ворожий БпЛА.
Перебувайте в укриттях!",2026-09-10T09:18:34.317066+00:00
2024-12-21,1,kpszsu,official,drones_launched,ua,103.0,,"24 року (із 09.00 21 грудня) противник, атакував 103-ма ударними БпЛА типу «Shahed» і безпілотниками інших ти",2026-09-10T09:18:34.317066+00:00
2024-12-21,1,kpszsu,official,targets_downed,ua,52.0,,"⚡️ ЗБИТО 52 ВОРОЖІ БПЛА, 44 БЕЗПІЛОТНИКІВ – НЕ ДОСЯ",2026-09-10T09:18:34.317066+00:00
2024-12-21,2,kpszsu,official,drone_tracks,kyiv_obl,8.0,25298,"Ворожі БпЛА на Чернігівщині, рухаються у напрямку Київщини.",2026-09-10T09:18:34.317066+00:00
2024-12-22,1,kpszsu,official,attacked,kyiv,0.0,,"канал вів повітряну обстановку (31 повідомлень з 35), жодного супроводу на Київ, тривог у місті менше 3 годин",2026-09-10T09:18:34.317066+00:00
2024-12-22,1,kpszsu,official,drones_launched,ua,72.0,, по 09.00 23 грудня 2024 року противник атакував 72-ма ударними БпЛА типу «Shahed» і безпілотниками інших ти,2026-09-10T09:18:34.317066+00:00
2024-12-22,1,kpszsu,official,targets_downed,ua,47.0,,"⚡️ ЗБИТО 47 ВОРОЖИХ БПЛА, 25 БЕЗПІЛОТНИКІВ – НЕ ДОС",2026-09-10T09:18:34.317066+00:00
2024-12-22,2,kpszsu,official,drone_tracks,kyiv_obl,8.0,25360,"Ударний БпЛА в південній частині Чернігівщини, курсом на Київщину.
БпЛА в східній частині Сумщини, курс південний.",2026-09-10T09:18:34.317066+00:00
2024-12-23,1,kpszsu,official,attacked,kyiv,1.0,,є повідомлення супроводу цілей на Київ,2026-09-10T09:18:34.317066+00:00
2024-12-23,1,kpszsu,official,drone_tracks,kyiv,4.0,25395,"⚠ Увага!
🛵Київ - в районі міста ворожі БпЛА.
Перебувайте в укриттях!",2026-09-10T09:18:34.317066+00:00
2024-12-23,1,kpszsu,official,drones_launched,ua,60.0,, по 09.00 24 грудня 2024 року противник атакував 60-ма ударними БпЛА типу «Shahed» і безпілотниками інших ти,2026-09-10T09:18:34.317066+00:00
2024-12-23,1,kpszsu,official,targets_downed,ua,36.0,,"⚡️ ЗБИТО 36 ВОРОЖИХ БПЛА, 23 БЕЗПІЛОТНИКИ – НЕ ДОСЯ",2026-09-10T09:18:34.317066+00:00
2024-12-23,2,kpszsu,official,drone_tracks,kyiv_obl,8.0,25393,"Рух ударних БпЛА:
🛵 БпЛА на півдні Чернігівщини, курс південно-західний.
🛵 БпЛА на сході Київщини, курс західний.
🛵 БпЛА в центральній частині Сумщини, курс південно-західний.",2026-09-10T09:18:34.317066+00:00
2024-12-24,1,kpszsu,official,attacked,kyiv,1.0,,є повідомлення супроводу цілей на Київ,2026-09-10T09:18:34.317066+00:00
2024-12-24,1,kpszsu,official,drone_tracks,kyiv,5.0,25519,"⚠ м.Бориспіль, м.Київ, м! Увага!
🛵 Ворожий ударний  БпЛА у вашому напрямку з південного сходу!",2026-09-10T09:18:34.317066+00:00
2024-12-24,1,kpszsu,official,drones_launched,ua,106.0,,"йон пусків — Бєлгородська обл.— рф.);
- 106 ударних БпЛА «Shahed»/дронів-імітаторів різних типів",2026-09-10T09:18:34.317066+00:00
2024-12-24,1,kpszsu,official,targets_downed,ua,113.0,,⚡️ ЗБИТО 113 ПОВІТРЯНИХ ЦІЛЕЙ ,2026-09-10T09:18:34.317066+00:00
2024-12-24,2,kpszsu,official,drone_tracks,kyiv_obl,4.0,25499,"⚠ Увага!
🛵 Київська область - загроза застосування ворожих ударних БпЛА з південного напрямку.",2026-09-10T09:18:34.317066+00:00
2024-12-25,1,kpszsu,official,attacked,kyiv,1.0,,є повідомлення супроводу цілей на Київ,2026-09-10T09:18:34.317066+00:00
2024-12-25,1,kpszsu,official,drone_tracks,kyiv,1.0,25663,"🛵 БпЛА північніше Києва, курс західний;
🛵 БпЛА на межі Чернігівської на Київської областей, курс західний;
🛵 БпЛА на межі Черкаської та Київської областей, курс західний;
🛵 БпЛА на півдні та північном",2026-09-10T09:18:34.317066+00:00
2024-12-25,1,kpszsu,official,drones_launched,ua,20.0,,"

💥 Станом на 08.30 підтверджено збиття 20 ударних БпЛА типу «Shahed» та безпілотників інших ти",2026-09-10T09:18:34.317066+00:00
2024-12-25,1,kpszsu,official,targets_downed,ua,20.0,,"⚡️ ЗБИТО 20 ВОРОЖИХ БПЛА, 11 БЕЗПІЛОТНИКІВ – НЕ ДОС",2026-09-10T09:18:34.317066+00:00
2024-12-25,2,kpszsu,official,drone_tracks,kyiv_obl,2.0,25662,"🛵 БпЛА на Чернігівщині рухаються у напрямку Київщини, курс південно-західний;
🛵 БпЛА на північному сході Полтавщини, курс південно-західний;
🛵 БпЛА на межі Черкаської та Полтавської областей , курс сх",2026-09-10T09:18:34.317066+00:00
2024-12-26,1,kpszsu,official,attacked,kyiv,1.0,,є повідомлення супроводу цілей на Київ,2026-09-10T09:18:34.317066+00:00
2024-12-26,1,kpszsu,official,drone_tracks,kyiv,1.0,25704,Декілька груп ударних БпЛА ➡️ на південь від Києва.,2026-09-10T09:18:34.317066+00:00
2024-12-26,1,kpszsu,official,drones_launched,ua,24.0,,"незької та Курської обл. – рф., а також атакував 24-ма ударними БпЛА типу «Shahed» і безпілотниками інших ти",2026-09-10T09:18:34.317066+00:00
2024-12-26,1,kpszsu,official,targets_downed,ua,13.0,,"⚡️ ЗБИТО 13 ВОРОЖИХ БПЛА, 11 БЕЗПІЛОТНИКІВ – НЕ ДОС",2026-09-10T09:18:34.317066+00:00
2024-12-27,1,kpszsu,official,attacked,kyiv,0.0,,"канал вів повітряну обстановку (13 повідомлень з 23), жодного супроводу на Київ, тривог у місті менше 3 годин",2026-09-10T09:18:34.317066+00:00
2024-12-27,1,kpszsu,official,drones_launched,ua,16.0,,024 року (із 23.00 27 грудня) противник атакував 16-ма ударними БпЛА типу «Shahed» та безпілотниками інших т,2026-09-10T09:18:34.317066+00:00
2024-12-27,1,kpszsu,official,targets_downed,ua,15.0,,"⚡️ ЗБИТО 15 ВОРОЖИХ БПЛА, 1 БЕЗПІЛОТНИК ЛОКАЦІЙНО В",2026-09-10T09:18:34.317066+00:00
2024-12-28,1,kpszsu,official,attacked,kyiv,0.0,,"канал вів повітряну обстановку (10 повідомлень з 16), жодного супроводу на Київ, тривог у місті менше 3 годин",2026-09-10T09:18:34.317066+00:00
2024-12-28,1,kpszsu,official,drones_launched,ua,10.0,,"ської обл. по Курщині та Сумщині, також атакував 10-ма ударними БпЛА типу «Shahed» і безпілотниками інших ти",2026-09-10T09:18:34.317066+00:00
2024-12-28,1,kpszsu,official,targets_downed,ua,9.0,,ної боротьби та мобільних вогневих груп збито 9 ударних БпЛА типу «Shahed» та безпілотн,2026-09-10T09:18:34.317066+00:00
2024-12-29,1,kpszsu,official,attacked,kyiv,0.0,,"канал вів повітряну обстановку (20 повідомлень з 23), жодного супроводу на Київ, тривог у місті менше 3 годин",2026-09-10T09:18:34.317066+00:00
2024-12-29,1,kpszsu,official,drones_launched,ua,43.0,,024 року (із 19.00 29 грудня) противник атакував 43-ма ударними БпЛА типу «Shahed» і безпілотниками інших ти,2026-09-10T09:18:34.317066+00:00
2024-12-29,1,kpszsu,official,targets_downed,ua,21.0,,"⚡️ ЗБИТО 21 ВОРОЖИЙ БПЛА, 22 БЕЗПІЛОТНИКИ – НЕ ДОСЯ",2026-09-10T09:18:34.317066+00:00
2024-12-30,1,kpszsu,official,attacked,kyiv,1.0,,є повідомлення супроводу цілей на Київ,2026-09-10T09:18:34.317066+00:00
2024-12-30,1,kpszsu,official,drone_tracks,kyiv,1.0,25793,🛵 БпЛА в напрямку Києва з північного напрямку.,2026-09-10T09:18:34.317066+00:00
2024-12-30,1,kpszsu,official,drones_launched,ua,40.0,," повітряного простору Тульської обл.;
- 40 ударних БпЛА типу «Shahed» і безпілотників-імітаторі",2026-09-10T09:18:34.317066+00:00
2024-12-30,1,kpszsu,official,targets_downed,ua,22.0,,"⚡️ ЗБИТО 6 РАКЕТ ТА 16 ВОРОЖИХ БПЛА, ЩЕ 24 БЕЗПІЛО",2026-09-10T09:18:34.317066+00:00
2024-12-30,2,kpszsu,official,drone_tracks,kyiv_obl,4.0,25790,"🛵 БпЛА з Чернігівщини, курсом на Київщину.",2026-09-10T09:18:34.317066+00:00
2024-12-30,2,kpszsu,official,missile_tracks,kyiv_obl,2.0,25821,"🚀 Ракети на Черкащині змінюють курс на Київщину.
🚀 Ракета з Чернігівщини, курсом на Київщину.
🚀 Ракета в східній частині Київщини, курс західний.",2026-09-10T09:18:34.317066+00:00
2024-12-31,1,kpszsu,official,attacked,kyiv,1.0,,є повідомлення супроводу цілей на Київ,2026-09-10T09:18:34.317066+00:00
2024-12-31,1,kpszsu,official,drone_tracks,kyiv,4.0,25885,🛵 БпЛА на Вишгород/Київ з північного сходу.,2026-09-10T09:18:34.317066+00:00
2024-12-31,1,kpszsu,official,drones_launched,ua,111.0,,025 року (із 20.30 31 грудня) противник атакував 111-ма ударними БпЛА типу «Shahed» і безпілотниками інших ти,2026-09-10T09:18:34.317066+00:00
2024-12-31,1,kpszsu,official,targets_downed,ua,63.0,,"⚡️ ЗБИТО 63 ВОРОЖИХ БПЛА, 46 БЕЗПІЛОТНИКІВ – НЕ ДОС",2026-09-10T09:18:34.317066+00:00
2024-12-31,2,kpszsu,official,drone_tracks,kyiv_obl,4.0,25881,🛵 Київська область - загроза застосування ворогом ударних БпЛА.,2026-09-10T09:18:34.317066+00:00
2025-01-01,1,kpszsu,official,attacked,kyiv,1.0,,є повідомлення супроводу цілей на Київ,2026-09-10T09:18:34.317066+00:00
2025-01-01,1,kpszsu,official,drone_tracks,kyiv,1.0,26025,"⚠ Увага! м.Київ!
🛵  Ворожий ударний БпЛА у вашому напрямку з північного  сходу.",2026-09-10T09:18:34.317066+00:00
2025-01-01,1,kpszsu,official,drones_launched,ua,72.0,, 2025 року (із 19.00 1 січня) противник атакував 72-ма ударними БпЛА типу «Shahed» і безпілотниками інших ти,2026-09-10T09:18:34.317066+00:00
2025-01-01,1,kpszsu,official,targets_downed,ua,47.0,,"⚡️ ЗБИТО 47 ВОРОЖИХ БПЛА, 24 БЕЗПІЛОТНИКИ – НЕ ДОСЯ",2026-09-10T09:18:34.317066+00:00
2025-01-01,2,kpszsu,official,drone_tracks,kyiv_obl,1.0,26003,"⚠ Увага!
🛵 Київська область -  загроза застосування ворогом ударних БпЛА зі східного напрямку.",2026-09-10T09:18:34.317066+00:00
2025-01-02,1,kpszsu,official,attacked,kyiv,1.0,,є повідомлення супроводу цілей на Київ,2026-09-10T09:18:34.317066+00:00
2025-01-02,1,kpszsu,official,drone_tracks,kyiv,1.0,26104,🛵 БПЛА на Київщині на північ від Києва курсом на захід.,2026-09-10T09:18:34.317066+00:00
2025-01-02,1,kpszsu,official,drones_launched,ua,32.0,,ми Х-59/69 по Дніпропетровщині. А також атакував 32-ма ударними БпЛА типу «Shahed» і безпілотниками-імітатор,2026-09-10T09:18:34.317066+00:00
2025-01-02,1,kpszsu,official,targets_downed,ua,16.0,,"⚡️ ЗБИТО 3 РАКЕТИ ТА 13 ВОРОЖИХ БПЛА, 19 БЕЗПІЛОТН",2026-09-10T09:18:34.317066+00:00
2025-01-02,2,kpszsu,official,drone_tracks,kyiv_obl,5.0,26087,"⚠ Увага! 
🛵Київська область рух ударних БпЛА у вашому напрямку з Чернігівщини.",2026-09-10T09:18:34.317066+00:00
2025-01-03,1,kpszsu,official,attacked,kyiv,1.0,,є повідомлення супроводу цілей на Київ,2026-09-10T09:18:34.317066+00:00
2025-01-03,1,kpszsu,official,drone_tracks,kyiv,2.0,26149,"⚠ Увага! м.Київ, м. Вишгород!
🛵  Ворожий ударний БпЛА у вашому напрямку з північного сходу!",2026-09-10T09:18:34.317066+00:00
2025-01-03,1,kpszsu,official,drones_launched,ua,30.0,,очної доби (із 11.00 4 січня) противник атакував 30-ма ударними БпЛА типу «Shahed» і безпілотниками-імітатор,2026-09-10T09:18:34.317066+00:00
2025-01-03,1,kpszsu,official,targets_downed,ua,14.0,,"⚡️ ЗБИТО 14 ВОРОЖИХ БПЛА, 16 БЕЗПІЛОТНИКІВ-ІМІТАТОР",2026-09-10T09:18:34.317066+00:00
2025-01-03,2,kpszsu,official,drone_tracks,kyiv_obl,9.0,26114,"⚠ Увага!
🛵 Київська область - загроза застосування ворожих ударних БпЛА.",2026-09-10T09:18:34.317066+00:00
2025-01-04,1,kpszsu,official,attacked,kyiv,0.0,,"канал вів повітряну обстановку (77 повідомлень з 118), жодного супроводу на Київ, тривог у місті менше 3 годин",2026-09-10T09:18:34.317066+00:00
2025-01-04,1,kpszsu,official,drones_launched,ua,103.0,, 2025 року (із 19.00 4 січня) противник атакував 103-ма ударними БпЛА типу «Shahed» і безпілотниками-імітатор,2026-09-10T09:18:34.317066+00:00
2025-01-04,1,kpszsu,official,targets_downed,ua,61.0,,"⚡️ ЗБИТО 61 ВОРОЖИЙ БПЛА, 42 БЕЗПІЛОТНИКИ – НЕ ДОСЯ",2026-09-10T09:18:34.317066+00:00
2025-01-04,2,kpszsu,official,drone_tracks,kyiv_obl,6.0,26200,"⚠ Увага!
🛵 Київська область - загроза застосування ворожих ударних БпЛА.",2026-09-10T09:18:34.317066+00:00
2025-01-05,1,kpszsu,official,attacked,kyiv,0.0,,"канал вів повітряну обстановку (35 повідомлень з 55), жодного супроводу на Київ, тривог у місті менше 3 годин",2026-09-10T09:18:34.317066+00:00
2025-01-05,1,kpszsu,official,drones_launched,ua,128.0,,ракетами Х-59 із південного напрямку та 128-ма ударними БпЛА типу «Shahed» і безпілотниками-імітатор,2026-09-10T09:18:34.317066+00:00
2025-01-05,1,kpszsu,official,targets_downed,ua,81.0,,⚡️ ЗБИТО 2 КЕРОВАНІ АВІАЦІЙНІ РАКЕТИ ТА 79 ВОРОЖИХ,2026-09-10T09:18:34.317066+00:00
2025-01-05,2,kpszsu,official,drone_tracks,kyiv_obl,1.0,26349,"Рух ударних БпЛА:
🛵 БпЛА в західній частині Київщини, курс південно-західний.
🛵 БпЛА в північній частині Черкащини, курс північний.
🛵 БпЛА в північній частині Кіровоградщини, постійно змінює курс.
🛵 Б",2026-09-10T09:18:34.317066+00:00
2025-01-06,1,kpszsu,official,attacked,kyiv,0.0,,"канал вів повітряну обстановку (25 повідомлень з 41), жодного супроводу на Київ, тривог у місті менше 3 годин",2026-09-10T09:18:34.317066+00:00
2025-01-06,1,kpszsu,official,drones_launched,ua,38.0,, 2025 року (із 19.30 6 січня) противник атакував 38-ма ударними БпЛА типу «Shahed» і безпілотниками-імітатор,2026-09-10T09:18:34.317066+00:00
2025-01-06,1,kpszsu,official,targets_downed,ua,28.0,,"⚡️ ЗБИТО 28 ВОРОЖИХ БПЛА, 10 БЕЗПІЛОТНИКІВ – НЕ ДОС",2026-09-10T09:18:34.317066+00:00
2025-01-07,1,kpszsu,official,attacked,kyiv,1.0,,є повідомлення супроводу цілей на Київ,2026-09-10T09:18:34.317066+00:00
2025-01-07,1,kpszsu,official,drone_tracks,kyiv,1.0,26436,"⚠Увага!
м. Київ - БпЛА у напрямку міста!",2026-09-10T09:18:34.317066+00:00
2025-01-07,1,kpszsu,official,drones_launched,ua,64.0,, 2025 року (із 19.30 7 січня) противник атакував 64-ма ударними БпЛА типу «Shahed» і безпілотниками-імітатор,2026-09-10T09:18:34.317066+00:00
2025-01-07,1,kpszsu,official,targets_downed,ua,41.0,,"⚡️ ЗБИТО 41 ВОРОЖИЙ БПЛА, 22 БЕЗПІЛОТНИКИ – НЕ ДОСЯ",2026-09-10T09:18:34.317066+00:00
2025-01-07,2,kpszsu,official,drone_tracks,kyiv_obl,6.0,26434,"🛵 ударні БпЛА на півночі Сумщини ➡️ курс західний.
🛵 група БпЛА на півдні Сумщини ➡️ курс на Полтавщину.
🛵 ударні БпЛА на півночі Чернігівщини ➡️ напрямок на Київщину.
🛵 БпЛА на півночі Чернігівщини ➡",2026-09-10T09:18:34.317066+00:00
2025-01-08,1,kpszsu,official,attacked,kyiv,0.0,,"канал вів повітряну обстановку (50 повідомлень з 86), жодного супроводу на Київ, тривог у місті менше 3 годин",2026-09-10T09:18:34.317066+00:00
2025-01-08,1,kpszsu,official,drones_launched,ua,70.0,, 2025 року (із 19.30 7 січня) противник атакував 70-ма ударними БпЛА типу «Shahed» і безпілотниками-імітатор,2026-09-10T09:18:34.317066+00:00
2025-01-08,1,kpszsu,official,targets_downed,ua,46.0,,"⚡️ ЗБИТО 46 ВОРОЖИХ БПЛА, 24 БЕЗПІЛОТНИКИ – НЕ ДОСЯ",2026-09-10T09:18:34.317066+00:00
2025-01-08,2,kpszsu,official,drone_tracks,kyiv_obl,1.0,26506,"⚠Увага!
🛵Київська область - загроза застосування ворогом ударних БпЛА зі східного напрямку!",2026-09-10T09:18:34.317066+00:00
2025-01-09,1,kpszsu,official,attacked,kyiv,1.0,,є повідомлення супроводу цілей на Київ,2026-09-10T09:18:34.317066+00:00
2025-01-09,1,kpszsu,official,drone_tracks,kyiv,2.0,26585,"⚠ Увага! м. Київ!
🛵 Ворожий ударний БпЛА на південь від міста.",2026-09-10T09:18:34.317066+00:00
2025-01-09,1,kpszsu,official,drones_launched,ua,72.0,, 2025 року (із 20.30 9 січня) противник атакував 72-ма ударними БпЛА типу «Shahed» і безпілотниками-імітатор,2026-09-10T09:18:34.317066+00:00
2025-01-09,1,kpszsu,official,targets_downed,ua,33.0,,"⚡️ ЗБИТО 33 ВОРОЖИХ БПЛА, 34 БЕЗПІЛОТНИКИ – НЕ ДОСЯ",2026-09-10T09:18:34.317066+00:00
2025-01-09,2,kpszsu,official,drone_tracks,kyiv_obl,4.0,26578,"⚠Увага!
🛵 Київська область - загроза застосування ворогом ударних БпЛА!",2026-09-10T09:18:34.317066+00:00
2025-01-10,1,kpszsu,official,attacked,kyiv,0.0,,"канал вів повітряну обстановку (17 повідомлень з 35), жодного супроводу на Київ, тривог у місті менше 3 годин",2026-09-10T09:18:34.317066+00:00
2025-01-10,1,kpszsu,official,drones_launched,ua,74.0,,2025 року (із 20.00 10 січня) противник атакував 74-ма ударними БпЛА типу «Shahed» і безпілотниками-імітатор,2026-09-10T09:18:34.317066+00:00
2025-01-10,1,kpszsu,official,targets_downed,ua,47.0,,"⚡️ ЗБИТО 47 ВОРОЖИХ БПЛА, 27 БЕЗПІЛОТНИКІВ – НЕ ДОС",2026-09-10T09:18:34.317066+00:00
2025-01-10,2,kpszsu,official,drone_tracks,kyiv_obl,3.0,26638,"🛵  ударні БпЛА на Чернігівщині ➡️ курс на Київщину.
🛵 БпЛА на півдні Сумщини ➡️ напрямок на Полтавщину.
🛵 Ударні БпЛА на Полтавщині ➡️ курс західний.
🛵  БпЛА на півночі Харківщини ➡️ напрямок на півні",2026-09-10T09:18:34.317066+00:00
2025-01-11,1,kpszsu,official,attacked,kyiv,0.0,,"канал вів повітряну обстановку (27 повідомлень з 46), жодного супроводу на Київ, тривог у місті менше 3 годин",2026-09-10T09:18:34.317066+00:00
2025-01-11,1,kpszsu,official,drones_launched,ua,94.0,,2025 року (із 18.00 11 січня) противник атакував 94-ма ударними БпЛА типу «Shahed» і безпілотниками-імітатор,2026-09-10T09:18:34.317066+00:00
2025-01-11,1,kpszsu,official,targets_downed,ua,60.0,,"⚡️ ЗБИТО 60 ВОРОЖИХ БПЛА, 34 БЕЗПІЛОТНИКИ – НЕ ДОСЯ",2026-09-10T09:18:34.317066+00:00
2025-01-11,2,kpszsu,official,drone_tracks,kyiv_obl,4.0,26662,"⚠ Увага! 
Київська область рух ударних БпЛА у вашому напрямку з Чернігівщини.",2026-09-10T09:18:34.317066+00:00
2025-01-12,1,kpszsu,official,attacked,kyiv,0.0,,"канал вів повітряну обстановку (29 повідомлень з 45), жодного супроводу на Київ, тривог у місті менше 3 годин",2026-09-10T09:18:34.317066+00:00
2025-01-12,1,kpszsu,official,drones_launched,ua,110.0,,2025 року (із 19.00 12 січня) противник атакував 110-ма ударними БпЛА типу «Shahed» і безпілотниками-імітатор,2026-09-10T09:18:34.317066+00:00
2025-01-12,1,kpszsu,official,targets_downed,ua,78.0,,"⚡️ ЗБИТО 78 ВОРОЖИХ БПЛА, 31 БЕЗПІЛОТНИК – НЕ ДОСЯГ",2026-09-10T09:18:34.317066+00:00
2025-01-12,2,kpszsu,official,drone_tracks,kyiv_obl,6.0,26721,"🛵 ударні БпЛА на Харківщині ➡️ курс південно-західний.
🛵 БпЛА на півночі Дніпропетровщини ➡️ курс на захід.
🛵 БпЛА на Полтавщині ➡️напрямок південно-західний.
🛵 група БпЛА на Сумщині ➡️ курс на Полтав",2026-09-10T09:18:34.317066+00:00
2025-01-13,1,kpszsu,official,drones_launched,ua,80.0,,2025 року (із 18.30 13 січня) противник атакував 80-ма ударними БпЛА типу «Shahed» і безпілотниками-імітатор,2026-09-10T09:18:34.317066+00:00
2025-01-13,1,kpszsu,official,targets_downed,ua,58.0,,"⚡️ ЗБИТО 58 ВОРОЖИХ БПЛА, 21 БЕЗПІЛОТНИК – НЕ ДОСЯГ",2026-09-10T09:18:34.317066+00:00
2025-01-13,2,kpszsu,official,drone_tracks,kyiv_obl,3.0,26767,Декілька груп БпЛА із Чернігівщини ➡️ курсом на Київщину!,2026-09-10T09:18:34.317066+00:00
2025-01-14,1,kpszsu,official,attacked,kyiv,1.0,,є повідомлення супроводу цілей на Київ,2026-09-10T09:18:34.317066+00:00
2025-01-14,1,kpszsu,official,drone_tracks,kyiv,1.0,26875,"⚠Увага! м. Київ, м.Бровари!
🛵 Ворожий ударний БпЛА у вашому напрямку з північного сходу.",2026-09-10T09:18:34.317066+00:00
2025-01-14,1,kpszsu,official,drones_launched,ua,74.0,,"ї (район пусків — Бєлгородська обл.);
- 74 ударних БпЛА «Shahed»/дронів-імітаторів різних типів",2026-09-10T09:18:34.317066+00:00
2025-01-14,1,kpszsu,official,targets_downed,ua,77.0,,⚡️ ЗБИТО 30 РАКЕТ та 47 ВОРОЖИХ БПЛА,2026-09-10T09:18:34.317066+00:00
2025-01-14,2,kpszsu,official,drone_tracks,kyiv_obl,4.0,26835,"⚠Увага!
🛵 Київська область - загроза застосування ворогом ударних БпЛА!",2026-09-10T09:18:34.317066+00:00
2025-01-15,1,kpszsu,official,attacked,kyiv,0.0,,"канал вів повітряну обстановку (24 повідомлень з 40), жодного супроводу на Київ, тривог у місті менше 3 годин",2026-09-10T09:18:34.317066+00:00
2025-01-15,1,kpszsu,official,drones_launched,ua,55.0,,2025 року (із 20.00 15 січня) противник атакував 55-ма ударними БпЛА типу «Shahed» і безпілотниками-імітатор,2026-09-10T09:18:34.317066+00:00
2025-01-15,1,kpszsu,official,targets_downed,ua,34.0,,"⚡️ ЗБИТО 34 ВОРОЖИХ БПЛА, 18 БЕЗПІЛОТНИКІВ – НЕ ДОС",2026-09-10T09:18:34.317066+00:00
2025-01-15,2,kpszsu,official,drone_tracks,kyiv_obl,5.0,26973,"Рух ударних БпЛА:
🛵 БпЛА з Чернігівщини курсом на Київщину.
🛵 БпЛА в східній частині Полтавщини курс західний.
🛵 БпЛА в північній та західній частинах Дніпропетровщини, курс західний.
🛵 БпЛА в східній",2026-09-10T09:18:34.317066+00:00
2025-01-16,1,kpszsu,official,attacked,kyiv,1.0,,є повідомлення супроводу цілей на Київ,2026-09-10T09:18:34.317066+00:00
2025-01-16,1,kpszsu,official,drone_tracks,kyiv,1.0,26995,"⚠ Увага! м. Київ!
🛵 Ворожий ударний БпЛА на місто зі сходу.",2026-09-10T09:18:34.317066+00:00
2025-01-16,1,kpszsu,official,drones_launched,ua,50.0,,"М» (пуски із Ростовської обл.), а також атакував 50-ма ударними БпЛА типу «Shahed» і безпілотниками-імітатор",2026-09-10T09:18:34.317066+00:00
2025-01-16,1,kpszsu,official,targets_downed,ua,33.0,,"⚡️ ЗБИТО 33 ВОРОЖІ БПЛА, 10 БЕЗПІЛОТНИКІВ – НЕ ДОСЯ",2026-09-10T09:18:34.317066+00:00
2025-01-16,2,kpszsu,official,drone_tracks,kyiv_obl,2.0,26996,"⚠Увага!
🛵 БпЛА на Київщині рухається у напрямку Біла Церква.",2026-09-10T09:18:34.317066+00:00
2025-01-17,1,kpszsu,official,attacked,kyiv,1.0,,є повідомлення супроводу цілей на Київ,2026-09-10T09:18:34.317066+00:00
2025-01-17,1,kpszsu,official,drone_tracks,kyiv,6.0,27076,"⚠ Увага! м.Київ!
🛵  У вашому напрямку ворожі ударні БпЛА з півночі та зі сходу.",2026-09-10T09:18:34.317066+00:00
2025-01-17,1,kpszsu,official,drones_launched,ua,39.0,,2025 року (із 19.00 17 січня) противник атакував 39-ма ударними БпЛА типу «Shahed» і безпілотниками-імітатор,2026-09-10T09:18:34.317066+00:00
2025-01-17,1,kpszsu,official,targets_downed,ua,26.0,,⚡️ ЗБИТО 2 БАЛІСТИЧНІ РАКЕТИ ТА 24 ВОРОЖІ БПЛА,2026-09-10T09:18:34.317066+00:00
2025-01-17,2,kpszsu,official,drone_tracks,kyiv_obl,8.0,27073,"⚠ Увага!
🛵 Київська область - загроза застосування ворогом ударних БпЛА.",2026-09-10T09:18:34.317066+00:00
2025-01-18,1,kpszsu,official,attacked,kyiv,0.0,,"канал вів повітряну обстановку (32 повідомлень з 47), жодного супроводу на Київ, тривог у місті менше 3 годин",2026-09-10T09:18:34.317066+00:00
2025-01-18,1,kpszsu,official,drones_launched,ua,300.0,,"
- 33 ракети різних типів;
- понад 300 ударних БпЛА типу «Shahed»;
- 72 розвідувальних БпЛА",2026-09-10T09:18:34.317066+00:00
2025-01-18,1,kpszsu,official,missiles_launched,ua,33.0,,"
- 33 ракети різних типів;
- понад 300 ударних БпЛА",2026-09-10T09:18:34.317066+00:00
2025-01-18,1,kpszsu,official,targets_downed,ua,43.0,,"⚡️ ЗБИТО 43 ВОРОЖІ БПЛА, 15 БЕЗПІЛОТНИКІВ – НЕ ДОСЯ",2026-09-10T09:18:34.317066+00:00
2025-01-18,2,kpszsu,official,drone_tracks,kyiv_obl,4.0,27150,"🛵 Нові групи ударних ворожих БпЛА:
1. БпЛА на півночі Київщини рухаються у напрямку Житомирщини;
2. БпЛА на півдні Сумщини рухаються у напрямку Полтавщини;
3. БпЛА на півночі Харківщини, курс південни",2026-09-10T09:18:34.317066+00:00
2025-01-19,1,kpszsu,official,attacked,kyiv,1.0,,є повідомлення супроводу цілей на Київ,2026-09-10T09:18:34.317066+00:00
2025-01-19,1,kpszsu,official,drone_tracks,kyiv,1.0,27192,🛵 БпЛА повз Яготин та Згурівку ➡️курсом на Бориспіль/Київ!,2026-09-10T09:18:34.317066+00:00
2025-01-19,1,kpszsu,official,targets_downed,ua,93.0,,"⚡️ ЗБИТО 93 ВОРОЖІ БПЛА, 47 БЕЗПІЛОТНИКІВ – НЕ ДОСЯ",2026-09-10T09:18:34.317066+00:00
2025-01-19,2,kpszsu,official,drone_tracks,kyiv_obl,9.0,27168,🛵 БпЛА з Чернігівщини ➡️ курсом на Київщину.,2026-09-10T09:18:34.317066+00:00
2025-01-20,1,kpszsu,official,attacked,kyiv,1.0,,є повідомлення супроводу цілей на Київ,2026-09-10T09:18:34.317066+00:00
2025-01-20,1,kpszsu,official,drone_tracks,kyiv,1.0,27263,"Рух ударних БпЛА:
🛵 БпЛА в напрямку Києва з південно-східного напрямку.
🛵 БпЛА на Сумщині, курс південно-західний.",2026-09-10T09:18:34.317066+00:00
2025-01-20,1,kpszsu,official,targets_downed,ua,72.0,,"⚡️ ЗБИТО 72 ВОРОЖІ БПЛА, 59 БЕЗПІЛОТНИКІВ – НЕ ДОСЯ",2026-09-10T09:18:34.317066+00:00
2025-01-20,2,kpszsu,official,drone_tracks,kyiv_obl,2.0,27259,"Рух ударних БпЛА:
🛵 БпЛА в південній частині Київщини, курсом на Вінниччину.
🛵 БпЛА з Сумщини, курсом на Полтавщину.
🛵 БпЛА в північній частині Полтавщині, курс західний.
🛵 БпЛА в східній та південно-",2026-09-10T09:18:34.317066+00:00
2025-01-21,1,kpszsu,official,attacked,kyiv,1.0,,є повідомлення супроводу цілей на Київ,2026-09-10T09:18:34.317066+00:00
2025-01-21,1,kpszsu,official,drone_tracks,kyiv,2.0,27315,"⚠Увага! м.Київ!
🛵 Ворожий ударний БпЛА у вашому напрямку зі сходу!",2026-09-10T09:18:34.317066+00:00
2025-01-21,1,kpszsu,official,drones_launched,ua,99.0,,2025 року (із 19.00 21 січня) противник атакував 99-ма ударним БпЛА типу «Shahed» і безпілотниками-імітатор,2026-09-10T09:18:34.317066+00:00
2025-01-21,1,kpszsu,official,targets_downed,ua,65.0,,"⚡️ ЗБИТО 65 ВОРОЖИХ БПЛА, 30 БЕЗПІЛОТНИКІВ – НЕ ДОС",2026-09-10T09:18:34.317066+00:00
2025-01-21,2,kpszsu,official,drone_tracks,kyiv_obl,5.0,27312,"⚠Увага!
🛵 Київська область - загроза застосування ворогом ударних БпЛА з північно-східного напрямку!",2026-09-10T09:18:34.317066+00:00
2025-01-22,1,kpszsu,official,attacked,kyiv,1.0,,є повідомлення супроводу цілей на Київ,2026-09-10T09:18:34.317066+00:00
2025-01-22,1,kpszsu,official,drone_tracks,kyiv,1.0,27417,"🛵 ударні БпЛА на Київщині ➡️ курс західний.
🛵 БпЛА на Черкащині ➡️ курс західний.
🛵 БпЛА на півдні Чернігівщини ➡️ курс північно-західний.
🛵 ударні БпЛА на околицях Києва.",2026-09-10T09:18:34.317066+00:00
2025-01-22,1,kpszsu,official,drones_launched,ua,92.0,,2025 року (із 19.00 22 січня) противник атакував 92-ма ударними БпЛА типу «Shahed» і безпілотниками-імітатор,2026-09-10T09:18:34.317066+00:00
2025-01-22,1,kpszsu,official,targets_downed,ua,57.0,,"⚡️ ЗБИТО 57 ВОРОЖИХ БПЛА, 27 БЕЗПІЛОТНИКІВ – НЕ ДОС",2026-09-10T09:18:34.317066+00:00
2025-01-22,2,kpszsu,official,drone_tracks,kyiv_obl,2.0,27415,"🛵 БпЛА на півдні Чернігівщини  ➡️ курс на Київщину.
🛵 група БпЛА на півночі Чернігівщини  ➡️ курс на південий захід.
🛵 БпЛА на Полтавщині ➡️ курс на південь.
🛵 БпЛА на Сумщині ➡️ курс на Полтавщину.
🛵",2026-09-10T09:18:34.317066+00:00
2025-01-23,1,kpszsu,official,attacked,kyiv,1.0,,є повідомлення супроводу цілей на Київ,2026-09-10T09:18:34.317066+00:00
2025-01-23,1,kpszsu,official,drone_tracks,kyiv,2.0,27447,"🛵 Із Чернігівщини декілька груп ""шахедів""  ➡️ курсом на Бровари/Київ.",2026-09-10T09:18:34.317066+00:00
2025-01-23,1,kpszsu,official,drones_launched,ua,58.0,,2025 року (із 21.00 23 січня) противник атакував 58-ма ударними БпЛА типу «Shahed» і безпілотниками-імітатор,2026-09-10T09:18:34.317066+00:00
2025-01-23,1,kpszsu,official,targets_downed,ua,25.0,,"⚡️ ЗБИТО 25 ВОРОЖИХ БПЛА, 27 БЕЗПІЛОТНИКІВ – НЕ ДОС",2026-09-10T09:18:34.317066+00:00
2025-01-23,2,kpszsu,official,drone_tracks,kyiv_obl,5.0,27427,🛵 Декілька груп ударних БпЛА із Чернігівщини рухаються у напрямку Київщини.,2026-09-10T09:18:34.317066+00:00
2025-01-24,1,kpszsu,official,attacked,kyiv,0.0,,"канал вів повітряну обстановку (26 повідомлень з 45), жодного супроводу на Київ, тривог у місті менше 3 годин",2026-09-10T09:18:34.317066+00:00
2025-01-24,1,kpszsu,official,targets_downed,ua,48.0,,⚡️ ЗБИТО ДВІ КЕРОВАНІ АВІАЦІЙНІ РАКЕТИ ТА 46 ВОРОЖИХ ,2026-09-10T09:18:34.317066+00:00
2025-01-24,2,kpszsu,official,drone_tracks,kyiv_obl,1.0,27504,🛵 Київська область загроза застосування ударних БпЛА.,2026-09-10T09:18:34.317066+00:00
2025-01-25,1,kpszsu,official,attacked,kyiv,0.0,,"канал вів повітряну обстановку (19 повідомлень з 32), жодного супроводу на Київ, тривог у місті менше 3 годин",2026-09-10T09:18:34.317066+00:00
2025-01-25,1,kpszsu,official,drones_launched,ua,375.0,,"
- 2 керовані авіаційні ракети;
- 375 ударних БпЛА типу «Shahed»;
- 71 розвідувальний БпЛА",2026-09-10T09:18:34.317066+00:00
2025-01-25,1,kpszsu,official,targets_downed,ua,50.0,,"⚡️ ЗБИТО 50 ВОРОЖИХ БПЛА, 9 БЕЗПІЛОТНИКІВ – НЕ ДОСЯ",2026-09-10T09:18:34.317066+00:00
2025-01-25,2,kpszsu,official,drone_tracks,kyiv_obl,3.0,27532,"Рух ударних БпЛА:
🛵 БпЛА в північній частині Київщини, курс західний.
🛵 БпЛА на Сумщині, курс південний.
🛵 БпЛА в східній частині Черкащини, курс північно-західний.
🛵 БпЛА в південній частині Київщини",2026-09-10T09:18:34.317066+00:00
2025-01-25,2,kpszsu,official,missile_tracks,kyiv_obl,1.0,27519,"🚀 Київська, Чернігівська, Полтавська, Сумська, Черкаська, Кіровоградська області - ракетна небезпека!",2026-09-10T09:18:34.317066+00:00
2025-01-26,1,kpszsu,official,attacked,kyiv,1.0,,є повідомлення супроводу цілей на Київ,2026-09-10T09:18:34.317066+00:00
2025-01-26,1,kpszsu,official,drone_tracks,kyiv,2.0,27611,"⚠ Увага! м. Бровари (Київщина), м.Київ!
 🛵  У вашому напрямку ворожий ударний БпЛА з північного сходу!",2026-09-10T09:18:34.317066+00:00
2025-01-26,1,kpszsu,official,drones_launched,ua,104.0,,2025 року (із 20.00 26 січня) противник атакував 104-ма ударними БпЛА типу «Shahed» і безпілотниками-імітатор,2026-09-10T09:18:34.317066+00:00
2025-01-26,1,kpszsu,official,targets_downed,ua,57.0,,"⚡️ ЗБИТО 57 ВОРОЖИХ БПЛА, 39 БЕЗПІЛОТНИКІВ – НЕ ДОС",2026-09-10T09:18:34.317066+00:00
2025-01-26,2,kpszsu,official,drone_tracks,kyiv_obl,2.0,27607,"⚠ Увага!
🛵 Київська область - загроза застосування ворогом ударних БпЛА з південно-східного напрямку!",2026-09-10T09:18:34.317066+00:00
2025-01-27,1,kpszsu,official,attacked,kyiv,1.0,,є повідомлення супроводу цілей на Київ,2026-09-10T09:18:34.317066+00:00
2025-01-27,1,kpszsu,official,drone_tracks,kyiv,1.0,27663,"⚠ Увага!
🛵Київ - в районі міста ворожі БпЛА.
Перебувайте в укриттях!",2026-09-10T09:18:34.317066+00:00
2025-01-27,1,kpszsu,official,drones_launched,ua,100.0,,2025 року (із 20.00 27 січня) противник атакував 100-ма ударними БпЛА типу «Shahed» і безпілотниками-імітатор,2026-09-10T09:18:34.317066+00:00
2025-01-27,1,kpszsu,official,targets_downed,ua,65.0,,"⚡️ ЗБИТО 65 ВОРОЖИХ БПЛА, 28 БЕЗПІЛОТНИКІВ – НЕ ДОС",2026-09-10T09:18:34.317066+00:00
2025-01-27,2,kpszsu,official,drone_tracks,kyiv_obl,3.0,27659,"⚠Увага!
🛵Київська  область - загроза застосування ударних БпЛА з Черкащини.",2026-09-10T09:18:34.317066+00:00
2025-01-28,1,kpszsu,official,attacked,kyiv,1.0,,є повідомлення супроводу цілей на Київ,2026-09-10T09:18:34.317066+00:00
2025-01-28,1,kpszsu,official,drone_tracks,kyiv,2.0,27707,"Рух ударний БпЛА:
🛵 БпЛА в напрямку Києва з північно-східного напрямку.
🛵 БпЛА в північній частині Чернігівщини, постійно змінюють курс.
🛵 БпЛА в західній частині Сумщини, курс західний/південно-захід",2026-09-10T09:18:34.317066+00:00
2025-01-28,1,kpszsu,official,drones_launched,ua,57.0,,2025 року (із 19.30 28 січня) противник атакував 57-ма ударними БпЛА типу «Shahed» і безпілотниками-імітатор,2026-09-10T09:18:34.317066+00:00
2025-01-28,1,kpszsu,official,targets_downed,ua,29.0,,"⚡️ ЗБИТО 29 ВОРОЖИХ БПЛА, 14 БЕЗПІЛОТНИКІВ – НЕ ДОС",2026-09-10T09:18:34.317066+00:00
2025-01-28,2,kpszsu,official,drone_tracks,kyiv_obl,1.0,27711,"🛵 БпЛА на межі Чернігівщини та Київщини (Київське водосховище), курс південний.",2026-09-10T09:18:34.317066+00:00
2025-01-29,1,kpszsu,official,attacked,kyiv,0.0,,"канал вів повітряну обстановку (27 повідомлень з 41), жодного супроводу на Київ, тривог у місті менше 3 годин",2026-09-10T09:18:34.317066+00:00
2025-01-29,1,kpszsu,official,targets_downed,ua,37.0,,"⚡️ ЗБИТО 37 ВОРОЖИХ БПЛА, 39 БЕЗПІЛОТНИКІВ – НЕ ДОС",2026-09-10T09:18:34.317066+00:00
2025-01-29,2,kpszsu,official,drone_tracks,kyiv_obl,5.0,27740,🛵 Із Чернігівщини БпЛА рухаються ➡️ у напрямку Київської області.,2026-09-10T09:18:34.317066+00:00
2025-01-30,1,kpszsu,official,attacked,kyiv,1.0,,є повідомлення супроводу цілей на Київ,2026-09-10T09:18:34.317066+00:00
2025-01-30,1,kpszsu,official,drone_tracks,kyiv,3.0,27846,"⚠ Увага! м.Київ!
🛵 Ворожий ударний БпЛА у вашому напрямку зі сходу.",2026-09-10T09:18:34.317066+00:00
2025-01-30,1,kpszsu,official,drones_launched,ua,102.0,,2025 року (із 21.00 30 січня) противник атакував 102-ма ударним БпЛА типу «Shahed» і безпілотниками-імітатор,2026-09-10T09:18:34.317066+00:00
2025-01-30,1,kpszsu,official,targets_downed,ua,59.0,,"⚡️ ЗБИТО 59 ВОРОЖИХ БПЛА, 37 БЕЗПІЛОТНИКІВ – НЕ ДОС",2026-09-10T09:18:34.317066+00:00
2025-01-30,2,kpszsu,official,drone_tracks,kyiv_obl,4.0,27823,"⚠️ Увага!
🛵Київська область - загроза застосування ударних БпЛА з північно-східного напрямку!",2026-09-10T09:18:34.317066+00:00
2025-01-31,1,kpszsu,official,attacked,kyiv,1.0,,є повідомлення супроводу цілей на Київ,2026-09-10T09:18:34.317066+00:00
2025-01-31,1,kpszsu,official,drone_tracks,kyiv,1.0,27934,"🛵 БпЛА з Чернігівщини у напрямки Київщини західним курсом;
🛵 БпЛА південніше Києва, курс південно-західний.",2026-09-10T09:18:34.317066+00:00
2025-01-31,1,kpszsu,official,drones_launched,ua,123.0,,"ти Х-31П (із акваторії Чорного моря);
- 123 ударних БпЛА «Shahed»/дронів-імітаторів різних типів",2026-09-10T09:18:34.317066+00:00
2025-01-31,1,kpszsu,official,targets_downed,ua,56.0,,💥  За попередніми даними збито 56 ударних БпЛА «Shahed»/дрони-імітатори р,2026-09-10T09:18:34.317066+00:00
2025-01-31,2,kpszsu,official,drone_tracks,kyiv_obl,3.0,27916,"🛵Групи ударних ворожих БпЛА на Чернігівщині курсом на захід та південь;
🛵 БпЛА на заході Київщини, курсом на Житомирщину;
🛵 БпЛА на Дніпропетровщині, курсом на Харківщину.",2026-09-10T09:18:34.317066+00:00
2025-02-01,1,kpszsu,official,attacked,kyiv,0.0,,"канал вів повітряну обстановку (19 повідомлень з 37), жодного супроводу на Київ, тривог у місті менше 3 годин",2026-09-10T09:18:34.317066+00:00
2025-02-01,1,kpszsu,official,drones_launched,ua,1595.0,,"2 керованих авіаційних ракет Х-59/69;
- 1595 ударних БпЛА типу «Shahed»;
- 388 розвідувальних БпЛ",2026-09-10T09:18:34.317066+00:00
2025-02-01,1,kpszsu,official,targets_downed,ua,215.0,,"аду противника:
💥 У січні 2025 авіацією знищено 215 повітряних цілей, уражено, командні пун",2026-09-10T09:18:34.317066+00:00
2025-02-01,2,kpszsu,official,drone_tracks,kyiv_obl,2.0,27956,"Оновлення щодо руху БПЛА:
🛵Сумщина ➡️ БпЛА прямують на захід!
 
🛵 Чернігівщина ➡️ переважно на півдні області, курсом ➡️ на Київщину;

🛵 Київська область ➡️ БпЛА на півдні області в районі Богуслава. ",2026-09-10T09:18:34.317066+00:00
2025-02-02,1,kpszsu,official,attacked,kyiv,0.0,,"канал вів повітряну обстановку (32 повідомлень з 47), жодного супроводу на Київ, тривог у місті менше 3 годин",2026-09-10T09:18:34.317066+00:00
2025-02-02,1,kpszsu,official,targets_downed,ua,6.0,,протиповітряною обороною півдня України знищено 6 ударних дронів – 5 «Молнія» та 1 «Ланце,2026-09-10T09:18:34.317066+00:00
2025-02-02,2,kpszsu,official,drone_tracks,kyiv_obl,4.0,28003,🛵 Київська область - загроза застосування ударних БпЛА,2026-09-10T09:18:34.317066+00:00
2025-02-03,1,kpszsu,official,attacked,kyiv,1.0,,є повідомлення супроводу цілей на Київ,2026-09-10T09:18:34.317066+00:00
2025-02-03,1,kpszsu,official,drone_tracks,kyiv,1.0,28031,🛵 БпЛА в напрямку Києва з північного та східного напрямків.,2026-09-10T09:18:34.317066+00:00
2025-02-03,1,kpszsu,official,drones_launched,ua,65.0,,2025 року (із 20.00 3 лютого) противник атакував 65-ма ударними БпЛА типу «Shahed» і безпілотниками-імітатор,2026-09-10T09:18:34.317066+00:00
2025-02-03,1,kpszsu,official,targets_downed,ua,37.0,,"⚡️ ЗБИТО 37 ВОРОЖИХ БПЛА, 28 БЕЗПІЛОТНИКІВ – НЕ ДОС",2026-09-10T09:18:34.317066+00:00
2025-02-03,2,kpszsu,official,drone_tracks,kyiv_obl,3.0,28030,"Рух ударних БпЛА:
🛵 БпЛА в східній частині Київщини, курс західний.
🛵 БпЛА в східній частині Чернігівщини, курс західний.
🛵 БпЛА на межі Чернігівщини та Полтавщини, курс південно-західний.
🛵 БпЛА на п",2026-09-10T09:18:34.317066+00:00
2025-02-04,1,kpszsu,official,attacked,kyiv,1.0,,є повідомлення супроводу цілей на Київ,2026-09-10T09:18:34.317066+00:00
2025-02-04,1,kpszsu,official,drone_tracks,kyiv,2.0,28083,"⚠Увага!
🛵 м.Київ - загроза застосування ударних БпЛА! Можлива робота ППО.",2026-09-10T09:18:34.317066+00:00
2025-02-04,1,kpszsu,official,drones_launched,ua,104.0,,кетами «Іскандер-М» із Курської обл. та 104-ма ударним БпЛА типу «Shahed» і безпілотниками-імітатор,2026-09-10T09:18:34.317066+00:00
2025-02-04,1,kpszsu,official,targets_downed,ua,57.0,,"⚡️ ЗБИТО 57 ВОРОЖИХ БПЛА, 42 БЕЗПІЛОТНИКІВ – НЕ ДОС",2026-09-10T09:18:34.317066+00:00
2025-02-04,2,kpszsu,official,drone_tracks,kyiv_obl,7.0,28079,"🚨Оновлення щодо шахедів:
🛵 БпЛА на Чернігівщині в напрямку Чернігова.
🛵 БпЛА на межі Чернігівської та Полтавської областей. Курсом на Київщину.",2026-09-10T09:18:34.317066+00:00
2025-02-05,1,kpszsu,official,attacked,kyiv,1.0,,є повідомлення супроводу цілей на Київ,2026-09-10T09:18:34.317066+00:00
2025-02-05,1,kpszsu,official,drone_tracks,kyiv,4.0,28178,"⚠ Увага! м.Бровари/м.Київ!
       Ворожий  БпЛА у вашому напрямку з північного сходу.",2026-09-10T09:18:34.317066+00:00
2025-02-05,1,kpszsu,official,drones_launched,ua,77.0,,2025 року (із 19.00 5 лютого) противник атакував 77-ма ударним БпЛА типу «Shahed» і безпілотниками-імітатор,2026-09-10T09:18:34.317066+00:00
2025-02-05,1,kpszsu,official,targets_downed,ua,56.0,,"⚡️ ЗБИТО 56 ВОРОЖИХ БПЛА, 18 БЕЗПІЛОТНИКІВ – НЕ ДОС",2026-09-10T09:18:34.317066+00:00
2025-02-05,2,kpszsu,official,drone_tracks,kyiv_obl,2.0,28167,"⚠ Увага!
🛵 Київська область - загроза застосування ворогом ударних БпЛА з північного сходу!",2026-09-10T09:18:34.317066+00:00
2025-02-06,1,kpszsu,official,attacked,kyiv,1.0,,є повідомлення супроводу цілей на Київ,2026-09-10T09:18:34.317066+00:00
2025-02-06,1,kpszsu,official,drone_tracks,kyiv,1.0,28255,"Київщина: 
🛵БпЛА повз Бровари ➡️ у бік столиці. 
🛵Декілька груп через північ області ➡️ у напрямку Житомирщини.",2026-09-10T09:18:34.317066+00:00
2025-02-06,1,kpszsu,official,drones_launched,ua,112.0,,2025 року (із 19.00 6 лютого) противник атакував 112-ма ударним БпЛА типу «Shahed» і безпілотниками-імітатор,2026-09-10T09:18:34.317066+00:00
2025-02-06,1,kpszsu,official,targets_downed,ua,81.0,,"⚡️ ЗБИТО 81 ВОРОЖИЙ БПЛА, 31 БЕЗПІЛОТНИК – НЕ ДОСЯГ",2026-09-10T09:18:34.317066+00:00
2025-02-06,2,kpszsu,official,drone_tracks,kyiv_obl,3.0,28251,🛵 До десяти груп ударних БпЛА через Чернігівщину ➡️ у напрямку Київської області.,2026-09-10T09:18:34.317066+00:00
2025-02-07,1,kpszsu,official,attacked,kyiv,1.0,,є повідомлення супроводу цілей на Київ,2026-09-10T09:18:34.317066+00:00
2025-02-07,1,kpszsu,official,drone_tracks,kyiv,3.0,28308,🛵 Київ - загроза застосування ударних БпЛА з півночі.,2026-09-10T09:18:34.317066+00:00
2025-02-07,1,kpszsu,official,drones_launched,ua,139.0,,2025 року (із 19.30 7 лютого) противник атакував 139-ма ударним БпЛА типу «Shahed» і безпілотниками-імітатор,2026-09-10T09:18:34.317066+00:00
2025-02-07,1,kpszsu,official,targets_downed,ua,67.0,,"⚡️ ЗБИТО 67 ВОРОЖИХ БПЛА, 71 БЕЗПІЛОТНИК – НЕ ДОСЯГ",2026-09-10T09:18:34.317066+00:00
2025-02-07,2,kpszsu,official,drone_tracks,kyiv_obl,5.0,28296,🛸 Київська область - можлива робота ППО по ворожому БпЛА!,2026-09-10T09:18:34.317066+00:00
2025-02-08,1,kpszsu,official,attacked,kyiv,1.0,,є повідомлення супроводу цілей на Київ,2026-09-10T09:18:34.317066+00:00
2025-02-08,1,kpszsu,official,drone_tracks,kyiv,1.0,28358,🛵 БпЛА в напрямку Києва з північно-східного напрямку,2026-09-10T09:18:34.317066+00:00
2025-02-08,1,kpszsu,official,drones_launched,ua,408.0,,"
- 1 керовану авіаційну ракету;
- 408 ударних БпЛА типу Shahed;
- 108 розвідувальних БпЛА;",2026-09-10T09:18:34.317066+00:00
2025-02-08,1,kpszsu,official,targets_downed,ua,70.0,,"⚡️ ЗБИТО 70 ВОРОЖИХ БПЛА, 74 БЕЗПІЛОТНИКИ – НЕ ДОСЯ",2026-09-10T09:18:34.317066+00:00
2025-02-08,2,kpszsu,official,drone_tracks,kyiv_obl,2.0,28352,"🛵 БпЛА курсом на Вишгород.
🛵 БпЛА в північній частині Київщини, курс західний.
🛵 БпЛА в східній частині Київщини, курс західний/південно-західний.",2026-09-10T09:18:34.317066+00:00
2025-02-09,1,kpszsu,official,attacked,kyiv,1.0,,є повідомлення супроводу цілей на Київ,2026-09-10T09:18:34.317066+00:00
2025-02-09,1,kpszsu,official,drone_tracks,kyiv,2.0,28423,"⚠Увага!
🛵 Київ - загроза застосування ударних БпЛА! Можлива робота ППО.",2026-09-10T09:18:34.317066+00:00
2025-02-09,1,kpszsu,official,drones_launched,ua,83.0,,2025 року (із 21.00 9 лютого) противник атакував 83-ма ударними БпЛА типу Shahed і безпілотниками-імітаторам,2026-09-10T09:18:34.317066+00:00
2025-02-09,1,kpszsu,official,targets_downed,ua,61.0,,"⚡️ ЗБИТО 61 ВОРОЖИЙ БПЛА, 22 БЕЗПІЛОТНИКИ – НЕ ДОСЯ",2026-09-10T09:18:34.317066+00:00
2025-02-09,2,kpszsu,official,drone_tracks,kyiv_obl,5.0,28417,"🚨Оновлення щодо шахедів:
🛵 БпЛА в Чернігівській області! Курсом південно-західним на Київщину.
🛵 БпЛА в районі Харкова та на півдні. Курсом на захід.",2026-09-10T09:18:34.317066+00:00
2025-02-10,1,kpszsu,official,attacked,kyiv,1.0,,є повідомлення супроводу цілей на Київ,2026-09-10T09:18:34.317066+00:00
2025-02-10,1,kpszsu,official,drone_tracks,kyiv,3.0,28545,"⚠Увага! м.Київ, м.Бровари!
🛵 Ворожий ударний БпЛА у вашому напрямку зі сходу.",2026-09-10T09:18:34.317066+00:00
2025-02-10,1,kpszsu,official,drones_launched,ua,124.0,,"ойової роботи уточнюється.

Також ворог атакував 124-ма ударними БпЛА типу «Shahed» та дронами-імітаторами ін",2026-09-10T09:18:34.317066+00:00
2025-02-10,1,kpszsu,official,targets_downed,ua,57.0,,"⚡️ ЗБИТО 57 ВОРОЖИХ БПЛА, 66 БЕЗПІЛОТНИКІВ – НЕ ДОС",2026-09-10T09:18:34.317066+00:00
2025-02-10,2,kpszsu,official,drone_tracks,kyiv_obl,4.0,28541,"⚠ Увага!
 🛵 Київська область - загроза застосування ворогом ударних БпЛА  з північного напрямку!",2026-09-10T09:18:34.317066+00:00
2025-02-11,1,kpszsu,official,attacked,kyiv,1.0,,є повідомлення супроводу цілей на Київ,2026-09-10T09:18:34.317066+00:00
2025-02-11,1,kpszsu,official,drone_tracks,kyiv,2.0,28609,"⚠Увага! м.Київ!
🛵 Ворожий ударний БпЛА у вашому напрямку зі сходу.",2026-09-10T09:18:34.317066+00:00
2025-02-11,1,kpszsu,official,drones_launched,ua,123.0,,"ї обл. та один — із Криму.

Також ворог атакував 123-ма ударними БпЛА типу «Shahed» та дронами-імітаторами ін",2026-09-10T09:18:34.317066+00:00
2025-02-11,1,kpszsu,official,targets_downed,ua,77.0,,⚡️ ЗБИТО 6 БАЛІСТИЧНИХ РАКЕТ та 71 ВОРОЖИЙ БПЛА,2026-09-10T09:18:34.317066+00:00
2025-02-11,2,kpszsu,official,drone_tracks,kyiv_obl,8.0,28607,"Рух ударних БпЛА:
🛵 БпЛА в західній частині Сумщини, курсом на Чернігвщину.
🛵 БпЛА в південній частині Чернігівщини, курсом на Київщину.
🛵 БпЛА в центральній/західній частинах Харківщини, курсом на По",2026-09-10T09:18:34.317066+00:00
2025-02-12,1,kpszsu,official,attacked,kyiv,1.0,,є повідомлення супроводу цілей на Київ,2026-09-10T09:18:34.317066+00:00
2025-02-12,1,kpszsu,official,drone_tracks,kyiv,1.0,28688,"⚠️⚠️Спостерігається активність  БпЛА на півночі Чернігівщини, Дніпропетровщині, Харківщині та Сумщині, можлива робота ППО.
⚠Увага!
Київщина(без столиці) повітряна тривога - загроза застосування ударни",2026-09-10T09:18:34.317066+00:00
2025-02-12,1,kpszsu,official,drones_launched,ua,140.0,,025 року (із 20.00 12 лютого) противник атакував 140-ма ударними БпЛА типу Shahed і безпілотниками-імітаторам,2026-09-10T09:18:34.317066+00:00
2025-02-12,1,kpszsu,official,targets_downed,ua,85.0,,"⚡️ ЗБИТО 85 ВОРОЖИХ БПЛА, 52 БЕЗПІЛОТНИКИ – НЕ ДОСЯ",2026-09-10T09:18:34.317066+00:00
2025-02-12,2,kpszsu,official,drone_tracks,kyiv_obl,2.0,28682,"🚨Оновлення щодо шахедів:
🛵 Велика група БпЛА в південному напрямку Одещини! Курсом на південно-західний напрямок.
🛵 БпЛА на півдні Сумщини! Курсом на Київщину.
🛵 БпЛА в в районі Кривого Рогу. Курсом н",2026-09-10T09:18:34.317066+00:00
2025-02-13,1,kpszsu,official,attacked,kyiv,0.0,,"канал вів повітряну обстановку (31 повідомлень з 59), жодного супроводу на Київ, тривог у місті менше 3 годин",2026-09-10T09:18:34.317066+00:00
2025-02-13,1,kpszsu,official,drones_launched,ua,133.0,,025 року (із 19.30 13 лютого) противник атакував 133-ма ударними БпЛА типу Shahed і безпілотниками-імітаторам,2026-09-10T09:18:34.317066+00:00
2025-02-13,1,kpszsu,official,targets_downed,ua,73.0,,"⚡️ ЗБИТО 73 ВОРОЖИХ БПЛА, 58 БЕЗПІЛОТНИКІВ – НЕ ДОС",2026-09-10T09:18:34.317066+00:00
2025-02-13,2,kpszsu,official,drone_tracks,kyiv_obl,1.0,28740,"🛵 Ударні БпЛА продовжують рух:
1. БпЛА з Житомирщини на Рівненщину вектор руху Рівне;
2. БпЛА з Київщини на Житомирщину західним курсом;
3.  БпЛА на Полтавщині рухаються на захід та південь;
4. БпЛА н",2026-09-10T09:18:34.317066+00:00
2025-02-14,1,kpszsu,official,attacked,kyiv,0.0,,"канал вів повітряну обстановку (46 повідомлень з 75), жодного супроводу на Київ, тривог у місті менше 3 годин",2026-09-10T09:18:34.317066+00:00
2025-02-14,1,kpszsu,official,drones_launched,ua,70.0,,025 року (із 20.30 14 лютого) противник атакував 70-ма ударними БпЛА типу Shahed і безпілотниками-імітаторам,2026-09-10T09:18:34.317066+00:00
2025-02-14,1,kpszsu,official,targets_downed,ua,33.0,,"⚡️ ЗБИТО 33 ВОРОЖИХ БПЛА, 37 БЕЗПІЛОТНИКІВ – НЕ ДОС",2026-09-10T09:18:34.317066+00:00
2025-02-15,1,kpszsu,official,attacked,kyiv,1.0,,є повідомлення супроводу цілей на Київ,2026-09-10T09:18:34.317066+00:00
2025-02-15,1,kpszsu,official,drone_tracks,kyiv,3.0,28860,"⚠Увага!
🛵 Київська область(крім столиці) - загроза застосування ударних БпЛА!",2026-09-10T09:18:34.317066+00:00
2025-02-15,1,kpszsu,official,drones_launched,ua,479.0,,"Х-101;
- 1 керовану авіаційну ракету;
- 479 ударних БпЛА типу Shahed;
- 255 розвідувальних БпЛА;",2026-09-10T09:18:34.317066+00:00
2025-02-15,1,kpszsu,official,missiles_launched,ua,1.0,,"6 балістичних ракет Іскандер-М/KN-23;
- 1 крилату ракету Х-101;
- 1 керовану авіаційну ракету;
",2026-09-10T09:18:34.317066+00:00
2025-02-15,1,kpszsu,official,targets_downed,ua,95.0,,"⚡️ ЗБИТО 95 ВОРОЖИХ БПЛА, 46 БЕЗПІЛОТНИКІВ – НЕ ДОС",2026-09-10T09:18:34.317066+00:00
2025-02-15,2,kpszsu,official,drone_tracks,kyiv_obl,3.0,28862,"🛵 Оновлення щодо руху ворожих ударних БпЛА:
1. БпЛА на півдні Чернігівщині, курсом на Київщину. На північно-східному напрямку Чернігівської області, курсом на захід.
2. БпЛА на Сумщині, курсом на півд",2026-09-10T09:18:34.317066+00:00
2025-02-16,1,kpszsu,official,attacked,kyiv,1.0,,є повідомлення супроводу цілей на Київ,2026-09-10T09:18:34.317066+00:00
2025-02-16,1,kpszsu,official,drone_tracks,kyiv,2.0,28927,"⚠Увага!
🛵 Київ - загроза застосування ударних БпЛА!",2026-09-10T09:18:34.317066+00:00
2025-02-16,1,kpszsu,official,drones_launched,ua,147.0,,025 року (із 21.00 16 лютого) противник атакував 147-ма ударними БпЛА типу Shahed і безпілотниками-імітаторам,2026-09-10T09:18:34.317066+00:00
2025-02-16,1,kpszsu,official,targets_downed,ua,83.0,,"⚡️ ЗБИТО 83 ВОРОЖИХ БПЛА, 59 БЕЗПІЛОТНИКІВ – НЕ ДОС",2026-09-10T09:18:34.317066+00:00
2025-02-16,2,kpszsu,official,drone_tracks,kyiv_obl,1.0,28929,"🛵 Рух БпЛА продовжується:
1.БпЛА з Сумської області західним курсом;
2. БпЛА з Полтавщини північно-західним курсом;
3. БпЛА на  Кіровоградщині, курсом на північ;
4. Київська область - загроза застосув",2026-09-10T09:18:34.317066+00:00
2025-02-17,1,kpszsu,official,attacked,kyiv,1.0,,є повідомлення супроводу цілей на Київ,2026-09-10T09:18:34.317066+00:00
2025-02-17,1,kpszsu,official,drone_tracks,kyiv,3.0,28960,🛵 Загроза ударних БпЛА для Києва з півночі.,2026-09-10T09:18:34.317066+00:00
2025-02-17,1,kpszsu,official,drones_launched,ua,176.0,,025 року (із 19.00 17 лютого) противник атакував 176-ма ударними БпЛА типу Shahed і безпілотниками-імітаторам,2026-09-10T09:18:34.317066+00:00
2025-02-17,1,kpszsu,official,missile_tracks,kyiv,1.0,28953,"Командир підрозділу “Patriot” про:
- успішне збиття балістичних ракет 12 лютого 2025 над Києвом;
- навчання українських зенітників у Сполучених Штатах;
- про мотивуючі і демотивуючі фактори;
- практич",2026-09-10T09:18:34.317066+00:00
2025-02-17,1,kpszsu,official,targets_downed,ua,103.0,,"⚡️ ЗБИТО 103 ВОРОЖІ БПЛА, 67 БЕЗПІЛОТНИКІВ – НЕ ДОСЯ",2026-09-10T09:18:34.317066+00:00
2025-02-17,2,kpszsu,official,drone_tracks,kyiv_obl,2.0,28959,"🛵Оновлення щодо руху БпЛА:
1. Групи БпЛА на північному заході Чернігівщини курсом на Київщину;
2. БпЛА на Чернігівщині курсом на Черкащину;
3. Групи БпЛА на Миколаївщині курс північно-західний у напря",2026-09-10T09:18:34.317066+00:00
2025-02-17,2,kpszsu,official,missile_tracks,kyiv_obl,1.0,28946,"🚀 Київська, Чернігівська, Черкаська, Кіровоградська, Полтавська, Харківська та Одеська області - ракетна небезпека.",2026-09-10T09:18:34.317066+00:00
2025-02-18,1,kpszsu,official,attacked,kyiv,1.0,,є повідомлення супроводу цілей на Київ,2026-09-10T09:18:34.317066+00:00
2025-02-18,1,kpszsu,official,drone_tracks,kyiv,5.0,29038,"⚠ Увага! м.Київ/м.Бровари!
🛵 У вашому напрямку ворожий ударний БпЛА з північного сходу.",2026-09-10T09:18:34.317066+00:00
2025-02-18,1,kpszsu,official,drones_launched,ua,167.0,,025 року (із 20.00 18 лютого) противник атакував 167-ма ударними БпЛА типу Shahed і безпілотниками-імітаторам,2026-09-10T09:18:34.317066+00:00
2025-02-18,1,kpszsu,official,targets_downed,ua,106.0,,"⚡️ ЗБИТО 106 ВОРОЖИХ БПЛА, 56 БЕЗПІЛОТНИКІВ – НЕ ДОС",2026-09-10T09:18:34.317066+00:00
2025-02-18,2,kpszsu,official,missile_tracks,kyiv_obl,1.0,29012,🚀 Київська область - ракетна небезпека.,2026-09-10T09:18:34.317066+00:00
2025-02-19,1,kpszsu,official,attacked,kyiv,1.0,,є повідомлення супроводу цілей на Київ,2026-09-10T09:18:34.317066+00:00
2025-02-19,1,kpszsu,official,drone_tracks,kyiv,3.0,29126,"⚠ Увага!
🛵Київ - у східній частині міста ворожий БпЛА.
Перебувайте в укриттях!",2026-09-10T09:18:34.317066+00:00
2025-02-19,1,kpszsu,official,targets_downed,ua,80.0,,"⚡️ ЗБИТО 80 ВОРОЖИХ БПЛА, 78 БЕЗПІЛОТНИКІВ – НЕ ДОС",2026-09-10T09:18:34.317066+00:00
2025-02-19,2,kpszsu,official,drone_tracks,kyiv_obl,7.0,29122,"⚠Увага!
🛵Київська  область - загроза застосування ударних БпЛА із Чернігівщини.",2026-09-10T09:18:34.317066+00:00
2025-02-20,1,kpszsu,official,attacked,kyiv,1.0,,є повідомлення супроводу цілей на Київ,2026-09-10T09:18:34.317066+00:00
2025-02-20,1,kpszsu,official,drone_tracks,kyiv,2.0,29180,🛵 БпЛА повз Бровари ➡️ курсом на Київ.,2026-09-10T09:18:34.317066+00:00
2025-02-20,1,kpszsu,official,drones_launched,ua,160.0,,025 року (із 19.00 20 лютого) противник атакував 160-ма ударними БпЛА типу Shahed і безпілотниками-імітаторам,2026-09-10T09:18:34.317066+00:00
2025-02-20,1,kpszsu,official,targets_downed,ua,87.0,,"⚡️ ЗБИТО 87 ВОРОЖИХ БПЛА, 70 БЕЗПІЛОТНИКІВ – НЕ ДОС",2026-09-10T09:18:34.317066+00:00
2025-02-20,2,kpszsu,official,drone_tracks,kyiv_obl,10.0,29178,🛵 Групи ударних БпЛА через Чернігівщину ➡️ курсом на Київщину.,2026-09-10T09:18:34.317066+00:00
2025-02-21,1,kpszsu,official,drones_launched,ua,162.0,,025 року (із 19.00 21 лютого) противник атакував 162-ма ударними БпЛА типу Shahed і безпілотниками-імітаторам,2026-09-10T09:18:34.317066+00:00
2025-02-21,1,kpszsu,official,targets_downed,ua,82.0,,"⚡️ ЗБИТО 82 ВОРОЖІ БПЛА, 75 БЕЗПІЛОТНИКІВ – НЕ ДОСЯ",2026-09-10T09:18:34.317066+00:00
2025-02-22,1,kpszsu,official,attacked,kyiv,1.0,,є повідомлення супроводу цілей на Київ,2026-09-10T09:18:34.317066+00:00
2025-02-22,1,kpszsu,official,drone_tracks,kyiv,8.0,29287,"⚠Увага! м.Київ!
🛵 Над містом ворожий ударний БпЛА!",2026-09-10T09:18:34.317066+00:00
2025-02-22,1,kpszsu,official,drones_launched,ua,267.0,,025 року (із 19.00 22 лютого) противник атакував 267-ма ударними БпЛА типу Shahed і безпілотниками-імітаторам,2026-09-10T09:18:34.317066+00:00
2025-02-22,1,kpszsu,official,missile_tracks,kyiv,1.0,29323,Ракета на півдні Чернігівщини продовжує рух на Київщину (вектор - м.Київ),2026-09-10T09:18:34.317066+00:00
2025-02-22,1,kpszsu,official,targets_downed,ua,138.0,,"⚡️ ЗБИТО 138 ВОРОЖИХ БПЛА, 119 БЕЗПІЛОТНИКІВ – НЕ ДО",2026-09-10T09:18:34.317066+00:00
2025-02-22,2,kpszsu,official,drone_tracks,kyiv_obl,1.0,29238,"🛵  Київська область - повітряна тривога, пов'язана з можливою роботою ППО по ворожому БпЛА.",2026-09-10T09:18:34.317066+00:00
2025-02-22,2,kpszsu,official,missile_tracks,kyiv_obl,1.0,29237,Київська область - ракетна небезпека.,2026-09-10T09:18:34.317066+00:00
2025-02-23,1,kpszsu,official,attacked,kyiv,1.0,,є повідомлення супроводу цілей на Київ,2026-09-10T09:18:34.317066+00:00
2025-02-23,1,kpszsu,official,drone_tracks,kyiv,2.0,29371,🛵  Ворожі БпЛА рухаються у напрямку м. Київ з північного сходу.,2026-09-10T09:18:34.317066+00:00
2025-02-23,1,kpszsu,official,drones_launched,ua,185.0,,025 року (із 20.00 23 лютого) противник атакував 185-ма ударними БпЛА типу Shahed і безпілотниками-імітаторам,2026-09-10T09:18:34.317066+00:00
2025-02-23,1,kpszsu,official,targets_downed,ua,113.0,,"⚡️ ЗБИТО 113 ВОРОЖИХ БПЛА, 71 БЕЗПІЛОТНИК – НЕ ДОСЯГ",2026-09-10T09:18:34.317066+00:00
2025-02-23,2,kpszsu,official,drone_tracks,kyiv_obl,4.0,29361,"⚠ Увага!
🛵 Київська область, Черкаська область (Черкаський і Золотоніський райони) - загроза застосування ворогом ударних БпЛА.",2026-09-10T09:18:34.317066+00:00
2025-02-24,1,kpszsu,official,attacked,kyiv,1.0,,є повідомлення супроводу цілей на Київ,2026-09-10T09:18:34.317066+00:00
2025-02-24,1,kpszsu,official,drone_tracks,kyiv,3.0,29442,"⚠Увага!
🛵 Черкащина та Київщина(крім столиці) - загроза застосування ударних БпЛА!",2026-09-10T09:18:34.317066+00:00
2025-02-24,1,kpszsu,official,drones_launched,ua,213.0,,025 року (із 19.00 24 лютого) противник атакував 213-ма ударними БпЛА типу Shahed і безпілотниками-імітаторам,2026-09-10T09:18:34.317066+00:00
2025-02-24,1,kpszsu,official,missile_tracks,kyiv,1.0,29412,"⚠ Увага!
🚀 Київська область(без столиці) – ракетна небезпека!",2026-09-10T09:18:34.317066+00:00
2025-02-24,1,kpszsu,official,targets_downed,ua,139.0,,"⚡️ ЗБИТО 6 КРИЛАТИХ РАКЕТ ТА 133 ВОРОЖИХ БПЛА, 79 ",2026-09-10T09:18:34.317066+00:00
2025-02-24,2,kpszsu,official,drone_tracks,kyiv_obl,5.0,29413,"⚠️⚠️Спостерігається активність розвідувального БпЛА в Київській   області, можлива робота ППО.",2026-09-10T09:18:34.317066+00:00
2025-02-24,2,kpszsu,official,missile_tracks,kyiv_obl,1.0,29473,"⚠ Увага!
🚀Крилаті ракети в повітряному просторі Київщини, курсом на Ставище,  Білу Церкву.",2026-09-10T09:18:34.317066+00:00
2025-02-25,1,kpszsu,official,attacked,kyiv,1.0,,є повідомлення супроводу цілей на Київ,2026-09-10T09:18:34.317066+00:00
2025-02-25,1,kpszsu,official,drone_tracks,kyiv,1.0,29506,"⚠Увага!
🛵  Київ - загроза застосування ударних БпЛА! Перебувайте в укриттях під час повітряної тривоги! Можлива робота ППО.",2026-09-10T09:18:34.317066+00:00
2025-02-25,1,kpszsu,official,drones_launched,ua,177.0,,025 року (із 19.00 25 лютого) противник атакував  177-ма ударними БпЛА типу Shahed та безпілотниками-імітатора,2026-09-10T09:18:34.317066+00:00
2025-02-25,1,kpszsu,official,targets_downed,ua,110.0,,"⚡️ ЗБИТО 110 ВОРОЖИХ БПЛА, 66 БЕЗПІЛОТНИКІВ – НЕ ДОС",2026-09-10T09:18:34.317066+00:00
2025-02-25,2,kpszsu,official,drone_tracks,kyiv_obl,5.0,29504,"Оновлення інформації щодо руху ворожих ударних БпЛА:
1. БпЛА з Чернігівщини у напрямку Київської та Полтавської областей. 
2.БпЛА зі Кіровоградщини, курс західний/північно-західний;
3.БпЛА з Харківщин",2026-09-10T09:18:34.317066+00:00
2025-02-26,1,kpszsu,official,attacked,kyiv,1.0,,є повідомлення супроводу цілей на Київ,2026-09-10T09:18:34.317066+00:00
2025-02-26,1,kpszsu,official,drone_tracks,kyiv,2.0,29541,🛵 БпЛА ➡️ у напрямку Києва!,2026-09-10T09:18:34.317066+00:00
2025-02-26,1,kpszsu,official,drones_launched,ua,166.0,,025 року (із 20.00 26 лютого) противник атакував  166-ма ударними БпЛА типу Shahed та безпілотниками-імітатора,2026-09-10T09:18:34.317066+00:00
2025-02-26,1,kpszsu,official,targets_downed,ua,90.0,,"⚡️ ЗБИТО 90 ВОРОЖИХ БПЛА, 72 БЕЗПІЛОТНИКИ-ІМІТАТОРИ",2026-09-10T09:18:34.317066+00:00
2025-02-26,2,kpszsu,official,drone_tracks,kyiv_obl,6.0,29535,"⚠ Рух ударних БпЛА:
Із півночі:
🛵 БпЛА на півночі Сумщини ➡️ у напрямку Чернігівщини;
🛵 БпЛА на півдні Сумщини ➡️ у напрямку Полтавщини;
🛵 БпЛА з Чернігівщини ➡️ у напрямку Київщини.

Із півдня:
🛵 БпЛ",2026-09-10T09:18:34.317066+00:00
2025-02-27,1,kpszsu,official,attacked,kyiv,1.0,,є повідомлення супроводу цілей на Київ,2026-09-10T09:18:34.317066+00:00
2025-02-27,1,kpszsu,official,drone_tracks,kyiv,1.0,29623,"⚠ Київ! Увага!
🛵 У вашому напрямку ворожі ударні БпЛА з південного сходу.",2026-09-10T09:18:34.317066+00:00
2025-02-27,1,kpszsu,official,drones_launched,ua,208.0,,025 року (із 19.00 27 лютого) противник атакував  208-ма ударними БпЛА типу Shahed та безпілотниками-імітатора,2026-09-10T09:18:34.317066+00:00
2025-02-27,1,kpszsu,official,targets_downed,ua,107.0,,"⚡️ ЗБИТО 107 ВОРОЖИХ БПЛА, 97 БЕЗПІЛОТНИКІВ-ІМІТАТОР",2026-09-10T09:18:34.317066+00:00
2025-02-27,2,kpszsu,official,drone_tracks,kyiv_obl,1.0,29632,"Оновлення інформації щодо руху ворожих ударних БпЛА:
🛵  БпЛА на півночі Чернігівщини, курс - західний/південно-західний;
 🛵  БпЛА на півночі Київщини, курс - західний/південно-західний;
🛵  БпЛА на пів",2026-09-10T09:18:34.317066+00:00
2025-02-28,1,kpszsu,official,attacked,kyiv,1.0,,є повідомлення супроводу цілей на Київ,2026-09-10T09:18:34.317066+00:00
2025-02-28,1,kpszsu,official,drone_tracks,kyiv,3.0,29705,"🚨Оновлення щодо шахедів:
🛵 БпЛА в районі Києва - перебувайте в укриттях!",2026-09-10T09:18:34.317066+00:00
2025-02-28,1,kpszsu,official,drones_launched,ua,154.0,,025 року (із 19.30 28 лютого) противник атакував  154-ма ударними БпЛА типу Shahed та безпілотниками-імітатора,2026-09-10T09:18:34.317066+00:00
2025-02-28,1,kpszsu,official,targets_downed,ua,103.0,,"⚡️ ЗБИТО 103 ВОРОЖИХ БПЛА, 51 БЕЗПІЛОТНИК-ІМІТАТОР –",2026-09-10T09:18:34.317066+00:00
2025-02-28,2,kpszsu,official,drone_tracks,kyiv_obl,5.0,29691,"⚠Увага!
Київщина - загроза застосування ударних БпЛА!",2026-09-10T09:18:34.317066+00:00
2025-03-01,1,kpszsu,official,attacked,kyiv,1.0,,є повідомлення супроводу цілей на Київ,2026-09-10T09:18:34.317066+00:00
2025-03-01,1,kpszsu,official,drone_tracks,kyiv,1.0,29740,🛵БпЛА наближається до Києва зі сходу.,2026-09-10T09:18:34.317066+00:00
2025-03-01,1,kpszsu,official,drones_launched,ua,665.0,,"
- 6 крилатих ракет Х-101;
- 665 ударних БпЛА типу Shahed;
- 179 розвідувальних БпЛА;",2026-09-10T09:18:34.317066+00:00
2025-03-01,1,kpszsu,official,targets_downed,ua,1023.0,,5 по 02.03.25) протиповітряною обороною збито 1023 засоби повітряного нападу противника:,2026-09-10T09:18:34.317066+00:00
2025-03-02,1,kpszsu,official,attacked,kyiv,0.0,,"канал вів повітряну обстановку (23 повідомлень з 48), жодного супроводу на Київ, тривог у місті менше 3 годин",2026-09-10T09:18:34.317066+00:00
2025-03-02,1,kpszsu,official,drones_launched,ua,83.0,,025 року (із 19.00 2 березня) противник атакував  83-ма ударними БпЛА типу Shahed та безпілотниками-імітатора,2026-09-10T09:18:34.317066+00:00
2025-03-02,1,kpszsu,official,targets_downed,ua,46.0,,"⚡️ ЗБИТО 46 ВОРОЖИХ БПЛА, 31 БЕЗПІЛОТНИК-ІМІТАТОР –",2026-09-10T09:18:34.317066+00:00
2025-03-02,2,kpszsu,official,drone_tracks,kyiv_obl,6.0,29782,"⚠Увага!
🛵Групи ударних БпЛА на Київщині, рухаються в західному напрямку.",2026-09-10T09:18:34.317066+00:00
2025-03-03,1,kpszsu,official,attacked,kyiv,0.0,,"канал вів повітряну обстановку (34 повідомлень з 66), жодного супроводу на Київ, тривог у місті менше 3 годин",2026-09-10T09:18:34.317066+00:00
2025-03-03,1,kpszsu,official,drones_launched,ua,99.0,,025 року (із 19.00 3 березня) противник атакував  99-ма ударними БпЛА типу Shahed та безпілотниками-імітатора,2026-09-10T09:18:34.317066+00:00
2025-03-03,1,kpszsu,official,targets_downed,ua,65.0,,"⚡️ ЗБИТО 65 ВОРОЖИХ БПЛА, 32 БЕЗПІЛОТНИКИ-ІМІТАТОРИ",2026-09-10T09:18:34.317066+00:00
2025-03-04,1,kpszsu,official,attacked,kyiv,1.0,,є повідомлення супроводу цілей на Київ,2026-09-10T09:18:34.317066+00:00
2025-03-04,1,kpszsu,official,drone_tracks,kyiv,3.0,29896,"⚠Увага!
Київ  - загроза застосування ударних БпЛА! Перебувайте в укриттях, можлива робота ППО!
🛵 ""Шахеди""на Миколаївщині➡️   курсом на північ.",2026-09-10T09:18:34.317066+00:00
2025-03-04,1,kpszsu,official,targets_downed,ua,115.0,,"⚡️ ЗБИТО 115 ВОРОЖИХ БПЛА, 55 БЕЗПІЛОТНИКІВ-ІМІТАТОР",2026-09-10T09:18:34.317066+00:00
2025-03-04,2,kpszsu,official,drone_tracks,kyiv_obl,4.0,29893,"⚠ Увага!
🛵 ""Шахеди""в Чорному морі➡️  курсом на  Чорноморськ-Лиманка.
🛵 ""Шахеди"" на Дніпропетровщини➡️   курсом на Харківщину та Полтавщину.
🛵 ""Шахеди""на Харківщині➡️   курсом на північ.
🛵 ""Шахеди""на С",2026-09-10T09:18:34.317066+00:00
2025-03-04,2,kpszsu,official,missile_tracks,kyiv_obl,2.0,29874,"⚠ Увага!
🚀 Київщина– ракетна небезпека!",2026-09-10T09:18:34.317066+00:00
2025-03-05,1,kpszsu,official,attacked,kyiv,1.0,,є повідомлення супроводу цілей на Київ,2026-09-10T09:18:34.317066+00:00
2025-03-05,1,kpszsu,official,drone_tracks,kyiv,1.0,29975,"⚠ Увага!
🛵Київ - в південній частині міста ворожий БпЛА.
Перебувайте в укриттях!",2026-09-10T09:18:34.317066+00:00
2025-03-05,1,kpszsu,official,drones_launched,ua,112.0,,"3 із Воронезької обл.— рф. та Криму, та 112-ма ударними БпЛА типу Shahed та безпілотниками-імітатора",2026-09-10T09:18:34.317066+00:00
2025-03-05,1,kpszsu,official,targets_downed,ua,68.0,,"⚡️ ЗБИТО 68 ВОРОЖИХ БПЛА, 43 БЕЗПІЛОТНИКИ-ІМІТАТОРИ",2026-09-10T09:18:34.317066+00:00
2025-03-05,2,kpszsu,official,drone_tracks,kyiv_obl,1.0,29971,"⚠Увага!
🛵Київська область - загроза застосування ударних БпЛА!",2026-09-10T09:18:34.317066+00:00
2025-03-06,1,kpszsu,official,attacked,kyiv,1.0,,є повідомлення супроводу цілей на Київ,2026-09-10T09:18:34.317066+00:00
2025-03-06,1,kpszsu,official,drone_tracks,kyiv,4.0,30055,🛵Київська область (без м.Києва) - загроза застосування ворогом ударних БпЛА.,2026-09-10T09:18:34.317066+00:00
2025-03-06,1,kpszsu,official,drones_launched,ua,194.0,,у противника — 67 ракет різних типів та 194 ударних БпЛА та безпілотників-імітаторів різних типі,2026-09-10T09:18:34.317066+00:00
2025-03-06,1,kpszsu,official,targets_downed,ua,134.0,,"⚡️ ЗБИТО 34 РАКЕТИ ТА 100 ВОРОЖИХ БПЛА, 86 БЕЗПІЛОТ",2026-09-10T09:18:34.317066+00:00
2025-03-06,2,kpszsu,official,drone_tracks,kyiv_obl,1.0,30148,"Оновлення інформації щодо руху ворожих ударних БпЛА:
🛵 БпЛА на півночі Харківщини, курс - південний (м.Харків);
🛵 БпЛА на півночі Полтавщини, курс - південний;
🛵 БпЛА на півночі, сході та в центральні",2026-09-10T09:18:34.317066+00:00
2025-03-06,2,kpszsu,official,missile_tracks,kyiv_obl,3.0,30135,Ракети з Полтавщини продовжують рух в західному напрямку (Чернігівщина/Київщина/Черкащина),2026-09-10T09:18:34.317066+00:00
2025-03-07,1,kpszsu,official,attacked,kyiv,0.0,,"канал вів повітряну обстановку (25 повідомлень з 44), жодного супроводу на Київ, тривог у місті менше 3 годин",2026-09-10T09:18:34.317066+00:00
2025-03-07,1,kpszsu,official,drones_launched,ua,145.0,,"дер-К із Ростовської обл.— рф., а також 145-ма ударними БпЛА типу Shahed та безпілотниками-імітатора",2026-09-10T09:18:34.317066+00:00
2025-03-07,2,kpszsu,official,drone_tracks,kyiv_obl,1.0,30175,"🛵 Оновлення щодо руху БпЛА:
1. Групи БпЛА прямують через Сумщину та Чернігівщину у напрямку Київщини, курс південно-західний;
2. БпЛА на півночі та півдні Полтавщини, курс південний;
3. БпЛА на Харків",2026-09-10T09:18:34.317066+00:00
2025-03-08,1,kpszsu,official,attacked,kyiv,1.0,,є повідомлення супроводу цілей на Київ,2026-09-10T09:18:34.317066+00:00
2025-03-08,1,kpszsu,official,drone_tracks,kyiv,4.0,30256,"⚠Увага!
Київ загроза застосування ударних БпЛА! Під час тривоги перебувайте в укриттях, можлива робота ППО.",2026-09-10T09:18:34.317066+00:00
2025-03-08,1,kpszsu,official,drones_launched,ua,520.0,,";
- 1 керовану авіаційну ракету Х-59;
- 520 ударних БпЛА типу Shahed;
- 39 розвідувальних БпЛА;
",2026-09-10T09:18:34.317066+00:00
2025-03-08,1,kpszsu,official,targets_downed,ua,700.0,,5 по 09.03.25) протиповітряною обороною збито 700 засобів повітряного нападу противника:,2026-09-10T09:18:34.317066+00:00
2025-03-08,2,kpszsu,official,drone_tracks,kyiv_obl,4.0,30250,"⚠Увага!
Черкаська та Київська області - загроза застосування ударних БпЛА!",2026-09-10T09:18:34.317066+00:00
2025-03-09,1,kpszsu,official,attacked,kyiv,1.0,,є повідомлення супроводу цілей на Київ,2026-09-10T09:18:34.317066+00:00
2025-03-09,1,kpszsu,official,drone_tracks,kyiv,1.0,30325,"⚠Увага!
🛵Київ - в районі міста ворожий БпЛА.
Перебувайте в укриттях!",2026-09-10T09:18:34.317066+00:00
2025-03-09,1,kpszsu,official,drones_launched,ua,176.0,,025 року (із 18.00 9 березня) противник атакував 176-ма ударними БпЛА типу Shahed та безпілотниками-імітатора,2026-09-10T09:18:34.317066+00:00
2025-03-09,1,kpszsu,official,targets_downed,ua,130.0,,"⚡️ ЗБИТО 130 ВОРОЖИХ БПЛА, 42 БЕЗПІЛОТНИКИ-ІМІТАТОРИ",2026-09-10T09:18:34.317066+00:00
2025-03-09,2,kpszsu,official,drone_tracks,kyiv_obl,2.0,30324,"⚠Рух ударних БпЛА:
🛵БпЛА на Сумщині, рухаються в західному напрямку.
🛵БпЛА на Полтавщині, рухаються в  південному напрямку.
🛵БпЛА на Чернігівщині, рухаються в західному напрямку.
🛵БпЛА на Харківщині, ",2026-09-10T09:18:34.317066+00:00
2025-03-10,1,kpszsu,official,attacked,kyiv,0.0,,"канал вів повітряну обстановку (29 повідомлень з 46), жодного супроводу на Київ, тривог у місті менше 3 годин",2026-09-10T09:18:34.317066+00:00
2025-03-10,1,kpszsu,official,drones_launched,ua,126.0,,Іскандер-М  із району Таганрога – рф та 126-ма ударними БпЛА типу Shahed і безпілотниками-імітаторам,2026-09-10T09:18:34.317066+00:00
2025-03-10,2,kpszsu,official,drone_tracks,kyiv_obl,6.0,30363,🛵 БпЛА із Черкащини ➡️ на Київщину!,2026-09-10T09:18:34.317066+00:00
2025-03-11,1,kpszsu,official,attacked,kyiv,1.0,,є повідомлення супроводу цілей на Київ,2026-09-10T09:18:34.317066+00:00
2025-03-11,1,kpszsu,official,drone_tracks,kyiv,2.0,30432,🛵 Київ- загроза застосування ворогом ударних БпЛА! Можлива робота ППО. Перебувайте в укриттях!,2026-09-10T09:18:34.317066+00:00
2025-03-11,1,kpszsu,official,drones_launched,ua,133.0,,"Криму по Одесі та Кривому Рогу, а також атакував 133-ма ударними БпЛА типу Shahed і безпілотниками-імітаторам",2026-09-10T09:18:34.317066+00:00
2025-03-11,1,kpszsu,official,targets_downed,ua,98.0,,"⚡️ ЗБИТО  98 ВОРОЖИХ БПЛА, 20 БЕЗПІЛОТНИКІВ-ІМІТАТОР",2026-09-10T09:18:34.317066+00:00
2025-03-11,2,kpszsu,official,drone_tracks,kyiv_obl,1.0,30433,"⚠ Увага!
🛵 ""Шахеди""на Хмельниччині➡️  курсом на  північ.
🛵 ""Шахеди""на Київщині➡️ курсом на західний напрямок та на північ.
🛵 ""Шахеди""на Житомирщині➡️ курсом північно-західним.
🛵 ""Шахеди"" на Сумщині➡️ ",2026-09-10T09:18:34.317066+00:00
2025-03-12,1,kpszsu,official,attacked,kyiv,1.0,,є повідомлення супроводу цілей на Київ,2026-09-10T09:18:34.317066+00:00
2025-03-12,1,kpszsu,official,drone_tracks,kyiv,1.0,30525,"⚠ Увага! м.Київ!
🛵 Над містом ворожий БпЛА! Перебувайте в укриттях!",2026-09-10T09:18:34.317066+00:00
2025-03-12,1,kpszsu,official,drones_launched,ua,117.0,,кетою Іскандер-М із Курської області та 117-ма ударними БпЛА типу Shahed і безпілотниками-імітаторам,2026-09-10T09:18:34.317066+00:00
2025-03-12,1,kpszsu,official,targets_downed,ua,74.0,,"⚡️ ЗБИТО 74 ВОРОЖІ БПЛА, 38 БЕЗПІЛОТНИКІВ-ІМІТАТОРІ",2026-09-10T09:18:34.317066+00:00
2025-03-12,2,kpszsu,official,drone_tracks,kyiv_obl,1.0,30516,🛵 Київська область - загроза застосування ворогом ударних БпЛА!,2026-09-10T09:18:34.317066+00:00
2025-03-13,1,kpszsu,official,attacked,kyiv,0.0,,"канал вів повітряну обстановку (17 повідомлень з 52), жодного супроводу на Київ, тривог у місті менше 3 годин",2026-09-10T09:18:34.317066+00:00
2025-03-13,1,kpszsu,official,drones_launched,ua,27.0,,25 року (із 20.00 13 березня) противник атакував 27-ма ударними БпЛА типу Shahed і безпілотниками-імітаторам,2026-09-10T09:18:34.317066+00:00
2025-03-13,1,kpszsu,official,targets_downed,ua,16.0,,"⚡️ ЗБИТО 16 ВОРОЖИХ БПЛА, 9 БЕЗПІЛОТНИКІВ-ІМІТАТОРІ",2026-09-10T09:18:34.317066+00:00
2025-03-14,1,kpszsu,official,attacked,kyiv,1.0,,є повідомлення супроводу цілей на Київ,2026-09-10T09:18:34.317066+00:00
2025-03-14,1,kpszsu,official,drone_tracks,kyiv,1.0,30644,🛵 БпЛА у напрямку Києва з півдня.,2026-09-10T09:18:34.317066+00:00
2025-03-14,1,kpszsu,official,drones_launched,ua,178.0,,ми Іскандер-М  із Курської обл. – рф та 178-ма ударними БпЛА типу Shahed і безпілотниками-імітаторам,2026-09-10T09:18:34.317066+00:00
2025-03-14,1,kpszsu,official,targets_downed,ua,130.0,,"⚡️ ЗБИТО  130 ВОРОЖИХ БПЛА, 38 БЕЗПІЛОТНИКІВ-ІМІТАТОР",2026-09-10T09:18:34.317066+00:00
2025-03-14,2,kpszsu,official,drone_tracks,kyiv_obl,1.0,30651,"🛵Оновлення щодо руху ворожих БпЛА:
1. БпЛА на Чернігівщині курсом на Київщину;
2. БпЛА по усій Полтавській області, рухаються переважно на південний схід;
3. БпЛА на півночі Дніпропетровщини, вектор р",2026-09-10T09:18:34.317066+00:00
2025-03-15,1,kpszsu,official,attacked,kyiv,1.0,,є повідомлення супроводу цілей на Київ,2026-09-10T09:18:34.317066+00:00
2025-03-15,1,kpszsu,official,drone_tracks,kyiv,4.0,30699,"⚠Увага!
🛵 Київ загроза застосування  ударних БпЛА!",2026-09-10T09:18:34.317066+00:00
2025-03-15,1,kpszsu,official,drones_launched,ua,515.0,," балістичну ракету Іскандер-М/KN-23;
▪️ 515 ударних БпЛА типу Shahed;
▪️ 170 розвідувальних БпЛА",2026-09-10T09:18:34.317066+00:00
2025-03-15,1,kpszsu,official,missiles_launched,ua,1.0,,"▪️ 1 балістичну ракету Іскандер-М/KN-23;
▪️ 515 ударних БпЛА ",2026-09-10T09:18:34.317066+00:00
2025-03-15,1,kpszsu,official,targets_downed,ua,47.0,,"⚡️ ЗБИТО  47 ВОРОЖИХ БПЛА, 33 БЕЗПІЛОТНИКИ-ІМІТАТОРИ",2026-09-10T09:18:34.317066+00:00
2025-03-15,2,kpszsu,official,drone_tracks,kyiv_obl,4.0,30697,"⚠Увага!
🛵 Київщина загроза застосування  ударних БпЛА!",2026-09-10T09:18:34.317066+00:00
2025-03-15,2,kpszsu,official,missile_tracks,kyiv_obl,1.0,30723,🚀 Київська область - ракетна небезпека.,2026-09-10T09:18:34.317066+00:00
2025-03-16,1,kpszsu,official,attacked,kyiv,1.0,,є повідомлення супроводу цілей на Київ,2026-09-10T09:18:34.317066+00:00
2025-03-16,1,kpszsu,official,drone_tracks,kyiv,2.0,30760,"⚠Увага!
🛵 Київ загроза застосування  ударних БпЛА!",2026-09-10T09:18:34.317066+00:00
2025-03-16,1,kpszsu,official,drones_launched,ua,174.0,,25 року (із 19.30 16 березня) противник атакував 174-ма ударними БпЛА типу Shahed і безпілотниками-імітаторам,2026-09-10T09:18:34.317066+00:00
2025-03-16,1,kpszsu,official,targets_downed,ua,90.0,,"⚡️ ЗБИТО  90 ВОРОЖИХ БПЛА, 70 БЕЗПІЛОТНИКІВ-ІМІТАТОР",2026-09-10T09:18:34.317066+00:00
2025-03-16,2,kpszsu,official,drone_tracks,kyiv_obl,1.0,30767,"🛵Оновлення щодо руху ворожих БпЛА: 1.БпЛА на півдні Сумщини, курс південний;
2.БпЛА у східній частині Кіровоградщини, курс -західний;
3. БпЛА на Чернігівщині рухаються західним курсом у напрямку Київщ",2026-09-10T09:18:34.317066+00:00
2025-03-17,1,kpszsu,official,attacked,kyiv,1.0,,є повідомлення супроводу цілей на Київ,2026-09-10T09:18:34.317066+00:00
2025-03-17,1,kpszsu,official,drone_tracks,kyiv,1.0,30856,🛵 Київ- загроза застосування ворогом ударних БпЛА!,2026-09-10T09:18:34.317066+00:00
2025-03-17,1,kpszsu,official,drones_launched,ua,137.0,,25 року (із 19.00 17 березня) противник атакував 137-ма ударними БпЛА типу Shahed і безпілотниками-імітаторам,2026-09-10T09:18:34.317066+00:00
2025-03-17,1,kpszsu,official,targets_downed,ua,63.0,,"⚡️ ЗБИТО  63 ВОРОЖИХ БПЛА, 64 БЕЗПІЛОТНИКИ-ІМІТАТОРИ",2026-09-10T09:18:34.317066+00:00
2025-03-17,2,kpszsu,official,drone_tracks,kyiv_obl,3.0,30833,🛵 Київська область - загроза застосування ворогом ударних БпЛА!,2026-09-10T09:18:34.317066+00:00
2025-03-18,1,kpszsu,official,attacked,kyiv,1.0,,є повідомлення супроводу цілей на Київ,2026-09-10T09:18:34.317066+00:00
2025-03-18,1,kpszsu,official,drone_tracks,kyiv,6.0,30891,🛵 Київ загроза застосування ворогом ударних БпЛА!,2026-09-10T09:18:34.317066+00:00
2025-03-18,1,kpszsu,official,drones_launched,ua,145.0,, зенітними керованими ракетами С-300 та 145-ма ударними БпЛА типу Shahed і безпілотниками-імітаторам,2026-09-10T09:18:34.317066+00:00
2025-03-18,1,kpszsu,official,targets_downed,ua,72.0,,"⚡️ ЗБИТО  72 ВОРОЖІ БПЛА, 56 БЕЗПІЛОТНИКІВ-ІМІТАТОРІ",2026-09-10T09:18:34.317066+00:00
2025-03-18,2,kpszsu,official,drone_tracks,kyiv_obl,5.0,30884,"⚠Увага!
🛵 Ворожі БпЛА на сході Чернігівщини в напрямку Київщини.
🛵 Ворожі БпЛА на півночі Сумщини , курс - південно-західний на Чернігівщину.
⚠️⚠️Спостерігається активність розвідувальних БпЛА в Сумсь",2026-09-10T09:18:34.317066+00:00
2025-03-19,1,kpszsu,official,attacked,kyiv,1.0,,є повідомлення супроводу цілей на Київ,2026-09-10T09:18:34.317066+00:00
2025-03-19,1,kpszsu,official,drone_tracks,kyiv,1.0,31004,"🛵  ""Шахеди"" ➡️ на Київ з півночі!",2026-09-10T09:18:34.317066+00:00
2025-03-19,1,kpszsu,official,drones_launched,ua,75.0,,"

💥 Станом на 08.30 підтверджено збиття 75 ударних БпЛА типу Shahed та безпілотників інших типі",2026-09-10T09:18:34.317066+00:00
2025-03-19,1,kpszsu,official,targets_downed,ua,75.0,,"⚡️ ЗБИТО 75 ВОРОЖИХ БПЛА, 63 БЕЗПІЛОТНИКИ-ІМІТАТОРИ",2026-09-10T09:18:34.317066+00:00
2025-03-19,2,kpszsu,official,drone_tracks,kyiv_obl,2.0,31003,"Оновлення інформації щодо руху ворожих БпЛА:
🛵 Групи ""шахедів"" із Сумщини ➡️ на Чернігівщину;
🛵 із Чернігівщини, Полтавщини, Черкащини ➡️ на Київщину;
🛵  з Миколаївщини ➡️ на Одещину;
🛵 із Дніпропетро",2026-09-10T09:18:34.317066+00:00
2025-03-20,1,kpszsu,official,attacked,kyiv,1.0,,є повідомлення супроводу цілей на Київ,2026-09-10T09:18:34.317066+00:00
2025-03-20,1,kpszsu,official,drone_tracks,kyiv,1.0,31093,🛵 м.Київ - загроза застосування ворогом ударних БпЛА з північного сходу.,2026-09-10T09:18:34.317066+00:00
2025-03-20,1,kpszsu,official,drones_launched,ua,214.0,,25 року (із 20.00 20 березня) противник атакував 214-ма ударними БпЛА типу Shahed і безпілотниками-імітаторам,2026-09-10T09:18:34.317066+00:00
2025-03-20,1,kpszsu,official,targets_downed,ua,114.0,,"⚡️ ЗБИТО 114 ВОРОЖИХ БПЛА, 81 БЕЗПІЛОТНИК-ІМІТАТОР –",2026-09-10T09:18:34.317066+00:00
2025-03-20,2,kpszsu,official,drone_tracks,kyiv_obl,1.0,31085,🛵 Київська область - загроза застосування ворогом ударних БпЛА!,2026-09-10T09:18:34.317066+00:00
2025-03-21,1,kpszsu,official,attacked,kyiv,1.0,,є повідомлення супроводу цілей на Київ,2026-09-10T09:18:34.317066+00:00
2025-03-21,1,kpszsu,official,drone_tracks,kyiv,4.0,31154,"⚠Увага!
Київ - загроза застосування ворогом ударних БпЛА! Можлива робота ППО. Під час тривоги перебувайте в укриттях.",2026-09-10T09:18:34.317066+00:00
2025-03-21,1,kpszsu,official,drones_launched,ua,179.0,,25 року (із 19.30 21 березня) противник атакував 179-ма ударними БпЛА типу Shahed і безпілотниками-імітаторам,2026-09-10T09:18:34.317066+00:00
2025-03-21,1,kpszsu,official,targets_downed,ua,100.0,,"⚡️ ЗБИТО 100 ВОРОЖИХ БПЛА, 63 БЕЗПІЛОТНИКИ-ІМІТАТОРИ",2026-09-10T09:18:34.317066+00:00
2025-03-21,2,kpszsu,official,drone_tracks,kyiv_obl,3.0,31150,"⚠Увага!
Київщина - загроза застосування ворогом ударних БпЛА! Можлива робота ППО.",2026-09-10T09:18:34.317066+00:00
2025-03-21,2,kpszsu,official,missile_tracks,kyiv_obl,2.0,31176,"⚠Увага!
🚀Київська область - ракетна небезпека!",2026-09-10T09:18:34.317066+00:00
2025-03-22,1,kpszsu,official,attacked,kyiv,1.0,,є повідомлення супроводу цілей на Київ,2026-09-10T09:18:34.317066+00:00
2025-03-22,1,kpszsu,official,drone_tracks,kyiv,4.0,31217,"⚠ Увага! м.Київ!
У вашому напрямку ворожі БпЛА зі сходу!",2026-09-10T09:18:34.317066+00:00
2025-03-22,1,kpszsu,official,drones_launched,ua,625.0,,"▪️ 625 ударних БпЛА типу Shahed;
▪️ 250 розвідувальних БпЛА",2026-09-10T09:18:34.317066+00:00
2025-03-22,1,kpszsu,official,targets_downed,ua,97.0,,"⚡️ ЗБИТО 97 ВОРОЖИХ БПЛА, 25 БЕЗПІЛОТНИКІВ-ІМІТАТОР",2026-09-10T09:18:34.317066+00:00
2025-03-22,2,kpszsu,official,drone_tracks,kyiv_obl,3.0,31212,🛵 Київська область - загроза застосування ворогом ударних БпЛА!,2026-09-10T09:18:34.317066+00:00
2025-03-23,1,kpszsu,official,attacked,kyiv,1.0,,є повідомлення супроводу цілей на Київ,2026-09-10T09:18:34.317066+00:00
2025-03-23,1,kpszsu,official,drone_tracks,kyiv,2.0,31323,🛵 м.Київ - загроза застосування ворогом ударних БпЛА.,2026-09-10T09:18:34.317066+00:00
2025-03-23,1,kpszsu,official,drones_launched,ua,99.0,,25 року (із 20.00 23 березня) противник атакував 99-ма ударними БпЛА типу Shahed і безпілотниками-імітаторам,2026-09-10T09:18:34.317066+00:00
2025-03-23,1,kpszsu,official,targets_downed,ua,57.0,,"⚡️ ЗБИТО 57 ВОРОЖИХ БПЛА, 36 БЕЗПІЛОТНИКІВ-ІМІТАТОР",2026-09-10T09:18:34.317066+00:00
2025-03-23,2,kpszsu,official,drone_tracks,kyiv_obl,2.0,31317,🛵 Київська область - загроза застосування ворогом ударних БпЛА.,2026-09-10T09:18:34.317066+00:00
2025-03-24,1,kpszsu,official,attacked,kyiv,0.0,,"канал вів повітряну обстановку (29 повідомлень з 40), жодного супроводу на Київ, тривог у місті менше 3 годин",2026-09-10T09:18:34.317066+00:00
2025-03-24,1,kpszsu,official,drones_launched,ua,139.0,,істичною ракетою Іскандер-М із Криму та 139-ма ударними БпЛА типу Shahed і безпілотниками-імітаторам,2026-09-10T09:18:34.317066+00:00
2025-03-24,1,kpszsu,official,targets_downed,ua,78.0,,"⚡️ ЗБИТО 78 ВОРОЖИХ БПЛА, 34 БЕЗПІЛОТНИКИ-ІМІТАТОРИ",2026-09-10T09:18:34.317066+00:00
2025-03-24,2,kpszsu,official,drone_tracks,kyiv_obl,1.0,31370,"⚠ Увага!
🛵БпЛА у центральній  частині Черкаської області, рухаються в напрямку Київщини.",2026-09-10T09:18:34.317066+00:00
2025-03-25,1,kpszsu,official,attacked,kyiv,0.0,,"канал вів повітряну обстановку (26 повідомлень з 40), жодного супроводу на Київ, тривог у місті менше 3 годин",2026-09-10T09:18:34.317066+00:00
2025-03-25,1,kpszsu,official,drones_launched,ua,117.0,,25 року (із 20.00 25 березня) противник атакував 117-ма ударними БпЛА типу Shahed і безпілотниками-імітаторам,2026-09-10T09:18:34.317066+00:00
2025-03-25,1,kpszsu,official,targets_downed,ua,56.0,,"⚡️ ЗБИТО 56 ВОРОЖИХ БПЛА, 48 БЕЗПІЛОТНИКІВ-ІМІТАТОР",2026-09-10T09:18:34.317066+00:00
2025-03-25,2,kpszsu,official,drone_tracks,kyiv_obl,1.0,31424,"🛵 Рух ворожих БпЛА:
1. БпЛА на межі Чернігівщини та Київщини.
2. Декілька груп БпЛА з Чернігівщини та Сумщини на Полтавщину.
3. Група БпЛА на Дніпропетровщині курсом на захід.
4. Декілька груп БпЛА на",2026-09-10T09:18:34.317066+00:00
2025-03-26,1,kpszsu,official,attacked,kyiv,0.0,,"канал вів повітряну обстановку (35 повідомлень з 55), жодного супроводу на Київ, тривог у місті менше 3 годин",2026-09-10T09:18:34.317066+00:00
2025-03-26,1,kpszsu,official,drones_launched,ua,86.0,,кетою Іскандер-М із Воронезької обл. та 86-ма ударними БпЛА типу Shahed і безпілотниками-імітаторам,2026-09-10T09:18:34.317066+00:00
2025-03-26,1,kpszsu,official,targets_downed,ua,42.0,,"⚡️ ЗБИТО 42 ВОРОЖІ БПЛА, 26 БЕЗПІЛОТНИКІВ-ІМІТАТОРІ",2026-09-10T09:18:34.317066+00:00
2025-03-26,2,kpszsu,official,drone_tracks,kyiv_obl,3.0,31472,"🛵 Триває атака ворожих БпЛА:
1. До десяти груп БпЛА із Чернігівщини та Сумщини ➡️ курсом на Київщину.
2. Нові групи заходять на Харківщину.
3. Декілька груп ➡️ курсом на Кременчук.
4. БпЛА ➡️ у передм",2026-09-10T09:18:34.317066+00:00
2025-03-27,1,kpszsu,official,attacked,kyiv,1.0,,є повідомлення супроводу цілей на Київ,2026-09-10T09:18:34.317066+00:00
2025-03-27,1,kpszsu,official,drone_tracks,kyiv,1.0,31527,🛵 м.Київ - загроза застосування ворогом ударних БпЛА.,2026-09-10T09:18:34.317066+00:00
2025-03-27,1,kpszsu,official,drones_launched,ua,163.0,,25 року (із 18.00 27 березня) противник атакував 163-ма ударними БпЛА типу Shahed і безпілотниками-імітаторам,2026-09-10T09:18:34.317066+00:00
2025-03-27,1,kpszsu,official,targets_downed,ua,89.0,,"⚡️ ЗБИТО 89 ВОРОЖИХ БПЛА, 51 БЕЗПІЛОТНИК-ІМІТАТОР –",2026-09-10T09:18:34.317066+00:00
2025-03-27,2,kpszsu,official,drone_tracks,kyiv_obl,2.0,31522,🛵 Київська область - загроза застосування ворогом ударних БпЛА.,2026-09-10T09:18:34.317066+00:00
2025-03-28,1,kpszsu,official,attacked,kyiv,1.0,,є повідомлення супроводу цілей на Київ,2026-09-10T09:18:34.317066+00:00
2025-03-28,1,kpszsu,official,drone_tracks,kyiv,1.0,31571,"⚠ Увага!
🛵Київ - в районі міста ворожий БпЛА.
Перебувайте в укриттях!",2026-09-10T09:18:34.317066+00:00
2025-03-28,1,kpszsu,official,drones_launched,ua,172.0,,25 року (із 20.00 28 березня) противник атакував 172-ма ударними БпЛА типу Shahed і безпілотниками-імітаторам,2026-09-10T09:18:34.317066+00:00
2025-03-28,1,kpszsu,official,targets_downed,ua,94.0,,"⚡️ ЗБИТО 94 ВОРОЖІ БПЛА, 69 БЕЗПІЛОТНИКІВ-ІМІТАТОРІ",2026-09-10T09:18:34.317066+00:00
2025-03-28,2,kpszsu,official,drone_tracks,kyiv_obl,3.0,31567,"⚠ Увага!
🛵Київська область - загроза застосування ударних БпЛА!",2026-09-10T09:18:34.317066+00:00
2025-03-29,1,kpszsu,official,attacked,kyiv,0.0,,"канал вів повітряну обстановку (32 повідомлень з 57), жодного супроводу на Київ, тривог у місті менше 3 годин",2026-09-10T09:18:34.317066+00:00
2025-03-29,1,kpszsu,official,drones_launched,ua,2328.0,,"1 керовану авіаційну ракету Х-59/69;
▪️ 2328 ударних БпЛА типу Shahed;
▪️ 805 розвідувальних БпЛА",2026-09-10T09:18:34.317066+00:00
2025-03-29,1,kpszsu,official,targets_downed,ua,4043.0,,"ку протиповітряною обороною Сил оборони знищено 4043 повітряні цілі:
💥 У березні 2025 року а",2026-09-10T09:18:34.317066+00:00
2025-03-29,2,kpszsu,official,drone_tracks,kyiv_obl,5.0,31605,🛵 Група БпЛА із Чернігівщини курсом ➡️ на Київщину.,2026-09-10T09:18:34.317066+00:00
2025-03-30,1,kpszsu,official,attacked,kyiv,1.0,,є повідомлення супроводу цілей на Київ,2026-09-10T09:18:34.317066+00:00
2025-03-30,1,kpszsu,official,drone_tracks,kyiv,1.0,31682,"⚠ Увага! м.Київ, м.Чернігів, м.Кременчук (Полтавщина)!
🛵 У вашому напрямку ворожі БпЛА.
Перебувайте в укриттях!",2026-09-10T09:18:34.317066+00:00
2025-03-30,1,kpszsu,official,drones_launched,ua,57.0,,"

💥 Станом на 09.00 підтверджено збиття 57 ударних БпЛА типу Shahed (безпілотників інших типів)",2026-09-10T09:18:34.317066+00:00
2025-03-30,1,kpszsu,official,targets_downed,ua,57.0,,"⚡️ ЗБИТО 57 ВОРОЖИХ БПЛА, 45 БЕЗПІЛОТНИКІВ-ІМІТАТОР",2026-09-10T09:18:34.317066+00:00
2025-03-30,2,kpszsu,official,drone_tracks,kyiv_obl,2.0,31675,🛵 Київська область - загроза застосування ворогом ударних БпЛА!,2026-09-10T09:18:34.317066+00:00
2025-03-31,1,kpszsu,official,missiles_launched,ua,2.0,,ко 21.00 31 березня) ворог завдав удару двома керованими авіаційними ракетами Х-59/69 із літаків тактичної авіації,2026-09-10T09:18:34.317066+00:00
2025-03-31,1,kpszsu,official,targets_downed,ua,2.0,,⚡️ ЗБИТО ДВІ КЕРОВАНІ АВІАЦІЙНІ РАКЕТИ Х-59/69,2026-09-10T09:18:34.317066+00:00
2025-04-01,1,kpszsu,official,attacked,kyiv,0.0,,"канал вів повітряну обстановку (19 повідомлень з 41), жодного супроводу на Київ, тривог у місті менше 3 годин",2026-09-10T09:18:34.317066+00:00
2025-04-01,1,kpszsu,official,drones_launched,ua,74.0,,2025 року (із 20.00 1 квітня) противник атакував 74-ма ударними БпЛА типу Shahed і безпілотниками-імітаторам,2026-09-10T09:18:34.317066+00:00
2025-04-01,1,kpszsu,official,targets_downed,ua,41.0,,"⚡️ ЗБИТО 41 ВОРОЖИЙ БПЛА, 20 БЕЗПІЛОТНИКІВ-ІМІТАТОР",2026-09-10T09:18:34.317066+00:00
2025-04-02,1,kpszsu,official,attacked,kyiv,0.0,,"канал вів повітряну обстановку (25 повідомлень з 53), жодного супроводу на Київ, тривог у місті менше 3 годин",2026-09-10T09:18:34.317066+00:00
2025-04-02,1,kpszsu,official,drones_launched,ua,39.0,,2025 року (із 21.00 2 квітня) противник атакував 39-ма ударними БпЛА типу Shahed і безпілотниками-імітаторам,2026-09-10T09:18:34.317066+00:00
2025-04-02,1,kpszsu,official,targets_downed,ua,28.0,,"⚡️ ЗБИТО 28 ВОРОЖИХ БПЛА, 7 БЕЗПІЛОТНИКІВ-ІМІТАТОРІ",2026-09-10T09:18:34.317066+00:00
2025-04-03,1,kpszsu,official,attacked,kyiv,1.0,,є повідомлення супроводу цілей на Київ,2026-09-10T09:18:34.317066+00:00
2025-04-03,1,kpszsu,official,drone_tracks,kyiv,1.0,31880,"⚠ м.Київ!
🛵 До вас ворожий ударний БпЛА з  північного сходу.",2026-09-10T09:18:34.317066+00:00
2025-04-03,1,kpszsu,official,drones_launched,ua,78.0,,2025 року (із 21.30 3 квітня) противник атакував 78-ма ударними БпЛА типу Shahed і безпілотниками-імітаторам,2026-09-10T09:18:34.317066+00:00
2025-04-03,1,kpszsu,official,targets_downed,ua,42.0,,"⚡️ ЗБИТО 42 ВОРОЖІ БПЛА, 22 БЕЗПІЛОТНИКИ-ІМІТАТОРИ ",2026-09-10T09:18:34.317066+00:00
2025-04-03,2,kpszsu,official,drone_tracks,kyiv_obl,1.0,31879,🛵 Київська область - загроза застосування ворогом ударних БпЛА.,2026-09-10T09:18:34.317066+00:00
2025-04-04,1,kpszsu,official,attacked,kyiv,1.0,,є повідомлення супроводу цілей на Київ,2026-09-10T09:18:34.317066+00:00
2025-04-04,1,kpszsu,official,drone_tracks,kyiv,1.0,31941,🛵 БпЛА із Чернігівщини ➡️ на Київщину. Курс ➡️ Бровари/Бориспіль/Київ.,2026-09-10T09:18:34.317066+00:00
2025-04-04,1,kpszsu,official,drones_launched,ua,92.0,,2025 року (із 21.00 4 квітня) противник атакував 92-ма ударними БпЛА типу Shahed і безпілотниками-імітаторам,2026-09-10T09:18:34.317066+00:00
2025-04-04,1,kpszsu,official,targets_downed,ua,51.0,,"⚡️ ЗБИТО 51 ВОРОЖИЙ БПЛА, 31 БЕЗПІЛОТНИК-ІМІТАТОР –",2026-09-10T09:18:34.317066+00:00
2025-04-04,2,kpszsu,official,drone_tracks,kyiv_obl,2.0,31937,🛵 Декілька груп ударних БпЛА через Черкащину ➡️ у напрямку Білоцерківського району Київщини.,2026-09-10T09:18:34.317066+00:00
2025-04-05,1,kpszsu,official,attacked,kyiv,1.0,,є повідомлення супроводу цілей на Київ,2026-09-10T09:18:34.317066+00:00
2025-04-05,1,kpszsu,official,drone_tracks,kyiv,2.0,31991,"⚠ м. Київ!
🛵 У вашому напрямку ворожі ударні БпЛА! Перебувайте в укриттях!",2026-09-10T09:18:34.317066+00:00
2025-04-05,1,kpszsu,official,drones_launched,ua,257.0,,"2 керовані авіаційні ракети Х-59/69;
▪️ 257 ударних БпЛА типу Shahed;
▪️ 106 розвідувальних БпЛА",2026-09-10T09:18:34.317066+00:00
2025-04-05,1,kpszsu,official,targets_downed,ua,481.0,,5) протиповітряною обороною Cил оборони знищено 481 повітряну ціль:,2026-09-10T09:18:34.317066+00:00
2025-04-05,2,kpszsu,official,drone_tracks,kyiv_obl,5.0,31985,🛵 Київська область - загроза застосування ворогом ударних БпЛА!,2026-09-10T09:18:34.317066+00:00
2025-04-05,2,kpszsu,official,missile_tracks,kyiv_obl,4.0,32005,🚀 Ракети з Черкащини на Вінниччину/Київщину!,2026-09-10T09:18:34.317066+00:00
2025-04-06,1,kpszsu,official,attacked,kyiv,0.0,,"канал вів повітряну обстановку (13 повідомлень з 54), жодного супроводу на Київ, тривог у місті менше 3 годин",2026-09-10T09:18:34.317066+00:00
2025-04-07,1,kpszsu,official,attacked,kyiv,0.0,,"канал вів повітряну обстановку (13 повідомлень з 41), жодного супроводу на Київ, тривог у місті менше 3 годин",2026-09-10T09:18:34.317066+00:00
2025-04-07,1,kpszsu,official,drones_launched,ua,46.0,,ю Іскандер-М із району Курська — рф. та 46-ма ударними БпЛА типу Shahed і безпілотниками-імітаторам,2026-09-10T09:18:34.317066+00:00
2025-04-07,1,kpszsu,official,targets_downed,ua,9.0,,"⚡️ ЗБИТО 9 ВОРОЖИХ БПЛА, 31 БЕЗПІЛОТНИК-ІМІТАТОР –",2026-09-10T09:18:34.317066+00:00
2025-04-08,1,kpszsu,official,attacked,kyiv,0.0,,"канал вів повітряну обстановку (26 повідомлень з 55), жодного супроводу на Київ, тривог у місті менше 3 годин",2026-09-10T09:18:34.317066+00:00
2025-04-08,1,kpszsu,official,drones_launched,ua,55.0,,2025 року (із 20.00 8 квітня) противник атакував 55-ма ударними БпЛА типу Shahed і безпілотниками-імітаторам,2026-09-10T09:18:34.317066+00:00
2025-04-08,1,kpszsu,official,targets_downed,ua,32.0,,"⚡️ ЗБИТО 32 ВОРОЖІ БПЛА, 8 БЕЗПІЛОТНИКІВ-ІМІТАТОРІВ",2026-09-10T09:18:34.317066+00:00
2025-04-09,1,kpszsu,official,drones_launched,ua,145.0,,2025 року (із 19.00 9 квітня) противник атакував 145-ма ударними БпЛА типу Shahed і безпілотниками-імітаторам,2026-09-10T09:18:34.317066+00:00
2025-04-09,1,kpszsu,official,targets_downed,ua,85.0,,"⚡️ ЗБИТО 85 ВОРОЖИХ БПЛА, 49 БЕЗПІЛОТНИКІВ-ІМІТАТОР",2026-09-10T09:18:34.317066+00:00
2025-04-09,2,kpszsu,official,drone_tracks,kyiv_obl,1.0,32252,"⚠ Увага!
🛵 Нова група ""шахедів"" на півночі Сумщини  ➡️ курсом на південь.
🛵 Кілька груп БпЛА на півдні Сумщини та Чернігівщини, півночі Полтавщини ➡️ курсом на Київщину.
🛵 Кілька груп ""шахедів"" на пів",2026-09-10T09:18:34.317066+00:00
2025-04-10,1,kpszsu,official,attacked,kyiv,1.0,,є повідомлення супроводу цілей на Київ,2026-09-10T09:18:34.317066+00:00
2025-04-10,1,kpszsu,official,drone_tracks,kyiv,1.0,32296,"⚠Увага! м.Київ! 
🛵 У вашому напрямку ворожий ударний БпЛА зі сходу!",2026-09-10T09:18:34.317066+00:00
2025-04-10,1,kpszsu,official,drones_launched,ua,39.0,,ю (по м. Дніпро) із Ростовської обл. та 39-ма ударними БпЛА типу Shahed і безпілотниками-імітаторам,2026-09-10T09:18:34.317066+00:00
2025-04-10,1,kpszsu,official,targets_downed,ua,24.0,,"⚡️ ЗБИТО 24 ВОРОЖІ БПЛА, 13 БЕЗПІЛОТНИКІВ-ІМІТАТОРІ",2026-09-10T09:18:34.317066+00:00
2025-04-10,2,kpszsu,official,drone_tracks,kyiv_obl,3.0,32290,🛵 Київська область - загроза застосування ворогом ударних БпЛА з північно-східного напрямку.,2026-09-10T09:18:34.317066+00:00
2025-04-11,1,kpszsu,official,attacked,kyiv,1.0,,є повідомлення супроводу цілей на Київ,2026-09-10T09:18:34.317066+00:00
2025-04-11,1,kpszsu,official,drone_tracks,kyiv,1.0,32371,🛵 м. Київ - загроза застосування ворогом ударних БпЛА!,2026-09-10T09:18:34.317066+00:00
2025-04-11,1,kpszsu,official,drones_launched,ua,88.0,,2 квітня (із 20.00 11 квітня) противник атакував 88-ма ударними БпЛА типу Shahed і безпілотниками-імітаторам,2026-09-10T09:18:34.317066+00:00
2025-04-11,1,kpszsu,official,targets_downed,ua,56.0,,"⚡️ ЗБИТО 56 ВОРОЖИХ БПЛА, 24 БЕЗПІЛОТНИКИ-ІМІТАТОРИ",2026-09-10T09:18:34.317066+00:00
2025-04-11,2,kpszsu,official,drone_tracks,kyiv_obl,1.0,32369,🛵 Київська область - загроза застосування ворогом ударних БпЛА з північно-східного напрямку.,2026-09-10T09:18:34.317066+00:00
2025-04-11,2,kpszsu,official,missile_tracks,kyiv_obl,1.0,32384,"⚠Увага!
🚀 Київська область - ракетна небезпека! Загроза балістики!",2026-09-10T09:18:34.317066+00:00
2025-04-12,1,kpszsu,official,attacked,kyiv,1.0,,є повідомлення супроводу цілей на Київ,2026-09-10T09:18:34.317066+00:00
2025-04-12,1,kpszsu,official,drone_tracks,kyiv,1.0,32410,🛵 м. Київ - загроза застосування ворогом ударних БпЛА!,2026-09-10T09:18:34.317066+00:00
2025-04-12,1,kpszsu,official,drones_launched,ua,55.0,,3 квітня (із 20.30 12 квітня) противник атакував 55-ма ударними БпЛА типу Shahed та безпілотниками-імітатора,2026-09-10T09:18:34.317066+00:00
2025-04-12,1,kpszsu,official,targets_downed,ua,551.0,,5) протиповітряною обороною Cил оборони знищено 551 повітряну ціль:,2026-09-10T09:18:34.317066+00:00
2025-04-12,2,kpszsu,official,drone_tracks,kyiv_obl,5.0,32405,"⚠ Увага!
🛵 Київська область - загроза застосування ударних БпЛА!",2026-09-10T09:18:34.317066+00:00
2025-04-13,1,kpszsu,official,attacked,kyiv,0.0,,"канал вів повітряну обстановку (44 повідомлень з 76), жодного супроводу на Київ, тривог у місті менше 3 годин",2026-09-10T09:18:34.317066+00:00
2025-04-13,1,kpszsu,official,drones_launched,ua,62.0,,4 квітня (із 20.30 13 квітня) противник атакував 62-ма ударними БпЛА типу Shahed і безпілотниками-імітаторам,2026-09-10T09:18:34.317066+00:00
2025-04-13,1,kpszsu,official,targets_downed,ua,40.0,,"⚡️ ЗБИТО 40 ВОРОЖИХ БПЛА, 11 БЕЗПІЛОТНИКІВ-ІМІТАТОР",2026-09-10T09:18:34.317066+00:00
2025-04-14,1,kpszsu,official,attacked,kyiv,0.0,,"канал вів повітряну обстановку (41 повідомлень з 64), жодного супроводу на Київ, тривог у місті менше 3 годин",2026-09-10T09:18:34.317066+00:00
2025-04-14,1,kpszsu,official,drones_launched,ua,52.0,,дер-М/KN-23 (із Курської обл. — рф.) та 52-ма ударними БпЛА типу Shahed і безпілотниками-імітаторам,2026-09-10T09:18:34.317066+00:00
2025-04-14,1,kpszsu,official,targets_downed,ua,26.0,,"⚡️ ЗБИТО 26 ВОРОЖИХ БПЛА, 19 БЕЗПІЛОТНИКІВ-ІМІТАТОР",2026-09-10T09:18:34.317066+00:00
2025-04-15,1,kpszsu,official,attacked,kyiv,1.0,,є повідомлення супроводу цілей на Київ,2026-09-10T09:18:34.317066+00:00
2025-04-15,1,kpszsu,official,drone_tracks,kyiv,1.0,32612,"🛵 Ударний БпЛА ➡️ курсом на Київ.
🛵 Декілька груп ➡️ на Одесу.
🛵 БпЛА ➡️ у передмісті Харкова.",2026-09-10T09:18:34.317066+00:00
2025-04-15,1,kpszsu,official,drones_launched,ua,97.0,,6 квітня (із 20.30 15 квітня) противник атакував 97-ма ударними БпЛА типу Shahed і безпілотниками-імітаторам,2026-09-10T09:18:34.317066+00:00
2025-04-15,1,kpszsu,official,targets_downed,ua,57.0,,"⚡️ЗБИТО 57 ВОРОЖИХ БПЛА, 34 БЕЗПІЛОТНИКИ-ІМІТАТОРИ",2026-09-10T09:18:34.317066+00:00
2025-04-15,2,kpszsu,official,drone_tracks,kyiv_obl,2.0,32603,"🛵 Сумщина: Більше 10 груп ➡️ в районі Сум, Конотопа, Ромнів, Лебедина. Переважно, курс на Чернігівщину.
🛵 Чернігівщина: через Прилуки ➡️ у напрямку Київської області.
🛵 Полтавщина: БпЛА ➡️ на Глобине
",2026-09-10T09:18:34.317066+00:00
2025-04-16,1,kpszsu,official,attacked,kyiv,0.0,,"канал вів повітряну обстановку (51 повідомлень з 87), жодного супроводу на Київ, тривог у місті менше 3 годин",2026-09-10T09:18:34.317066+00:00
2025-04-16,1,kpszsu,official,drones_launched,ua,75.0,,"/400 із ТОТ Луганської області, а також 75-ма ударними БпЛА типу Shahed і безпілотниками-імітаторам",2026-09-10T09:18:34.317066+00:00
2025-04-16,1,kpszsu,official,targets_downed,ua,25.0,,"⚡️ ЗБИТО 25 ВОРОЖИХ БПЛА, 30 БЕЗПІЛОТНИКІВ-ІМІТАТОР",2026-09-10T09:18:34.317066+00:00
2025-04-16,2,kpszsu,official,drone_tracks,kyiv_obl,1.0,32634,🛵 Київська область - загроза застосування ударних БпЛА!,2026-09-10T09:18:34.317066+00:00
2025-04-17,1,kpszsu,official,attacked,kyiv,1.0,,є повідомлення супроводу цілей на Київ,2026-09-10T09:18:34.317066+00:00
2025-04-17,1,kpszsu,official,drone_tracks,kyiv,4.0,32754,"⚠Увага!
🛵 ""Шахеди"" зі сходу ➡️  у напрямку Києва!",2026-09-10T09:18:34.317066+00:00
2025-04-17,1,kpszsu,official,drones_launched,ua,37.0,,"ду противника — 6 ракет різних типів та 37 ударних БпЛА (безпілотників-імітаторів інших типів),",2026-09-10T09:18:34.317066+00:00
2025-04-17,1,kpszsu,official,targets_downed,ua,26.0,,⚡️ ЗБИТО 3 КРИЛАТІ РАКЕТИ ТА 23 ВОРОЖІ БПЛА,2026-09-10T09:18:34.317066+00:00
2025-04-17,2,kpszsu,official,drone_tracks,kyiv_obl,4.0,32752,"🚨Оновлення щодо шахедів:

🛵 Ворожі БпЛА у центрі Сумщини ➡️ курсом на південний захід.
🛵 ""Шахеди"" на сході Чернігівщини ➡️ прямують на захід.
🛵  Кілька груп ""шахедів"" на півночі Полтавщини та на півдн",2026-09-10T09:18:34.317066+00:00
2025-04-18,1,kpszsu,official,attacked,kyiv,0.0,,"канал вів повітряну обстановку (25 повідомлень з 63), жодного супроводу на Київ, тривог у місті менше 3 годин",2026-09-10T09:18:34.317066+00:00
2025-04-18,1,kpszsu,official,drones_launched,ua,87.0,,"ду противника — 8 ракет різних типів та 87 ударних БпЛА (безпілотників-імітаторів інших типів),",2026-09-10T09:18:34.317066+00:00
2025-04-18,1,kpszsu,official,targets_downed,ua,33.0,,⚡️ ЗБИТО 33 ВОРОЖІ БПЛА 36 БЕЗПІЛОТНИКІВ-ІМІТАТОРІВ,2026-09-10T09:18:34.317066+00:00
2025-04-19,1,kpszsu,official,attacked,kyiv,0.0,,"канал вів повітряну обстановку (10 повідомлень з 20), жодного супроводу на Київ, тривог у місті менше 3 годин",2026-09-10T09:18:34.317066+00:00
2025-04-19,1,kpszsu,official,targets_downed,ua,699.0,,5) протиповітряною обороною Сил оборони знищено 699 повітряних цілей:,2026-09-10T09:18:34.317066+00:00
2025-04-19,2,kpszsu,official,missile_tracks,kyiv_obl,3.0,32857,🚀Ракетна небезпека для Київської області.,2026-09-10T09:18:34.317066+00:00
2025-04-20,1,kpszsu,official,attacked,kyiv,1.0,,є повідомлення супроводу цілей на Київ,2026-09-10T09:18:34.317066+00:00
2025-04-20,1,kpszsu,official,drone_tracks,kyiv,1.0,32896,🛵 БпЛА на Київ з північного сходу!,2026-09-10T09:18:34.317066+00:00
2025-04-20,1,kpszsu,official,drones_launched,ua,96.0,,"ру над акваторією Чорного моря, а також атакував Україну 96-ма ударними БпЛА (безпілотниками-імітаторами інших типів",2026-09-10T09:18:34.317066+00:00
2025-04-20,1,kpszsu,official,targets_downed,ua,42.0,,⚡️ ЗБИТО 42 ВОРОЖІ БПЛА 47 БЕЗПІЛОТНИКІВ-ІМІТАТОРІВ,2026-09-10T09:18:34.317066+00:00
2025-04-20,2,kpszsu,official,drone_tracks,kyiv_obl,3.0,32884,"Оновлення інформації щодо руху ворожих ударних БпЛА:
🛵 БпЛА на сході Чернігівщини, курс - південно-західний (Київщина);
🛵 БпЛА на Сумщині, курс - південно-західний (Полтавщина);
🛵 БпЛА з Луганщини на ",2026-09-10T09:18:34.317066+00:00
2025-04-21,1,kpszsu,official,attacked,kyiv,1.0,,є повідомлення супроводу цілей на Київ,2026-09-10T09:18:34.317066+00:00
2025-04-21,1,kpszsu,official,drone_tracks,kyiv,1.0,32960,🛵 м. Київ - загроза застосування ворогом ударних БпЛА!,2026-09-10T09:18:34.317066+00:00
2025-04-21,1,kpszsu,official,drones_launched,ua,77.0,, 22 квітня 2025 року із 08.00 противник атакував 77-ма ударними БпЛА (безпілотниками-імітаторами інших типів,2026-09-10T09:18:34.317066+00:00
2025-04-21,1,kpszsu,official,targets_downed,ua,38.0,,"⚡️ ЗБИТО 38 ВОРОЖИХ БПЛА, 31 БЕЗПІЛОТНИК-ІМІТАТОР –",2026-09-10T09:18:34.317066+00:00
2025-04-21,2,kpszsu,official,drone_tracks,kyiv_obl,7.0,32957,🛵 Київська область - загроза застосування ударних БпЛА з півночі!,2026-09-10T09:18:34.317066+00:00
2025-04-22,1,kpszsu,official,attacked,kyiv,1.0,,є повідомлення супроводу цілей на Київ,2026-09-10T09:18:34.317066+00:00
2025-04-22,1,kpszsu,official,drone_tracks,kyiv,1.0,33006,🛵 Декілька груп ударних БпЛА ➡️ у напрямку Броварів/Києва!,2026-09-10T09:18:34.317066+00:00
2025-04-22,1,kpszsu,official,drones_launched,ua,134.0,,025 року (із 21.30 22 квітня) противник атакував 134-ма ударними БпЛА (безпілотниками-імітаторами інших типів,2026-09-10T09:18:34.317066+00:00
2025-04-22,1,kpszsu,official,targets_downed,ua,67.0,,"⚡️ ЗБИТО 67 ВОРОЖИХ БПЛА, 47 БЕЗПІЛОТНИКІВ-ІМІТАТОР",2026-09-10T09:18:34.317066+00:00
2025-04-22,2,kpszsu,official,drone_tracks,kyiv_obl,3.0,33002,🛵 Через Чернігівщину групи БпЛА ➡️ курсом на Київщину.,2026-09-10T09:18:34.317066+00:00
2025-04-23,1,kpszsu,official,attacked,kyiv,1.0,,є повідомлення супроводу цілей на Київ,2026-09-10T09:18:34.317066+00:00
2025-04-23,1,kpszsu,official,drone_tracks,kyiv,5.0,33116,"⚠ Увага!
🛵 ""Шахеди"" на Київ з півночі!",2026-09-10T09:18:34.317066+00:00
2025-04-23,1,kpszsu,official,drones_launched,ua,145.0,,"ї (район пусків — Бєлгородська обл.);
- 145 ударних БпЛА Shahed/дронів-імітаторів різних типів (",2026-09-10T09:18:34.317066+00:00
2025-04-23,1,kpszsu,official,missile_tracks,kyiv,1.0,33119,"⚠ Увага!
🚀Група ракет на Київщині, в районі Білої Церкви. Кагарлика ➡️ курсом на Київ!
🚀 Ракета на півночі Дніпропетровщини ➡️ курсом на Харківщину!
🚀 Ракета на Черкащині ➡️ курсом на Київщину!",2026-09-10T09:18:34.317066+00:00
2025-04-23,1,kpszsu,official,targets_downed,ua,112.0,,⚡️ ЗБИТО 48 РАКЕТ та 64 ВОРОЖІ БПЛА,2026-09-10T09:18:34.317066+00:00
2025-04-23,2,kpszsu,official,drone_tracks,kyiv_obl,3.0,33095,"🚨Оновлення щодо ""шахедів"":
🛵 Група БпЛА на Сумщині, в районі Конотопу ➡️ курсом на Чернігівщину.
🛵 Кілька груп БпЛА на Чернігівщині ➡️ курсом на Мену та Ічню.
🛵 ""Шахеди"" на заході Полтавщини ➡️ у напр",2026-09-10T09:18:34.317066+00:00
2025-04-23,2,kpszsu,official,missile_tracks,kyiv_obl,6.0,33117,"⚠ Увага!
🚀Група ракет на Черкащині ➡️ курсом на Київщину!
🚀 Ракета на заході Дніпропетровщини ➡️ курсом на схід!
🚀 Ракета на півночі  Кіровоградщини ➡️ курсом на Черкащину!",2026-09-10T09:18:34.317066+00:00
2025-04-24,1,kpszsu,official,attacked,kyiv,0.0,,"канал вів повітряну обстановку (27 повідомлень з 55), жодного супроводу на Київ, тривог у місті менше 3 годин",2026-09-10T09:18:34.317066+00:00
2025-04-24,1,kpszsu,official,drones_launched,ua,103.0,,025 року (із 22.30 24 квітня) противник атакував 103-ма ударними БпЛА (безпілотниками-імітаторами інших типів,2026-09-10T09:18:34.317066+00:00
2025-04-24,1,kpszsu,official,targets_downed,ua,41.0,,"⚡️ ЗБИТО 41 ВОРОЖИЙ БПЛА, 40 БЕЗПІЛОТНИКІВ-ІМІТАТОР",2026-09-10T09:18:34.317066+00:00
2025-04-24,2,kpszsu,official,drone_tracks,kyiv_obl,7.0,33215,"🛵 Кілька груп БпЛА на півночі Чернігівщини ➡️ курсом на Київщину.
🛵 ""Шахеди"" з Сумщини ➡️ на Чернігівщину та Полтавщину;",2026-09-10T09:18:34.317066+00:00
2025-04-25,1,kpszsu,official,attacked,kyiv,1.0,,є повідомлення супроводу цілей на Київ,2026-09-10T09:18:34.317066+00:00
2025-04-25,1,kpszsu,official,drone_tracks,kyiv,1.0,33289,🛵 БпЛА ➡️ у напрямку Києва.,2026-09-10T09:18:34.317066+00:00
2025-04-25,1,kpszsu,official,drones_launched,ua,114.0,,"а протирадіолокаційними ракетами Х-31П, 114-ма ударними БпЛА (безпілотниками-імітаторами інших типів",2026-09-10T09:18:34.317066+00:00
2025-04-25,1,kpszsu,official,targets_downed,ua,66.0,,"⚡️ ЗБИТО 66 ВОРОЖИХ БПЛА, 31 БЕЗПІЛОТНИК-ІМІТАТОР –",2026-09-10T09:18:34.317066+00:00
2025-04-25,2,kpszsu,official,drone_tracks,kyiv_obl,8.0,33278,"🛵 Триває атака ударних БпЛА:
1. Дніпропетровщина ➡️ БпЛА повз Павлоград на Дніпро.
2. Полтавщина: кілька груп ➡️ курсом на Черкащину. 
3.Шахед на півдні Чернігівщини. Курс ➡️ на Київщину.
4. Нові шахе",2026-09-10T09:18:34.317066+00:00
2025-04-26,1,kpszsu,official,attacked,kyiv,0.0,,"канал вів повітряну обстановку (45 повідомлень з 60), жодного супроводу на Київ, тривог у місті менше 3 годин",2026-09-10T09:18:34.317066+00:00
2025-04-26,1,kpszsu,official,drones_launched,ua,442.0,,"4 керовані авіаційні ракети Х-59/69;
▪️ 442 ударних БпЛА типу Shahed;
▪️ 114 розвідувальних БпЛА",2026-09-10T09:18:34.317066+00:00
2025-04-26,1,kpszsu,official,targets_downed,ua,841.0,,5) протиповітряною обороною Cил оборони знищено 841 повітряну ціль:,2026-09-10T09:18:34.317066+00:00
2025-04-26,2,kpszsu,official,drone_tracks,kyiv_obl,4.0,33322,"🛵 БпЛА на Чернігівщині ➡️ на Київщину.
🛵 БпЛА на Сумщині ➡️ на Полтавщину/Харківщину.
🛵 БпЛА з Харківщини ➡️ на Дніпропетровщину/Полтавщину.
🛵 БпЛА на Дніпропетровщині південно-західніше Павлограда, к",2026-09-10T09:18:34.317066+00:00
2025-04-27,1,kpszsu,official,attacked,kyiv,0.0,,"канал вів повітряну обстановку (34 повідомлень з 49), жодного супроводу на Київ, тривог у місті менше 3 годин",2026-09-10T09:18:34.317066+00:00
2025-04-27,1,kpszsu,official,drones_launched,ua,166.0,,025 року (із 23.30 27 квітня) противник атакував 166-ма ударними БпЛА  та безпілотниками-імітаторами інших ти,2026-09-10T09:18:34.317066+00:00
2025-04-27,1,kpszsu,official,targets_downed,ua,40.0,,"⚡️ ЗБИТО 40 ВОРОЖИХ БПЛА, 74 БЕЗПІЛОТНИКИ-ІМІТАТОРИ",2026-09-10T09:18:34.317066+00:00
2025-04-27,2,kpszsu,official,drone_tracks,kyiv_obl,1.0,33397,🛵 Київська область - загроза застосування ударних БпЛА!,2026-09-10T09:18:34.317066+00:00
2025-04-28,1,kpszsu,official,attacked,kyiv,1.0,,є повідомлення супроводу цілей на Київ,2026-09-10T09:18:34.317066+00:00
2025-04-28,1,kpszsu,official,drone_tracks,kyiv,2.0,33442,"🛵 ""Шахеди"" на півночі Київщини ➡️ курс на Київ!",2026-09-10T09:18:34.317066+00:00
2025-04-28,1,kpszsu,official,drones_launched,ua,37.0,,"

💥 Станом на 08.30 підтверджено збиття 37 ударних БпЛА типу Shahed (безпілотників інших типів)",2026-09-10T09:18:34.317066+00:00
2025-04-28,1,kpszsu,official,targets_downed,ua,37.0,,"⚡️ ЗБИТО 37 ВОРОЖИХ БПЛА, 47 БЕЗПІЛОТНИКІВ-ІМІТАТОР",2026-09-10T09:18:34.317066+00:00
2025-04-28,2,kpszsu,official,drone_tracks,kyiv_obl,1.0,33439,🛵 Київська область - загроза застосування ударних БпЛА!,2026-09-10T09:18:34.317066+00:00
2025-04-29,1,kpszsu,official,attacked,kyiv,0.0,,"канал вів повітряну обстановку (40 повідомлень з 80), жодного супроводу на Київ, тривог у місті менше 3 годин",2026-09-10T09:18:34.317066+00:00
2025-04-29,1,kpszsu,official,drones_launched,ua,50.0,,"

💥 Станом на 11.30 підтверджено збиття 50 ударних БпЛА типу Shahed (безпілотників інших типів)",2026-09-10T09:18:34.317066+00:00
2025-04-29,1,kpszsu,official,targets_downed,ua,50.0,,"⚡️ ЗБИТО 50 ВОРОЖИХ БПЛА, 22 БЕЗПІЛОТНИКИ-ІМІТАТОРИ",2026-09-10T09:18:34.317066+00:00
2025-04-29,2,kpszsu,official,drone_tracks,kyiv_obl,3.0,33537,"🛵 Група ""шахедів"" на межі Київської, Чернігівської, Полтавської областей ➡️ курсом на південний захід!
🛵 Нова група ""шахедів"" з півночі ➡️ курсом на Харків!",2026-09-10T09:18:34.317066+00:00
2025-04-30,1,kpszsu,official,attacked,kyiv,1.0,,є повідомлення супроводу цілей на Київ,2026-09-10T09:18:34.317066+00:00
2025-04-30,1,kpszsu,official,drone_tracks,kyiv,1.0,33607,"⚠ Увага!м.Київ!
🛵  Ворожі ударні БпЛА у вашому напрямку.",2026-09-10T09:18:34.317066+00:00
2025-04-30,1,kpszsu,official,drones_launched,ua,1214.0,,"4 керовані авіаційні ракети Х-59/69;
▪️ 1214 ударних БпЛА типу Shahed;
▪️ 689 розвідувальних БпЛА",2026-09-10T09:18:34.317066+00:00
2025-04-30,1,kpszsu,official,targets_downed,ua,2332.0,,"ку протиповітряною обороною Cил оборони знищено 2332 повітряні цілі:
💥 У квітні 2025 року ав",2026-09-10T09:18:34.317066+00:00
2025-04-30,2,kpszsu,official,drone_tracks,kyiv_obl,4.0,33590,"⚠Увага!
🛵 Група ударних БпЛА на Київщину з південно-схїдного напрямку.",2026-09-10T09:18:34.317066+00:00
2025-05-01,1,kpszsu,official,attacked,kyiv,1.0,,є повідомлення супроводу цілей на Київ,2026-09-10T09:18:34.317066+00:00
2025-05-01,1,kpszsu,official,drone_tracks,kyiv,1.0,33673,🛵 БпЛА ➡️ повз Боярку курсом на Київ.,2026-09-10T09:18:34.317066+00:00
2025-05-01,1,kpszsu,official,drones_launched,ua,150.0,,2025 року (із 21.30 1 травня) противник атакував 150-ма ударними БпЛА та безпілотниками-імітаторами інших тип,2026-09-10T09:18:34.317066+00:00
2025-05-01,1,kpszsu,official,targets_downed,ua,64.0,,"⚡️ ЗБИТО 64 ВОРОЖІ БПЛА, 62 БЕЗПІЛОТНИКИ-ІМІТАТОРИ ",2026-09-10T09:18:34.317066+00:00
2025-05-01,2,kpszsu,official,drone_tracks,kyiv_obl,4.0,33667,"🛵 Із Сумщини повз Чернігівщину ударні БпЛА ➡️ на Київщину.
🛵 Донеччина: БпЛА ➡️ курсом на Костянтинівку, Покровськ, Добропілля.",2026-09-10T09:18:34.317066+00:00
2025-05-02,1,kpszsu,official,attacked,kyiv,1.0,,є повідомлення супроводу цілей на Київ,2026-09-10T09:18:34.317066+00:00
2025-05-02,1,kpszsu,official,drone_tracks,kyiv,2.0,33734,"🚨Оновлення щодо шахедів:
🛵 БпЛА у центрі Київщини ➡️ курсом на столицю!
🛵 ""Шахеди"" на півночі Миколаївщини ➡️ курсом на південь.",2026-09-10T09:18:34.317066+00:00
2025-05-02,1,kpszsu,official,drones_launched,ua,183.0,,"скандер-М із Ростовської обл. та Криму, 183-ма ударними БпЛА та безпілотниками-імітаторами інших тип",2026-09-10T09:18:34.317066+00:00
2025-05-02,1,kpszsu,official,targets_downed,ua,77.0,,"⚡️ ЗБИТО 77 ВОРОЖИХ БПЛА, 73 БЕЗПІЛОТНИКИ-ІМІТАТОРИ",2026-09-10T09:18:34.317066+00:00
2025-05-02,2,kpszsu,official,drone_tracks,kyiv_obl,2.0,33718,"🚨Оновлення щодо шахедів:
🛵 ""Шахеди"" на заході Харківщини ➡️ курсом на Харків!
🛵 БпЛА на сході Полтавщини ➡️ курсом на Харківщину.
🛵 ""Шахеди"" на північному заході Полтавщини ➡️ курсом на Черкащину/Київ",2026-09-10T09:18:34.317066+00:00
2025-05-03,1,kpszsu,official,attacked,kyiv,1.0,,є повідомлення супроводу цілей на Київ,2026-09-10T09:18:34.317066+00:00
2025-05-03,1,kpszsu,official,drone_tracks,kyiv,2.0,33797,"⚠ Увага! Київ, Харків!
🛵 У вашому напрямку ворожі ударні БпЛА.",2026-09-10T09:18:34.317066+00:00
2025-05-03,1,kpszsu,official,drones_launched,ua,165.0,,2025 року (із 21.00 3 травня) противник атакував 165-ма ударними БпЛА та безпілотниками-імітаторами інших тип,2026-09-10T09:18:34.317066+00:00
2025-05-03,1,kpszsu,official,targets_downed,ua,69.0,,"⚡️ ЗБИТО 69 ВОРОЖИХ БПЛА, 80 БЕЗПІЛОТНИКІВ-ІМІТАТОР",2026-09-10T09:18:34.317066+00:00
2025-05-03,2,kpszsu,official,drone_tracks,kyiv_obl,4.0,33792,🛵 Київська область - загроза застосування ворогом ударних БпЛА з північного напрямку.,2026-09-10T09:18:34.317066+00:00
2025-05-04,1,kpszsu,official,attacked,kyiv,0.0,,"канал вів повітряну обстановку (17 повідомлень з 46), жодного супроводу на Київ, тривог у місті менше 3 годин",2026-09-10T09:18:34.317066+00:00
2025-05-04,1,kpszsu,official,drones_launched,ua,116.0,,"KN-23 із Курської області – рф, а також 116-ма ударними БпЛА та безпілотниками-імітаторами інших тип",2026-09-10T09:18:34.317066+00:00
2025-05-04,1,kpszsu,official,targets_downed,ua,42.0,,"⚡️ ЗБИТО 42 ВОРОЖІ БПЛА, 21 БЕЗПІЛОТНИК-ІМІТАТОР – ",2026-09-10T09:18:34.317066+00:00
2025-05-05,1,kpszsu,official,attacked,kyiv,0.0,,"канал вів повітряну обстановку (39 повідомлень з 69), жодного супроводу на Київ, тривог у місті менше 3 годин",2026-09-10T09:18:34.317066+00:00
2025-05-05,1,kpszsu,official,drones_launched,ua,136.0,,2025 року (із 21.30 5 травня) противник атакував 136-ма ударними БпЛА та безпілотниками-імітаторами інших тип,2026-09-10T09:18:34.317066+00:00
2025-05-05,1,kpszsu,official,targets_downed,ua,54.0,,"⚡️ ЗБИТО 54 ВОРОЖІ БПЛА, 70 БЕЗПІЛОТНИКІВ-ІМІТАТОРІ",2026-09-10T09:18:34.317066+00:00
2025-05-06,1,kpszsu,official,attacked,kyiv,1.0,,є повідомлення супроводу цілей на Київ,2026-09-10T09:18:34.317066+00:00
2025-05-06,1,kpszsu,official,drone_tracks,kyiv,7.0,33996,🛵 Ударні БпЛА повз Бровари  ➡️ у напрямку Києва.,2026-09-10T09:18:34.317066+00:00
2025-05-06,1,kpszsu,official,drones_launched,ua,187.0,," Брянськ, а також здійснив кілька хвиль атак 187-ма ударними БпЛА та безпілотниками-імітаторами інших тип",2026-09-10T09:18:34.317066+00:00
2025-05-06,1,kpszsu,official,targets_downed,ua,83.0,,"⚡️ ЗБИТО ДВІ БАЛІСТИЧНІ РАКЕТИ ТА 81 ВОРОЖИЙ БПЛА, 64",2026-09-10T09:18:34.317066+00:00
2025-05-06,2,kpszsu,official,drone_tracks,kyiv_obl,13.0,33981,"🛵 Харківщина: повз Балаклію, Берестинський, Лозівський райони.

🛵 Дніпропетровщина: через Харківщину ➡️ курсом на Павлоградський район.

🛵 Чернігівщина: БпЛА на півночі області. Курс ➡️ на Київщину.",2026-09-10T09:18:34.317066+00:00
2025-05-07,1,kpszsu,official,attacked,kyiv,0.0,,"канал вів повітряну обстановку (39 повідомлень з 73), жодного супроводу на Київ, тривог у місті менше 3 годин",2026-09-10T09:18:34.317066+00:00
2025-05-07,1,kpszsu,official,drones_launched,ua,20.0,," Міллерово – рф.

💥 Підтверджено збиття 20 ударних БпЛА типу Shahed (безпілотників інших типів)",2026-09-10T09:18:34.317066+00:00
2025-05-07,1,kpszsu,official,targets_downed,ua,20.0,,"⚡️ ЗБИТО 20 ВОРОЖИХ БПЛА, 6 БЕЗПІЛОТНИКІВ-ІМІТАТОРІ",2026-09-10T09:18:34.317066+00:00
2025-05-07,2,kpszsu,official,drone_tracks,kyiv_obl,2.0,34024,"🛵 Ворожі БпЛА на Черкащині (район Черкас, Умані, Шполи);
🛵 Ворожі БпЛА на Київщині (повз Борову у східному напрямку).",2026-09-10T09:18:34.317066+00:00
2025-05-09,1,kpszsu,official,attacked,kyiv,0.0,,"канал вів повітряну обстановку (9 повідомлень з 35), жодного супроводу на Київ, тривог у місті менше 3 годин",2026-09-10T09:18:34.317066+00:00
2025-05-10,1,kpszsu,official,attacked,kyiv,1.0,,є повідомлення супроводу цілей на Київ,2026-09-10T09:18:34.317066+00:00
2025-05-10,1,kpszsu,official,drone_tracks,kyiv,1.0,34167,🛵 БпЛА в напрямку Києва з східного напрямку,2026-09-10T09:18:34.317066+00:00
2025-05-10,1,kpszsu,official,drones_launched,ua,108.0,,1 травня (із 02.00 11 травня) противник атакував 108-ма ударними БпЛА типу Shahed і безпілотниками-імітаторам,2026-09-10T09:18:34.317066+00:00
2025-05-10,1,kpszsu,official,targets_downed,ua,60.0,,"⚡️ ЗБИТО 60 ВОРОЖИХ БПЛА, 41 БЕЗПІЛОТНИК-ІМІТАТОР –",2026-09-10T09:18:34.317066+00:00
2025-05-10,2,kpszsu,official,drone_tracks,kyiv_obl,1.0,34165,"🛵 БпЛА в південній та південно- східній частинах Харківської області, курс західний/південно-західний.
🛵 БпЛА в західній частині Полтавської області, курс західний.
🛵 БпЛА в південній та центральній ч",2026-09-10T09:18:34.317066+00:00
2025-05-11,1,kpszsu,official,attacked,kyiv,1.0,,є повідомлення супроводу цілей на Київ,2026-09-10T09:18:34.317066+00:00
2025-05-11,1,kpszsu,official,drone_tracks,kyiv,1.0,34220,"⚠Увага! м.Бровари/м.Київ!
🛵  У вашому напрямку ворожі БпЛА зі сходу та північного сходу.",2026-09-10T09:18:34.317066+00:00
2025-05-11,1,kpszsu,official,drones_launched,ua,108.0,,2 травня (із 23.00 11 травня) противник атакував 108-ма ударними БпЛА типу Shahed і безпілотниками-імітаторам,2026-09-10T09:18:34.317066+00:00
2025-05-11,1,kpszsu,official,targets_downed,ua,55.0,,"⚡️ ЗБИТО 55 ВОРОЖИХ БПЛА, 30 БЕЗПІЛОТНИКІВ-ІМІТАТОР",2026-09-10T09:18:34.317066+00:00
2025-05-11,2,kpszsu,official,drone_tracks,kyiv_obl,1.0,34216,"🛵 Дніпропетровська, Київська області - загроза застосування ворогом ударних БпЛА!",2026-09-10T09:18:34.317066+00:00
2025-05-12,1,kpszsu,official,attacked,kyiv,0.0,,"канал вів повітряну обстановку (11 повідомлень з 34), жодного супроводу на Київ, тривог у місті менше 3 годин",2026-09-10T09:18:34.317066+00:00
2025-05-13,1,kpszsu,official,attacked,kyiv,0.0,,"канал вів повітряну обстановку (26 повідомлень з 47), жодного супроводу на Київ, тривог у місті менше 3 годин",2026-09-10T09:18:34.317066+00:00
2025-05-13,1,kpszsu,official,drones_launched,ua,145.0,,"чною рекетою Іскандер-М/KN-23 із Криму, 145-ма ударними БпЛА типу Shahed і безпілотниками-імітаторам",2026-09-10T09:18:34.317066+00:00
2025-05-13,1,kpszsu,official,targets_downed,ua,80.0,,"⚡️ ЗБИТО 80 ВОРОЖИХ БПЛА, 42 БЕЗПІЛОТНИКИ-ІМІТАТОРИ",2026-09-10T09:18:34.317066+00:00
2025-05-13,2,kpszsu,official,drone_tracks,kyiv_obl,4.0,34323,"🛵 БпЛА в південній частині Чернігівщини, курсом на Київщину.",2026-09-10T09:18:34.317066+00:00
2025-05-14,1,kpszsu,official,attacked,kyiv,1.0,,є повідомлення супроводу цілей на Київ,2026-09-10T09:18:34.317066+00:00
2025-05-14,1,kpszsu,official,drone_tracks,kyiv,1.0,34367,"⚠ Увага!
🛵 Групи ""шахедів"" з півночі та сходу  ➡️ у напрямку Києва!",2026-09-10T09:18:34.317066+00:00
2025-05-14,1,kpszsu,official,drones_launched,ua,110.0,,5 травня (із 00.00 15 травня) противник атакував 110-ма ударними БпЛА типу Shahed і безпілотниками-імітаторам,2026-09-10T09:18:34.317066+00:00
2025-05-14,1,kpszsu,official,targets_downed,ua,62.0,,"⚡️ ЗБИТО 62 ВОРОЖІ БПЛА, 29 БЕЗПІЛОТНИКІВ-ІМІТАТОРІ",2026-09-10T09:18:34.317066+00:00
2025-05-14,2,kpszsu,official,drone_tracks,kyiv_obl,2.0,34366,"🚨Оновлення щодо шахедів:
🛵 Кілька груп ""шахедів"" на заході та у центрі Сумщини ➡️ курсом на Чернігівщину.
🛵 Кілька груп ""шахедів"" у центрі Чернігівщини ➡️ курсом на Київщину.
🛵 БпЛА на півдні Чернігів",2026-09-10T09:18:34.317066+00:00
2025-05-15,1,kpszsu,official,attacked,kyiv,1.0,,є повідомлення супроводу цілей на Київ,2026-09-10T09:18:34.317066+00:00
2025-05-15,1,kpszsu,official,drone_tracks,kyiv,2.0,34440,"⚠ Увага! м.Київ!
🛵  У вашому напрямку з південного сходу ворожий БпЛА! Перебувайте у безпечних місцях!",2026-09-10T09:18:34.317066+00:00
2025-05-15,1,kpszsu,official,drones_launched,ua,112.0,,6 травня (із 00.00 16 травня) противник атакував  112-ма ударними БпЛА типу Shahed і безпілотниками-імітаторам,2026-09-10T09:18:34.317066+00:00
2025-05-15,1,kpszsu,official,targets_downed,ua,73.0,,"⚡️ ЗБИТО 73 ВОРОЖІ БПЛА, 36 БЕЗПІЛОТНИКІВ-ІМІТАТОРІ",2026-09-10T09:18:34.317066+00:00
2025-05-15,2,kpszsu,official,drone_tracks,kyiv_obl,2.0,34433,🛵 БпЛА з півдня Чернігівщини на схід Київщини та північ Полтавщини.,2026-09-10T09:18:34.317066+00:00
2025-05-16,1,kpszsu,official,attacked,kyiv,0.0,,"канал вів повітряну обстановку (23 повідомлень з 37), жодного супроводу на Київ, тривог у місті менше 3 годин",2026-09-10T09:18:34.317066+00:00
2025-05-16,1,kpszsu,official,drones_launched,ua,62.0,,7 травня (із 23.50 16 травня) противник атакував 62-ма ударними БпЛА типу Shahed і безпілотниками-імітаторам,2026-09-10T09:18:34.317066+00:00
2025-05-16,1,kpszsu,official,targets_downed,ua,36.0,,"⚡️ ЗБИТО 36 ВОРОЖИХ БПЛА, 6 БЕЗПІЛОТНИКІВ-ІМІТАТОРІ",2026-09-10T09:18:34.317066+00:00
2025-05-16,2,kpszsu,official,drone_tracks,kyiv_obl,5.0,34488,"🛵 Із Харківщини декілька груп ударних БпЛА ➡️ у напрямку Донеччини.
🛵 БпЛА по межі Черкаської та Київської областей ➡️ у напрямку Канева.",2026-09-10T09:18:34.317066+00:00
2025-05-17,1,kpszsu,official,attacked,kyiv,1.0,,є повідомлення супроводу цілей на Київ,2026-09-10T09:18:34.317066+00:00
2025-05-17,1,kpszsu,official,drone_tracks,kyiv,2.0,34541,"⚠Увага!
🚨 Атака ворожих ударних БпЛА триває!
🛵 Кілька груп ""шахедів"" на Київщині, в районі Києва, Василькова, Білої Церкви, на півночі, заході та сході області. 
🛵 Кілька груп ""шахедів"" на півдні та с",2026-09-10T09:18:34.317066+00:00
2025-05-17,1,kpszsu,official,drones_launched,ua,273.0,,8 травня (із 16.00 17 травня) противник атакував 273-ма ударними БпЛА типу Shahed і безпілотниками-імітаторам,2026-09-10T09:18:34.317066+00:00
2025-05-17,1,kpszsu,official,targets_downed,ua,88.0,,"⚡️ ЗБИТО 88 ВОРОЖИХ БПЛА, 128 БЕЗПІЛОТНИКІВ-ІМІТАТО",2026-09-10T09:18:34.317066+00:00
2025-05-17,2,kpszsu,official,drone_tracks,kyiv_obl,5.0,34530,"🛵 Нова група БпЛА на півночі Сумщини ➡️ курсом на Чернігівщину!
🛵 Група БпЛА на півночі та в центрі Чернігівщини  ➡️ курсом на Київщину!
🛵 Група БпЛА на півдні Харківщини  ➡️ курсом на Донеччину!
🛵  Б",2026-09-10T09:18:34.317066+00:00
2025-05-18,1,kpszsu,official,attacked,kyiv,0.0,,"канал вів повітряну обстановку (15 повідомлень з 44), жодного супроводу на Київ, тривог у місті менше 3 годин",2026-09-10T09:18:34.317066+00:00
2025-05-18,1,kpszsu,official,drones_launched,ua,112.0,,9 травня (із 23.00 18 травня) противник атакував 112-ма ударними БпЛА типу Shahed і безпілотниками-імітаторам,2026-09-10T09:18:34.317066+00:00
2025-05-18,1,kpszsu,official,targets_downed,ua,76.0,,"⚡️ ЗНЕШКОДЖЕНО 76 ВОРОЖИХ БПЛА
⚡️ Станом на 09.30 протипо",2026-09-10T09:18:34.317066+00:00
2025-05-18,2,kpszsu,official,drone_tracks,kyiv_obl,2.0,34569,"🛵 БпЛА східніше Ніжина (Чернігівщина), курс південно-західний.
🛵 БпЛА в південній частині Чернігівщини, курсом на Київщину.
🛵 БпЛА з Сумщини, курсом на Полтавщину та Чернігівщину.
🛵 БпЛА в північній ч",2026-09-10T09:18:34.317066+00:00
2025-05-19,1,kpszsu,official,attacked,kyiv,0.0,,"канал вів повітряну обстановку (33 повідомлень з 65), жодного супроводу на Київ, тривог у місті менше 3 годин",2026-09-10T09:18:34.317066+00:00
2025-05-19,1,kpszsu,official,drones_launched,ua,108.0,,0 травня (із 19.00 19 травня) противник атакував 108-ма ударними БпЛА типу Shahed і безпілотниками-імітаторам,2026-09-10T09:18:34.317066+00:00
2025-05-19,1,kpszsu,official,targets_downed,ua,93.0,,"⚡️ ЗНЕШКОДЖЕНО 93 ВОРОЖІ БПЛА
💥 Станом на 09.00 протипові",2026-09-10T09:18:34.317066+00:00
2025-05-19,2,kpszsu,official,drone_tracks,kyiv_obl,4.0,34621,🛵 Київська область - загроза застосування ворогом ударних БпЛА.,2026-09-10T09:18:34.317066+00:00
2025-05-20,1,kpszsu,official,attacked,kyiv,1.0,,є повідомлення супроводу цілей на Київ,2026-09-10T09:18:34.317066+00:00
2025-05-20,1,kpszsu,official,drone_tracks,kyiv,1.0,34724,"⚠ Увага! м.Київ!
🛵  У вашому напрямку ворожий БпЛА. Перебувайте у безпечних місцях!",2026-09-10T09:18:34.317066+00:00
2025-05-20,1,kpszsu,official,drones_launched,ua,76.0,,1 травня (із 00.30 21 травня) противник атакував 76-ма ударними БпЛА типу Shahed і безпілотниками-імітаторам,2026-09-10T09:18:34.317066+00:00
2025-05-20,1,kpszsu,official,targets_downed,ua,63.0,,"⚡️ ЗНЕШКОДЖЕНО 63 ВОРОЖІ БПЛА
💥 Станом на 09.00 протипові",2026-09-10T09:18:34.317066+00:00
2025-05-20,2,kpszsu,official,drone_tracks,kyiv_obl,5.0,34722,🛵 Київська область - загроза застосування ворогом ударних БпЛА зі сходу.,2026-09-10T09:18:34.317066+00:00
2025-05-21,1,kpszsu,official,attacked,kyiv,1.0,,є повідомлення супроводу цілей на Київ,2026-09-10T09:18:34.317066+00:00
2025-05-21,1,kpszsu,official,drone_tracks,kyiv,1.0,34788,🛵 Київ - залишайтесь в укриттях! БпЛА ➡️ над столицею.,2026-09-10T09:18:34.317066+00:00
2025-05-21,1,kpszsu,official,drones_launched,ua,128.0,,Іскандер-М із району Таганрога – рф. та 128-ма ударними БпЛА типу Shahed і безпілотниками-імітаторам,2026-09-10T09:18:34.317066+00:00
2025-05-21,1,kpszsu,official,targets_downed,ua,112.0,,"⚡️ ЗНЕШКОДЖЕНО 112 ВОРОЖИХ БПЛА
💥 Станом на 11.00 протипов",2026-09-10T09:18:34.317066+00:00
2025-05-21,2,kpszsu,official,drone_tracks,kyiv_obl,2.0,34786,🛵 Декілька груп БпЛА через Чернігівщину ➡️ курсом на Київщину.,2026-09-10T09:18:34.317066+00:00
2025-05-22,1,kpszsu,official,attacked,kyiv,1.0,,є повідомлення супроводу цілей на Київ,2026-09-10T09:18:34.317066+00:00
2025-05-22,1,kpszsu,official,drone_tracks,kyiv,1.0,34870,"🛵  ""Шахеди"" ➡️ курсом на Київ!",2026-09-10T09:18:34.317066+00:00
2025-05-22,1,kpszsu,official,drones_launched,ua,175.0,,Іскандер-М із Ростовської обл. – рф. та 175-ма ударними БпЛА типу Shahed і безпілотниками-імітаторам,2026-09-10T09:18:34.317066+00:00
2025-05-22,1,kpszsu,official,targets_downed,ua,150.0,,"⚡️ ЗНЕШКОДЖЕНО 150 ВОРОЖИХ БПЛА
💥 Станом на 13.00 протипов",2026-09-10T09:18:34.317066+00:00
2025-05-22,2,kpszsu,official,drone_tracks,kyiv_obl,5.0,34856,"🚨Оновлення щодо ""шахедів"":
🛵  Кілька груп ворожих ударних БпЛА на сході та в центрі Сумщини ➡️ рухаються на захід та південний захід.
🛵  БпЛА на півдні Чернігівщини ➡️ курсом на Київщину.
🛵  БпЛА на п",2026-09-10T09:18:34.317066+00:00
2025-05-23,1,kpszsu,official,attacked,kyiv,1.0,,є повідомлення супроводу цілей на Київ,2026-09-10T09:18:34.317066+00:00
2025-05-23,1,kpszsu,official,drone_tracks,kyiv,6.0,34913,"🛵 Київ, на півдні міста ударні БпЛА!",2026-09-10T09:18:34.317066+00:00
2025-05-23,1,kpszsu,official,drones_launched,ua,250.0,,"ку область. 

Також протягом ночі ворог атакував 250-ма ударними БпЛА типу Shahed і безпілотниками-імітаторам",2026-09-10T09:18:34.317066+00:00
2025-05-23,1,kpszsu,official,missile_tracks,kyiv,1.0,34925,Ще балістика на Київ,2026-09-10T09:18:34.317066+00:00
2025-05-23,1,kpszsu,official,missiles_launched,ua,14.0,,"ійснив удар по Україні із застосуванням 14 балістичних ракет Іскандер-М/KN-23 із районів Таганрог, Є",2026-09-10T09:18:34.317066+00:00
2025-05-23,1,kpszsu,official,targets_downed,ua,6.0,,"⚡️ ЗБИТО 6 БАЛІСТИЧНИХ РАКЕТ, ЗНЕШКОДЖЕНО 245 ВОРО",2026-09-10T09:18:34.317066+00:00
2025-05-23,2,kpszsu,official,drone_tracks,kyiv_obl,5.0,34909,"🛵  Група ворожих БпЛА на сході та півдні Чернігівщини ➡️ продовжує рух на Київщину.
🛵 Група ""шахедів"" на Сумщині ➡️ курсом на Чернігівщину.
🛵  Група ворожих БпЛА на Запоріжжі  ➡️ в напрямку на Дніпроп",2026-09-10T09:18:34.317066+00:00
2025-05-24,1,kpszsu,official,attacked,kyiv,1.0,,є повідомлення супроводу цілей на Київ,2026-09-10T09:18:34.317066+00:00
2025-05-24,1,kpszsu,official,drone_tracks,kyiv,2.0,34992,🛵 м.Київ! Біля вас ворожі БпЛА. Перебувайте у безпечних місцях!,2026-09-10T09:18:34.317066+00:00
2025-05-24,1,kpszsu,official,drones_launched,ua,298.0,,"іації (пуски з північного напрямку);

- 298-ма ударними БпЛА типу Shahed і безпілотниками-імітаторам",2026-09-10T09:18:34.317066+00:00
2025-05-24,1,kpszsu,official,missile_tracks,kyiv,2.0,35020,🚀Ракети на Київ зі сходу,2026-09-10T09:18:34.317066+00:00
2025-05-24,1,kpszsu,official,missiles_launched,ua,55.0,,"(район пусків — Курська обл. – рф.);

- 55 крилатих ракет повітряного та морського базування Х-10",2026-09-10T09:18:34.317066+00:00
2025-05-24,1,kpszsu,official,targets_downed,ua,45.0,,"⚡️ ЗБИТО 45 КРИЛАТИХ РАКЕТ, ЗНЕШКОДЖЕНО 266 ВОРОЖИХ",2026-09-10T09:18:34.317066+00:00
2025-05-24,2,kpszsu,official,drone_tracks,kyiv_obl,7.0,34978,"🛵 БпЛА на  півдні Харківщини ➡️ курс на Дніпропетровщину.
🛵 БпЛА на півночі Чернігівщини ➡️ курс на Київщину. 
🛵 БпЛА в центрі Харківщини ➡️ курс на Полтавщину.
🛵 БпЛА на півдні Сумщини ➡️ курс на Пол",2026-09-10T09:18:34.317066+00:00
2025-05-24,2,kpszsu,official,missile_tracks,kyiv_obl,4.0,35012,"🚀Ракета на півдні Київщини, вектором на Білу Церкву",2026-09-10T09:18:34.317066+00:00
2025-05-25,1,kpszsu,official,attacked,kyiv,1.0,,є повідомлення супроводу цілей на Київ,2026-09-10T09:18:34.317066+00:00
2025-05-25,1,kpszsu,official,drone_tracks,kyiv,2.0,35090,"⚠ Увага!
🛵 ""Шахеди"" на Київ та Харків!",2026-09-10T09:18:34.317066+00:00
2025-05-25,1,kpszsu,official,drones_launched,ua,355.0,,"район пусків – Саратовська область);

- 355 ударних БпЛА типу Shahed і безпілотниками-імітаторам",2026-09-10T09:18:34.317066+00:00
2025-05-25,1,kpszsu,official,missiles_launched,ua,9.0,,"собів повітряного нападу противника:

- 9 крилатих ракет повітряного базування Х-101 із літаків ",2026-09-10T09:18:34.317066+00:00
2025-05-25,1,kpszsu,official,targets_downed,ua,9.0,,"⚡️ ЗБИТО 9 КРИЛАТИХ РАКЕТ, ЗНЕШКОДЖЕНО 288 ВОРОЖИХ",2026-09-10T09:18:34.317066+00:00
2025-05-25,2,kpszsu,official,missile_tracks,kyiv_obl,1.0,35094,"🚀Група ракет на Черкащині та Київщині, курс ➡️ північно-західний",2026-09-10T09:18:34.317066+00:00
2025-05-26,1,kpszsu,official,attacked,kyiv,0.0,,"канал вів повітряну обстановку (11 повідомлень з 36), жодного супроводу на Київ, тривог у місті менше 3 годин",2026-09-10T09:18:34.317066+00:00
2025-05-26,1,kpszsu,official,drones_launched,ua,60.0,,7 травня (із 23.50 26 травня) противник атакував 60-ма ударними БпЛА типу Shahed і безпілотниками-імітаторам,2026-09-10T09:18:34.317066+00:00
2025-05-26,1,kpszsu,official,targets_downed,ua,43.0,,"⚡️ ЗНЕШКОДЖЕНО 43 ВОРОЖИХ БПЛА
💥 Станом на 09.00 протипов",2026-09-10T09:18:34.317066+00:00
2025-05-27,1,kpszsu,official,attacked,kyiv,0.0,,"канал вів повітряну обстановку (23 повідомлень з 39), жодного супроводу на Київ, тривог у місті менше 3 годин",2026-09-10T09:18:34.317066+00:00
2025-05-27,1,kpszsu,official,drones_launched,ua,88.0,,"ої областей — рф. та з ТОТ Криму, також атакував 88-ма ударними БпЛА типу Shahed і безпілотниками-імітаторам",2026-09-10T09:18:34.317066+00:00
2025-05-27,1,kpszsu,official,targets_downed,ua,71.0,,"⚡️ ЗНЕШКОДЖЕНО 71 ВОРОЖИЙ БПЛА
💥 Станом на 09.00 протипов",2026-09-10T09:18:34.317066+00:00
2025-05-28,1,kpszsu,official,attacked,kyiv,0.0,,"канал вів повітряну обстановку (14 повідомлень з 52), жодного супроводу на Київ, тривог у місті менше 3 годин",2026-09-10T09:18:34.317066+00:00
2025-05-28,1,kpszsu,official,drones_launched,ua,90.0,,9 травня (із 23.20 28 травня) противник атакував 90-ма ударними БпЛА типу Shahed і безпілотниками-імітаторам,2026-09-10T09:18:34.317066+00:00
2025-05-28,1,kpszsu,official,targets_downed,ua,56.0,,"⚡️ ЗНЕШКОДЖЕНО 56 ВОРОЖИХ БПЛА
💥 Станом на 09.30 протипов",2026-09-10T09:18:34.317066+00:00
2025-05-29,1,kpszsu,official,attacked,kyiv,0.0,,"канал вів повітряну обстановку (27 повідомлень з 52), жодного супроводу на Київ, тривог у місті менше 3 годин",2026-09-10T09:18:34.317066+00:00
2025-05-29,1,kpszsu,official,drones_launched,ua,90.0,,0 травня (із 22.50 29 травня) противник атакував 90-ма ударними БпЛА типу Shahed і безпілотниками-імітаторам,2026-09-10T09:18:34.317066+00:00
2025-05-29,1,kpszsu,official,targets_downed,ua,56.0,,"⚡️ ЗНЕШКОДЖЕНО 56 ВОРОЖИХ БПЛА
💥 Станом на 08.00 протипов",2026-09-10T09:18:34.317066+00:00
2025-05-30,1,kpszsu,official,attacked,kyiv,0.0,,"канал вів повітряну обстановку (17 повідомлень з 51), жодного супроводу на Київ, тривог у місті менше 3 годин",2026-09-10T09:18:34.317066+00:00
2025-05-30,1,kpszsu,official,drones_launched,ua,107.0,," 114-ма засобами повітряного нападу:

- 107 ударними БпЛА типу Shahed і безпілотниками-імітаторам",2026-09-10T09:18:34.317066+00:00
2025-05-30,1,kpszsu,official,targets_downed,ua,69.0,,"⚡️ ЗНЕШКОДЖЕНО 69 ВОРОЖИХ БПЛА ТА ТРИ АВІАЦІЙНІ РАКЕТИ
💥 ",2026-09-10T09:18:34.317066+00:00
2025-05-31,1,kpszsu,official,attacked,kyiv,1.0,,є повідомлення супроводу цілей на Київ,2026-09-10T09:18:34.317066+00:00
2025-05-31,1,kpszsu,official,drone_tracks,kyiv,5.0,35383,🛵 БпЛА повз Бровари у напрямку Києва!,2026-09-10T09:18:34.317066+00:00
2025-05-31,1,kpszsu,official,drones_launched,ua,472.0,," 479-ма засобами повітряного нападу:

- 472 ударними БпЛА типу Shahed і безпілотниками-імітаторам",2026-09-10T09:18:34.317066+00:00
2025-05-31,1,kpszsu,official,targets_downed,ua,4051.0,,"ку протиповітряною обороною Cил оборони знищено 4051 повітряних цілей:
💥 У травні 2025 року ",2026-09-10T09:18:34.317066+00:00
2025-05-31,2,kpszsu,official,drone_tracks,kyiv_obl,9.0,35365,"🛵 Рух ударних БпЛА:
1. БпЛА на Чернігівщині курсом на Київщину.
2. БпЛА з Сумщини на Полтавщину та Чернігівщину.
3. БпЛА з Харківщини на Дніпропетровщину.
4. БпЛА на Дніпропетровщині та Запоріжжі курс",2026-09-10T09:18:34.317066+00:00
2025-06-01,1,kpszsu,official,attacked,kyiv,0.0,,"канал вів повітряну обстановку (41 повідомлень з 92), жодного супроводу на Київ, тривог у місті менше 3 годин",2026-09-10T09:18:34.317066+00:00
2025-06-01,1,kpszsu,official,drones_launched,ua,80.0,,"в 84-ма засобами повітряного нападу:

- 80 ударними БпЛА типу Shahed і безпілотниками-імітаторам",2026-09-10T09:18:34.317066+00:00
2025-06-01,1,kpszsu,official,targets_downed,ua,52.0,,"⚡️ЗНЕШКОДЖЕНО 52 ЗАСОБИ ПОВІТРЯНОГО НАПАДУ!
💥 За поперед",2026-09-10T09:18:34.317066+00:00
2025-06-01,2,kpszsu,official,drone_tracks,kyiv_obl,1.0,35486,"🛵 Київська, Полтавська області - загроза застосування ворогом ударних БпЛА.",2026-09-10T09:18:34.317066+00:00
2025-06-01,2,kpszsu,official,missile_tracks,kyiv_obl,2.0,35481,🚀Київська область - ракетна небезпека!,2026-09-10T09:18:34.317066+00:00
2025-06-02,1,kpszsu,official,attacked,kyiv,0.0,,"канал вів повітряну обстановку (22 повідомлень з 39), жодного супроводу на Київ, тривог у місті менше 3 годин",2026-09-10T09:18:34.317066+00:00
2025-06-02,1,kpszsu,official,drones_launched,ua,112.0,, 3 червня (із 23.30 2 червня) противник атакував 112-ма ударними БпЛА типу Shahed і безпілотниками-імітаторам,2026-09-10T09:18:34.317066+00:00
2025-06-02,1,kpszsu,official,targets_downed,ua,75.0,,"⚡️ ЗНЕШКОДЖЕНО 75 ВОРОЖИХ БПЛА
💥 Станом на 09.00 протипов",2026-09-10T09:18:34.317066+00:00
2025-06-03,1,kpszsu,official,attacked,kyiv,0.0,,"канал вів повітряну обстановку (33 повідомлень з 63), жодного супроводу на Київ, тривог у місті менше 3 годин",2026-09-10T09:18:34.317066+00:00
2025-06-03,1,kpszsu,official,drones_launched,ua,95.0,, 4 червня (із 22.40 3 червня) противник атакував 95-ма ударними БпЛА типу Shahed і безпілотниками-імітаторам,2026-09-10T09:18:34.317066+00:00
2025-06-03,1,kpszsu,official,targets_downed,ua,61.0,,"⚡️ЗНЕШКОДЖЕНО 61 ВОРОЖИЙ БПЛА
💥 Станом на 09.00 протипов",2026-09-10T09:18:34.317066+00:00
2025-06-04,1,kpszsu,official,attacked,kyiv,0.0,,"канал вів повітряну обстановку (58 повідомлень з 107), жодного супроводу на Київ, тривог у місті менше 3 годин",2026-09-10T09:18:34.317066+00:00
2025-06-04,1,kpszsu,official,drones_launched,ua,103.0,, 5 червня (із 22.30 4 червня) противник атакував 103-ма ударними БпЛА типу Shahed і безпілотниками-імітаторам,2026-09-10T09:18:34.317066+00:00
2025-06-04,1,kpszsu,official,targets_downed,ua,74.0,,"⚡️ ЗНЕШКОДЖЕНО 74 ВОРОЖІ БПЛА
💥 Станом на 10.00 протипові",2026-09-10T09:18:34.317066+00:00
2025-06-04,2,kpszsu,official,drone_tracks,kyiv_obl,1.0,35682,🛵 Київська область - загроза застосування ворогом ударних БпЛА.,2026-09-10T09:18:34.317066+00:00
2025-06-04,2,kpszsu,official,missile_tracks,kyiv_obl,1.0,35715,Київська область -  ракетна небезпека!,2026-09-10T09:18:34.317066+00:00
2025-06-05,1,kpszsu,official,attacked,kyiv,1.0,,є повідомлення супроводу цілей на Київ,2026-09-10T09:18:34.317066+00:00
2025-06-05,1,kpszsu,official,drone_tracks,kyiv,4.0,35769,"🛵 Групи шахедів довкола Києва, частина рухається у напрямку Житомирщини!",2026-09-10T09:18:34.317066+00:00
2025-06-05,1,kpszsu,official,drones_launched,ua,407.0,," 452-ма засобами повітряного нападу:

- 407 ударними БпЛА типу Shahed і безпілотниками-імітаторам",2026-09-10T09:18:34.317066+00:00
2025-06-05,1,kpszsu,official,missile_tracks,kyiv,2.0,35785,Балістика на Київ!,2026-09-10T09:18:34.317066+00:00
2025-06-05,1,kpszsu,official,targets_downed,ua,406.0,,"⚡️ ЗНЕШКОДЖЕНО 406 ЗАСОБІВ ПОВІТРЯНОГО НАПАДУ!
💥 За попере",2026-09-10T09:18:34.317066+00:00
2025-06-05,2,kpszsu,official,drone_tracks,kyiv_obl,4.0,35760,🛵 Через Черкащину групи шахедів ➡️ у напрямку Київщини.,2026-09-10T09:18:34.317066+00:00
2025-06-05,2,kpszsu,official,missile_tracks,kyiv_obl,4.0,35773,"Ракета на Київщині, курс на Житомирщину!",2026-09-10T09:18:34.317066+00:00
2025-06-06,1,kpszsu,official,attacked,kyiv,0.0,,"канал вів повітряну обстановку (49 повідомлень з 74), жодного супроводу на Київ, тривог у місті менше 3 годин",2026-09-10T09:18:34.317066+00:00
2025-06-06,1,kpszsu,official,drones_launched,ua,206.0,," 215-ма засобами повітряного нападу:

- 206 ударними БпЛА типу Shahed і безпілотниками-імітаторам",2026-09-10T09:18:34.317066+00:00
2025-06-06,1,kpszsu,official,targets_downed,ua,174.0,,"⚡️ ЗНЕШКОДЖЕНО 174 ЗАСОБИ ПОВІТРЯНОГО НАПАДУ!
💥 За поперед",2026-09-10T09:18:34.317066+00:00
2025-06-06,2,kpszsu,official,drone_tracks,kyiv_obl,2.0,35881,"🚨Оновлення щодо ""шахедів"":
1.🛵БпЛА  з Чернігівщини  ➡️ курсом на Київщину.
2.🛵БпЛА на Вінничині ➡️ курс північно-західний.
3.🛵БпЛА на Чернігівщині ➡️ курс західний.
4.🛵БпЛА на Сумщині ➡️ курс південни",2026-09-10T09:18:34.317066+00:00
2025-06-07,1,kpszsu,official,attacked,kyiv,0.0,,"канал вів повітряну обстановку (33 повідомлень з 70), жодного супроводу на Київ, тривог у місті менше 3 годин",2026-09-10T09:18:34.317066+00:00
2025-06-07,1,kpszsu,official,drones_launched,ua,49.0,, 8 червня (із 21.00 7 червня) противник атакував 49-ма ударними БпЛА типу Shahed і безпілотниками-імітаторам,2026-09-10T09:18:34.317066+00:00
2025-06-07,1,kpszsu,official,targets_downed,ua,40.0,,"⚡️ ЗНЕШКОДЖЕНО 40 ВОРОЖИХ БПЛА
💥 Станом на 09.00 протипов",2026-09-10T09:18:34.317066+00:00
2025-06-07,2,kpszsu,official,drone_tracks,kyiv_obl,1.0,35949,🛵 Київська область - загроза застосування ударних БпЛА з південного заходу!,2026-09-10T09:18:34.317066+00:00
2025-06-08,1,kpszsu,official,attacked,kyiv,1.0,,є повідомлення супроводу цілей на Київ,2026-09-10T09:18:34.317066+00:00
2025-06-08,1,kpszsu,official,drones_launched,ua,479.0,," 499-ма засобами повітряного нападу:

- 479 ударними БпЛА типу Shahed і безпілотниками-імітаторам",2026-09-10T09:18:34.317066+00:00
2025-06-08,1,kpszsu,official,missile_tracks,kyiv,3.0,36004,Ракети з Брянської обл. на Чернігівщину/ Київ,2026-09-10T09:18:34.317066+00:00
2025-06-08,1,kpszsu,official,targets_downed,ua,479.0,,"⚡️ ЗНЕШКОДЖЕНО 479 ЗАСОБІВ ПОВІТРЯНОГО НАПАДУ!
💥 За попере",2026-09-10T09:18:34.317066+00:00
2025-06-08,2,kpszsu,official,drone_tracks,kyiv_obl,1.0,36022,"🚨Оновлення щодо ""шахедів"":
🛵 Ворожий БпЛА на півночі Сумщини ➡️ курсом на Чернігівщину.
🛵 група ""шахедів"" на півночі Черкащини ➡️ курсом на Київщину.
🛵 група ""шахедів"" на Харківщині  ➡️ курсом на півд",2026-09-10T09:18:34.317066+00:00
2025-06-08,2,kpszsu,official,missile_tracks,kyiv_obl,7.0,36002,Ракета на Київщині Курсом на Житомирщину,2026-09-10T09:18:34.317066+00:00
2025-06-09,1,kpszsu,official,attacked,kyiv,1.0,,є повідомлення супроводу цілей на Київ,2026-09-10T09:18:34.317066+00:00
2025-06-09,1,kpszsu,official,drone_tracks,kyiv,5.0,36077,🛵 Київ залишайтесь в укриттях! Шахеди ➡️ у напрямку столиці!,2026-09-10T09:18:34.317066+00:00
2025-06-09,1,kpszsu,official,drones_launched,ua,315.0,," 322-ма засобами повітряного нападу:

- 315 ударними БпЛА типу Shahed і безпілотниками-імітаторам",2026-09-10T09:18:34.317066+00:00
2025-06-09,1,kpszsu,official,targets_downed,ua,284.0,,"⚡️ ЗНЕШКОДЖЕНО 284 ЦІЛІ
💥 За попередніми даними, станом на",2026-09-10T09:18:34.317066+00:00
2025-06-09,2,kpszsu,official,drone_tracks,kyiv_obl,7.0,36066,🛵 Через Чернігівщину декілька груп ударних БпЛА ➡️ у напрямку Київщини.,2026-09-10T09:18:34.317066+00:00
2025-06-10,1,kpszsu,official,attacked,kyiv,0.0,,"канал вів повітряну обстановку (31 повідомлень з 55), жодного супроводу на Київ, тривог у місті менше 3 годин",2026-09-10T09:18:34.317066+00:00
2025-06-10,1,kpszsu,official,drones_launched,ua,85.0,,1 червня (із 22.00 10 червня) противник атакував 85-ма ударними БпЛА типу Shahed і безпілотниками-імітаторам,2026-09-10T09:18:34.317066+00:00
2025-06-10,1,kpszsu,official,targets_downed,ua,49.0,,"⚡️ ЗНЕШКОДЖЕНО 49 ВОРОЖИХ БПЛА
💥 Станом на 08.00 протипов",2026-09-10T09:18:34.317066+00:00
2025-06-10,2,kpszsu,official,drone_tracks,kyiv_obl,2.0,36146,"🛵 БпЛА з Черкащини ➡️ курс Київщина.
🛵 БпЛА із акваторії Чорного моря ➡️ курс Вилкове.
🛵 Основна маса шахедів на  півдні Харківщини.",2026-09-10T09:18:34.317066+00:00
2025-06-11,1,kpszsu,official,attacked,kyiv,0.0,,"канал вів повітряну обстановку (19 повідомлень з 43), жодного супроводу на Київ, тривог у місті менше 3 годин",2026-09-10T09:18:34.317066+00:00
2025-06-11,1,kpszsu,official,drones_launched,ua,63.0,,2 червня (із 22.00 11 червня) противник атакував 63-ма ударними БпЛА типу Shahed і безпілотниками-імітаторам,2026-09-10T09:18:34.317066+00:00
2025-06-11,1,kpszsu,official,targets_downed,ua,49.0,,"⚡️ ЗНЕШКОДЖЕНО 49 ВОРОЖИХ БПЛА
💥 Станом на 09.00 протипов",2026-09-10T09:18:34.317066+00:00
2025-06-12,1,kpszsu,official,attacked,kyiv,0.0,,"канал вів повітряну обстановку (15 повідомлень з 32), жодного супроводу на Київ, тривог у місті менше 3 годин",2026-09-10T09:18:34.317066+00:00
2025-06-12,1,kpszsu,official,drones_launched,ua,55.0,,3 червня (із 22.30 12 червня) противник атакував 55-ма ударними БпЛА типу Shahed і безпілотниками-імітаторам,2026-09-10T09:18:34.317066+00:00
2025-06-12,1,kpszsu,official,targets_downed,ua,43.0,,"⚡️ ЗНЕШКОДЖЕНО 43 ВОРОЖІ БПЛА
💥 Станом на 09.00 протипові",2026-09-10T09:18:34.317066+00:00
2025-06-13,1,kpszsu,official,attacked,kyiv,0.0,,"канал вів повітряну обстановку (30 повідомлень з 66), жодного супроводу на Київ, тривог у місті менше 3 годин",2026-09-10T09:18:34.317066+00:00
2025-06-13,1,kpszsu,official,drones_launched,ua,58.0,,4 червня (із 22.00 13 червня) противник атакував 58-ма ударними БпЛА типу Shahed і безпілотниками-імітаторам,2026-09-10T09:18:34.317066+00:00
2025-06-13,1,kpszsu,official,targets_downed,ua,43.0,,"⚡️ ЗНЕШКОДЖЕНО 43 ВОРОЖІ БПЛА
💥 Станом на 08.30 протипові",2026-09-10T09:18:34.317066+00:00
2025-06-14,1,kpszsu,official,drones_launched,ua,183.0,," 194-ма засобами повітряного нападу:

- 183 ударними БпЛА типу Shahed і безпілотниками-імітаторам",2026-09-10T09:18:34.317066+00:00
2025-06-14,1,kpszsu,official,targets_downed,ua,167.0,,"⚡️ ЗНЕШКОДЖЕНО 167 ЦІЛЕЙ
💥 За попередніми даними, станом н",2026-09-10T09:18:34.317066+00:00
2025-06-15,1,kpszsu,official,attacked,kyiv,1.0,,є повідомлення супроводу цілей на Київ,2026-09-10T09:18:34.317066+00:00
2025-06-15,1,kpszsu,official,drone_tracks,kyiv,2.0,36381,"⚠Увага!
🛵 Київ - ворожий БпЛА у напрямку міста зі сходу.",2026-09-10T09:18:34.317066+00:00
2025-06-15,1,kpszsu,official,drones_launched,ua,138.0,,6 червня (із 21.00 15 червня) противник атакував 138-ма ударними БпЛА типу Shahed і безпілотниками-імітаторам,2026-09-10T09:18:34.317066+00:00
2025-06-15,1,kpszsu,official,targets_downed,ua,125.0,,"⚡️ ЗНЕШКОДЖЕНО 125 ВОРОЖИХ БПЛА
💥 Станом на 08.00 протипов",2026-09-10T09:18:34.317066+00:00
2025-06-15,2,kpszsu,official,drone_tracks,kyiv_obl,6.0,36379,"⚠Увага!
🛵 Ворожі ударні БпЛА на Чернігівщині ➡️ в напрямку Київщини",2026-09-10T09:18:34.317066+00:00
2025-06-16,1,kpszsu,official,attacked,kyiv,1.0,,є повідомлення супроводу цілей на Київ,2026-09-10T09:18:34.317066+00:00
2025-06-16,1,kpszsu,official,drone_tracks,kyiv,15.0,36427,🛵 БпЛА повз Бровари у напрямку Києва!,2026-09-10T09:18:34.317066+00:00
2025-06-16,1,kpszsu,official,drones_launched,ua,440.0,,"вав 472 засобами повітряного нападу:

- 440 ударними БпЛА типу Shahed і безпілотниками-імітаторам",2026-09-10T09:18:34.317066+00:00
2025-06-16,1,kpszsu,official,targets_downed,ua,428.0,,"⚡️ ЗНЕШКОДЖЕНО 428 ЦІЛЕЙ
💥 За попередніми даними, станом н",2026-09-10T09:18:34.317066+00:00
2025-06-16,2,kpszsu,official,drone_tracks,kyiv_obl,8.0,36421,"🛵 БпЛА на Чернігівщині курсом на Київщину.
🛵 БпЛА з Сумщини та Чернігівщини на Полтавщину.",2026-09-10T09:18:34.317066+00:00
2025-06-17,1,kpszsu,official,attacked,kyiv,0.0,,"канал вів повітряну обстановку (18 повідомлень з 47), жодного супроводу на Київ, тривог у місті менше 3 годин",2026-09-10T09:18:34.317066+00:00
2025-06-17,1,kpszsu,official,drones_launched,ua,58.0,,8 червня (із 23.00 17 червня) противник атакував 58-ма ударними БпЛА типу Shahed і безпілотниками-імітаторам,2026-09-10T09:18:34.317066+00:00
2025-06-17,1,kpszsu,official,targets_downed,ua,30.0,,"⚡️ ЗНЕШКОДЖЕНО 30 ВОРОЖИХ БПЛА
💥 Станом на 08.30 протипов",2026-09-10T09:18:34.317066+00:00
2025-06-18,1,kpszsu,official,attacked,kyiv,1.0,,є повідомлення супроводу цілей на Київ,2026-09-10T09:18:34.317066+00:00
2025-06-18,1,kpszsu,official,drone_tracks,kyiv,1.0,36594,"🛵 БпЛА в напрямку Києва з північно-східного напрямку!
Перебувайте в укриттях.",2026-09-10T09:18:34.317066+00:00
2025-06-18,1,kpszsu,official,drones_launched,ua,104.0,,9 червня (із 21.00 18 червня) противник атакував 104-ма ударними БпЛА типу Shahed і безпілотниками-імітаторам,2026-09-10T09:18:34.317066+00:00
2025-06-18,1,kpszsu,official,targets_downed,ua,88.0,,"⚡️ ЗНЕШКОДЖЕНО 88 ВОРОЖИХ БПЛА
💥 Станом на 08.30 протипов",2026-09-10T09:18:34.317066+00:00
2025-06-18,2,kpszsu,official,drone_tracks,kyiv_obl,1.0,36596,"🛵 БпЛА з Сумщини, курсом на Чернігівщину.
🛵 БпЛА на Чернігівщині, курсом на Київщину.
🛵 БпЛА з Дніпропетровщини, курсом на Полтавщину.",2026-09-10T09:18:34.317066+00:00
2025-06-19,1,kpszsu,official,attacked,kyiv,0.0,,"канал вів повітряну обстановку (18 повідомлень з 56), жодного супроводу на Київ, тривог у місті менше 3 годин",2026-09-10T09:18:34.317066+00:00
2025-06-19,1,kpszsu,official,drones_launched,ua,86.0,,0 червня (із 23.00 19 червня) противник атакував 86-ма ударними БпЛА типу Shahed і безпілотниками-імітаторам,2026-09-10T09:18:34.317066+00:00
2025-06-19,1,kpszsu,official,targets_downed,ua,70.0,,"⚡️ ЗНЕШКОДЖЕНО 70 ВОРОЖИХ БПЛА
💥 Станом на 08.00 протипов",2026-09-10T09:18:34.317066+00:00
2025-06-20,1,kpszsu,official,attacked,kyiv,1.0,,є повідомлення супроводу цілей на Київ,2026-09-10T09:18:34.317066+00:00
2025-06-20,1,kpszsu,official,drone_tracks,kyiv,4.0,36730,"⚠ Увага! м.Київ!
🛵 У вашому напрямку ворожі БпЛА з північного сходу!",2026-09-10T09:18:34.317066+00:00
2025-06-20,1,kpszsu,official,drones_launched,ua,272.0,," 280-ма засобами повітряного нападу:

- 272 ударними БпЛА типу Shahed і безпілотниками-імітаторам",2026-09-10T09:18:34.317066+00:00
2025-06-20,1,kpszsu,official,targets_downed,ua,260.0,,"⚡️ ЗНЕШКОДЖЕНО 260 ЦІЛЕЙ
💥 За попередніми даними, станом н",2026-09-10T09:18:34.317066+00:00
2025-06-20,2,kpszsu,official,drone_tracks,kyiv_obl,2.0,36718,🛵 Декілька груп ворожих БпЛА з Чернігівщини рухаються в напрямку  Київщини.,2026-09-10T09:18:34.317066+00:00
2025-06-21,1,kpszsu,official,attacked,kyiv,0.0,,"канал вів повітряну обстановку (31 повідомлень з 66), жодного супроводу на Київ, тривог у місті менше 3 годин",2026-09-10T09:18:34.317066+00:00
2025-06-21,1,kpszsu,official,drones_launched,ua,47.0,, ракетою С-300 із ТОТ Донецької обл. та 47-ма ударними БпЛА типу Shahed і безпілотниками-імітаторам,2026-09-10T09:18:34.317066+00:00
2025-06-21,1,kpszsu,official,targets_downed,ua,28.0,,"⚡️ ЗНЕШКОДЖЕНО 28 ВОРОЖИХ БПЛА
💥 Станом на 09.00 протипов",2026-09-10T09:18:34.317066+00:00
2025-06-21,2,kpszsu,official,drone_tracks,kyiv_obl,2.0,36796,В північно-західній частині Київщини - ворожий БпЛА. Залучено засоби щодо його збиття.,2026-09-10T09:18:34.317066+00:00
2025-06-21,2,kpszsu,official,missile_tracks,kyiv_obl,2.0,36792,🚀Київська область - ракетна небезпека!,2026-09-10T09:18:34.317066+00:00
2025-06-22,1,kpszsu,official,attacked,kyiv,1.0,,є повідомлення супроводу цілей на Київ,2026-09-10T09:18:34.317066+00:00
2025-06-22,1,kpszsu,official,drone_tracks,kyiv,4.0,36888,"В усіх перелічених областях переміщається велика кількість ворожих ударних БпЛА, які мають хаотичний рух. Перебувайте під час тривоги в укриттях.
🛵 Київ - загроза застосування ворогом ударних БпЛА.",2026-09-10T09:18:34.317066+00:00
2025-06-22,1,kpszsu,official,drones_launched,ua,352.0,,"вав 368 засобами повітряного нападу:

- 352 ударними БпЛА типу Shahed і безпілотниками-імітаторам",2026-09-10T09:18:34.317066+00:00
2025-06-22,1,kpszsu,official,targets_downed,ua,354.0,,"⚡️ ЗНЕШКОДЖЕНО 354 ЦІЛІ
💥 За попередніми даними, станом на",2026-09-10T09:18:34.317066+00:00
2025-06-22,2,kpszsu,official,drone_tracks,kyiv_obl,4.0,36885,🛵 Київщина - загроза застосування ворогом ударних БпЛА.,2026-09-10T09:18:34.317066+00:00
2025-06-23,1,kpszsu,official,attacked,kyiv,1.0,,є повідомлення супроводу цілей на Київ,2026-09-10T09:18:34.317066+00:00
2025-06-23,1,kpszsu,official,drone_tracks,kyiv,4.0,36941,"🛵 Оновлення щодо руху ударних ворожих БпЛА:
1. БпЛА на сході Київщини у напрямку Києва;
2. БпЛА на сході Чернігівщини, курс західний;
3. БпЛА на сході Сумщини, курс західний;
4. БпЛА а акваторії Чорно",2026-09-10T09:18:34.317066+00:00
2025-06-23,1,kpszsu,official,drones_launched,ua,97.0,,4 червня (із 22.00 23 червня) противник атакував 97-ма ударними БпЛА типу Shahed і безпілотниками-імітаторам,2026-09-10T09:18:34.317066+00:00
2025-06-23,1,kpszsu,official,targets_downed,ua,78.0,,"⚡️ ЗНЕШКОДЖЕНО 78 ВОРОЖИХ БПЛА
💥 Станом на 08.00 протипов",2026-09-10T09:18:34.317066+00:00
2025-06-23,2,kpszsu,official,drone_tracks,kyiv_obl,1.0,36939,"🛵 Стосовно руху ворожих ударних БпЛА:
1. БпЛА на південному сході Чернігівщини, курс південно-західний (Київщина);
2. БпЛА на сході Сумщини, курс західни;",2026-09-10T09:18:34.317066+00:00
2025-06-24,1,kpszsu,official,attacked,kyiv,0.0,,"канал вів повітряну обстановку (30 повідомлень з 56), жодного супроводу на Київ, тривог у місті менше 3 годин",2026-09-10T09:18:34.317066+00:00
2025-06-24,1,kpszsu,official,targets_downed,ua,52.0,,"⚡️ ЗНЕШКОДЖЕНО 52 ВОРОЖІ БПЛА
💥 Станом на 09.00 протипові",2026-09-10T09:18:34.317066+00:00
2025-06-25,1,kpszsu,official,attacked,kyiv,0.0,,"канал вів повітряну обстановку (16 повідомлень з 37), жодного супроводу на Київ, тривог у місті менше 3 годин",2026-09-10T09:18:34.317066+00:00
2025-06-25,1,kpszsu,official,targets_downed,ua,24.0,,"⚡️ ЗНЕШКОДЖЕНО 24 ВОРОЖІ БПЛА
💥 Станом на 08.00 протипові",2026-09-10T09:18:34.317066+00:00
2025-06-26,1,kpszsu,official,attacked,kyiv,1.0,,є повідомлення супроводу цілей на Київ,2026-09-10T09:18:34.317066+00:00
2025-06-26,1,kpszsu,official,drone_tracks,kyiv,3.0,37091,🛵 Київ - ворожий БпЛА на околицях міста,2026-09-10T09:18:34.317066+00:00
2025-06-26,1,kpszsu,official,drones_launched,ua,363.0,,"ував 371 засобом повітряного нападу:

- 363 ударними БпЛА типу Shahed і безпілотниками-імітаторам",2026-09-10T09:18:34.317066+00:00
2025-06-26,1,kpszsu,official,targets_downed,ua,365.0,,"⚡️ ЗНЕШКОДЖЕНО 365 ЦІЛЕЙ
💥 За попередніми даними, станом н",2026-09-10T09:18:34.317066+00:00
2025-06-26,2,kpszsu,official,drone_tracks,kyiv_obl,6.0,37086,"🛵 Нова група ворожих ударних БпЛА на півдні Сумщини ➡️ курсом на Чернігівщину.
🛵 група БпЛА на заході, центрі та півдні Сумщини ➡️ курсом на південний захід.
🛵 ударні БпЛА на Чернігівщині ➡️ курсом на",2026-09-10T09:18:34.317066+00:00
2025-06-26,2,kpszsu,official,missile_tracks,kyiv_obl,2.0,37095,Ракета на Київщині курсом на Житомирщину,2026-09-10T09:18:34.317066+00:00
2025-06-27,1,kpszsu,official,attacked,kyiv,0.0,,"канал вів повітряну обстановку (23 повідомлень з 78), жодного супроводу на Київ, тривог у місті менше 3 годин",2026-09-10T09:18:34.317066+00:00
2025-06-27,1,kpszsu,official,drones_launched,ua,23.0,,8 червня (із 22.00 27 червня) противник атакував 23-ма ударними БпЛА типу Shahed і безпілотниками-імітаторам,2026-09-10T09:18:34.317066+00:00
2025-06-27,1,kpszsu,official,targets_downed,ua,22.0,,"⚡️ ЗНЕШКОДЖЕНО 22 ВОРОЖІ БПЛА
💥 Станом на 09.00 протипові",2026-09-10T09:18:34.317066+00:00
2025-06-28,1,kpszsu,official,attacked,kyiv,1.0,,є повідомлення супроводу цілей на Київ,2026-09-10T09:18:34.317066+00:00
2025-06-28,1,kpszsu,official,drone_tracks,kyiv,3.0,37240,🛵 БпЛА повз Бровари у напрямку Києва!,2026-09-10T09:18:34.317066+00:00
2025-06-28,1,kpszsu,official,drones_launched,ua,477.0,,"вав 537 засобами повітряного нападу:

- 477 ударними БпЛА типу Shahed і безпілотниками-імітаторам",2026-09-10T09:18:34.317066+00:00
2025-06-28,1,kpszsu,official,targets_downed,ua,475.0,,"⚡️ ЗНЕШКОДЖЕНО 475 ЦІЛЕЙ
💥 За попередніми даними, станом н",2026-09-10T09:18:34.317066+00:00
2025-06-28,2,kpszsu,official,drone_tracks,kyiv_obl,5.0,37225,🛵 БпЛА з Чернігівщини на Київщину (Яготин).,2026-09-10T09:18:34.317066+00:00
2025-06-29,1,kpszsu,official,attacked,kyiv,0.0,,"канал вів повітряну обстановку (36 повідомлень з 60), жодного супроводу на Київ, тривог у місті менше 3 годин",2026-09-10T09:18:34.317066+00:00
2025-06-29,1,kpszsu,official,drones_launched,ua,107.0,,0 червня (із 22.00 29 червня) противник атакував 107-ма ударними БпЛА типу Shahed і безпілотниками-імітаторам,2026-09-10T09:18:34.317066+00:00
2025-06-29,1,kpszsu,official,targets_downed,ua,74.0,,"⚡️ ЗНЕШКОДЖЕНО 74 ВОРОЖІ БПЛА
💥 Станом на 09.00 протипові",2026-09-10T09:18:34.317066+00:00
2025-06-30,1,kpszsu,official,attacked,kyiv,0.0,,"канал вів повітряну обстановку (39 повідомлень з 71), жодного супроводу на Київ, тривог у місті менше 3 годин",2026-09-10T09:18:34.317066+00:00
2025-06-30,1,kpszsu,official,drones_launched,ua,2453.0,,"69;
▪️27 крилатих ракет ""Іскандер-К""
▪️ 2453 ударні БпЛА типу Shahed;
▪️ 659 розвідувальних БпЛА",2026-09-10T09:18:34.317066+00:00
2025-06-30,1,kpszsu,official,targets_downed,ua,4758.0,,"ку протиповітряною обороною Cил оборони знищено 4758 повітряних цілей:
💥 У червні 2025 року ",2026-09-10T09:18:34.317066+00:00
2025-07-01,1,kpszsu,official,attacked,kyiv,0.0,,"канал вів повітряну обстановку (22 повідомлень з 43), жодного супроводу на Київ, тривог у місті менше 3 годин",2026-09-10T09:18:34.317066+00:00
2025-07-01,1,kpszsu,official,drones_launched,ua,114.0,,ними ракетами С-300 із Курської обл. та 114-ма ударними БпЛА типу Shahed і безпілотниками-імітаторам,2026-09-10T09:18:34.317066+00:00
2025-07-01,1,kpszsu,official,targets_downed,ua,79.0,,"⚡️ ЗНЕШКОДЖЕНО 79 ВОРОЖИХ БПЛА
💥 Станом на 09.00 протипов",2026-09-10T09:18:34.317066+00:00
2025-07-02,1,kpszsu,official,attacked,kyiv,1.0,,є повідомлення супроводу цілей на Київ,2026-09-10T09:18:34.317066+00:00
2025-07-02,1,kpszsu,official,drone_tracks,kyiv,1.0,37522,"🛵 БпЛА в напрямку Києва, зі східного напрямку.",2026-09-10T09:18:34.317066+00:00
2025-07-02,1,kpszsu,official,drones_launched,ua,52.0,,на 3 липня (із 21.30 2 липня) противник атакував 52-ма ударними БпЛА типу Shahed і безпілотниками-імітаторам,2026-09-10T09:18:34.317066+00:00
2025-07-02,1,kpszsu,official,targets_downed,ua,40.0,,"⚡️ ЗНЕШКОДЖЕНО 40 ВОРОЖИХ БПЛА
💥 Станом на 08.00 протипов",2026-09-10T09:18:34.317066+00:00
2025-07-02,2,kpszsu,official,drone_tracks,kyiv_obl,1.0,37520,"🛵 БпЛА з Чернігівщини, курсом на Київщину.
🛬 Активність ворожої тактичної авіації на південно-східному напрямку!",2026-09-10T09:18:34.317066+00:00
2025-07-03,1,kpszsu,official,attacked,kyiv,1.0,,є повідомлення супроводу цілей на Київ,2026-09-10T09:18:34.317066+00:00
2025-07-03,1,kpszsu,official,drone_tracks,kyiv,9.0,37569,🛵 Ворожий БпЛА наближається до Києва з північного сходу.,2026-09-10T09:18:34.317066+00:00
2025-07-03,1,kpszsu,official,drones_launched,ua,539.0,,"вав 550 засобами повітряного нападу:

- 539 ударними БпЛА типу Shahed і безпілотниками-імітаторам",2026-09-10T09:18:34.317066+00:00
2025-07-03,1,kpszsu,official,missile_tracks,kyiv,4.0,37621,Ракета на Київ!,2026-09-10T09:18:34.317066+00:00
2025-07-03,1,kpszsu,official,targets_downed,ua,478.0,,"⚡️ ЗНЕШКОДЖЕНО 478 ЦІЛЕЙ
💥 За попередніми даними, станом н",2026-09-10T09:18:34.317066+00:00
2025-07-03,2,kpszsu,official,drone_tracks,kyiv_obl,3.0,37568,"🛵 Ударний БпЛА з Чернігівщини прямує на Київщину, курс південно-західний.",2026-09-10T09:18:34.317066+00:00
2025-07-04,1,kpszsu,official,attacked,kyiv,1.0,,є повідомлення супроводу цілей на Київ,2026-09-10T09:18:34.317066+00:00
2025-07-04,1,kpszsu,official,drone_tracks,kyiv,4.0,37706,"🛵 Київ, Чернігів - загроза застосування ворогом ударних БпЛА.",2026-09-10T09:18:34.317066+00:00
2025-07-04,1,kpszsu,official,drones_launched,ua,322.0,,на 5 липня (із 20.00 4 липня) противник атакував 322-ма ударними БпЛА типу Shahed і безпілотниками-імітаторам,2026-09-10T09:18:34.317066+00:00
2025-07-04,1,kpszsu,official,targets_downed,ua,292.0,,"⚡️ ЗНЕШКОДЖЕНО 292 ВОРОЖІ БПЛА
💥 Станом на 09.30 протипові",2026-09-10T09:18:34.317066+00:00
2025-07-04,2,kpszsu,official,drone_tracks,kyiv_obl,4.0,37722,"🛵 Оновлення інформації щодо руху ворожих ударних БпЛА:
Основні групи ворожих БпЛА на Вінниччині, Житомирщині, Київщині та Черкащині, вектор руху на захід.",2026-09-10T09:18:34.317066+00:00
2025-07-05,1,kpszsu,official,attacked,kyiv,1.0,,є повідомлення супроводу цілей на Київ,2026-09-10T09:18:34.317066+00:00
2025-07-05,1,kpszsu,official,drone_tracks,kyiv,1.0,37802,🛵 Київ - ударний БпЛА на околицях міста.,2026-09-10T09:18:34.317066+00:00
2025-07-05,1,kpszsu,official,drones_launched,ua,157.0,,ними ракетами С-300 із Курської обл. та 157-ма ударними БпЛА типу Shahed і безпілотниками-імітаторам,2026-09-10T09:18:34.317066+00:00
2025-07-05,1,kpszsu,official,targets_downed,ua,117.0,,"⚡️ ЗНЕШКОДЖЕНО 117 ВОРОЖИХ БПЛА
💥 Станом на 08.30 протипов",2026-09-10T09:18:34.317066+00:00
2025-07-05,2,kpszsu,official,drone_tracks,kyiv_obl,2.0,37796,"🛵 група ударних БпЛА на Сумщині ➡️ в напрямку Полтавщини та Чернігівщини.
🛵 група ударних БпЛА на Харківщині ➡️ курсом на схід.
🛵 група БпЛА на Черкащині ➡️ курсом на Київщину.
🛵 Група ворожих БпЛА на",2026-09-10T09:18:34.317066+00:00
2025-07-06,1,kpszsu,official,attacked,kyiv,1.0,,є повідомлення супроводу цілей на Київ,2026-09-10T09:18:34.317066+00:00
2025-07-06,1,kpszsu,official,drone_tracks,kyiv,1.0,37857,🛵 Ворожі БпЛА наближаються на Київ з півночі.,2026-09-10T09:18:34.317066+00:00
2025-07-06,1,kpszsu,official,targets_downed,ua,75.0,,"⚡️ ЗНЕШКОДЖЕНО 75 ВОРОЖИХ БПЛА
💥 Станом на 09.30 протипов",2026-09-10T09:18:34.317066+00:00
2025-07-06,2,kpszsu,official,drone_tracks,kyiv_obl,1.0,37855,"🛵 Групи БпЛА на півночі та півдні Чернігівщини рухаються західним курсом у напрямку Київщини;
🛵 БпЛА в Чорному морі змінили курс на Одесу;
🛵 БпЛА на південному заході Сумщини рухаються західним курсом",2026-09-10T09:18:34.317066+00:00
2025-07-07,1,kpszsu,official,attacked,kyiv,0.0,,"канал вів повітряну обстановку (29 повідомлень з 56), жодного супроводу на Київ, тривог у місті менше 3 годин",2026-09-10T09:18:34.317066+00:00
2025-07-07,1,kpszsu,official,drones_launched,ua,54.0,, ракетами С-300/400 із Курської обл. та 54-ма ударними БпЛА типу Shahed і безпілотниками-імітаторам,2026-09-10T09:18:34.317066+00:00
2025-07-07,1,kpszsu,official,targets_downed,ua,34.0,,"⚡️ ЗНЕШКОДЖЕНО 34 ВОРОЖІ БПЛА
💥 Станом на 08.00 протипові",2026-09-10T09:18:34.317066+00:00
2025-07-07,2,kpszsu,official,drone_tracks,kyiv_obl,1.0,37919,"🛵БпЛА на півдні Чернігівщини, курс на Київщину",2026-09-10T09:18:34.317066+00:00
2025-07-08,1,kpszsu,official,attacked,kyiv,1.0,,є повідомлення супроводу цілей на Київ,2026-09-10T09:18:34.317066+00:00
2025-07-08,1,kpszsu,official,drone_tracks,kyiv,3.0,37970,"🛵 БпЛА в напрямку Києва, зі східного напрямку.",2026-09-10T09:18:34.317066+00:00
2025-07-08,1,kpszsu,official,drones_launched,ua,728.0,,"ував 741 засобом повітряного нападу:

- 728 ударними БпЛА типу Shahed і безпілотниками-імітаторам",2026-09-10T09:18:34.317066+00:00
2025-07-08,1,kpszsu,official,targets_downed,ua,718.0,,"⚡️ ЗНЕШКОДЖЕНО 718 ЦІЛЕЙ
💥 За попередніми даними, станом н",2026-09-10T09:18:34.317066+00:00
2025-07-08,2,kpszsu,official,missile_tracks,kyiv_obl,2.0,37997,"Ракети на Черкащині, курсом на Київщину/Вінниччину.",2026-09-10T09:18:34.317066+00:00
2025-07-09,1,kpszsu,official,attacked,kyiv,1.0,,є повідомлення супроводу цілей на Київ,2026-09-10T09:18:34.317066+00:00
2025-07-09,1,kpszsu,official,drone_tracks,kyiv,2.0,38074,"🚨Оновлення щодо ""шахедів"":
🛵 Кілька груп ""шахедів"" з півночі, сходу та півдня ➡️ на Київ!
🛵 Кілька груп ""шахедів"" на північному сході, півдні та заході Чернігівщини ➡️ курсом на Київщину.
🛵 ""Шахеди"" н",2026-09-10T09:18:34.317066+00:00
2025-07-09,1,kpszsu,official,drones_launched,ua,397.0,," 415-ма засобами повітряного нападу:

- 397 ударними БпЛА типу Shahed і безпілотниками-імітаторам",2026-09-10T09:18:34.317066+00:00
2025-07-09,1,kpszsu,official,missile_tracks,kyiv,2.0,38078,"🚀Група ракет з Чернігівщини ➡️ на Київщину, курс на столицю!",2026-09-10T09:18:34.317066+00:00
2025-07-09,1,kpszsu,official,targets_downed,ua,178.0,,"⚡️ ЗБИТО 178 ЦІЛЕЙ
💥 За попередніми даними, станом н",2026-09-10T09:18:34.317066+00:00
2025-07-09,2,kpszsu,official,drone_tracks,kyiv_obl,6.0,38056,"⚠ Увага!
🛵 Нова група ворожих БпЛА з Брянської обл., рф ➡️ на північ Чернігівщини!
🛵  Група ""шахедів"" на півночі Чернігівщини ➡️ курсом на Чернігів.
🛵 ""Шахеди на заході Чернігівщини ➡️ курсом на Київщ",2026-09-10T09:18:34.317066+00:00
2025-07-10,1,kpszsu,official,attacked,kyiv,0.0,,"канал вів повітряну обстановку (41 повідомлень з 64), жодного супроводу на Київ, тривог у місті менше 3 годин",2026-09-10T09:18:34.317066+00:00
2025-07-10,1,kpszsu,official,drones_launched,ua,79.0,, 11 липня (із 22.30 10 липня) противник атакував 79-ма ударними БпЛА типу Shahed і безпілотниками-імітаторам,2026-09-10T09:18:34.317066+00:00
2025-07-10,1,kpszsu,official,impact_locations,ua,3.0,,"но втрачені/подавлені РЕБ.

Зафіксовано влучання 19 БпЛА у 8 локаціях, падіння збитих (уламки) на 3 локаціях.

✊ Тримаймо небо!
🇺🇦Разом – до перем",2026-09-10T09:18:34.317066+00:00
2025-07-10,1,kpszsu,official,targets_downed,ua,44.0,,"⚡️ ЗБИТО 44 УДАРНИХ БПЛА
💥 Станом на 13.00 протипов",2026-09-10T09:18:34.317066+00:00
2025-07-10,2,kpszsu,official,drone_tracks,kyiv_obl,3.0,38135,"🛵 БпЛА із Чернігівщини ➡️ на Київщину.
🛵 Нові групи ➡️ на півночі Чернігівщини.",2026-09-10T09:18:34.317066+00:00
2025-07-11,1,kpszsu,official,attacked,kyiv,1.0,,є повідомлення супроводу цілей на Київ,2026-09-10T09:18:34.317066+00:00
2025-07-11,1,kpszsu,official,drone_tracks,kyiv,6.0,38180,"🚨Оновлення щодо ворожих безпілотників:
🛵 Нові групи ворожих БпЛА на півночі Сумщини та Чернігівщини ➡️ курсом на південь!
🛵  БпЛА на Полтавщині ➡️ курсом на південь! Група БпЛА перелітає на Черкащину
",2026-09-10T09:18:34.317066+00:00
2025-07-11,1,kpszsu,official,drones_launched,ua,597.0,," 623-ма засобами повітряного нападу:

- 597 ударними БпЛА типу Shahed і безпілотниками-імітаторам",2026-09-10T09:18:34.317066+00:00
2025-07-11,1,kpszsu,official,targets_downed,ua,344.0,,"⚡️ ЗБИТО 344 ЦІЛІ
💥 За попередніми даними, станом на",2026-09-10T09:18:34.317066+00:00
2025-07-11,2,kpszsu,official,drone_tracks,kyiv_obl,10.0,38176,🛵 Київська область - загроза застосування ударних БпЛА!,2026-09-10T09:18:34.317066+00:00
2025-07-11,2,kpszsu,official,missile_tracks,kyiv_obl,1.0,38238,"Одна з крилатих ракет продовжила рух через Лисянку , в напрямку Київщини!",2026-09-10T09:18:34.317066+00:00
2025-07-12,1,kpszsu,official,attacked,kyiv,1.0,,є повідомлення супроводу цілей на Київ,2026-09-10T09:18:34.317066+00:00
2025-07-12,1,kpszsu,official,drone_tracks,kyiv,2.0,38293,"🛵 БпЛА північніше Києва, курс західний.",2026-09-10T09:18:34.317066+00:00
2025-07-12,1,kpszsu,official,drones_launched,ua,60.0,,отягом поточної доби 13 липня противник атакував 60-ма ударними БпЛА типу Shahed і безпілотниками-імітаторам,2026-09-10T09:18:34.317066+00:00
2025-07-12,1,kpszsu,official,targets_downed,ua,20.0,,"⚡️ ЗБИТО 20 УДАРНИХ БПЛА
💥 За попередніми даними, с",2026-09-10T09:18:34.317066+00:00
2025-07-12,2,kpszsu,official,drone_tracks,kyiv_obl,3.0,38292,"🛵 БпЛА з Чернігівщини, курсом на Київщину.",2026-09-10T09:18:34.317066+00:00
2025-07-13,1,kpszsu,official,attacked,kyiv,0.0,,"канал вів повітряну обстановку (57 повідомлень з 93), жодного супроводу на Київ, тривог у місті менше 3 годин",2026-09-10T09:18:34.317066+00:00
2025-07-13,1,kpszsu,official,drones_launched,ua,136.0,, ракетами С-300/400 із Курської обл. та 136-ма ударними БпЛА типу Shahed і безпілотниками-імітаторам,2026-09-10T09:18:34.317066+00:00
2025-07-13,1,kpszsu,official,impact_locations,ua,4.0,,"но втрачені/подавлені РЕБ.

Зафіксовано влучання 28 БпЛА у 10 локаціях, падіння збитих (уламки) на 4 локаціях.

✊ Тримаймо небо!
🇺🇦  Разом – до пер",2026-09-10T09:18:34.317066+00:00
2025-07-13,1,kpszsu,official,targets_downed,ua,61.0,,"⚡️ ЗБИТО 61 УДАРНИЙ БПЛА
💥 За попередніми даними ст",2026-09-10T09:18:34.317066+00:00
2025-07-13,2,kpszsu,official,drone_tracks,kyiv_obl,1.0,38391,"🛵 Київська, Миколаївська області  - загроза застосування ворогом ударних БпЛА.",2026-09-10T09:18:34.317066+00:00
2025-07-14,1,kpszsu,official,attacked,kyiv,0.0,,"канал вів повітряну обстановку (65 повідомлень з 93), жодного супроводу на Київ, тривог у місті менше 3 годин",2026-09-10T09:18:34.317066+00:00
2025-07-14,1,kpszsu,official,drones_launched,ua,267.0,, 15 липня (із 16.30 14 липня) противник атакував 267-ма ударними БпЛА типу Shahed і безпілотниками-імітаторам,2026-09-10T09:18:34.317066+00:00
2025-07-14,1,kpszsu,official,impact_locations,ua,9.0,,"но втрачені/подавлені РЕБ.

Зафіксовано влучання 23 БпЛА у 7 локаціях, падіння збитих (уламки) на 9 локаціях.

✊ Тримаймо небо!
🇺🇦  Разом – до пер",2026-09-10T09:18:34.317066+00:00
2025-07-14,1,kpszsu,official,targets_downed,ua,178.0,,"⚡️ ЗБИТО 178 УДАРНИХ БПЛА
💥 За попередніми даними ст",2026-09-10T09:18:34.317066+00:00
2025-07-14,2,kpszsu,official,drone_tracks,kyiv_obl,3.0,38451,🛵 Київська область - загроза застосування ворогом ударних БпЛА.,2026-09-10T09:18:34.317066+00:00
2025-07-14,2,kpszsu,official,missile_tracks,kyiv_obl,1.0,38485,🚀Київська область - ракетна небезпека!,2026-09-10T09:18:34.317066+00:00
2025-07-15,1,kpszsu,official,attacked,kyiv,1.0,,є повідомлення супроводу цілей на Київ,2026-09-10T09:18:34.317066+00:00
2025-07-15,1,kpszsu,official,drone_tracks,kyiv,1.0,38557,🛵 Київ ➡️ БпЛА в напрямку міста зі сходу!,2026-09-10T09:18:34.317066+00:00
2025-07-15,1,kpszsu,official,impact_locations,ua,2.0,,"но втрачені/подавлені РЕБ.

Зафіксовано влучання 1 ракети та 57 БпЛА у 12 локаціях, падіння збитих (уламки) на 2 локаціях.

✊ Тримаймо небо!
🇺🇦  Разом – до пер",2026-09-10T09:18:34.317066+00:00
2025-07-15,1,kpszsu,official,targets_downed,ua,198.0,,"⚡️ ЗБИТО 198 УДАРНИХ БПЛА
💥 За попередніми даними ст",2026-09-10T09:18:34.317066+00:00
2025-07-15,2,kpszsu,official,drone_tracks,kyiv_obl,1.0,38556,"🛵 Київщина: декілька груп ➡️ на півночі області, курсом на Житомирщину. 
Також БпЛА ➡️ курсом на Обухів та Велику Димерку.",2026-09-10T09:18:34.317066+00:00
2025-07-16,1,kpszsu,official,attacked,kyiv,0.0,,"канал вів повітряну обстановку (44 повідомлень з 67), жодного супроводу на Київ, тривог у місті менше 3 годин",2026-09-10T09:18:34.317066+00:00
2025-07-16,1,kpszsu,official,drones_launched,ua,64.0,, 17 липня (із 20.30 16 липня) противник атакував 64-ма ударними БпЛА типу Shahed і безпілотниками-імітаторам,2026-09-10T09:18:34.317066+00:00
2025-07-16,1,kpszsu,official,targets_downed,ua,36.0,,"⚡️ ЗБИТО 36 УДАРНИХ БПЛА
💥 За попередніми даними ст",2026-09-10T09:18:34.317066+00:00
2025-07-17,1,kpszsu,official,attacked,kyiv,0.0,,"канал вів повітряну обстановку (34 повідомлень з 66), жодного супроводу на Київ, тривог у місті менше 3 годин",2026-09-10T09:18:34.317066+00:00
2025-07-17,1,kpszsu,official,drones_launched,ua,35.0,, 18 липня (із 21.30 17 липня) противник атакував 35-ма ударними БпЛА типу Shahed і безпілотниками-імітаторам,2026-09-10T09:18:34.317066+00:00
2025-07-17,1,kpszsu,official,impact_locations,ua,2.0,,"но втрачені/подавлені РЕБ.

Зафіксовано влучання 18 БпЛА у 5 локаціях, падіння збитих (уламки) на 2 локаціях.

✊ Тримаймо небо!
🇺🇦  Разом – до пер",2026-09-10T09:18:34.317066+00:00
2025-07-17,1,kpszsu,official,targets_downed,ua,11.0,,"⚡️ ЗБИТО 11 УДАРНИХ БПЛА
💥 За попередніми даними ст",2026-09-10T09:18:34.317066+00:00
2025-07-17,2,kpszsu,official,drone_tracks,kyiv_obl,1.0,38700,🛵 БпЛА із Чернігівщини продовжують  рух ➡️ у напрямку Київщини.,2026-09-10T09:18:34.317066+00:00
2025-07-18,1,kpszsu,official,attacked,kyiv,1.0,,є повідомлення супроводу цілей на Київ,2026-09-10T09:18:34.317066+00:00
2025-07-18,1,kpszsu,official,drone_tracks,kyiv,2.0,38747,"⚠Увага! м.Київ!
🛵 Ворожі БпЛА до вас з північного сходу!",2026-09-10T09:18:34.317066+00:00
2025-07-18,1,kpszsu,official,drones_launched,ua,344.0,," 379-ма засобами повітряного нападу:

- 344 ударними БпЛА типу Shahed і безпілотниками-імітаторам",2026-09-10T09:18:34.317066+00:00
2025-07-18,1,kpszsu,official,targets_downed,ua,208.0,,"⚡️ ЗБИТО 208 БПЛА ТА РАКЕТ ПРОТИВНИКА, ЩЕ 136 НЕ ДОС",2026-09-10T09:18:34.317066+00:00
2025-07-18,2,kpszsu,official,drone_tracks,kyiv_obl,2.0,38738,"🛵 Ворожі БпЛА на півночі та заході Сумщини, курс - південно-західний/південний;
🛵 Ворожі БпЛА на Чернігівщині, курс - Київщина.",2026-09-10T09:18:34.317066+00:00
2025-07-18,2,kpszsu,official,missile_tracks,kyiv_obl,3.0,38789,"Ракети на півдні Київщини, курс - західний/північно-західний.",2026-09-10T09:18:34.317066+00:00
2025-07-19,1,kpszsu,official,attacked,kyiv,0.0,,"канал вів повітряну обстановку (32 повідомлень з 50), жодного супроводу на Київ, тривог у місті менше 3 годин",2026-09-10T09:18:34.317066+00:00
2025-07-19,1,kpszsu,official,drones_launched,ua,57.0,, 20 липня (із 20.00 19 липня) противник атакував 57-ма ударними БпЛА типу Shahed і безпілотниками-імітаторам,2026-09-10T09:18:34.317066+00:00
2025-07-19,1,kpszsu,official,impact_locations,ua,6.0,,"но втрачені/подавлені РЕБ.

Зафіксовано влучання 32 БпЛА у 10 локаціях, падіння збитих (уламки) на 6 локаціях.

Ворожа атака триває – нова хвиля ""ш",2026-09-10T09:18:34.317066+00:00
2025-07-19,1,kpszsu,official,targets_downed,ua,18.0,,"⚡️ ЗБИТО 18 УДАРНИХ БПЛА, 7 НЕ ДОСЯГЛИ ЦІЛЕЙ – ЛОКА",2026-09-10T09:18:34.317066+00:00
2025-07-20,1,kpszsu,official,attacked,kyiv,1.0,,є повідомлення супроводу цілей на Київ,2026-09-10T09:18:34.317066+00:00
2025-07-20,1,kpszsu,official,drone_tracks,kyiv,5.0,38906,"🛵 Київщина: БпЛА ➡️ курсом на Бориспіль, Глеваху, Васильків, Бровари, Київ. 
🛵 Черкащина: БпЛА ➡️ курсом на Золотоношу, Балаклею, Чорнобай, Монастирище. 
🛵 Житомирщина: БпЛА ➡️ повз Андрушівку, курсом",2026-09-10T09:18:34.317066+00:00
2025-07-20,1,kpszsu,official,drones_launched,ua,426.0,," 450-ма засобами повітряного нападу:

- 426 ударними БпЛА типу Shahed і безпілотниками-імітаторам",2026-09-10T09:18:34.317066+00:00
2025-07-20,1,kpszsu,official,impact_locations,ua,12.0,," (імовірно подавлені РЕБ).

Зафіксовано влучання 23 ударних БпЛА у 3 локаціях, а також падіння збитих – на 12 локаціях.

Ворожа атака триває! Нова група рос",2026-09-10T09:18:34.317066+00:00
2025-07-20,1,kpszsu,official,missile_tracks,kyiv,2.0,38946,Київ/Бровари! Ракети у вашому напрямку!,2026-09-10T09:18:34.317066+00:00
2025-07-20,1,kpszsu,official,targets_downed,ua,224.0,,"⚡️ ЗБИТО/ПОДАВЛЕНО 224 ЦІЛІ, 203 БПЛА НЕ ДОСЯГЛИ ЦІЛЕЙ – ЛОКАЦ",2026-09-10T09:18:34.317066+00:00
2025-07-20,2,kpszsu,official,drone_tracks,kyiv_obl,3.0,38956,"🛵Чернігівщина: БпЛА ➡️ повз Ніжин, Гончарівське, Линовицю курсом на Київщину.
🛵Житомирщина: Бпла ➡️ курсом на Коростень.
🛵Вінниччина: Бпла ➡️ в районі Тиврова та Погребища. 
🛵Тернопільщина: БпЛА ➡️ по",2026-09-10T09:18:34.317066+00:00
2025-07-20,2,kpszsu,official,missile_tracks,kyiv_obl,1.0,38949,Крилаті ракети: на Черкащині ➡️ в районі Звенигородки та на півдні Київщини ➡️ в районі Ставища.,2026-09-10T09:18:34.317066+00:00
2025-07-21,1,kpszsu,official,attacked,kyiv,0.0,,"канал вів повітряну обстановку (28 повідомлень з 44), жодного супроводу на Київ, тривог у місті менше 3 годин",2026-09-10T09:18:34.317066+00:00
2025-07-21,1,kpszsu,official,drones_launched,ua,42.0,, 22 липня (із 23.00 21 липня) противник атакував 42-ма ударними БпЛА типу Shahed і безпілотниками-імітаторам,2026-09-10T09:18:34.317066+00:00
2025-07-21,1,kpszsu,official,impact_locations,ua,3.0,,"но втрачені/подавлені РЕБ.

Зафіксовано влучання 9 БпЛА у 3 локаціях, падіння збитих (уламки) на 3 локаціях.

✊ Тримаймо небо!
🇺🇦 Разом – до пере",2026-09-10T09:18:34.317066+00:00
2025-07-21,1,kpszsu,official,targets_downed,ua,26.0,,"⚡️ ЗБИТО/ПОДАВЛЕНО 26 ВОРОЖИХ БПЛА, ЩЕ 7 НЕ ДОСЯГЛИ ЦІЛЕЙ – Л",2026-09-10T09:18:34.317066+00:00
2025-07-21,2,kpszsu,official,drone_tracks,kyiv_obl,1.0,38979,"🛵 БпЛА на  Полтавщині, курс Київщина.",2026-09-10T09:18:34.317066+00:00
2025-07-22,1,kpszsu,official,attacked,kyiv,0.0,,"канал вів повітряну обстановку (29 повідомлень з 53), жодного супроводу на Київ, тривог у місті менше 3 годин",2026-09-10T09:18:34.317066+00:00
2025-07-22,1,kpszsu,official,impact_locations,ua,5.0,,"но втрачені/подавлені РЕБ.

Зафіксовано влучання 26 БпЛА у 14 локаціях, падіння збитих (уламки) на 5 локаціях.

✊ Тримаймо небо!
🇺🇦 Разом – до пере",2026-09-10T09:18:34.317066+00:00
2025-07-22,1,kpszsu,official,targets_downed,ua,27.0,,"⚡️ ЗБИТО/ПОДАВЛЕНО 27 ВОРОЖИХ БПЛА, ЩЕ 18 НЕ ДОСЯГЛИ ЦІЛЕЙ – ",2026-09-10T09:18:34.317066+00:00
2025-07-23,1,kpszsu,official,attacked,kyiv,0.0,,"канал вів повітряну обстановку (26 повідомлень з 53), жодного супроводу на Київ, тривог у місті менше 3 годин",2026-09-10T09:18:34.317066+00:00
2025-07-23,1,kpszsu,official,drones_launched,ua,103.0,,: 4-ма крилатими ракетами Іскандер-К та 103-ма ударними БпЛА типу Shahed і безпілотниками-імітаторам,2026-09-10T09:18:34.317066+00:00
2025-07-23,1,kpszsu,official,targets_downed,ua,180.0,,"⚡️ ЗБИТО/ПОДАВЛЕНО 90 ВОРОЖИХ БПЛА ТА ОДНУ КРИЛАТУ РАКЕТУ
💥 З",2026-09-10T09:18:34.317066+00:00
2025-07-23,2,kpszsu,official,missile_tracks,kyiv_obl,2.0,39105,"🚀 Чернігівська, Полтавська, Київська області - ракетна небезпека!",2026-09-10T09:18:34.317066+00:00
2025-07-24,1,kpszsu,official,attacked,kyiv,0.0,,"канал вів повітряну обстановку (37 повідомлень з 78), жодного супроводу на Київ, тривог у місті менше 3 годин",2026-09-10T09:18:34.317066+00:00
2025-07-24,1,kpszsu,official,impact_locations,ua,2.0,,"а півночі та сході країни.

Зафіксовано влучання 7-ми БпЛА у 4 локаціях, падіння збитих (уламки) на 2 локаціях.

✊ Тримаймо небо!
🇺🇦 Разом – до пере",2026-09-10T09:18:34.317066+00:00
2025-07-24,1,kpszsu,official,targets_downed,ua,54.0,,"⚡️ ЗБИТО/ПОДАВЛЕНО 54 ВОРОЖИХ БПЛА
💥 За попередніми даними, с",2026-09-10T09:18:34.317066+00:00
2025-07-25,1,kpszsu,official,attacked,kyiv,0.0,,"канал вів повітряну обстановку (36 повідомлень з 69), жодного супроводу на Київ, тривог у місті менше 3 годин",2026-09-10T09:18:34.317066+00:00
2025-07-25,1,kpszsu,official,drones_launched,ua,208.0,,"(208 БпЛА та 27 ракет різних типів):

- 208 ударними БпЛА типу Shahed і безпілотниками-імітаторам",2026-09-10T09:18:34.317066+00:00
2025-07-25,1,kpszsu,official,targets_downed,ua,200.0,,"⚡️ ЗБИТО/ПОДАВЛЕНО 200 ЦІЛЕЙ ПРОТИВНИКА    
💥 За попередніми д",2026-09-10T09:18:34.317066+00:00
2025-07-25,2,kpszsu,official,drone_tracks,kyiv_obl,4.0,39235,"🛵 Чернігівщина: шахеди повз Ічню, Ніжин ➡️ на Київщину.",2026-09-10T09:18:34.317066+00:00
2025-07-26,1,kpszsu,official,attacked,kyiv,0.0,,"канал вів повітряну обстановку (30 повідомлень з 49), жодного супроводу на Київ, тривог у місті менше 3 годин",2026-09-10T09:18:34.317066+00:00
2025-07-26,1,kpszsu,official,drones_launched,ua,83.0,, 27 липня (із 22.30 26 липня) противник атакував 83-ма ударними БпЛА типу Shahed і безпілотниками-імітаторам,2026-09-10T09:18:34.317066+00:00
2025-07-26,1,kpszsu,official,impact_locations,ua,2.0,," сході та в центрі країни.

Зафіксовано влучання 5 БпЛА у 3 локаціях, падіння збитих (уламки) на 2 локаціях.

✊ Тримаймо небо!
🇺🇦 Разом – до пере",2026-09-10T09:18:34.317066+00:00
2025-07-26,1,kpszsu,official,targets_downed,ua,78.0,,"⚡️ ЗБИТО/ПОДАВЛЕНО 78 ВОРОЖИХ БПЛА
💥 За попередніми даними, с",2026-09-10T09:18:34.317066+00:00
2025-07-26,2,kpszsu,official,drone_tracks,kyiv_obl,1.0,39315,"🛵 ""Шахеди"" у центрі Сумщини ➡️ курсом на південь.
🛵 ""Шахеди"" на півночі Чернігівщини ➡️ курсом на захід.
🛵 БпЛА на південному сході та на заході Київщини ➡️ курсом на захід.
🛵 Група ""шахедів"" на півде",2026-09-10T09:18:34.317066+00:00
2025-07-26,2,kpszsu,official,missile_tracks,kyiv_obl,1.0,39280,🚀Ракета ➡️ на Київщину!,2026-09-10T09:18:34.317066+00:00
2025-07-27,1,kpszsu,official,attacked,kyiv,1.0,,є повідомлення супроводу цілей на Київ,2026-09-10T09:18:34.317066+00:00
2025-07-27,1,kpszsu,official,drone_tracks,kyiv,5.0,39355,🛵  БпЛА курсом на Київ,2026-09-10T09:18:34.317066+00:00
2025-07-27,1,kpszsu,official,drones_launched,ua,324.0,,"крилаті та 3 аеробалістичні ракети):

- 324 ударними БпЛА типу Shahed і безпілотниками-імітаторам",2026-09-10T09:18:34.317066+00:00
2025-07-27,1,kpszsu,official,targets_downed,ua,311.0,,"⚡️ ЗБИТО/ПОДАВЛЕНО 311 ЦІЛЕЙ ПРОТИВНИКА    
💥 За попередніми д",2026-09-10T09:18:34.317066+00:00
2025-07-27,2,kpszsu,official,drone_tracks,kyiv_obl,3.0,39359,"🛵 Київська область (Вишгородський,Бучанський р-ни) - загроза застосування ударних ворожих БпЛА!",2026-09-10T09:18:34.317066+00:00
2025-07-28,1,kpszsu,official,attacked,kyiv,0.0,,"канал вів повітряну обстановку (26 повідомлень з 48), жодного супроводу на Київ, тривог у місті менше 3 годин",2026-09-10T09:18:34.317066+00:00
2025-07-28,1,kpszsu,official,drones_launched,ua,37.0,,"остовської обл., рф, ТОТ Криму, а також 37-ма ударними БпЛА типу Shahed і безпілотниками-імітаторам",2026-09-10T09:18:34.317066+00:00
2025-07-28,1,kpszsu,official,impact_locations,ua,2.0,,"а півночі та сході країни.

Зафіксовано влучання 5 БпЛА та 2 ракет у 3 локаціях, падіння збитих (уламки) на 2 локаціях.

✊ Тримаймо небо!
🇺🇦 Разом – до пере",2026-09-10T09:18:34.317066+00:00
2025-07-28,1,kpszsu,official,targets_downed,ua,32.0,,"⚡️ ЗБИТО/ПОДАВЛЕНО 32 ВОРОЖІ БПЛА
💥 За попередніми даними, ст",2026-09-10T09:18:34.317066+00:00
2025-07-28,2,kpszsu,official,drone_tracks,kyiv_obl,2.0,39450,"Ворожий  БпЛА в районі Макарова на Київщині!
Залучено засоби для збиття.",2026-09-10T09:18:34.317066+00:00
2025-07-29,1,kpszsu,official,attacked,kyiv,0.0,,"канал вів повітряну обстановку (20 повідомлень з 56), жодного супроводу на Київ, тривог у місті менше 3 годин",2026-09-10T09:18:34.317066+00:00
2025-07-29,1,kpszsu,official,drones_launched,ua,78.0,, 30 липня (із 22.30 29 липня) противник атакував 78-ма ударними БпЛА типу Shahed і безпілотниками-імітаторам,2026-09-10T09:18:34.317066+00:00
2025-07-29,1,kpszsu,official,impact_locations,ua,2.0,,"а півночі та сході країни.

Зафіксовано влучання 27 БпЛА у 7 локаціях, падіння збитих (уламки) на 2 локаціях.

✊ Тримаймо небо!
🇺🇦 Разом – до пере",2026-09-10T09:18:34.317066+00:00
2025-07-29,1,kpszsu,official,targets_downed,ua,51.0,,"⚡️ ЗБИТО/ПОДАВЛЕНО 51 ВОРОЖИЙ БПЛА
💥 За попередніми даними, с",2026-09-10T09:18:34.317066+00:00
2025-07-29,2,kpszsu,official,drone_tracks,kyiv_obl,1.0,39494,🛵 Київська область (Вишгородський р-н) - загроза застосування ударних ворожих БпЛА!,2026-09-10T09:18:34.317066+00:00
2025-07-30,1,kpszsu,official,attacked,kyiv,1.0,,є повідомлення супроводу цілей на Київ,2026-09-10T09:18:34.317066+00:00
2025-07-30,1,kpszsu,official,drone_tracks,kyiv,1.0,39551,🛵 Київ - загроза ударних БпЛА зі сходу.,2026-09-10T09:18:34.317066+00:00
2025-07-30,1,kpszsu,official,drones_launched,ua,309.0,,"нападу (309 БпЛА, 8 крилатих ракет):

- 309 ударними БпЛА типу Shahed і безпілотниками-імітаторам",2026-09-10T09:18:34.317066+00:00
2025-07-30,1,kpszsu,official,targets_downed,ua,291.0,,"⚡️ ЗБИТО/ПОДАВЛЕНО 291 ЦІЛЬ ПРОТИВНИКА    
💥 За попередніми да",2026-09-10T09:18:34.317066+00:00
2025-07-30,2,kpszsu,official,drone_tracks,kyiv_obl,3.0,39547,🛵 група ударних БпЛА на Чернігівщині ➡️ курсом на північ Київщини,2026-09-10T09:18:34.317066+00:00
2025-07-31,1,kpszsu,official,attacked,kyiv,0.0,,"канал вів повітряну обстановку (26 повідомлень з 57), жодного супроводу на Київ, тривог у місті менше 3 годин",2026-09-10T09:18:34.317066+00:00
2025-07-31,1,kpszsu,official,drones_launched,ua,72.0,, 1 серпня (із 21.30 31 липня) противник атакував 72-ма ударними БпЛА типу Shahed і безпілотниками-імітаторам,2026-09-10T09:18:34.317066+00:00
2025-07-31,1,kpszsu,official,targets_downed,ua,6262.0,,"ку протиповітряною обороною Cил оборони знищено 6262 повітряні цілі:
💥 У липні 2025 року аві",2026-09-10T09:18:34.317066+00:00
2025-07-31,2,kpszsu,official,drone_tracks,kyiv_obl,3.0,39621,"🛵 Ворожі БпЛА на межі Черкащини і Київщини, курс - західний/північно-західний.",2026-09-10T09:18:34.317066+00:00
2025-08-01,1,kpszsu,official,attacked,kyiv,1.0,,є повідомлення супроводу цілей на Київ,2026-09-10T09:18:34.317066+00:00
2025-08-01,1,kpszsu,official,drone_tracks,kyiv,1.0,39670,"БпЛА з Чернігівщини на Київщину, курсом на Київ/Вишгород з північного сходу.",2026-09-10T09:18:34.317066+00:00
2025-08-01,1,kpszsu,official,drones_launched,ua,45.0,,такував 53 засобами повітряного нападу: 45-ма ударними БпЛА типу Shahed і безпілотниками-імітаторам,2026-09-10T09:18:34.317066+00:00
2025-08-01,1,kpszsu,official,impact_locations,ua,2.0,," сході та в центрі країни.

Зафіксовано влучання 8 БпЛА у 5 локаціях, а також падіння збитих (уламки) на 2 локаціях.

✊ Тримаймо небо!
🇺🇦 Разом – до пере",2026-09-10T09:18:34.317066+00:00
2025-08-01,1,kpszsu,official,targets_downed,ua,82.0,,"⚡️ ЗБИТО/ПОДАВЛЕНО 45 ВОРОЖИХ БПЛА
💥 За попередніми даними, с",2026-09-10T09:18:34.317066+00:00
2025-08-01,2,kpszsu,official,drone_tracks,kyiv_obl,4.0,39662,Чернігівщина: БпЛА курсом на Остер/Десну/Київщину.,2026-09-10T09:18:34.317066+00:00
2025-08-02,1,kpszsu,official,attacked,kyiv,1.0,,є повідомлення супроводу цілей на Київ,2026-09-10T09:18:34.317066+00:00
2025-08-02,1,kpszsu,official,drones_launched,ua,76.0,,"в 83-ма засобами повітряного нападу:

- 76 ударними БпЛА типу Shahed і безпілотниками-імітаторам",2026-09-10T09:18:34.317066+00:00
2025-08-02,1,kpszsu,official,missile_tracks,kyiv,2.0,39737,Ракета ➡️ курсом на Київ!,2026-09-10T09:18:34.317066+00:00
2025-08-02,1,kpszsu,official,targets_downed,ua,61.0,,"⚡️ ЗБИТО/ПОДАВЛЕНО 61 ЦІЛЬ ПРОТИВНИКА
💥 За попередніми даними",2026-09-10T09:18:34.317066+00:00
2025-08-02,2,kpszsu,official,drone_tracks,kyiv_obl,2.0,39746,🛵 Група БПЛА ➡️ на півночі Чернігівщини. Курс ➡️ на Славутич.,2026-09-10T09:18:34.317066+00:00
2025-08-03,1,kpszsu,official,attacked,kyiv,0.0,,"канал вів повітряну обстановку (58 повідомлень з 95), жодного супроводу на Київ, тривог у місті менше 3 годин",2026-09-10T09:18:34.317066+00:00
2025-08-03,1,kpszsu,official,drones_launched,ua,162.0,, 4 серпня (із 19.30 3 серпня) противник атакував 162-ма ударними БпЛА типу Shahed і безпілотниками-імітаторам,2026-09-10T09:18:34.317066+00:00
2025-08-03,1,kpszsu,official,impact_locations,ua,9.0,," сході та в центрі країни.

Зафіксовано влучання 1 БпЛА, а також падіння збитих (уламки) на 9 локаціях на Одещині та Київщині.

✊ Тримаймо н",2026-09-10T09:18:34.317066+00:00
2025-08-03,1,kpszsu,official,targets_downed,ua,161.0,,"⚡️ ЗБИТО/ПОДАВЛЕНО 161 ВОРОЖИЙ БПЛА
💥 За попередніми даними, с",2026-09-10T09:18:34.317066+00:00
2025-08-03,2,kpszsu,official,drone_tracks,kyiv_obl,4.0,39821,"⚠Увага! м.Біла Церква (Київщина)!
🛵 У вашому напрямку БпЛА! Перебувайте у безпечних місцях!",2026-09-10T09:18:34.317066+00:00
2025-08-04,1,kpszsu,official,attacked,kyiv,0.0,,"канал вів повітряну обстановку (38 повідомлень з 63), жодного супроводу на Київ, тривог у місті менше 3 годин",2026-09-10T09:18:34.317066+00:00
2025-08-04,1,kpszsu,official,drones_launched,ua,46.0,, 5 серпня (із 19.00 4 серпня) противник атакував 46-ма ударними БпЛА типу Shahed і безпілотниками-імітаторам,2026-09-10T09:18:34.317066+00:00
2025-08-04,1,kpszsu,official,targets_downed,ua,29.0,,"⚡️ ЗБИТО/ПОДАВЛЕНО 29 ВОРОЖИХ БПЛА
💥 За попередніми даними, с",2026-09-10T09:18:34.317066+00:00
2025-08-04,2,kpszsu,official,drone_tracks,kyiv_obl,5.0,39894,🛵 Київщина (Броварський  та Бориспольський  р-ни) - загроза ударних БпЛА з Чернігівщини,2026-09-10T09:18:34.317066+00:00
2025-08-05,1,kpszsu,official,attacked,kyiv,0.0,,"канал вів повітряну обстановку (23 повідомлень з 49), жодного супроводу на Київ, тривог у місті менше 3 годин",2026-09-10T09:18:34.317066+00:00
2025-08-05,1,kpszsu,official,drones_launched,ua,45.0,,6 серпня (із 20.30 5 серпня)  противник атакував 45-ма ударними БпЛА типу Shahed і безпілотниками-імітаторам,2026-09-10T09:18:34.317066+00:00
2025-08-05,1,kpszsu,official,impact_locations,ua,3.0,,"і, півдні та сході країни.

Зафіксовано влучання 9 БпЛА  на 3 локаціях, а також падіння збитих (уламки) на 1",2026-09-10T09:18:34.317066+00:00
2025-08-05,1,kpszsu,official,targets_downed,ua,36.0,,"⚡️ЗБИТО/ПОДАВЛЕНО 36 ВОРОЖИХ БПЛА
💥 За попередніми даними, с",2026-09-10T09:18:34.317066+00:00
2025-08-05,2,kpszsu,official,missile_tracks,kyiv_obl,1.0,39965,"⚠ Увага!
🚀 Київська та Чернігівська областях – ракетна небезпека!",2026-09-10T09:18:34.317066+00:00
2025-08-06,1,kpszsu,official,attacked,kyiv,0.0,,"канал вів повітряну обстановку (28 повідомлень з 53), жодного супроводу на Київ, тривог у місті менше 3 годин",2026-09-10T09:18:34.317066+00:00
2025-08-06,1,kpszsu,official,drones_launched,ua,112.0,,7 серпня (із 22.30 6 серпня)  противник атакував 112-ма ударними БпЛА типу Shahed і безпілотниками-імітаторам,2026-09-10T09:18:34.317066+00:00
2025-08-06,1,kpszsu,official,impact_locations,ua,11.0,," сході та в центрі країни.

Зафіксовано влучання 23 БпЛА на 11 локаціях, а також падіння збитих (уламки) на 3",2026-09-10T09:18:34.317066+00:00
2025-08-06,1,kpszsu,official,targets_downed,ua,89.0,,"⚡️ЗБИТО/ПОДАВЛЕНО 89 ВОРОЖИХ БПЛА
💥 За попередніми даними, с",2026-09-10T09:18:34.317066+00:00
2025-08-06,2,kpszsu,official,drone_tracks,kyiv_obl,2.0,40016,"🛵 Дніпро - загроза застосування ворогом ударних БпЛА.
🛵  БпЛА на півдні Чернігівщини ➡️ курсом на Київщину.",2026-09-10T09:18:34.317066+00:00
2025-08-07,1,kpszsu,official,attacked,kyiv,0.0,,"канал вів повітряну обстановку (21 повідомлень з 50), жодного супроводу на Київ, тривог у місті менше 3 годин",2026-09-10T09:18:34.317066+00:00
2025-08-07,1,kpszsu,official,drones_launched,ua,104.0,,"акував 108 засобами повітряного нападу: 104-ма ударними БпЛА типу Shahed, безпілотниками-імітаторами",2026-09-10T09:18:34.317066+00:00
2025-08-07,1,kpszsu,official,impact_locations,ua,8.0,," сході та в центрі країни.

Зафіксовано влучання 26 БпЛА у 10 локаціях, а також падіння збитих (уламки) на 8 локаціях.

✊ Тримаймо небо!
🇺🇦 Разом – до пере",2026-09-10T09:18:34.317066+00:00
2025-08-07,1,kpszsu,official,targets_downed,ua,161.0,,"⚡️ ЗБИТО/ПОДАВЛЕНО 82 ВОРОЖІ БПЛА
💥 За попередніми даними, ст",2026-09-10T09:18:34.317066+00:00
2025-08-08,1,kpszsu,official,attacked,kyiv,0.0,,"канал вів повітряну обстановку (14 повідомлень з 45), жодного супроводу на Київ, тривог у місті менше 3 годин",2026-09-10T09:18:34.317066+00:00
2025-08-08,1,kpszsu,official,drones_launched,ua,47.0,,9 серпня (із 22.30 8 серпня)  противник атакував 47-ма ударними БпЛА типу Shahed і безпілотниками-імітаторам,2026-09-10T09:18:34.317066+00:00
2025-08-08,1,kpszsu,official,impact_locations,ua,15.0,,"а півночі та сході країни.

Зафіксовано влучання 31 БпЛА на 15 локаціях.

✊ Тримаймо небо!
🇺🇦 Разом – до пере",2026-09-10T09:18:34.317066+00:00
2025-08-09,1,kpszsu,official,attacked,kyiv,0.0,,"канал вів повітряну обстановку (23 повідомлень з 48), жодного супроводу на Київ, тривог у місті менше 3 годин",2026-09-10T09:18:34.317066+00:00
2025-08-09,1,kpszsu,official,drones_launched,ua,100.0,,10 серпня (із 23.00 9 серпня) противник атакував 100 ударними БпЛА типу Shahed і безпілотниками-імітаторам,2026-09-10T09:18:34.317066+00:00
2025-08-09,1,kpszsu,official,impact_locations,ua,12.0,,"а півночі та сході країни.

Зафіксовано влучання 30 БпЛА на 12 локаціях у прифронтових регіонах Дніпропетровщ",2026-09-10T09:18:34.317066+00:00
2025-08-09,1,kpszsu,official,targets_downed,ua,70.0,,"⚡️ ЗБИТО/ПОДАВЛЕНО 70 ВОРОЖИХ БПЛА
💥 За попередніми даними, с",2026-09-10T09:18:34.317066+00:00
2025-08-10,1,kpszsu,official,attacked,kyiv,0.0,,"канал вів повітряну обстановку (11 повідомлень з 29), жодного супроводу на Київ, тривог у місті менше 3 годин",2026-09-10T09:18:34.317066+00:00
2025-08-10,1,kpszsu,official,drones_launched,ua,71.0,,1 серпня (із 20.30 10 серпня) противник атакував 71 ударним БпЛА типу Shahed і безпілотниками-імітаторам,2026-09-10T09:18:34.317066+00:00
2025-08-10,1,kpszsu,official,impact_locations,ua,6.0,,"і, півдні та сході країни.

Зафіксовано влучання 12 БпЛА на 6 локаціях, а також падіння збитих (уламки) на 1",2026-09-10T09:18:34.317066+00:00
2025-08-10,1,kpszsu,official,targets_downed,ua,59.0,,"⚡️ ЗБИТО/ПОДАВЛЕНО 59 ВОРОЖИХ БПЛА
💥 За попередніми даними, с",2026-09-10T09:18:34.317066+00:00
2025-08-11,1,kpszsu,official,attacked,kyiv,0.0,,"канал вів повітряну обстановку (32 повідомлень з 70), жодного супроводу на Київ, тривог у місті менше 3 годин",2026-09-10T09:18:34.317066+00:00
2025-08-11,1,kpszsu,official,drones_launched,ua,48.0,,2 серпня (із 20.00 11 серпня) противник атакував 48-ма ударними БпЛА типу Shahed і безпілотниками-імітаторам,2026-09-10T09:18:34.317066+00:00
2025-08-11,1,kpszsu,official,impact_locations,ua,7.0,,"а півночі та сході країни.

Зафіксовано влучання 12 БпЛА та 3 ракет на 7 локаціях.

✊ Тримаймо небо!
🇺🇦 Разом – до пере",2026-09-10T09:18:34.317066+00:00
2025-08-11,1,kpszsu,official,targets_downed,ua,36.0,,"⚡️ ЗБИТО/ПОДАВЛЕНО 36 ВОРОЖИХ БПЛА
💥 За попередніми даними, с",2026-09-10T09:18:34.317066+00:00
2025-08-12,1,kpszsu,official,attacked,kyiv,0.0,,"канал вів повітряну обстановку (20 повідомлень з 52), жодного супроводу на Київ, тривог у місті менше 3 годин",2026-09-10T09:18:34.317066+00:00
2025-08-12,1,kpszsu,official,drones_launched,ua,49.0,, серпня (із 21.00 12 серпня)  противник атакував 49-ма ударними БпЛА типу Shahed і безпілотниками-імітаторам,2026-09-10T09:18:34.317066+00:00
2025-08-12,1,kpszsu,official,impact_locations,ua,15.0,,"а півночі та сході країни.

Зафіксовано влучання 17 БпЛА на 15 локаціях.

✊ Тримаймо небо!
🇺🇦 Разом – до пере",2026-09-10T09:18:34.317066+00:00
2025-08-12,1,kpszsu,official,targets_downed,ua,64.0,,"⚡️ЗБИТО/ПОДАВЛЕНО 32 ВОРОЖІ БПЛА ТА 2 РАКЕТИ
💥 За попереднім",2026-09-10T09:18:34.317066+00:00
2025-08-13,1,kpszsu,official,attacked,kyiv,0.0,,"канал вів повітряну обстановку (34 повідомлень з 61), жодного супроводу на Київ, тривог у місті менше 3 годин",2026-09-10T09:18:34.317066+00:00
2025-08-13,1,kpszsu,official,drones_launched,ua,45.0,,"ми ракетами С-300/400 із Курської обл., 45-ма ударними БпЛА типу Shahed і безпілотниками-імітаторам",2026-09-10T09:18:34.317066+00:00
2025-08-13,1,kpszsu,official,impact_locations,ua,12.0,,"а півночі та сході країни.

Зафіксовано влучання 21 БпЛА на 12 локаціях.

✊ Тримаймо небо!
🇺🇦 Разом – до пере",2026-09-10T09:18:34.317066+00:00
2025-08-13,1,kpszsu,official,targets_downed,ua,24.0,,"⚡️ЗБИТО/ПОДАВЛЕНО 24 ВОРОЖІ БПЛА
💥 За попередніми даними, ст",2026-09-10T09:18:34.317066+00:00
2025-08-13,2,kpszsu,official,drone_tracks,kyiv_obl,3.0,40357,"🛸 Ворожий розвідувальний БпЛА на півдні Чернігівщини, вектор руху н.п. Десна на межі з Київщиною. Залучено засоби для збиття.",2026-09-10T09:18:34.317066+00:00
2025-08-14,1,kpszsu,official,attacked,kyiv,0.0,,"канал вів повітряну обстановку (25 повідомлень з 51), жодного супроводу на Київ, тривог у місті менше 3 годин",2026-09-10T09:18:34.317066+00:00
2025-08-14,1,kpszsu,official,drones_launched,ua,97.0,,"дер-М із Воронезької та Брянської обл., 97-ма ударними БпЛА типу Shahed і безпілотниками-імітаторам",2026-09-10T09:18:34.317066+00:00
2025-08-14,1,kpszsu,official,impact_locations,ua,13.0,,"а півночі та сході країни.

Зафіксовано влучання ракет та 34 БпЛА на 13 локаціях.

✊ Тримаймо небо!
🇺🇦 Разом – до пере",2026-09-10T09:18:34.317066+00:00
2025-08-14,1,kpszsu,official,targets_downed,ua,63.0,,"⚡️ ЗБИТО/ПОДАВЛЕНО 63 ВОРОЖІ БПЛА
💥 За попередніми даними, ст",2026-09-10T09:18:34.317066+00:00
2025-08-14,2,kpszsu,official,drone_tracks,kyiv_obl,3.0,40411,🛵 Чернігівська та Київська області - загроза застосування ворожих БпЛА,2026-09-10T09:18:34.317066+00:00
2025-08-15,1,kpszsu,official,attacked,kyiv,0.0,,"канал вів повітряну обстановку (19 повідомлень з 39), жодного супроводу на Київ, тривог у місті менше 3 годин",2026-09-10T09:18:34.317066+00:00
2025-08-15,1,kpszsu,official,drones_launched,ua,85.0,,кував балістичною ракетою Іскандер-М та 85-ма ударними БпЛА типу Shahed і безпілотниками-імітаторам,2026-09-10T09:18:34.317066+00:00
2025-08-15,1,kpszsu,official,impact_locations,ua,12.0,,"а півночі та сході країни.

Зафіксовано влучання ракет та 24 БпЛА на 12 локаціях.

✊ Тримаймо небо!
🇺🇦 Разом – до пере",2026-09-10T09:18:34.317066+00:00
2025-08-15,1,kpszsu,official,targets_downed,ua,61.0,,"⚡️ЗБИТО/ПОДАВЛЕНО 61 ВОРОЖИЙ БПЛА
💥 За попередніми даними, с",2026-09-10T09:18:34.317066+00:00
2025-08-16,1,kpszsu,official,attacked,kyiv,0.0,,"канал вів повітряну обстановку (22 повідомлень з 44), жодного супроводу на Київ, тривог у місті менше 3 годин",2026-09-10T09:18:34.317066+00:00
2025-08-16,1,kpszsu,official,drones_launched,ua,60.0,,кував балістичною ракетою Іскандер-М та 60-ма ударними БпЛА типу Shahed і безпілотниками-імітаторам,2026-09-10T09:18:34.317066+00:00
2025-08-16,1,kpszsu,official,impact_locations,ua,12.0,,"а півночі та сході країни.

Зафіксовано влучання ракети та 20 БпЛА на 12 локаціях у прифронтових районах Харківщини, До",2026-09-10T09:18:34.317066+00:00
2025-08-16,1,kpszsu,official,targets_downed,ua,40.0,,"⚡️ЗБИТО/ПОДАВЛЕНО 40 ВОРОЖИХ БПЛА
💥 За попередніми даними, с",2026-09-10T09:18:34.317066+00:00
2025-08-16,2,kpszsu,official,drone_tracks,kyiv_obl,1.0,40489,🛸 Розвідувальний БпЛА з Чернігівщини на Київщину (Броварський район). Залучено засоби для його збиття.,2026-09-10T09:18:34.317066+00:00
2025-08-17,1,kpszsu,official,attacked,kyiv,1.0,,є повідомлення супроводу цілей на Київ,2026-09-10T09:18:34.317066+00:00
2025-08-17,1,kpszsu,official,drone_tracks,kyiv,1.0,40603,🛵 Київ  - загроза застосування ворогом ударних БпЛА.,2026-09-10T09:18:34.317066+00:00
2025-08-17,1,kpszsu,official,drones_launched,ua,140.0,,"аганрог, Міллерово, Курськ), а також та 140-ма ударними БпЛА типу Shahed і безпілотниками-імітаторам",2026-09-10T09:18:34.317066+00:00
2025-08-17,1,kpszsu,official,impact_locations,ua,25.0,," сході та в центрі країни.

Зафіксовано влучання ворожих ракет та ударних БпЛА на 25 локаціях на Донеччині, Харківщині, Сумщині, Дн",2026-09-10T09:18:34.317066+00:00
2025-08-17,1,kpszsu,official,targets_downed,ua,88.0,,"⚡️ ЗБИТО/ПОДАВЛЕНО 88 ВОРОЖИХ БПЛА
💥 За попередніми даними, с",2026-09-10T09:18:34.317066+00:00
2025-08-17,2,kpszsu,official,drone_tracks,kyiv_obl,1.0,40601,🛵Броварський та Бориспільський  райони  - загроза застосування ворогом ударних БпЛА.,2026-09-10T09:18:34.317066+00:00
2025-08-18,1,kpszsu,official,attacked,kyiv,0.0,,"канал вів повітряну обстановку (30 повідомлень з 54), жодного супроводу на Київ, тривог у місті менше 3 годин",2026-09-10T09:18:34.317066+00:00
2025-08-18,1,kpszsu,official,drones_launched,ua,270.0,," 280-ма засобами повітряного нападу:

- 270 ударними БпЛА типу Shahed і безпілотниками-імітаторам",2026-09-10T09:18:34.317066+00:00
2025-08-18,1,kpszsu,official,impact_locations,ua,16.0,,"
- 4 крилаті ракети Х-101.

Зафіксовано влучання 4 ракет та 40 БпЛА на 16 локаціях, падіння збитих (уламки) на 3 локація",2026-09-10T09:18:34.317066+00:00
2025-08-18,1,kpszsu,official,targets_downed,ua,236.0,,"⚡️ ЗБИТО/ПОДАВЛЕНО 236 ЦІЛЕЙ ПРОТИВНИКА
💥 За попередніми даним",2026-09-10T09:18:34.317066+00:00
2025-08-18,2,kpszsu,official,drone_tracks,kyiv_obl,2.0,40632,"🛸 На межі Чернігівської та Київської, на сході Дніпропетровщини, півночі Донеччини та Херсонщини  -  ворожі розвідувальні БпЛА, які можуть бути навідниками  ворожих засобів ураження!
Залучено засоби д",2026-09-10T09:18:34.317066+00:00
2025-08-19,1,kpszsu,official,attacked,kyiv,0.0,,"канал вів повітряну обстановку (26 повідомлень з 46), жодного супроводу на Київ, тривог у місті менше 3 годин",2026-09-10T09:18:34.317066+00:00
2025-08-19,1,kpszsu,official,drones_launched,ua,93.0,,"и Іскандер-М (із ТОТ Криму), а також та 93-ма ударними БпЛА типу Shahed і безпілотниками-імітаторам",2026-09-10T09:18:34.317066+00:00
2025-08-19,1,kpszsu,official,impact_locations,ua,20.0,,"а півночі та сході країни.

Зафіксовано влучання ворожої ракети та ударних БпЛА на 20 локаціях.

✊ Тримаймо небо!
🇺🇦 Разом – до пере",2026-09-10T09:18:34.317066+00:00
2025-08-19,1,kpszsu,official,missiles_launched,ua,2.0,,"0 серпня (із 19.30 19 серпня) противник атакував 2-ма балістичними ракетами Іскандер-М (із ТОТ Криму), а також т",2026-09-10T09:18:34.317066+00:00
2025-08-19,2,kpszsu,official,drone_tracks,kyiv_obl,2.0,40698,"БпЛА із Чернігівщини ➡️ перелітає у Бориспільський район Київщини.

БпЛА ➡️ у напрямку Харкова.",2026-09-10T09:18:34.317066+00:00
2025-08-20,1,kpszsu,official,attacked,kyiv,1.0,,є повідомлення супроводу цілей на Київ,2026-09-10T09:18:34.317066+00:00
2025-08-20,1,kpszsu,official,drone_tracks,kyiv,2.0,40753,🛵  Київ - ворожий БпЛА в напрямку міста зі сходу.,2026-09-10T09:18:34.317066+00:00
2025-08-20,1,kpszsu,official,drones_launched,ua,574.0,," 614-ма засобами повітряного нападу:

- 574 ударними БпЛА типу Shahed і безпілотниками-імітаторам",2026-09-10T09:18:34.317066+00:00
2025-08-20,1,kpszsu,official,impact_locations,ua,11.0,," 12 крилатих ракет Калібр.

Зафіксовано влучання ракет та ударних БпЛА на 11 локаціях, падіння збитих (уламки) на 3 локація",2026-09-10T09:18:34.317066+00:00
2025-08-20,1,kpszsu,official,targets_downed,ua,577.0,,"⚡️ ЗБИТО/ПОДАВЛЕНО 577 ЦІЛЕЙ ПРОТИВНИКА
💥 За попередніми даним",2026-09-10T09:18:34.317066+00:00
2025-08-20,2,kpszsu,official,drone_tracks,kyiv_obl,6.0,40735,"🛸 На північному сході Київської області - ворожий  БпЛА.
⚡  Залучено засоби для їх збиття.",2026-09-10T09:18:34.317066+00:00
2025-08-20,2,kpszsu,official,missile_tracks,kyiv_obl,1.0,40762,Ракета на Київщині курс західний,2026-09-10T09:18:34.317066+00:00
2025-08-21,1,kpszsu,official,attacked,kyiv,1.0,,є повідомлення супроводу цілей на Київ,2026-09-10T09:18:34.317066+00:00
2025-08-21,1,kpszsu,official,drone_tracks,kyiv,4.0,40816,🛵Київ та Обухівський район - загроза ударного БпЛА.,2026-09-10T09:18:34.317066+00:00
2025-08-21,1,kpszsu,official,drones_launched,ua,55.0,,2 серпня (із 22.30 21 серпня) противник атакував 55-ма ударними БпЛА типу Shahed і безпілотниками-імітаторам,2026-09-10T09:18:34.317066+00:00
2025-08-21,1,kpszsu,official,impact_locations,ua,4.0,,"а півночі та сході країни.

Зафіксовано влучання 9 ударних БпЛА на 4 локаціях.

✊ Тримаймо небо!
🇺🇦 Разом – до пере",2026-09-10T09:18:34.317066+00:00
2025-08-21,1,kpszsu,official,targets_downed,ua,46.0,,"⚡️ЗБИТО/ПОДАВЛЕНО 46 ВОРОЖИХ БПЛА
💥 За попередніми даними, с",2026-09-10T09:18:34.317066+00:00
2025-08-21,2,kpszsu,official,drone_tracks,kyiv_obl,4.0,40815,"🛵 Броварський, Бориспільський райони - загроза ударного БпЛА.",2026-09-10T09:18:34.317066+00:00
2025-08-22,1,kpszsu,official,attacked,kyiv,1.0,,є повідомлення супроводу цілей на Київ,2026-09-10T09:18:34.317066+00:00
2025-08-22,1,kpszsu,official,drone_tracks,kyiv,1.0,40911,Ворожий БпЛА повз Бровари у напрямку Києва!,2026-09-10T09:18:34.317066+00:00
2025-08-22,1,kpszsu,official,drones_launched,ua,49.0,,3 серпня (із 22.40 22 серпня) противник атакував 49 ударними БпЛА типу Shahed і безпілотниками-імітаторам,2026-09-10T09:18:34.317066+00:00
2025-08-22,1,kpszsu,official,targets_downed,ua,36.0,,"⚡️ ЗБИТО/ПОДАВЛЕНО 36 ВОРОЖИХ БПЛА
💥 За попередніми даними, с",2026-09-10T09:18:34.317066+00:00
2025-08-22,2,kpszsu,official,drone_tracks,kyiv_obl,6.0,40887,"🛸 На сході Київщини ворожий БпЛА.
Не ігноруйте сигнал повітряної тривоги,",2026-09-10T09:18:34.317066+00:00
2025-08-23,1,kpszsu,official,attacked,kyiv,0.0,,"канал вів повітряну обстановку (28 повідомлень з 47), жодного супроводу на Київ, тривог у місті менше 3 годин",2026-09-10T09:18:34.317066+00:00
2025-08-23,1,kpszsu,official,drones_launched,ua,72.0,,"р-М із району Тагангорога - рф, а також 72 ударними БпЛА типу Shahed і безпілотниками-імітаторам",2026-09-10T09:18:34.317066+00:00
2025-08-23,1,kpszsu,official,impact_locations,ua,10.0,,"і, сході та півдні країни.

Зафіксовано влучання ракети та 24 БпЛА на 10 локаціях.

✊ Тримаймо небо!
🇺🇦 Разом – до пере",2026-09-10T09:18:34.317066+00:00
2025-08-23,1,kpszsu,official,targets_downed,ua,48.0,,"⚡️ ЗБИТО/ПОДАВЛЕНО 48 ВОРОЖИХ БПЛА
💥 За попередніми даними, с",2026-09-10T09:18:34.317066+00:00
2025-08-23,2,kpszsu,official,drone_tracks,kyiv_obl,1.0,40926,"🛵 Ворожий БпЛА з Чернігівщини заходить у Броварський р-н., Київської області.",2026-09-10T09:18:34.317066+00:00
2025-08-24,1,kpszsu,official,attacked,kyiv,0.0,,"канал вів повітряну обстановку (22 повідомлень з 43), жодного супроводу на Київ, тривог у місті менше 3 годин",2026-09-10T09:18:34.317066+00:00
2025-08-24,1,kpszsu,official,drones_launched,ua,104.0,,5 серпня (із 19.00 24 серпня) противник 104-ма ударними БпЛА типу Shahed і безпілотниками-імітаторам,2026-09-10T09:18:34.317066+00:00
2025-08-24,1,kpszsu,official,impact_locations,ua,15.0,,"а півночі та сході країни.

Зафіксовано влучання 28 БпЛА на 15 локаціях, падіння збитих (уламки) на 4 локація",2026-09-10T09:18:34.317066+00:00
2025-08-24,1,kpszsu,official,targets_downed,ua,76.0,,"⚡️ ЗБИТО/ПОДАВЛЕНО 76 ВОРОЖИХ БПЛА
💥 За попередніми даними, с",2026-09-10T09:18:34.317066+00:00
2025-08-25,1,kpszsu,official,attacked,kyiv,0.0,,"канал вів повітряну обстановку (15 повідомлень з 41), жодного супроводу на Київ, тривог у місті менше 3 годин",2026-09-10T09:18:34.317066+00:00
2025-08-25,1,kpszsu,official,drones_launched,ua,59.0,,6 серпня (із 19.00 25 серпня) противник 59-ма ударними БпЛА типу Shahed і безпілотниками-імітаторам,2026-09-10T09:18:34.317066+00:00
2025-08-25,1,kpszsu,official,impact_locations,ua,9.0,,"а півночі та сході країни.

Зафіксовано влучання 12 БпЛА на 9 локаціях.

✊ Тримаймо небо!
🇺🇦 Разом – до пере",2026-09-10T09:18:34.317066+00:00
2025-08-25,1,kpszsu,official,targets_downed,ua,47.0,,"⚡️ ЗБИТО/ПОДАВЛЕНО 47 ВОРОЖИХ БПЛА
💥 За попередніми даними, с",2026-09-10T09:18:34.317066+00:00
2025-08-26,1,kpszsu,official,attacked,kyiv,0.0,,"канал вів повітряну обстановку (15 повідомлень з 35), жодного супроводу на Київ, тривог у місті менше 3 годин",2026-09-10T09:18:34.317066+00:00
2025-08-26,1,kpszsu,official,drones_launched,ua,95.0,,7 серпня (із 20.30 26 серпня) противник атакував 95-ма ударними БпЛА типу Shahed і безпілотниками-імітаторам,2026-09-10T09:18:34.317066+00:00
2025-08-26,1,kpszsu,official,impact_locations,ua,9.0,,"і, півдні та сході країни.

Зафіксовано влучання 21 БпЛА на 9 локаціях.

✊ Тримаймо небо!
🇺🇦 Разом – до пере",2026-09-10T09:18:34.317066+00:00
2025-08-26,1,kpszsu,official,targets_downed,ua,74.0,,"⚡️ ЗБИТО/ПОДАВЛЕНО 74 ВОРОЖІ БПЛА
💥 За попередніми даними, ст",2026-09-10T09:18:34.317066+00:00
2025-08-27,1,kpszsu,official,attacked,kyiv,1.0,,є повідомлення супроводу цілей на Київ,2026-09-10T09:18:34.317066+00:00
2025-08-27,1,kpszsu,official,drone_tracks,kyiv,11.0,41107,БпЛА повз Бровари у напрямку Києва!,2026-09-10T09:18:34.317066+00:00
2025-08-27,1,kpszsu,official,drones_launched,ua,598.0,,"ом – 629 засобів повітряного нападу:

- 598 ударних БпЛА типу Shahed і безпілотниками-імітаторам",2026-09-10T09:18:34.317066+00:00
2025-08-27,1,kpszsu,official,impact_locations,ua,13.0,,"- 18 крилатих ракет Х-101.

Зафіксовано влучання ракет та ударних БпЛА на 13 локаціях, падіння збитих (уламки) на 26 локаці",2026-09-10T09:18:34.317066+00:00
2025-08-27,1,kpszsu,official,targets_downed,ua,589.0,,"⚡️ ЗБИТО/ПОДАВЛЕНО 589 ЦІЛЕЙ ПРОТИВНИКА
💥 За попередніми даним",2026-09-10T09:18:34.317066+00:00
2025-08-27,2,kpszsu,official,drone_tracks,kyiv_obl,14.0,41102,"🛵 Рух ударних БпЛА:
1. Групи БпЛА на Чернігівщині у південно-західному напрямку.
2. БпЛА на півночі Київщини курсом на захід.
3. Групи БпЛА з Сумщини на Чернігівщину та Полтавщину.
4. Декілька груп Бп",2026-09-10T09:18:34.317066+00:00
2025-08-28,1,kpszsu,official,attacked,kyiv,1.0,,є повідомлення супроводу цілей на Київ,2026-09-10T09:18:34.317066+00:00
2025-08-28,1,kpszsu,official,drone_tracks,kyiv,2.0,41207,🛵 БПЛА ➡️ курсом на Бровари/Київ.,2026-09-10T09:18:34.317066+00:00
2025-08-28,1,kpszsu,official,drones_launched,ua,68.0,,9 серпня (із 20.00 28 серпня) противник атакував 68-ма ударними БпЛА типу Shahed і безпілотниками-імітаторам,2026-09-10T09:18:34.317066+00:00
2025-08-28,1,kpszsu,official,impact_locations,ua,9.0,,"а півночі та сході країни.

Зафіксовано влучання 22 БпЛА на 9 локаціях на Донеччині та Дніпропетровщині.

✊ ",2026-09-10T09:18:34.317066+00:00
2025-08-28,1,kpszsu,official,targets_downed,ua,46.0,,"⚡️ ЗБИТО/ПОДАВЛЕНО 46 ВОРОЖИХ БПЛА
💥 За попередніми даними, с",2026-09-10T09:18:34.317066+00:00
2025-08-28,2,kpszsu,official,drone_tracks,kyiv_obl,2.0,41213,Київщина: ворожий БПЛА ➡️ в районі Броварів.,2026-09-10T09:18:34.317066+00:00
2025-08-29,1,kpszsu,official,attacked,kyiv,1.0,,є повідомлення супроводу цілей на Київ,2026-09-10T09:18:34.317066+00:00
2025-08-29,1,kpszsu,official,drone_tracks,kyiv,5.0,41281,"⚠Увага!
🛵 Київ - загроза застосування ворогом ударних БпЛА з півночі! Під час тривоги перебувайте в безпечних місцях.",2026-09-10T09:18:34.317066+00:00
2025-08-29,1,kpszsu,official,drones_launched,ua,537.0,,"овід 582 засобів повітряного нападу:

- 537 ударних БпЛА типу Shahed і безпілотників-імітаторів ",2026-09-10T09:18:34.317066+00:00
2025-08-29,1,kpszsu,official,impact_locations,ua,7.0,," Калібр, Іскандер-К, Х-59.

Зафіксовано влучання 5 ракет та 24 ударних БпЛА на 7 локаціях, падіння збитих (уламки) на 21 локаці",2026-09-10T09:18:34.317066+00:00
2025-08-29,1,kpszsu,official,targets_downed,ua,548.0,,"⚡️ ЗБИТО/ПОДАВЛЕНО 548 ЦІЛЕЙ ПРОТИВНИКА
💥 За попередніми даним",2026-09-10T09:18:34.317066+00:00
2025-08-29,2,kpszsu,official,drone_tracks,kyiv_obl,8.0,41274,🛵 Київська  область (Обухівський та Бориспольський р-ни) - загроза застосування ворогом ударних БпЛА,2026-09-10T09:18:34.317066+00:00
2025-08-30,1,kpszsu,official,attacked,kyiv,0.0,,"канал вів повітряну обстановку (40 повідомлень з 59), жодного супроводу на Київ, тривог у місті менше 3 годин",2026-09-10T09:18:34.317066+00:00
2025-08-30,1,kpszsu,official,drones_launched,ua,142.0,,1 серпня (із 21.00 30 серпня) противник атакував 142-ма ударними БпЛА типу Shahed і безпілотниками-імітаторам,2026-09-10T09:18:34.317066+00:00
2025-08-30,1,kpszsu,official,impact_locations,ua,10.0,,"і, півдні та сході країни.

Зафіксовано влучання 16 ударних БпЛА на 10 локаціях, падіння збитих (уламки) на 6 локація",2026-09-10T09:18:34.317066+00:00
2025-08-30,1,kpszsu,official,targets_downed,ua,126.0,,"⚡️ЗБИТО/ПОДАВЛЕНО 126 ВОРОЖИХ БПЛА
💥 За попередніми даними, с",2026-09-10T09:18:34.317066+00:00
2025-08-31,1,kpszsu,official,attacked,kyiv,0.0,,"канал вів повітряну обстановку (20 повідомлень з 31), жодного супроводу на Київ, тривог у місті менше 3 годин",2026-09-10T09:18:34.317066+00:00
2025-08-31,1,kpszsu,official,drones_launched,ua,86.0,, вересня (із 20.30 31 серпня) противник атакував 86-ма ударними БпЛА типу Shahed і безпілотниками-імітаторам,2026-09-10T09:18:34.317066+00:00
2025-08-31,1,kpszsu,official,impact_locations,ua,6.0,," сході та в центрі країни.

Зафіксовано влучання 10 ударних БпЛА на 6 локаціях.

✊ Тримаймо небо!
🇺🇦 Разом – до пере",2026-09-10T09:18:34.317066+00:00
2025-08-31,1,kpszsu,official,targets_downed,ua,6346.0,,"ку протиповітряною обороною Cил оборони знищено 6346 повітряних цілей:
💥 У серпні 2025 року ",2026-09-10T09:18:34.317066+00:00
2025-08-31,2,kpszsu,official,drone_tracks,kyiv_obl,5.0,41416,"🛵 ударні БпЛА на Чернігівщині ➡️ курсом на Київщину.
🛵 ворожі БпЛА на Сумщині ➡️ курсом на Чернігівщину та Полтавщину.",2026-09-10T09:18:34.317066+00:00
2025-09-01,1,kpszsu,official,attacked,kyiv,1.0,,є повідомлення супроводу цілей на Київ,2026-09-10T09:18:34.317066+00:00
2025-09-01,1,kpszsu,official,drone_tracks,kyiv,2.0,41481,🛵 м. Київ - загроза застосування ударних БпЛА.,2026-09-10T09:18:34.317066+00:00
2025-09-01,1,kpszsu,official,drones_launched,ua,53.0,,"аку з північного напрямку, застосувавши 53 ударних БпЛА типу Shahed і безпілотників-імітаторів ",2026-09-10T09:18:34.317066+00:00
2025-09-01,1,kpszsu,official,impact_locations,ua,9.0,," сході та в центрі країни.

Зафіксовано влучання 30 ударних БпЛА на 9 локаціях, а також падіння збитих (уламки) на 5",2026-09-10T09:18:34.317066+00:00
2025-09-01,1,kpszsu,official,targets_downed,ua,48.0,,"⚡️ЗБИТО/ПОДАВЛЕНО 48 ВОРОЖИХ БПЛА
Станом на 16.00 протиповіт",2026-09-10T09:18:34.317066+00:00
2025-09-01,2,kpszsu,official,drone_tracks,kyiv_obl,11.0,41451,🛵 Київщина(Броварський район) - загроза застосування ударних БпЛА.,2026-09-10T09:18:34.317066+00:00
2025-09-02,1,kpszsu,official,attacked,kyiv,1.0,,є повідомлення супроводу цілей на Київ,2026-09-10T09:18:34.317066+00:00
2025-09-02,1,kpszsu,official,drone_tracks,kyiv,4.0,41492,🛵 БпЛА ➡️ з півночі на Київ.,2026-09-10T09:18:34.317066+00:00
2025-09-02,1,kpszsu,official,drones_launched,ua,502.0,,"овід 526 засобів повітряного нападу:

- 502 ударних БпЛА типу Shahed і безпілотників-імітаторів ",2026-09-10T09:18:34.317066+00:00
2025-09-02,1,kpszsu,official,impact_locations,ua,14.0,,"
- 7 крилатих ракет Х-101.

Зафіксовано влучання 3 ракет та 69 ударних БпЛА на 14 локаціях, падіння збитих (уламки) на 14 локаці",2026-09-10T09:18:34.317066+00:00
2025-09-02,1,kpszsu,official,targets_downed,ua,451.0,,"⚡️ ЗБИТО/ПОДАВЛЕНО 451 ЦІЛЬ ПРОТИВНИКА
💥 За попередніми даними",2026-09-10T09:18:34.317066+00:00
2025-09-02,2,kpszsu,official,drone_tracks,kyiv_obl,4.0,41498,🛵 Біла Церква - загроза застосування ворогом ударних БпЛА.,2026-09-10T09:18:34.317066+00:00
2025-09-02,2,kpszsu,official,missile_tracks,kyiv_obl,1.0,41572,Група ракет ➡️ через Погребище! Курс ➡️ західний.,2026-09-10T09:18:34.317066+00:00
2025-09-03,1,kpszsu,official,attacked,kyiv,1.0,,є повідомлення супроводу цілей на Київ,2026-09-10T09:18:34.317066+00:00
2025-09-03,1,kpszsu,official,drone_tracks,kyiv,1.0,41632,🛵Київ - загроза застосування ворогом ударних БпЛА.,2026-09-10T09:18:34.317066+00:00
2025-09-03,1,kpszsu,official,drones_launched,ua,112.0,, вересня (із 19.30 3 вересня) противник атакував 112-ма ударними БпЛА типу Shahed і безпілотниками-імітаторам,2026-09-10T09:18:34.317066+00:00
2025-09-03,1,kpszsu,official,impact_locations,ua,17.0,,"і, півдні та сході країни.

Зафіксовано влучання 28 ударних БпЛА на 17 локаціях, а також падіння збитих (уламки) на 5",2026-09-10T09:18:34.317066+00:00
2025-09-03,1,kpszsu,official,targets_downed,ua,84.0,,"⚡️ЗБИТО/ПОДАВЛЕНО 84 ВОРОЖИХ БПЛА
💥 За попередніми даними, с",2026-09-10T09:18:34.317066+00:00
2025-09-03,2,kpszsu,official,drone_tracks,kyiv_obl,4.0,41595,🛸 🛵 Група ворожих БпЛА з Чернігівщини курсом на Вишгородський район Київщини.,2026-09-10T09:18:34.317066+00:00
2025-09-04,1,kpszsu,official,attacked,kyiv,0.0,,"канал вів повітряну обстановку (42 повідомлень з 67), жодного супроводу на Київ, тривог у місті менше 3 годин",2026-09-10T09:18:34.317066+00:00
2025-09-04,1,kpszsu,official,drones_launched,ua,157.0,, вересня (із 18.00 4 вересня) противник атакував 157-ма ударними БпЛА типу Shahed і безпілотниками-імітаторам,2026-09-10T09:18:34.317066+00:00
2025-09-04,1,kpszsu,official,impact_locations,ua,10.0,,"а півночі та сході країни.

Зафіксовано влучання 7 ракет та 35 ударних БпЛА на 10 локаціях.
Ще один ворожий БпЛА – в повітрі.

✊",2026-09-10T09:18:34.317066+00:00
2025-09-04,1,kpszsu,official,targets_downed,ua,121.0,,"⚡️ЗБИТО/ПОДАВЛЕНО 121 ВОРОЖИЙ БПЛА
💥 За попередніми даними, с",2026-09-10T09:18:34.317066+00:00
2025-09-04,2,kpszsu,official,drone_tracks,kyiv_obl,2.0,41655,🛵 Київська область (Вишгородський р-н)  - загроза застосування ворогом ударних БпЛА.,2026-09-10T09:18:34.317066+00:00
2025-09-05,1,kpszsu,official,attacked,kyiv,1.0,,є повідомлення супроводу цілей на Київ,2026-09-10T09:18:34.317066+00:00
2025-09-05,1,kpszsu,official,drone_tracks,kyiv,2.0,41724,🛵 БпЛА в напрямку Києва з північного напрямку!,2026-09-10T09:18:34.317066+00:00
2025-09-05,1,kpszsu,official,drones_launched,ua,91.0,, вересня (із 18.00 5 вересня) противник атакував 91-ма ударним БпЛА типу Shahed і безпілотниками-імітаторам,2026-09-10T09:18:34.317066+00:00
2025-09-05,1,kpszsu,official,impact_locations,ua,8.0,,"а півночі та сході країни.

Зафіксовано влучання 18 ударних БпЛА на 8 локаціях, падіння збитих (уламки) на 4 локація",2026-09-10T09:18:34.317066+00:00
2025-09-05,1,kpszsu,official,targets_downed,ua,68.0,,"⚡️ЗБИТО/ПОДАВЛЕНО 68 ВОРОЖИХ БПЛА
💥 За попередніми даними, с",2026-09-10T09:18:34.317066+00:00
2025-09-05,2,kpszsu,official,drone_tracks,kyiv_obl,7.0,41708,"БпЛА на межі Чернігівщини та Київщини, курс західний.",2026-09-10T09:18:34.317066+00:00
2025-09-06,1,kpszsu,official,attacked,kyiv,1.0,,є повідомлення супроводу цілей на Київ,2026-09-10T09:18:34.317066+00:00
2025-09-06,1,kpszsu,official,drone_tracks,kyiv,2.0,41771,"🛵 Київ - ворожий БпЛА в районі Броварів ➡️ в напрямку міста.
🛵 ударні БпЛА на Сумщині ➡️ курсом на Чернігівщину.
🛵 ворожі БпЛА на Чернігівщині ➡️ в напрямку Київщини.
🛵 Група ударних БпЛА на Київщині ",2026-09-10T09:18:34.317066+00:00
2025-09-06,1,kpszsu,official,drones_launched,ua,810.0,,"ровід 823 засоби повітряного нападу:

- 810 ударних БпЛА типу Shahed і безпілотників-імітаторів ",2026-09-10T09:18:34.317066+00:00
2025-09-06,1,kpszsu,official,impact_locations,ua,33.0,,"крилаті ракети Іскандер-К.

Зафіксовано влучання 9 ракет та 54 ударних БпЛА на 33 локаціях, падіння збитих (уламки) на 8 локація",2026-09-10T09:18:34.317066+00:00
2025-09-06,1,kpszsu,official,targets_downed,ua,751.0,,"⚡️ ЗБИТО/ПОДАВЛЕНО 751 ЦІЛЬ ПРОТИВНИКА
💥 За попередніми даними",2026-09-10T09:18:34.317066+00:00
2025-09-06,2,kpszsu,official,drone_tracks,kyiv_obl,6.0,41770,"🛵 Група ворожих БпЛА на півночі Чернігівщини ➡️ курсом на Київщину.
🛵 ворожі БпЛА на півночі Київщини ➡️ курс західний.",2026-09-10T09:18:34.317066+00:00
2025-09-07,1,kpszsu,official,attacked,kyiv,1.0,,є повідомлення супроводу цілей на Київ,2026-09-10T09:18:34.317066+00:00
2025-09-07,1,kpszsu,official,drone_tracks,kyiv,3.0,41818,🛵 Ударний БпЛА з півдня у напрямку Києва!,2026-09-10T09:18:34.317066+00:00
2025-09-07,1,kpszsu,official,drones_launched,ua,142.0,," вересня (із 22.00 7 вересня) противник атакував 142-ма ударними БпЛА типу Shahed, Гербера та безпілотниками ",2026-09-10T09:18:34.317066+00:00
2025-09-07,1,kpszsu,official,impact_locations,ua,7.0,," сході та в центрі країни.

Зафіксовано влучання 26 ударних БпЛА на 7 локаціях, падіння збитих (уламки) на 1 локації",2026-09-10T09:18:34.317066+00:00
2025-09-07,1,kpszsu,official,targets_downed,ua,112.0,,"⚡️ЗБИТО/ПОДАВЛЕНО 112 ВОРОЖИХ БПЛА
💥 За попередніми даними, с",2026-09-10T09:18:34.317066+00:00
2025-09-07,2,kpszsu,official,drone_tracks,kyiv_obl,14.0,41815,"🛵 БпЛА з Чернігівщини на Київщину (Броварський, Бориспільський райони).",2026-09-10T09:18:34.317066+00:00
2025-09-08,1,kpszsu,official,attacked,kyiv,0.0,,"канал вів повітряну обстановку (45 повідомлень з 84), жодного супроводу на Київ, тривог у місті менше 3 годин",2026-09-10T09:18:34.317066+00:00
2025-09-08,1,kpszsu,official,drones_launched,ua,84.0,," вересня (із 19.00 8 вересня) противник атакував 84-ма ударними БпЛА типу Shahed, Гербера та безпілотниками ",2026-09-10T09:18:34.317066+00:00
2025-09-08,1,kpszsu,official,impact_locations,ua,10.0,,"і, півдні та сході країни.

Зафіксовано влучання 23 ударних БпЛА на 10 локаціях.

✊ Тримаймо небо!
🇺🇦 Разом – до пере",2026-09-10T09:18:34.317066+00:00
2025-09-08,1,kpszsu,official,targets_downed,ua,60.0,,"⚡️ЗБИТО/ПОДАВЛЕНО 60 ВОРОЖИХ БПЛА
💥 За попередніми даними, с",2026-09-10T09:18:34.317066+00:00
2025-09-08,2,kpszsu,official,drone_tracks,kyiv_obl,6.0,41891,🛵 Група ворожих БпЛА з Чернігівщини курсом на Київщину.,2026-09-10T09:18:34.317066+00:00
2025-09-09,1,kpszsu,official,attacked,kyiv,1.0,,є повідомлення супроводу цілей на Київ,2026-09-10T09:18:34.317066+00:00
2025-09-09,1,kpszsu,official,drone_tracks,kyiv,7.0,42003,🛵 Київ та Рівненщина - загроза застосування ворогом ударних БпЛА.,2026-09-10T09:18:34.317066+00:00
2025-09-09,1,kpszsu,official,drones_launched,ua,415.0,,"овід 458 засобів повітряного нападу:

- 415 ударних БпЛА типу Shahed, Гербера та дронів інших ти",2026-09-10T09:18:34.317066+00:00
2025-09-09,1,kpszsu,official,impact_locations,ua,17.0,,"алібр/Х-59(69).

Попередньо зафіксовано влучання 16 ракет та 21 ударного БпЛА на 17 локаціях.

❗️Щонайменше вісім ворожих БпЛА вий",2026-09-10T09:18:34.317066+00:00
2025-09-09,1,kpszsu,official,missile_tracks,kyiv,1.0,42067,"🚀Крилата ракета в напрямку Києва , перебувайте в укриттях!",2026-09-10T09:18:34.317066+00:00
2025-09-09,1,kpszsu,official,targets_downed,ua,413.0,,"⚡️ ЗБИТО/ПОДАВЛЕНО 413 ЦІЛЕЙ ПРОТИВНИКА
💥 За попередніми даним",2026-09-10T09:18:34.317066+00:00
2025-09-09,2,kpszsu,official,drone_tracks,kyiv_obl,15.0,41967,🛵 Вишгородський р-н Київська обл.- загроза застосування ворогом ударних БпЛА.,2026-09-10T09:18:34.317066+00:00
2025-09-09,2,kpszsu,official,missile_tracks,kyiv_obl,2.0,42062,"🚀Крилаті ракети на Чернігівщині, курсом на південь, на Київщину.",2026-09-10T09:18:34.317066+00:00
2025-09-10,1,kpszsu,official,attacked,kyiv,1.0,,є повідомлення супроводу цілей на Київ,2026-09-10T09:18:34.317066+00:00
2025-09-10,1,kpszsu,official,drone_tracks,kyiv,1.0,42101,БпЛА ➡️ в напрямку Броварів/Києва!,2026-09-10T09:18:34.317066+00:00
2025-09-10,1,kpszsu,official,drones_launched,ua,66.0,,"вересня (із 21.00 10 вересня) противник атакував 66-ма ударними БпЛА типу Shahed, Гербера та безпілотниками ",2026-09-10T09:18:34.317066+00:00
2025-09-10,1,kpszsu,official,impact_locations,ua,3.0,,"і, півдні та сході країни.

Зафіксовано влучання 4 ударних БпЛА на 3 локаціях.

✊ Тримаймо небо!
🇺🇦 Разом – до пере",2026-09-10T09:18:34.317066+00:00
2025-09-10,1,kpszsu,official,targets_downed,ua,62.0,,"⚡️ЗБИТО/ПОДАВЛЕНО 62 ВОРОЖІ БПЛА
💥 За попередніми даними, ст",2026-09-10T09:18:34.317066+00:00
2025-09-10,2,kpszsu,official,drone_tracks,kyiv_obl,3.0,42102,БпЛА ➡️ повз Бориспіль!,2026-09-10T09:18:34.317066+00:00
2025-09-11,1,kpszsu,official,attacked,kyiv,0.0,,"канал вів повітряну обстановку (25 повідомлень з 50), жодного супроводу на Київ, тривог у місті менше 3 годин",2026-09-10T09:18:34.317066+00:00
2025-09-11,1,kpszsu,official,drones_launched,ua,40.0,,"вересня (із 22.00 11 вересня) противник атакував 40 ударними БпЛА типу Shahed, Гербера та безпілотниками ",2026-09-10T09:18:34.317066+00:00
2025-09-11,1,kpszsu,official,impact_locations,ua,3.0,," сході та в центрі країни.

Зафіксовано влучання 6 ударних БпЛА на 3 локаціях.

✊ Тримаймо небо!
🇺🇦 Разом – до пере",2026-09-10T09:18:34.317066+00:00
2025-09-11,1,kpszsu,official,targets_downed,ua,33.0,,"⚡️ЗБИТО/ПОДАВЛЕНО 33 ВОРОЖІ БПЛА
💥 За попередніми даними, ст",2026-09-10T09:18:34.317066+00:00
2025-09-11,2,kpszsu,official,drone_tracks,kyiv_obl,2.0,42191,"🛵 Ворожий БпЛА на Київщині (Вишгородський та Бучанський  р-ни.), курс західний.",2026-09-10T09:18:34.317066+00:00
2025-09-12,1,kpszsu,official,attacked,kyiv,0.0,,"канал вів повітряну обстановку (21 повідомлень з 39), жодного супроводу на Київ, тривог у місті менше 3 годин",2026-09-10T09:18:34.317066+00:00
2025-09-12,1,kpszsu,official,drones_launched,ua,164.0,,"алістичною ракетою Іскандер-М/KN-23, та 164-ма ударними БпЛА типу Shahed, Гербера і безпілотниками і",2026-09-10T09:18:34.317066+00:00
2025-09-12,1,kpszsu,official,impact_locations,ua,9.0,," сході та в центрі країни.

Зафіксовано влучання ракети та 27 ударних БпЛА на 9 локаціях, а також падіння збитих (уламки) на 3",2026-09-10T09:18:34.317066+00:00
2025-09-12,1,kpszsu,official,targets_downed,ua,137.0,,"⚡️ЗБИТО/ПОДАВЛЕНО 137 ВОРОЖИХ БПЛА
💥 За попередніми даними, с",2026-09-10T09:18:34.317066+00:00
2025-09-12,2,kpszsu,official,drone_tracks,kyiv_obl,3.0,42218,Ворожі БпЛА на Чернігівщині ➡️ курсом на Київщину (Вишгородський р-н),2026-09-10T09:18:34.317066+00:00
2025-09-13,1,kpszsu,official,attacked,kyiv,1.0,,є повідомлення супроводу цілей на Київ,2026-09-10T09:18:34.317066+00:00
2025-09-13,1,kpszsu,official,drone_tracks,kyiv,1.0,42253,"⚠ Увага!
Київ - в районі міста ворожі БпЛА.
Перебувайте в укриттях!",2026-09-10T09:18:34.317066+00:00
2025-09-13,1,kpszsu,official,drones_launched,ua,58.0,,"алістичною ракетою Іскандер-М/KN-23, та 58-ма ударними БпЛА типу Shahed, Гербера і безпілотниками і",2026-09-10T09:18:34.317066+00:00
2025-09-13,1,kpszsu,official,impact_locations,ua,3.0,," сході та в центрі країни.

Зафіксовано влучання ракети та 6 ударних БпЛА на 3 локаціях, а також падіння збитих (уламки) на 2",2026-09-10T09:18:34.317066+00:00
2025-09-13,1,kpszsu,official,targets_downed,ua,52.0,,"⚡️ЗБИТО/ПОДАВЛЕНО 52 ВОРОЖІ БПЛА
💥 За попередніми даними, ст",2026-09-10T09:18:34.317066+00:00
2025-09-13,2,kpszsu,official,drone_tracks,kyiv_obl,2.0,42250,Ворожий БпЛА на сході Київщини ➡️ курсом на захід.,2026-09-10T09:18:34.317066+00:00
2025-09-14,1,kpszsu,official,attacked,kyiv,1.0,,є повідомлення супроводу цілей на Київ,2026-09-10T09:18:34.317066+00:00
2025-09-14,1,kpszsu,official,drone_tracks,kyiv,1.0,42318,🛵 БпЛА в напрямку Києва з північно-східного напрямку,2026-09-10T09:18:34.317066+00:00
2025-09-14,1,kpszsu,official,drones_launched,ua,84.0,," Курської та Бєлгородської обл. -рф. та 84-ма ударними БпЛА типу Shahed, Гербера і безпілотниками і",2026-09-10T09:18:34.317066+00:00
2025-09-14,1,kpszsu,official,impact_locations,ua,13.0,,"і, півдні та сході країни.

Зафіксовано влучання ракет та 25 ударних БпЛА на 13 локаціях.

❗️Ворог продовжує атаку безпілотник",2026-09-10T09:18:34.317066+00:00
2025-09-14,1,kpszsu,official,targets_downed,ua,59.0,,"⚡️ЗБИТО/ПОДАВЛЕНО 59 ВОРОЖИХ БПЛА
💥 За попередніми даними, с",2026-09-10T09:18:34.317066+00:00
2025-09-14,2,kpszsu,official,drone_tracks,kyiv_obl,1.0,42317,"🛵 БпЛА з Чернігівщини, курсом на Київщину",2026-09-10T09:18:34.317066+00:00
2025-09-15,1,kpszsu,official,attacked,kyiv,1.0,,є повідомлення супроводу цілей на Київ,2026-09-10T09:18:34.317066+00:00
2025-09-15,1,kpszsu,official,drone_tracks,kyiv,2.0,42413,🛵 БпЛА з півдня курсом на м.Київ,2026-09-10T09:18:34.317066+00:00
2025-09-15,1,kpszsu,official,drones_launched,ua,113.0,,"вересня (із 20.00 15 вересня) противник атакував 113-ма ударними БпЛА типу Shahed, Гербера і безпілотниками і",2026-09-10T09:18:34.317066+00:00
2025-09-15,1,kpszsu,official,impact_locations,ua,6.0,," сході та в центрі країни.

Зафіксовано влучання 22 ударних БпЛА на 6 локаціях, падіння збитих (уламки) на двох лока",2026-09-10T09:18:34.317066+00:00
2025-09-15,1,kpszsu,official,targets_downed,ua,89.0,,"⚡️ ЗБИТО/ПОДАВЛЕНО 89 ВОРОЖИХ БПЛА
💥 За попередніми даними, с",2026-09-10T09:18:34.317066+00:00
2025-09-15,2,kpszsu,official,drone_tracks,kyiv_obl,8.0,42402,"🛵 БпЛА на Черкащині, повз Звенигородку курсом на Київщину.",2026-09-10T09:18:34.317066+00:00
2025-09-16,1,kpszsu,official,attacked,kyiv,0.0,,"канал вів повітряну обстановку (25 повідомлень з 46), жодного супроводу на Київ, тривог у місті менше 3 годин",2026-09-10T09:18:34.317066+00:00
2025-09-16,1,kpszsu,official,drones_launched,ua,172.0,," С-300 із Ростовської та Курської обл., 172-ма ударними БпЛА типу Shahed, Гербера і безпілотниками і",2026-09-10T09:18:34.317066+00:00
2025-09-16,1,kpszsu,official,impact_locations,ua,13.0,,"і, півдні та сході країни.

Зафіксовано влучання ракет та 36 ударних БпЛА на 13 локаціях.

✊ Тримаймо небо!
🇺🇦 Разом – до пере",2026-09-10T09:18:34.317066+00:00
2025-09-16,1,kpszsu,official,targets_downed,ua,136.0,,"⚡️ЗБИТО/ПОДАВЛЕНО 136 ВОРОЖИХ БПЛА
💥 За попередніми даними, с",2026-09-10T09:18:34.317066+00:00
2025-09-17,1,kpszsu,official,attacked,kyiv,1.0,,є повідомлення супроводу цілей на Київ,2026-09-10T09:18:34.317066+00:00
2025-09-17,1,kpszsu,official,drone_tracks,kyiv,1.0,42559,🛵 БпЛА в напрямку Києва з півдня.,2026-09-10T09:18:34.317066+00:00
2025-09-17,1,kpszsu,official,drones_launched,ua,75.0,,"вересня (із 21.00 17 вересня) противник атакував 75-ма ударними БпЛА типу Shahed, Гербера і безпілотниками і",2026-09-10T09:18:34.317066+00:00
2025-09-17,1,kpszsu,official,impact_locations,ua,6.0,," ворожий БпЛА - в повітрі.

Зафіксовано влучання 26 ударних БпЛА на 6 локаціях.

✊ Тримаймо небо!
🇺🇦 Разом – до пере",2026-09-10T09:18:34.317066+00:00
2025-09-17,1,kpszsu,official,targets_downed,ua,48.0,,"⚡️ЗБИТО/ПОДАВЛЕНО 48 ВОРОЖИХ БПЛА
💥 За попередніми даними, с",2026-09-10T09:18:34.317066+00:00
2025-09-17,2,kpszsu,official,drone_tracks,kyiv_obl,3.0,42532,🛵 БпЛА з Черкащини продовжує рух на Київщину (курс - н.п. Яготин).,2026-09-10T09:18:34.317066+00:00
2025-09-18,1,kpszsu,official,attacked,kyiv,1.0,,є повідомлення супроводу цілей на Київ,2026-09-10T09:18:34.317066+00:00
2025-09-18,1,kpszsu,official,drone_tracks,kyiv,3.0,42589,🛵 Київ - БпЛА на околицях міста!,2026-09-10T09:18:34.317066+00:00
2025-09-18,1,kpszsu,official,drones_launched,ua,86.0,,"вересня (із 21.00 18 вересня) противник атакував 86-ма ударними БпЛА типу Shahed, Гербера і безпілотниками і",2026-09-10T09:18:34.317066+00:00
2025-09-18,1,kpszsu,official,impact_locations,ua,6.0,," сході та в центрі країни.

Зафіксовано влучання 15 ударних БпЛА на 6 локаціях, а також падіння збитих (уламки) на д",2026-09-10T09:18:34.317066+00:00
2025-09-18,1,kpszsu,official,targets_downed,ua,71.0,,"⚡️ЗБИТО/ПОДАВЛЕНО 71 ВОРОЖИЙ БПЛА
💥 За попередніми даними, с",2026-09-10T09:18:34.317066+00:00
2025-09-18,2,kpszsu,official,drone_tracks,kyiv_obl,6.0,42585,"🛵 Чернігівщина: БпЛА ➡️ курсом на Київщину.
🛵 нова група БпЛА на півночі Чернігівщини ➡️ в південно-західному напрямку.",2026-09-10T09:18:34.317066+00:00
2025-09-19,1,kpszsu,official,attacked,kyiv,1.0,,є повідомлення супроводу цілей на Київ,2026-09-10T09:18:34.317066+00:00
2025-09-19,1,kpszsu,official,drone_tracks,kyiv,7.0,42703,🛵 В напрямку столиці ворожий БпЛА. У разі оголошення тривоги перебувайте в укриттях!,2026-09-10T09:18:34.317066+00:00
2025-09-19,1,kpszsu,official,drones_launched,ua,579.0,,"овід 619 засобів повітряного нападу:

- 579 ударних БпЛА типу Shahed і безпілотників-імітаторів ",2026-09-10T09:18:34.317066+00:00
2025-09-19,1,kpszsu,official,impact_locations,ua,10.0,,"- 29 крилатих ракет Х-101.

Зафіксовано влучання балістичних, крилатих ракет та 23 ударних БпЛА на 10 локаціях, падіння збитих (уламки) на 10 локаці",2026-09-10T09:18:34.317066+00:00
2025-09-19,1,kpszsu,official,targets_downed,ua,583.0,,"⚡️ ЗБИТО/ПОДАВЛЕНО 583 ЦІЛІ ПРОТИВНИКА
💥 За попередніми даними",2026-09-10T09:18:34.317066+00:00
2025-09-19,2,kpszsu,official,drone_tracks,kyiv_obl,16.0,42640,🛵 Київщина (Вишгородський р-н) - БпЛА в південно-західному напрямку.,2026-09-10T09:18:34.317066+00:00
2025-09-19,2,kpszsu,official,missile_tracks,kyiv_obl,1.0,42730,"🚀 Крилаті ракети на півдні Київщини , курсом на захід  .",2026-09-10T09:18:34.317066+00:00
2025-09-20,1,kpszsu,official,attacked,kyiv,1.0,,є повідомлення супроводу цілей на Київ,2026-09-10T09:18:34.317066+00:00
2025-09-20,1,kpszsu,official,drone_tracks,kyiv,1.0,42772,🛵🛸 Ворожий БпЛА над Києвом. Можлива робота ППО. Перебувайте в укриттях!,2026-09-10T09:18:34.317066+00:00
2025-09-20,1,kpszsu,official,drones_launched,ua,54.0,,"вересня (із 20.00 20 вересня) противник атакував 54-ма ударними БпЛА типу Shahed, Гербера і безпілотниками і",2026-09-10T09:18:34.317066+00:00
2025-09-20,1,kpszsu,official,impact_locations,ua,8.0,," сході та в центрі країни.

Зафіксовано влучання 21 ударного БпЛА на 8 локаціях.

✊ Тримаймо небо!
🇺🇦 Разом – до пере",2026-09-10T09:18:34.317066+00:00
2025-09-20,1,kpszsu,official,targets_downed,ua,33.0,,"⚡️ ЗБИТО/ПОДАВЛЕНО 33 ВОРОЖІ БПЛА
💥 За попередніми даними, ст",2026-09-10T09:18:34.317066+00:00
2025-09-20,2,kpszsu,official,drone_tracks,kyiv_obl,4.0,42774,"Ворожий БпЛА на Київщині, вектор - н.п.Васильків.",2026-09-10T09:18:34.317066+00:00
2025-09-21,1,kpszsu,official,attacked,kyiv,1.0,,є повідомлення супроводу цілей на Київ,2026-09-10T09:18:34.317066+00:00
2025-09-21,1,kpszsu,official,drone_tracks,kyiv,1.0,42840,🛵БпЛА в напрямку Києва з північно-східного та східного напрямків.,2026-09-10T09:18:34.317066+00:00
2025-09-21,1,kpszsu,official,impact_locations,ua,7.0,," сході та в центрі країни.

Зафіксовано влучання 9 ударних БпЛА на 7 локаціях, а також падіння збитих (уламки) на 8",2026-09-10T09:18:34.317066+00:00
2025-09-21,1,kpszsu,official,targets_downed,ua,132.0,,"⚡️ ЗБИТО/ПОДАВЛЕНО 132 ВОРОЖІ БПЛА
💥 За попередніми даними, ст",2026-09-10T09:18:34.317066+00:00
2025-09-21,2,kpszsu,official,drone_tracks,kyiv_obl,3.0,42838,"🛵БпЛА з Черкащини, курсом на Київщину (Бориспільський район).",2026-09-10T09:18:34.317066+00:00
2025-09-22,1,kpszsu,official,attacked,kyiv,0.0,,"канал вів повітряну обстановку (22 повідомлень з 51), жодного супроводу на Київ, тривог у місті менше 3 годин",2026-09-10T09:18:34.317066+00:00
2025-09-22,1,kpszsu,official,drones_launched,ua,115.0,,"лістичними ракетами Іскандер-М/KN-23 та 115-ма ударними БпЛА типу Shahed, Гербера і безпілотниками і",2026-09-10T09:18:34.317066+00:00
2025-09-22,1,kpszsu,official,impact_locations,ua,6.0,,"і, півдні та сході країни.

Зафіксовано влучання ракет та 12 ударних БпЛА на 6 локаціях, а також падіння збитих (уламки) на 8",2026-09-10T09:18:34.317066+00:00
2025-09-22,1,kpszsu,official,targets_downed,ua,103.0,,"⚡️ ЗБИТО/ПОДАВЛЕНО 103 ВОРОЖІ БПЛА
💥 За попередніми даними, ст",2026-09-10T09:18:34.317066+00:00
2025-09-23,1,kpszsu,official,attacked,kyiv,1.0,,є повідомлення супроводу цілей на Київ,2026-09-10T09:18:34.317066+00:00
2025-09-23,1,kpszsu,official,drone_tracks,kyiv,1.0,42988,🛵 БпЛА курсом на Київ зі сходу.,2026-09-10T09:18:34.317066+00:00
2025-09-23,1,kpszsu,official,drones_launched,ua,152.0,,"вересня (із 18.00 23 вересня) противник атакував 152-ма ударними БпЛА типу Shahed, Гербера і безпілотниками і",2026-09-10T09:18:34.317066+00:00
2025-09-23,1,kpszsu,official,impact_locations,ua,7.0,," сході та в центрі країни.

Зафіксовано влучання 26 ударних БпЛА на 7 локаціях, а також падіння збитих (уламки) на 2",2026-09-10T09:18:34.317066+00:00
2025-09-23,1,kpszsu,official,targets_downed,ua,126.0,,"⚡️ ЗБИТО/ПОДАВЛЕНО 126 ВОРОЖИХ БПЛА
💥 За попередніми даними, с",2026-09-10T09:18:34.317066+00:00
2025-09-23,2,kpszsu,official,drone_tracks,kyiv_obl,1.0,43001,"🛵 Чернігівщина:  БпЛА повз Козелець ➡️ у напрямку Броварів. 
Група БпЛА ➡️ у передмісті Чернігова.",2026-09-10T09:18:34.317066+00:00
2025-09-24,1,kpszsu,official,attacked,kyiv,0.0,,"канал вів повітряну обстановку (46 повідомлень з 62), жодного супроводу на Київ, тривог у місті менше 3 годин",2026-09-10T09:18:34.317066+00:00
2025-09-24,1,kpszsu,official,drones_launched,ua,176.0,,"вересня (із 18.00 24 вересня) противник атакував 176-ма ударними БпЛА типу Shahed, Гербера і безпілотниками і",2026-09-10T09:18:34.317066+00:00
2025-09-24,1,kpszsu,official,impact_locations,ua,8.0,," сході та в центрі країни.

Зафіксовано влучання 13 ударних БпЛА на 8 локаціях, а також падіння збитих (уламки) на 1",2026-09-10T09:18:34.317066+00:00
2025-09-24,1,kpszsu,official,targets_downed,ua,150.0,,"⚡️ ЗБИТО/ПОДАВЛЕНО 150 ВОРОЖИХ БПЛА
💥 За попередніми даними, с",2026-09-10T09:18:34.317066+00:00
2025-09-24,2,kpszsu,official,drone_tracks,kyiv_obl,1.0,43002,"🛵 Київщина: БпЛА ➡️ повз Велику Димерку.
🛵 Сумщина: БпЛА ➡️ в районі Конотопу.
🛵 Чернігівщина: нові групи БпЛА ➡️ через Новгород-Сіверський. 
БпЛА ➡️ в напрямку Гончарівського та в районі Олишівки.",2026-09-10T09:18:34.317066+00:00
2025-09-25,1,kpszsu,official,attacked,kyiv,0.0,,"канал вів повітряну обстановку (48 повідомлень з 70), жодного супроводу на Київ, тривог у місті менше 3 годин",2026-09-10T09:18:34.317066+00:00
2025-09-25,1,kpszsu,official,drones_launched,ua,154.0,,"вересня (із 18.00 25 вересня) противник атакував 154-ма ударними БпЛА типу Shahed, Гербера і безпілотниками і",2026-09-10T09:18:34.317066+00:00
2025-09-25,1,kpszsu,official,impact_locations,ua,9.0,," сході та в центрі країни.

Зафіксовано влучання 26 ударних БпЛА на 9 локаціях, а також падіння збитих (уламки) на 1",2026-09-10T09:18:34.317066+00:00
2025-09-25,1,kpszsu,official,targets_downed,ua,128.0,,"⚡️ЗБИТО/ПОДАВЛЕНО 128 ВОРОЖИХ БПЛА
💥 За попередніми даними, с",2026-09-10T09:18:34.317066+00:00
2025-09-25,2,kpszsu,official,drone_tracks,kyiv_obl,4.0,43114,"⚠Увага!
🛵 Ударний БпЛА на  Київщині, курсом на захід.",2026-09-10T09:18:34.317066+00:00
2025-09-26,1,kpszsu,official,attacked,kyiv,0.0,,"канал вів повітряну обстановку (44 повідомлень з 61), жодного супроводу на Київ, тривог у місті менше 3 годин",2026-09-10T09:18:34.317066+00:00
2025-09-26,1,kpszsu,official,drones_launched,ua,115.0,,"вересня (із 21.00 26 вересня) противник атакував 115-ма ударними БпЛА типу Shahed, Гербера і безпілотниками і",2026-09-10T09:18:34.317066+00:00
2025-09-26,1,kpszsu,official,impact_locations,ua,6.0,," сході та в центрі країни.

Зафіксовано влучання 17 ударних БпЛА на 6 локаціях, а також падіння збитих (уламки) на 2",2026-09-10T09:18:34.317066+00:00
2025-09-26,1,kpszsu,official,targets_downed,ua,97.0,,"⚡️ ЗБИТО/ПОДАВЛЕНО 97 ВОРОЖИХ БПЛА
💥 За попередніми даними, с",2026-09-10T09:18:34.317066+00:00
2025-09-26,2,kpszsu,official,drone_tracks,kyiv_obl,4.0,43167,"🛵 БпЛА з Чернігівщини, курсом на Київщину.
🛵 БпЛА в північно-східній частині Чернігівщини, курс південно-західний.
🛵 БпЛА в Сумському районі, курс західний.
🛵 БпЛА в південній частині Харківщини, курс",2026-09-10T09:18:34.317066+00:00
2025-09-27,1,kpszsu,official,attacked,kyiv,1.0,,є повідомлення супроводу цілей на Київ,2026-09-10T09:18:34.317066+00:00
2025-09-27,1,kpszsu,official,drone_tracks,kyiv,8.0,43240,"🛵 БпЛА в напрямку Києва. Під час тривоги перебувайте в укриттях!
🛵 БпЛА в напрямку Херсона.
🛵 БпЛА в акваторії Чорного моря на Миколаївщину, курсом на Миколаїв.",2026-09-10T09:18:34.317066+00:00
2025-09-27,1,kpszsu,official,drones_launched,ua,593.0,,"овід 643 засобів повітряного нападу:

- 593 ударних БпЛА типу Shahed, Гербера і безпілотників ін",2026-09-10T09:18:34.317066+00:00
2025-09-27,1,kpszsu,official,impact_locations,ua,16.0,,"8 крилатих ракет ""Калібр"".

Зафіксовано влучання 5 ракет та 31 ударного БпЛА на 16 локаціях, падіння збитих (уламки) на 25 локаці",2026-09-10T09:18:34.317066+00:00
2025-09-27,1,kpszsu,official,targets_downed,ua,611.0,,"⚡️ ЗБИТО/ПОДАВЛЕНО 611 ЦІЛЕЙ ПРОТИВНИКА
💥 За попередніми даним",2026-09-10T09:18:34.317066+00:00
2025-09-27,2,kpszsu,official,drone_tracks,kyiv_obl,10.0,43199,"🛵  БпЛА на Київщині в районі Богуслава, курсом на південно-західний напрямок.",2026-09-10T09:18:34.317066+00:00
2025-09-28,1,kpszsu,official,attacked,kyiv,0.0,,"канал вів повітряну обстановку (36 повідомлень з 55), жодного супроводу на Київ, тривог у місті менше 3 годин",2026-09-10T09:18:34.317066+00:00
2025-09-28,1,kpszsu,official,drones_launched,ua,32.0,,"вересня (із 20.00 28 вересня) противник атакував 32-ма ударними БпЛА типу Shahed, Гербера і безпілотниками і",2026-09-10T09:18:34.317066+00:00
2025-09-28,1,kpszsu,official,impact_locations,ua,8.0,,"а півночі та сході країни.

Зафіксовано влучання 9 ударних БпЛА на 8 локаціях.

Атака триває – на півночі та сході ",2026-09-10T09:18:34.317066+00:00
2025-09-28,1,kpszsu,official,targets_downed,ua,23.0,,"⚡️ЗБИТО/ПОДАВЛЕНО 23 ВОРОЖІ БПЛА
💥 За попередніми даними, ст",2026-09-10T09:18:34.317066+00:00
2025-09-28,2,kpszsu,official,drone_tracks,kyiv_obl,2.0,43341,"🛵 БпЛА на заході Чернігівщини, курсом на Київщину (Броварський район).",2026-09-10T09:18:34.317066+00:00
2025-09-29,1,kpszsu,official,attacked,kyiv,1.0,,є повідомлення супроводу цілей на Київ,2026-09-10T09:18:34.317066+00:00
2025-09-29,1,kpszsu,official,drone_tracks,kyiv,1.0,43402,"🛵 БпЛА з Чернігівщини на Київщині, курсом на столицю.",2026-09-10T09:18:34.317066+00:00
2025-09-29,1,kpszsu,official,drones_launched,ua,65.0,,"вересня (із 21.00 29 вересня) противник атакував 65-ма ударними БпЛА типу Shahed, Гербера і безпілотниками і",2026-09-10T09:18:34.317066+00:00
2025-09-29,1,kpszsu,official,impact_locations,ua,6.0,," сході та в центрі країни.

Зафіксовано влучання 19 ударних БпЛА на 6 локаціях, падіння збитих (уламки) на 2 локація",2026-09-10T09:18:34.317066+00:00
2025-09-29,1,kpszsu,official,targets_downed,ua,46.0,,"⚡️ЗБИТО/ПОДАВЛЕНО 46 ВОРОЖИХ БПЛА
💥 За попередніми даними, с",2026-09-10T09:18:34.317066+00:00
2025-09-29,2,kpszsu,official,drone_tracks,kyiv_obl,11.0,43399,"🛵 БпЛА в Павлоградському районі Дніпропетровщини, курс західний.
🛵 БпЛА на сході Харківщини, курс західний.
🛵 БпЛА в південній частині Чернігівщини, курсом на Київщину.",2026-09-10T09:18:34.317066+00:00
2025-09-30,1,kpszsu,official,attacked,kyiv,1.0,,є повідомлення супроводу цілей на Київ,2026-09-10T09:18:34.317066+00:00
2025-09-30,1,kpszsu,official,drone_tracks,kyiv,3.0,43459,🛵 БпЛА з північно-східного напрямку курсом на Київ.,2026-09-10T09:18:34.317066+00:00
2025-09-30,1,kpszsu,official,drones_launched,ua,49.0,," жовтня (із 20.30 30 вересня) противник атакував 49-ма ударними БпЛА типу Shahed, Гербера і безпілотниками і",2026-09-10T09:18:34.317066+00:00
2025-09-30,1,kpszsu,official,impact_locations,ua,6.0,," сході та в центрі країни.

Зафіксовано влучання 5 ракет та БпЛА противника на 6 локаціях.

✊ Тримаймо небо!
🇺🇦 Разом – до пере",2026-09-10T09:18:34.317066+00:00
2025-09-30,1,kpszsu,official,targets_downed,ua,10215.0,,"ку протиповітряною обороною Cил оборони знищено 10215 повітряних цілей:
💥 У вересні 2025 року",2026-09-10T09:18:34.317066+00:00
2025-09-30,2,kpszsu,official,drone_tracks,kyiv_obl,8.0,43457,"🛵 БпЛА на північ від міста Дніпро, курсом на захід. Ударні безпілотники на сході Дніпропетровщини, в напрямку Донеччини.
🛵 БпЛА на півочі Київщини, курсом на Бориспіль.",2026-09-10T09:18:34.317066+00:00
2025-10-01,1,kpszsu,official,attacked,kyiv,1.0,,є повідомлення супроводу цілей на Київ,2026-09-10T09:18:34.317066+00:00
2025-10-01,1,kpszsu,official,drone_tracks,kyiv,2.0,43608,🛵 БпЛА курсом на Київ з північного заходу.,2026-09-10T09:18:34.317066+00:00
2025-10-01,1,kpszsu,official,drones_launched,ua,86.0,,"➖➖➖➖➖➖➖➖➖➖
У ніч на 2 жовтня  противник атакував 86-ма ударними БпЛА типу Shahed, Гербера і безпілотниками і",2026-09-10T09:18:34.317066+00:00
2025-10-01,1,kpszsu,official,impact_locations,ua,6.0,,"і, півдні та сході країни.

Зафіксовано влучання 31 ударного БпЛА на 6 локаціях.

Атака триває, в повітряному простор",2026-09-10T09:18:34.317066+00:00
2025-10-01,1,kpszsu,official,targets_downed,ua,53.0,,"⚡️ЗБИТО/ПОДАВЛЕНО 53 ВОРОЖИХ БПЛА
💥 За попередніми даними, с",2026-09-10T09:18:34.317066+00:00
2025-10-01,2,kpszsu,official,drone_tracks,kyiv_obl,10.0,43555,"🛵🛸 Ворожий БпЛА на межі Київщини і Черкащини, курс - південний.",2026-09-10T09:18:34.317066+00:00
2025-10-02,1,kpszsu,official,attacked,kyiv,1.0,,є повідомлення супроводу цілей на Київ,2026-09-10T09:18:34.317066+00:00
2025-10-02,1,kpszsu,official,drone_tracks,kyiv,5.0,43642,"🛵  БпЛА над Київським водосховищем, курсом на південь, на Київ.",2026-09-10T09:18:34.317066+00:00
2025-10-02,1,kpszsu,official,drones_launched,ua,381.0,,"ом – 416 засобів повітряного нападу:

- 381 ударний БпЛА типу Shahed, Гербера (безпілотники інши",2026-09-10T09:18:34.317066+00:00
2025-10-02,1,kpszsu,official,impact_locations,ua,15.0,," авіаційних ракет Х-59/69.

Зафіксовано влучання 18 ракет та 78 ударних БпЛА на 15 локаціях, а також падіння збитих (уламки) на 6",2026-09-10T09:18:34.317066+00:00
2025-10-02,1,kpszsu,official,targets_downed,ua,320.0,,"⚡️ ЗБИТО/ПОДАВЛЕНО 320 ЦІЛЕЙ ПРОТИВНИКА
💥 За попередніми даним",2026-09-10T09:18:34.317066+00:00
2025-10-02,2,kpszsu,official,drone_tracks,kyiv_obl,13.0,43637,"🛵 БпЛА на півночі Чернігівщини, курс Київщина.",2026-09-10T09:18:34.317066+00:00
2025-10-03,1,kpszsu,official,attacked,kyiv,0.0,,"канал вів повітряну обстановку (48 повідомлень з 79), жодного супроводу на Київ, тривог у місті менше 3 годин",2026-09-10T09:18:34.317066+00:00
2025-10-03,1,kpszsu,official,drones_launched,ua,109.0,," 4 жовтня (з 18.00 03 жовтня) противник атакував 109-ма ударними БпЛА типу Shahed, Гербера і безпілотниками і",2026-09-10T09:18:34.317066+00:00
2025-10-03,1,kpszsu,official,impact_locations,ua,21.0,,"а півночі та сході країни.

Зафіксовано влучання 3 ракет та 36 ударних БпЛА на 21 локації, а також падіння збитих (уламки) на 4 ",2026-09-10T09:18:34.317066+00:00
2025-10-03,1,kpszsu,official,targets_downed,ua,73.0,,"⚡️ЗБИТО/ПОДАВЛЕНО 73 ВОРОЖІ БПЛА
💥 За попередніми даними, ст",2026-09-10T09:18:34.317066+00:00
2025-10-03,2,kpszsu,official,drone_tracks,kyiv_obl,5.0,43757,🛵 Ворожий БпЛА у напрямку Білої Церкви зі сходу.,2026-09-10T09:18:34.317066+00:00
2025-10-04,1,kpszsu,official,attacked,kyiv,1.0,,є повідомлення супроводу цілей на Київ,2026-09-10T09:18:34.317066+00:00
2025-10-04,1,kpszsu,official,drone_tracks,kyiv,1.0,43880,"🛵Житомирщина:БпЛА ➡️ курсом на Любар, Малин, Попільню.
🛵Хмельниччина:БпЛА ➡️ курсом на Деражню, Сатанів 
🛵Вінниччина: БпЛА ➡️ на Бершадь, Вапнярку, Немирів, Жмеринку, Козятин  
🛵Київщина: БпЛА ➡️ на К",2026-09-10T09:18:34.317066+00:00
2025-10-04,1,kpszsu,official,drones_launched,ua,496.0,,"овід 549 засобів повітряного нападу:

- 496 ударних БпЛА типу Shahed, Гербера (безпілотники інши",2026-09-10T09:18:34.317066+00:00
2025-10-04,1,kpszsu,official,impact_locations,ua,20.0,,"діння уточнюються). 

Зафіксовано прямі влучання 8 ракет та 57 ударних БпЛА на 20 локаціях, а також падіння збитих (уламки) на 6",2026-09-10T09:18:34.317066+00:00
2025-10-04,1,kpszsu,official,targets_downed,ua,478.0,,"⚡️ ЗБИТО/ПОДАВЛЕНО 478 ЦІЛЕЙ ПРОТИВНИКА
💥 За попередніми даним",2026-09-10T09:18:34.317066+00:00
2025-10-04,2,kpszsu,official,drone_tracks,kyiv_obl,6.0,43843,🛵 БпЛА на півдні Чернігівщини ➡️ курсом на Київщину.,2026-09-10T09:18:34.317066+00:00
2025-10-04,2,kpszsu,official,missile_tracks,kyiv_obl,3.0,43904,"🚀 Групи КР повз Прилуки ➡️ у напрямку Київщини.
🚀Група ракет з Херсонщини ➡️ на Миколаївщину.",2026-09-10T09:18:34.317066+00:00
2025-10-05,1,kpszsu,official,attacked,kyiv,0.0,,"канал вів повітряну обстановку (47 повідомлень з 74), жодного супроводу на Київ, тривог у місті менше 3 годин",2026-09-10T09:18:34.317066+00:00
2025-10-05,1,kpszsu,official,drones_launched,ua,116.0,,"6 жовтня (із 20.00 05 жовтня) противник атакував 116-ма ударними БпЛА типу Shahed, Гербера та безпілотниками ",2026-09-10T09:18:34.317066+00:00
2025-10-05,1,kpszsu,official,impact_locations,ua,7.0,," сході та в центрі країни.

Зафіксовано влучання 30 ударних БпЛА на 7 локаціях. Атака триває, в повітряному просторі",2026-09-10T09:18:34.317066+00:00
2025-10-05,1,kpszsu,official,targets_downed,ua,83.0,,"⚡️ ЗБИТО/ПОДАВЛЕНО 83 ЦІЛІ ПРОТИВНИКА
💥 За попередніми даними",2026-09-10T09:18:34.317066+00:00
2025-10-05,2,kpszsu,official,drone_tracks,kyiv_obl,1.0,43997,"🛵 БпЛА на заході Чернігівщини ➡️ курсом на Київщину.
🛵 БпЛА на півночі Чернігівщини ➡️ курсом на захід.",2026-09-10T09:18:34.317066+00:00
2025-10-06,1,kpszsu,official,attacked,kyiv,1.0,,є повідомлення супроводу цілей на Київ,2026-09-10T09:18:34.317066+00:00
2025-10-06,1,kpszsu,official,drone_tracks,kyiv,2.0,44119,🛵  БпЛА в напрямку Києва!,2026-09-10T09:18:34.317066+00:00
2025-10-06,1,kpszsu,official,drones_launched,ua,152.0,,"ер-М/KN-23 із Ростовської області - рф, 152-ма ударними БпЛА типу Shahed, Гербера і безпілотниками і",2026-09-10T09:18:34.317066+00:00
2025-10-06,1,kpszsu,official,impact_locations,ua,10.0,,"а півночі та сході країни.

Зафіксовано влучання двох ракет та 52-х ударних БпЛА на 10 локаціях, а також падіння збитих (уламки) на 2",2026-09-10T09:18:34.317066+00:00
2025-10-06,1,kpszsu,official,targets_downed,ua,88.0,,"⚡️ ЗБИТО/ПОДАВЛЕНО 88 ВОРОЖИХ БПЛА
💥 За попередніми даними, с",2026-09-10T09:18:34.317066+00:00
2025-10-06,2,kpszsu,official,drone_tracks,kyiv_obl,4.0,44106,🛵 БпЛА  на півдні Чернігівщини ➡️ курсом на Київщину.,2026-09-10T09:18:34.317066+00:00
2025-10-07,1,kpszsu,official,attacked,kyiv,1.0,,є повідомлення супроводу цілей на Київ,2026-09-10T09:18:34.317066+00:00
2025-10-07,1,kpszsu,official,drone_tracks,kyiv,2.0,44180,🛵 БпЛА  у напрямку Києва!,2026-09-10T09:18:34.317066+00:00
2025-10-07,1,kpszsu,official,drones_launched,ua,183.0,,"8 жовтня (із 18.30 07 жовтня) противник атакував 183-ма ударними БпЛА типу Shahed, Гербера та безпілотниками ",2026-09-10T09:18:34.317066+00:00
2025-10-07,1,kpszsu,official,impact_locations,ua,11.0,," сході та в центрі країни.

Зафіксовано влучання 22 ударних БпЛА на 11 локаціях. Атака триває, в повітряному просторі",2026-09-10T09:18:34.317066+00:00
2025-10-07,1,kpszsu,official,targets_downed,ua,154.0,,"⚡️ ЗБИТО/ПОДАВЛЕНО 154 ЦІЛІ ПРОТИВНИКА
💥 За попередніми даними",2026-09-10T09:18:34.317066+00:00
2025-10-07,2,kpszsu,official,drone_tracks,kyiv_obl,13.0,44143,"🛵 БпЛА на Чернігівщині, курс на Київщину.",2026-09-10T09:18:34.317066+00:00
2025-10-08,1,kpszsu,official,attacked,kyiv,0.0,,"канал вів повітряну обстановку (30 повідомлень з 48), жодного супроводу на Київ, тривог у місті менше 3 годин",2026-09-10T09:18:34.317066+00:00
2025-10-08,1,kpszsu,official,drones_launched,ua,112.0,,"9 жовтня (із 19.00 08 жовтня) противник атакував 112-ма ударними БпЛА типу Shahed, Гербера та безпілотниками ",2026-09-10T09:18:34.317066+00:00
2025-10-08,1,kpszsu,official,impact_locations,ua,12.0,,"і, півдні та сході країни.

Зафіксовано влучання 22 ударних БпЛА на 12 локаціях. Атака триває, в повітряному просторі",2026-09-10T09:18:34.317066+00:00
2025-10-08,1,kpszsu,official,targets_downed,ua,87.0,,"⚡️ ЗБИТО/ПОДАВЛЕНО 87 ЦІЛЕЙ ПРОТИВНИКА
💥 За попередніми даним",2026-09-10T09:18:34.317066+00:00
2025-10-08,2,kpszsu,official,drone_tracks,kyiv_obl,1.0,44264,🛵Ворожий БпЛА на межі Київської та Чернігівської областей ➡️ курсом на схід.,2026-09-10T09:18:34.317066+00:00
2025-10-09,1,kpszsu,official,attacked,kyiv,1.0,,є повідомлення супроводу цілей на Київ,2026-09-10T09:18:34.317066+00:00
2025-10-09,1,kpszsu,official,drone_tracks,kyiv,6.0,44316,🛵 БпЛА курсом на Київ з півночі!,2026-09-10T09:18:34.317066+00:00
2025-10-09,1,kpszsu,official,drones_launched,ua,465.0,,"32 ракети та 465 БпЛА різних типів):

- 465 ударних БпЛА типу Shahed, Гербера (безпілотники інши",2026-09-10T09:18:34.317066+00:00
2025-10-09,1,kpszsu,official,impact_locations,ua,19.0,,"адіння уточнюються).

Зафіксовано прямі влучання 13 ракет та 60 ударних БпЛА на 19 локаціях та падіння збитих (уламки) на 7 локац",2026-09-10T09:18:34.317066+00:00
2025-10-09,1,kpszsu,official,missile_tracks,kyiv,3.0,44341,Ще балістика на Київ!,2026-09-10T09:18:34.317066+00:00
2025-10-09,1,kpszsu,official,targets_downed,ua,420.0,,"⚡️ЗБИТО/ПОДАВЛЕНО 420 ЦІЛЕЙ ПРОТИВНИКА
💥 За попередніми даним",2026-09-10T09:18:34.317066+00:00
2025-10-09,2,kpszsu,official,drone_tracks,kyiv_obl,2.0,44314,🛵🛸 БпЛА з Чернігівщини - на північ Київщини.,2026-09-10T09:18:34.317066+00:00
2025-10-09,2,kpszsu,official,missile_tracks,kyiv_obl,1.0,44377,"Ракета на півночі Черкащини, курсом на схід Київщини",2026-09-10T09:18:34.317066+00:00
2025-10-10,1,kpszsu,official,attacked,kyiv,0.0,,"канал вів повітряну обстановку (27 повідомлень з 39), жодного супроводу на Київ, тривог у місті менше 3 годин",2026-09-10T09:18:34.317066+00:00
2025-10-10,1,kpszsu,official,drones_launched,ua,78.0,,"1 жовтня (із 20.00 10 жовтня) противник атакував 78-ма ударними БпЛА типу Shahed, Гербера та безпілотниками ",2026-09-10T09:18:34.317066+00:00
2025-10-10,1,kpszsu,official,impact_locations,ua,6.0,,"і, півдні та сході країни.

Зафіксовано влучання 21 ударного БпЛА на 6 локаціях. Атака триває, в повітряному просторі",2026-09-10T09:18:34.317066+00:00
2025-10-10,1,kpszsu,official,targets_downed,ua,54.0,,"⚡️ ЗБИТО/ПОДАВЛЕНО 54 ЦІЛІ ПРОТИВНИКА
💥 За попередніми даними",2026-09-10T09:18:34.317066+00:00
2025-10-10,2,kpszsu,official,drone_tracks,kyiv_obl,1.0,44403,БпЛА ➡️ в напрямку Броварів.,2026-09-10T09:18:34.317066+00:00
2025-10-11,1,kpszsu,official,attacked,kyiv,1.0,,є повідомлення супроводу цілей на Київ,2026-09-10T09:18:34.317066+00:00
2025-10-11,1,kpszsu,official,drone_tracks,kyiv,2.0,44455,"🛵 БпЛА на Київщині (Вишгородський та Бориспільський райони), курс на Київ.",2026-09-10T09:18:34.317066+00:00
2025-10-11,1,kpszsu,official,drones_launched,ua,118.0,,"2 жовтня (із 20.00 11 жовтня) противник атакував 
118-ма ударними БпЛА типу Shahed і безпілотниками-імітаторам",2026-09-10T09:18:34.317066+00:00
2025-10-11,1,kpszsu,official,impact_locations,ua,10.0,,"і, сході та півдні країни.

Зафіксовано влучання 1 ракети та 15 ударних БпЛА на 10 локаціях.

Атака триває – на півночі та сході ",2026-09-10T09:18:34.317066+00:00
2025-10-11,1,kpszsu,official,targets_downed,ua,103.0,,"⚡️ЗБИТО/ПОДАВЛЕНО 103 ВОРОЖІ БПЛА
💥 За попередніми даними, ст",2026-09-10T09:18:34.317066+00:00
2025-10-11,2,kpszsu,official,drone_tracks,kyiv_obl,4.0,44453,🛵 БпЛА з Чернігівщини курсом  на Київщину.,2026-09-10T09:18:34.317066+00:00
2025-10-12,1,kpszsu,official,attacked,kyiv,0.0,,"канал вів повітряну обстановку (64 повідомлень з 96), жодного супроводу на Київ, тривог у місті менше 3 годин",2026-09-10T09:18:34.317066+00:00
2025-10-12,1,kpszsu,official,drones_launched,ua,82.0,,"13 жовтня (з 20:00 12 жовтня) противник атакував 82 ударними БпЛА типу Shahed, Гербера і безпілотниками і",2026-09-10T09:18:34.317066+00:00
2025-10-12,1,kpszsu,official,impact_locations,ua,7.0,,"і, сході та півдні країни.

Зафіксовано влучання 13 ударних БпЛА на 7 локаціях, а також падіння збитих (уламки) на 2",2026-09-10T09:18:34.317066+00:00
2025-10-12,1,kpszsu,official,targets_downed,ua,69.0,,"⚡️ЗБИТО/ПОДАВЛЕНО 69 ВОРОЖИХ БПЛА
💥 За попередніми даними, с",2026-09-10T09:18:34.317066+00:00
2025-10-12,2,kpszsu,official,drone_tracks,kyiv_obl,2.0,44552,🛵 Ударні БпЛА на Вишгородський район Київської області.,2026-09-10T09:18:34.317066+00:00
2025-10-13,1,kpszsu,official,attacked,kyiv,0.0,,"канал вів повітряну обстановку (42 повідомлень з 71), жодного супроводу на Київ, тривог у місті менше 3 годин",2026-09-10T09:18:34.317066+00:00
2025-10-13,1,kpszsu,official,drones_launched,ua,96.0,,"14 жовтня (з 19:00 13 жовтня) противник атакував 96 ударними БпЛА типу Shahed, Гербера і безпілотниками і",2026-09-10T09:18:34.317066+00:00
2025-10-13,1,kpszsu,official,impact_locations,ua,7.0,," сході та в центрі країни.

Зафіксовано влучання 27 ударних БпЛА на 7 локаціях, а також падіння збитих (уламки) на 1",2026-09-10T09:18:34.317066+00:00
2025-10-13,1,kpszsu,official,targets_downed,ua,69.0,,"⚡️ ЗБИТО/ПОДАВЛЕНО 69 ВОРОЖИХ БПЛА
💥 За попередніми даними, с",2026-09-10T09:18:34.317066+00:00
2025-10-13,2,kpszsu,official,drone_tracks,kyiv_obl,3.0,44656,🛵 БпЛА на Чернігівщині курсом на Київщину (Броварський район).,2026-09-10T09:18:34.317066+00:00
2025-10-14,1,kpszsu,official,attacked,kyiv,0.0,,"канал вів повітряну обстановку (37 повідомлень з 56), жодного супроводу на Київ, тривог у місті менше 3 годин",2026-09-10T09:18:34.317066+00:00
2025-10-14,1,kpszsu,official,drones_launched,ua,113.0,,"15 жовтня (з 22:50 14 жовтня) противник атакував 113-ма ударними БпЛА типу Shahed, Гербера і безпілотниками і",2026-09-10T09:18:34.317066+00:00
2025-10-14,1,kpszsu,official,impact_locations,ua,11.0,,"чі, півдні та сході країни.
Зафіксовано влучання 26 ударних БпЛА на 11 локаціях, а також падіння збитих (уламки) на 1",2026-09-10T09:18:34.317066+00:00
2025-10-14,1,kpszsu,official,targets_downed,ua,86.0,,"⚡️ ЗБИТО/ПОДАВЛЕНО 86 ВОРОЖИХ БПЛА
💥 За попередніми даними, с",2026-09-10T09:18:34.317066+00:00
2025-10-15,1,kpszsu,official,attacked,kyiv,1.0,,є повідомлення супроводу цілей на Київ,2026-09-10T09:18:34.317066+00:00
2025-10-15,1,kpszsu,official,drone_tracks,kyiv,1.0,44797,🛵 БпЛА на Київ з північного-сходу,2026-09-10T09:18:34.317066+00:00
2025-10-15,1,kpszsu,official,drones_launched,ua,320.0,,"алістика"") та 320 БпЛА різних типів:

- 320 ударних БпЛА типу Shahed, Гербера (безпілотники інши",2026-09-10T09:18:34.317066+00:00
2025-10-15,1,kpszsu,official,impact_locations,ua,14.0,," уточнюється.

Наразі зафіксовано прямі влучання 14 ракет та 37 ударних БпЛА на 14 локаціях та падіння збитих (уламки) на 2 локац",2026-09-10T09:18:34.317066+00:00
2025-10-15,1,kpszsu,official,targets_downed,ua,288.0,,"⚡️ ЗБИТО/ПОДАВЛЕНО 288 ЦІЛЕЙ ПРОТИВНИКА
💥 За попередніми даним",2026-09-10T09:18:34.317066+00:00
2025-10-15,2,kpszsu,official,drone_tracks,kyiv_obl,2.0,44796,🛵 Броварський р-н. (Київщина) - загроза ударних БпЛА,2026-09-10T09:18:34.317066+00:00
2025-10-16,1,kpszsu,official,attacked,kyiv,0.0,,"канал вів повітряну обстановку (57 повідомлень з 93), жодного супроводу на Київ, тривог у місті менше 3 годин",2026-09-10T09:18:34.317066+00:00
2025-10-16,1,kpszsu,official,drones_launched,ua,70.0,,"17 жовтня (з 20:00 16 жовтня) противник атакував 70 ударними БпЛА типу Shahed, Гербера і безпілотниками і",2026-09-10T09:18:34.317066+00:00
2025-10-16,1,kpszsu,official,impact_locations,ua,10.0,,"а півночі та сході країни.

Зафіксовано влучання 31 ударного БпЛА на 10 локаціях, а також падіння збитих (уламки) на 2",2026-09-10T09:18:34.317066+00:00
2025-10-16,1,kpszsu,official,targets_downed,ua,35.0,,"⚡️ЗБИТО/ПОДАВЛЕНО 35 ВОРОЖИХ БПЛА
💥 За попередніми даними, с",2026-09-10T09:18:34.317066+00:00
2025-10-17,1,kpszsu,official,attacked,kyiv,0.0,,"канал вів повітряну обстановку (47 повідомлень з 63), жодного супроводу на Київ, тривог у місті менше 3 годин",2026-09-10T09:18:34.317066+00:00
2025-10-17,1,kpszsu,official,drones_launched,ua,164.0,,"ракетами С-300 із Курської обл. - рф та 164 ударними БпЛА типу Shahed, Гербера і безпілотниками і",2026-09-10T09:18:34.317066+00:00
2025-10-17,1,kpszsu,official,impact_locations,ua,12.0,," сході та в центрі країни.

Зафіксовано влучання 27 ударних БпЛА на 12 локаціях, а також падіння збитих (уламки) на 4",2026-09-10T09:18:34.317066+00:00
2025-10-17,1,kpszsu,official,targets_downed,ua,136.0,,"⚡️ ЗБИТО/ПОДАВЛЕНО 136 ВОРОЖИХ БПЛА
💥 За попередніми даними, с",2026-09-10T09:18:34.317066+00:00
2025-10-17,2,kpszsu,official,drone_tracks,kyiv_obl,3.0,44977,"🛵 БпЛА на сході Київщини (Броварський, Бориспільський р-ни), курс західний",2026-09-10T09:18:34.317066+00:00
2025-10-18,1,kpszsu,official,attacked,kyiv,0.0,,"канал вів повітряну обстановку (33 повідомлень з 59), жодного супроводу на Київ, тривог у місті менше 3 годин",2026-09-10T09:18:34.317066+00:00
2025-10-18,1,kpszsu,official,drones_launched,ua,62.0,,"19 жовтня (з 19:00 18 жовтня) противник атакував 62 ударними БпЛА типу Shahed, Гербера і безпілотниками і",2026-09-10T09:18:34.317066+00:00
2025-10-18,1,kpszsu,official,impact_locations,ua,7.0,,"а півночі та сході країни.

Зафіксовано влучання 19 ударних БпЛА на 7 локаціях.

Атака триває, в повітряному простор",2026-09-10T09:18:34.317066+00:00
2025-10-18,1,kpszsu,official,targets_downed,ua,40.0,,"⚡️ ЗБИТО/ПОДАВЛЕНО 40 ВОРОЖИХ БПЛА
💥 За попередніми даними, с",2026-09-10T09:18:34.317066+00:00
2025-10-19,1,kpszsu,official,attacked,kyiv,0.0,,"канал вів повітряну обстановку (25 повідомлень з 46), жодного супроводу на Київ, тривог у місті менше 3 годин",2026-09-10T09:18:34.317066+00:00
2025-10-19,1,kpszsu,official,drones_launched,ua,60.0,,"етами Іскандер-М/KN-23  із ТОТ Криму та 60-ма ударними БпЛА типу Shahed, Гербера і безпілотниками і",2026-09-10T09:18:34.317066+00:00
2025-10-19,1,kpszsu,official,impact_locations,ua,12.0,,"і, півдні та сході країни.

Зафіксовано влучання 3 балістичних ракет та 20 ударних БпЛА на 12 локаціях.

Атака триває, в повітряному простор",2026-09-10T09:18:34.317066+00:00
2025-10-19,1,kpszsu,official,targets_downed,ua,38.0,,"⚡️ ЗБИТО/ПОДАВЛЕНО 38 ВОРОЖИХ БПЛА
💥 За попередніми даними, с",2026-09-10T09:18:34.317066+00:00
2025-10-20,1,kpszsu,official,attacked,kyiv,0.0,,"канал вів повітряну обстановку (34 повідомлень з 64), жодного супроводу на Київ, тривог у місті менше 3 годин",2026-09-10T09:18:34.317066+00:00
2025-10-20,1,kpszsu,official,drones_launched,ua,98.0,,"ваними ракетами С-300 із Курської обл., 98-ма ударними БпЛА типу Shahed, Гербера і безпілотниками і",2026-09-10T09:18:34.317066+00:00
2025-10-20,1,kpszsu,official,impact_locations,ua,10.0,,"і, півдні та сході країни.

Зафіксовано влучання ракет та 37 ударних БпЛА на 10 локаціях, а також падіння збитих (уламки) на 2",2026-09-10T09:18:34.317066+00:00
2025-10-20,1,kpszsu,official,targets_downed,ua,58.0,,"⚡️ ЗБИТО/ПОДАВЛЕНО 58 ВОРОЖИХ БПЛА
💥 За попередніми даними, с",2026-09-10T09:18:34.317066+00:00
2025-10-20,2,kpszsu,official,drone_tracks,kyiv_obl,1.0,45157,"🛵 БпЛА з Чернігівщини, курсом на Бориспільський район Київщини.",2026-09-10T09:18:34.317066+00:00
2025-10-21,1,kpszsu,official,attacked,kyiv,1.0,,є повідомлення супроводу цілей на Київ,2026-09-10T09:18:34.317066+00:00
2025-10-21,1,kpszsu,official,drone_tracks,kyiv,9.0,45225,"🛵 БпЛА з Чернігівщини на Київщину, вектор руху Київ",2026-09-10T09:18:34.317066+00:00
2025-10-21,1,kpszsu,official,drones_launched,ua,405.0,,"алістика») та 405 БпЛА різних типів:

- 405 ударних БпЛА типу Shahed, Гербера (безпілотники інши",2026-09-10T09:18:34.317066+00:00
2025-10-21,1,kpszsu,official,impact_locations,ua,26.0,,"кети Х-59/69.

Наразі зафіксовано прямі влучання 12 ракет та 55 ударних БпЛА на 26 локаціях та падіння збитих (уламки) на 19 лока",2026-09-10T09:18:34.317066+00:00
2025-10-21,1,kpszsu,official,missile_tracks,kyiv,4.0,45217,🚀Ще ракета у напрямку Києва з півночі,2026-09-10T09:18:34.317066+00:00
2025-10-21,1,kpszsu,official,targets_downed,ua,349.0,,"⚡️ ЗБИТО/ПОДАВЛЕНО 349 ЦІЛЕЙ ПРОТИВНИКА
💥За попередніми даними",2026-09-10T09:18:34.317066+00:00
2025-10-21,2,kpszsu,official,drone_tracks,kyiv_obl,3.0,45240,"🛵 Ворожі БпЛА в Бориспільському та Броварському районах, курс західний",2026-09-10T09:18:34.317066+00:00
2025-10-21,2,kpszsu,official,missile_tracks,kyiv_obl,1.0,45263,🚀Ракета на Полтавщині у напрямку Київщини,2026-09-10T09:18:34.317066+00:00
2025-10-22,1,kpszsu,official,attacked,kyiv,1.0,,є повідомлення супроводу цілей на Київ,2026-09-10T09:18:34.317066+00:00
2025-10-22,1,kpszsu,official,drone_tracks,kyiv,2.0,45335,🛵 БпЛА в напрямку м.Київ з півночі.,2026-09-10T09:18:34.317066+00:00
2025-10-22,1,kpszsu,official,drones_launched,ua,130.0,,"23 жовтня (з 19:00 22 жовтня) противник атакував 130 ударними БпЛА типу Shahed, Гербера і безпілотниками і",2026-09-10T09:18:34.317066+00:00
2025-10-22,1,kpszsu,official,impact_locations,ua,11.0,,"а півночі та сході країни.

Зафіксовано влучання 25 ударних БпЛА на 11 локаціях, а також падіння збитих (уламки) на 1",2026-09-10T09:18:34.317066+00:00
2025-10-22,1,kpszsu,official,targets_downed,ua,92.0,,"⚡️ ЗБИТО/ПОДАВЛЕНО 92 ВОРОЖІ БПЛА
💥 За попередніми даними, ст",2026-09-10T09:18:34.317066+00:00
2025-10-22,2,kpszsu,official,drone_tracks,kyiv_obl,9.0,45292,"🛵 БпЛА на Чернігівщині:
- район н.п. Гончарівка на захід,
- район н.п. Славутич на місто,
- район н.п. Куликівка на південь.",2026-09-10T09:18:34.317066+00:00
2025-10-23,1,kpszsu,official,attacked,kyiv,0.0,,"канал вів повітряну обстановку (65 повідомлень з 101), жодного супроводу на Київ, тривог у місті менше 3 годин",2026-09-10T09:18:34.317066+00:00
2025-10-23,1,kpszsu,official,drones_launched,ua,128.0,,"24 жовтня (з 19:00 23 жовтня) противник атакував 128 ударними БпЛА типу Shahed, Гербера і безпілотниками і",2026-09-10T09:18:34.317066+00:00
2025-10-23,1,kpszsu,official,impact_locations,ua,10.0,,"і, півдні та сході країни.

Зафіксовано влучання 47 ударних БпЛА на 10 локаціях.

Атака триває, в повітряному простор",2026-09-10T09:18:34.317066+00:00
2025-10-23,1,kpszsu,official,targets_downed,ua,72.0,,"⚡️ ЗБИТО/ПОДАВЛЕНО 72 ВОРОЖІ БПЛА
💥 За попередніми даними, ст",2026-09-10T09:18:34.317066+00:00
2025-10-24,1,kpszsu,official,attacked,kyiv,1.0,,є повідомлення супроводу цілей на Київ,2026-09-10T09:18:34.317066+00:00
2025-10-24,1,kpszsu,official,drone_tracks,kyiv,1.0,45523,"🛵 БпЛА північніше Броварів, курсом на Київ",2026-09-10T09:18:34.317066+00:00
2025-10-24,1,kpszsu,official,drones_launched,ua,62.0,,"дер-М  із Ростовської та Курської обл., 62-ма ударними БпЛА типу Shahed, Гербера і безпілотниками і",2026-09-10T09:18:34.317066+00:00
2025-10-24,1,kpszsu,official,impact_locations,ua,11.0,,"і, півдні та сході країни.

Зафіксовано влучання п’яти балістичних ракет та 12 ударних БпЛА на 11 локаціях, а також падіння збитих (уламки) на 4",2026-09-10T09:18:34.317066+00:00
2025-10-24,1,kpszsu,official,targets_downed,ua,104.0,,"⚡️ ЗБИТО/ПОДАВЛЕНО 54 ЦІЛІ ПРОТИВНИКА
💥 За попередніми даними",2026-09-10T09:18:34.317066+00:00
2025-10-24,2,kpszsu,official,drone_tracks,kyiv_obl,7.0,45507,"🛵 БпЛА з Чернігівщини, курсом на Київщину.",2026-09-10T09:18:34.317066+00:00
2025-10-25,1,kpszsu,official,attacked,kyiv,1.0,,є повідомлення супроводу цілей на Київ,2026-09-10T09:18:34.317066+00:00
2025-10-25,1,kpszsu,official,drone_tracks,kyiv,2.0,45587,🛵 Київ - група БпЛА в напрямку міста!,2026-09-10T09:18:34.317066+00:00
2025-10-25,1,kpszsu,official,drones_launched,ua,101.0,,"26 жовтня (з 20:00 25 жовтня) противник атакував 101 ударним БпЛА типу Shahed, Гербера і безпілотниками і",2026-09-10T09:18:34.317066+00:00
2025-10-25,1,kpszsu,official,impact_locations,ua,4.0,,"і, півдні та сході країни.

Зафіксовано влучання п’яти ударних БпЛА на 4 локаціях, а також падіння збитих (уламки) на 5",2026-09-10T09:18:34.317066+00:00
2025-10-25,1,kpszsu,official,targets_downed,ua,90.0,,"⚡️ ЗБИТО/ПОДАВЛЕНО 90 ВОРОЖИХ БПЛА
💥 За попередніми даними, с",2026-09-10T09:18:34.317066+00:00
2025-10-25,2,kpszsu,official,drone_tracks,kyiv_obl,2.0,45566,"🛵 БпЛА на Харківщині, курсом на південь.
🛵 група БпЛА на Чернігівщині, курсом на південь та північ.
🛵 БпЛА на півночі Київщини, курсом на південь.",2026-09-10T09:18:34.317066+00:00
2025-10-26,1,kpszsu,official,attacked,kyiv,0.0,,"канал вів повітряну обстановку (74 повідомлень з 107), жодного супроводу на Київ, тривог у місті менше 3 годин",2026-09-10T09:18:34.317066+00:00
2025-10-26,1,kpszsu,official,drones_launched,ua,100.0,,"27 жовтня (з 18:30 26 жовтня) противник атакував 100 ударними БпЛА типу Shahed, Гербера і безпілотниками і",2026-09-10T09:18:34.317066+00:00
2025-10-26,1,kpszsu,official,impact_locations,ua,9.0,,"і, півдні та сході країни.

Зафіксовано влучання 26 ударних БпЛА на 9 локаціях. 

Атака триває, в повітряному просто",2026-09-10T09:18:34.317066+00:00
2025-10-26,1,kpszsu,official,targets_downed,ua,66.0,,"⚡️ЗБИТО/ПОДАВЛЕНО 66 ВОРОЖИХ БПЛА
💥 За попередніми даними, с",2026-09-10T09:18:34.317066+00:00
2025-10-27,1,kpszsu,official,attacked,kyiv,0.0,,"канал вів повітряну обстановку (36 повідомлень з 56), жодного супроводу на Київ, тривог у місті менше 3 годин",2026-09-10T09:18:34.317066+00:00
2025-10-27,1,kpszsu,official,drones_launched,ua,38.0,,"28 жовтня (з 20:00 27 жовтня) противник атакував 38 ударними БпЛА типу Shahed, Гербера і безпілотниками і",2026-09-10T09:18:34.317066+00:00
2025-10-27,1,kpszsu,official,impact_locations,ua,4.0,,"а півночі та сході країни.

Зафіксовано влучання 12 ударних БпЛА на 4 локаціях, а також падіння збитих (уламки) на 1",2026-09-10T09:18:34.317066+00:00
2025-10-27,1,kpszsu,official,targets_downed,ua,26.0,,"⚡️ ЗБИТО/ПОДАВЛЕНО 26 ВОРОЖИХ БПЛА
💥 За попередніми даними, с",2026-09-10T09:18:34.317066+00:00
2025-10-27,2,kpszsu,official,drone_tracks,kyiv_obl,1.0,45729,"🛵 БпЛА на півночі Київщини.
🛵 Група БпЛА на Чернігівщині курсом на Гончарівське.",2026-09-10T09:18:34.317066+00:00
2025-10-28,1,kpszsu,official,attacked,kyiv,0.0,,"канал вів повітряну обстановку (57 повідомлень з 84), жодного супроводу на Київ, тривог у місті менше 3 годин",2026-09-10T09:18:34.317066+00:00
2025-10-28,1,kpszsu,official,drones_launched,ua,126.0,,"29 жовтня (з 19:00 28 жовтня) противник атакував 126 ударними БпЛА типу Shahed, Гербера і безпілотниками і",2026-09-10T09:18:34.317066+00:00
2025-10-28,1,kpszsu,official,impact_locations,ua,10.0,,"на півночі та сході країни.
Зафіксовано влучання 32 ударних БпЛА на 10 локаціях.
Атака триває, в повітряному просторі",2026-09-10T09:18:34.317066+00:00
2025-10-28,1,kpszsu,official,targets_downed,ua,93.0,,"⚡️ЗБИТО/ПОДАВЛЕНО 93 ВОРОЖІ БПЛА
💥 За попередніми даними, ст",2026-09-10T09:18:34.317066+00:00
2025-10-29,1,kpszsu,official,attacked,kyiv,1.0,,є повідомлення супроводу цілей на Київ,2026-09-10T09:18:34.317066+00:00
2025-10-29,1,kpszsu,official,drone_tracks,kyiv,3.0,45929,"⚠Увага!
🛵Київ - на околицях міста ворожі БпЛА.",2026-09-10T09:18:34.317066+00:00
2025-10-29,1,kpszsu,official,drones_launched,ua,653.0,,"пів (близько 400 із них – «шахеди»):

- 653 ударних БпЛА типу Shahed, Гербера (безпілотники інши",2026-09-10T09:18:34.317066+00:00
2025-10-29,1,kpszsu,official,impact_locations,ua,20.0,,"кети Х-59/69.

Наразі зафіксовано прямі влучання 16 ракет та 63 ударних БпЛА на 20 локаціях та падіння збитих (уламки) на 19 лока",2026-09-10T09:18:34.317066+00:00
2025-10-29,1,kpszsu,official,targets_downed,ua,623.0,,"⚡️ ЗБИТО/ПОДАВЛЕНО 623 ЦІЛІ ПРОТИВНИКА
💥За попередніми даними,",2026-09-10T09:18:34.317066+00:00
2025-10-29,2,kpszsu,official,drone_tracks,kyiv_obl,5.0,45925,"🛵 Група  БпЛА на сході Київщини, курс - західний.",2026-09-10T09:18:34.317066+00:00
2025-10-29,2,kpszsu,official,missile_tracks,kyiv_obl,2.0,45974,Крилаті ракети на Чернігівщині в напрямку Київщини.,2026-09-10T09:18:34.317066+00:00
2025-10-30,1,kpszsu,official,attacked,kyiv,0.0,,"канал вів повітряну обстановку (29 повідомлень з 53), жодного супроводу на Київ, тривог у місті менше 3 годин",2026-09-10T09:18:34.317066+00:00
2025-10-30,1,kpszsu,official,drones_launched,ua,145.0,,"акетою Іскандер-М  із Ростовської обл., 145-ма ударними БпЛА типу Shahed, Гербера і безпілотниками і",2026-09-10T09:18:34.317066+00:00
2025-10-30,1,kpszsu,official,impact_locations,ua,20.0,,"і, півдні та сході країни.

Зафіксовано влучання 36 ударних БпЛА на 20 локаціях. 

Атака триває, в повітряному просто",2026-09-10T09:18:34.317066+00:00
2025-10-30,1,kpszsu,official,targets_downed,ua,215.0,,"⚡️ ЗБИТО/ПОДАВЛЕНО 108 ЦІЛЕЙ ПРОТИВНИКА
💥 За попередніми даним",2026-09-10T09:18:34.317066+00:00
2025-10-31,1,kpszsu,official,attacked,kyiv,0.0,,"канал вів повітряну обстановку (76 повідомлень з 111), жодного супроводу на Київ, тривог у місті менше 3 годин",2026-09-10T09:18:34.317066+00:00
2025-10-31,1,kpszsu,official,drones_launched,ua,223.0,,"листопада (з 18:30 31 жовтня) противник атакував 223 ударними БпЛА типу Shahed, Гербера і безпілотниками і",2026-09-10T09:18:34.317066+00:00
2025-10-31,1,kpszsu,official,impact_locations,ua,7.0,,"і, півдні та сході країни.

Зафіксовано влучання 17 ударних БпЛА на 7 локаціях.

✊ Тримаймо небо!
🇺🇦 Разом – до пере",2026-09-10T09:18:34.317066+00:00
2025-10-31,1,kpszsu,official,targets_downed,ua,11269.0,,"ку протиповітряною обороною Cил оборони знищено 11269 повітряних цілей:
💥 У жовтні 2025 року ",2026-09-10T09:18:34.317066+00:00
2025-10-31,2,kpszsu,official,drone_tracks,kyiv_obl,1.0,46124,"🛵 БпЛА на Київщині в напрямку Фастова, Обухова.",2026-09-10T09:18:34.317066+00:00
2025-11-01,1,kpszsu,official,attacked,kyiv,0.0,,"канал вів повітряну обстановку (49 повідомлень з 85), жодного супроводу на Київ, тривог у місті менше 3 годин",2026-09-10T09:18:34.317066+00:00
2025-11-01,1,kpszsu,official,drones_launched,ua,79.0,," ракетами Іскандер-М із Брянської обл., 79 ударними БпЛА типу Shahed, Гербера і безпілотниками і",2026-09-10T09:18:34.317066+00:00
2025-11-01,1,kpszsu,official,impact_locations,ua,6.0,,"і, півдні та сході країни.

Зафіксовано влучання однієї балістичної ракети та 12 ударних БпЛА на 6 локаціях, а також падіння збитих (уламки) на 2",2026-09-10T09:18:34.317066+00:00
2025-11-01,1,kpszsu,official,targets_downed,ua,67.0,,"⚡️ ЗБИТО/ПОДАВЛЕНО 67 ВОРОЖИХ БПЛА
💥 За попередніми даними, с",2026-09-10T09:18:34.317066+00:00
2025-11-02,1,kpszsu,official,attacked,kyiv,0.0,,"канал вів повітряну обстановку (50 повідомлень з 102), жодного супроводу на Київ, тривог у місті менше 3 годин",2026-09-10T09:18:34.317066+00:00
2025-11-02,1,kpszsu,official,drones_launched,ua,138.0,,"и С-300/С-400 із Курської обл., а також 138 ударними БпЛА типу Shahed, Гербера і безпілотниками і",2026-09-10T09:18:34.317066+00:00
2025-11-02,1,kpszsu,official,impact_locations,ua,11.0,,"і, півдні та сході країни.

Зафіксовано влучання ракет та 20 ударних БпЛА на 11 локаціях.

Атака триває, в повітряному простор",2026-09-10T09:18:34.317066+00:00
2025-11-02,1,kpszsu,official,targets_downed,ua,231.0,,"⚡️ ЗБИТО/ПОДАВЛЕНО 116 ЦІЛЕЙ ПРОТИВНИКА
💥 За попередніми даним",2026-09-10T09:18:34.317066+00:00
2025-11-02,2,kpszsu,official,drone_tracks,kyiv_obl,5.0,46276,"🛵 БпЛА на півдні Чернігівщини, курсом на Київщину.",2026-09-10T09:18:34.317066+00:00
2025-11-03,1,kpszsu,official,attacked,kyiv,0.0,,"канал вів повітряну обстановку (79 повідомлень з 124), жодного супроводу на Київ, тривог у місті менше 3 годин",2026-09-10T09:18:34.317066+00:00
2025-11-03,1,kpszsu,official,drones_launched,ua,130.0,,"акетами С-300 із Курської обл., а також 130-ма ударними БпЛА типу Shahed, Гербера і безпілотниками і",2026-09-10T09:18:34.317066+00:00
2025-11-03,1,kpszsu,official,impact_locations,ua,14.0,,"і, півдні та сході країни.

Зафіксовано влучання ракет та 31 ударного БпЛА на 14 локаціях.
Атака триває, в повітряному просторі",2026-09-10T09:18:34.317066+00:00
2025-11-03,1,kpszsu,official,targets_downed,ua,92.0,,"⚡️ЗБИТО/ПОДАВЛЕНО 92 ЦІЛІ ПРОТИВНИКА
💥За попередніми даними,",2026-09-10T09:18:34.317066+00:00
2025-11-04,1,kpszsu,official,attacked,kyiv,0.0,,"канал вів повітряну обстановку (41 повідомлень з 79), жодного супроводу на Київ, тривог у місті менше 3 годин",2026-09-10T09:18:34.317066+00:00
2025-11-04,1,kpszsu,official,drones_launched,ua,80.0,,"топада (з 19:00 04 листопада) противник атакував 80-ма ударними БпЛА типу Shahed, Гербера і безпілотниками і",2026-09-10T09:18:34.317066+00:00
2025-11-04,1,kpszsu,official,impact_locations,ua,7.0,,"і, півдні та сході країни.

Зафіксовано влучання 18 ударних БпЛА на 7 локаціях, а також падіння збитих (уламки) на 2",2026-09-10T09:18:34.317066+00:00
2025-11-04,1,kpszsu,official,targets_downed,ua,61.0,,"⚡️ ЗБИТО/ПОДАВЛЕНО 61 ВОРОЖИЙ БПЛА
💥 За попередніми даними, с",2026-09-10T09:18:34.317066+00:00
2025-11-05,1,kpszsu,official,attacked,kyiv,0.0,,"канал вів повітряну обстановку (45 повідомлень з 79), жодного супроводу на Київ, тривог у місті менше 3 годин",2026-09-10T09:18:34.317066+00:00
2025-11-05,1,kpszsu,official,drones_launched,ua,135.0,,"топада (з 19:00 05 листопада) противник атакував 135-ма ударними БпЛА типу Shahed, Гербера і безпілотниками і",2026-09-10T09:18:34.317066+00:00
2025-11-05,1,kpszsu,official,impact_locations,ua,13.0,,"і, півдні та сході країни.

Зафіксовано влучання 27 ударних БпЛА на 13 локаціях.

✊ Тримаймо небо!
 
🇺🇦 Разом – до пе",2026-09-10T09:18:34.317066+00:00
2025-11-05,1,kpszsu,official,targets_downed,ua,108.0,,"⚡️ЗБИТО/ПОДАВЛЕНО 108 ВОРОЖИХ БПЛА
💥За попередніми даними, ст",2026-09-10T09:18:34.317066+00:00
2025-11-05,2,kpszsu,official,drone_tracks,kyiv_obl,7.0,46603,🛵 БпЛА з півдня Чернігівщини ➡️ на Київщину!,2026-09-10T09:18:34.317066+00:00
2025-11-06,1,kpszsu,official,attacked,kyiv,0.0,,"канал вів повітряну обстановку (35 повідомлень з 60), жодного супроводу на Київ, тривог у місті менше 3 годин",2026-09-10T09:18:34.317066+00:00
2025-11-06,1,kpszsu,official,drones_launched,ua,128.0,,"топада (з 20:00 06 листопада) противник атакував 128-ма ударними БпЛА типу Shahed, Гербера і безпілотниками і",2026-09-10T09:18:34.317066+00:00
2025-11-06,1,kpszsu,official,impact_locations,ua,11.0,,"і, півдні та сході країни.

Зафіксовано влучання 31 ударного БпЛА на 11 локаціях.

Атака триває, в повітряному простор",2026-09-10T09:18:34.317066+00:00
2025-11-06,1,kpszsu,official,targets_downed,ua,94.0,,"⚡️ЗБИТО/ПОДАВЛЕНО 94 ВОРОЖІ БПЛА
💥За попередніми даними, ста",2026-09-10T09:18:34.317066+00:00
2025-11-07,1,kpszsu,official,attacked,kyiv,1.0,,є повідомлення супроводу цілей на Київ,2026-09-10T09:18:34.317066+00:00
2025-11-07,1,kpszsu,official,drone_tracks,kyiv,1.0,46797,"⚠ Увага!
🛵Київ - на околиці міста  ворожий БпЛА.
Перебувайте в укриттях!",2026-09-10T09:18:34.317066+00:00
2025-11-07,1,kpszsu,official,drones_launched,ua,458.0,,"зних типів (близько 300 – «шахеди»):

- 458 ударних БпЛА типу Shahed, Гербера (безпілотники інши",2026-09-10T09:18:34.317066+00:00
2025-11-07,1,kpszsu,official,impact_locations,ua,25.0,,"ракет різних типів.

Наразі зафіксовано влучання 26 ракет та 52 ударних БпЛА на 25 локаціях та падіння збитих (уламки) на 4 локац",2026-09-10T09:18:34.317066+00:00
2025-11-07,1,kpszsu,official,missile_tracks,kyiv,3.0,46762,Пуски Кинджалів в напрямку Києва!,2026-09-10T09:18:34.317066+00:00
2025-11-07,1,kpszsu,official,targets_downed,ua,415.0,,"⚡️ ЗБИТО/ПОДАВЛЕНО 415 ЦІЛЕЙ ПРОТИВНИКА
💥За попередніми даними",2026-09-10T09:18:34.317066+00:00
2025-11-07,2,kpszsu,official,drone_tracks,kyiv_obl,5.0,46798,🛵 БпЛА в напрямку м.Бровари.,2026-09-10T09:18:34.317066+00:00
2025-11-07,2,kpszsu,official,missile_tracks,kyiv_obl,1.0,46764,🚀Група Калібрів змінює курс на Київщину.,2026-09-10T09:18:34.317066+00:00
2025-11-08,1,kpszsu,official,attacked,kyiv,0.0,,"канал вів повітряну обстановку (63 повідомлень з 93), жодного супроводу на Київ, тривог у місті менше 3 годин",2026-09-10T09:18:34.317066+00:00
2025-11-08,1,kpszsu,official,drones_launched,ua,69.0,,"топада (з 18:00 08 листопада) противник атакував 69 ударними БпЛА типу Shahed, Гербера і безпілотниками і",2026-09-10T09:18:34.317066+00:00
2025-11-08,1,kpszsu,official,impact_locations,ua,9.0,,"а півночі та сході країни.

Зафіксовано влучання 32 ударних БпЛА на 9 локаціях, а також падіння збитих (уламки) на о",2026-09-10T09:18:34.317066+00:00
2025-11-08,1,kpszsu,official,targets_downed,ua,34.0,,"⚡️ ЗБИТО/ПОДАВЛЕНО 34 ВОРОЖІ БПЛА
💥 За попередніми даними, ст",2026-09-10T09:18:34.317066+00:00
2025-11-09,1,kpszsu,official,attacked,kyiv,1.0,,є повідомлення супроводу цілей на Київ,2026-09-10T09:18:34.317066+00:00
2025-11-09,1,kpszsu,official,drones_launched,ua,67.0,,"и С-300/С-400 із Курської обл., а також 67 ударними БпЛА типу Shahed, Гербера і безпілотниками і",2026-09-10T09:18:34.317066+00:00
2025-11-09,1,kpszsu,official,impact_locations,ua,9.0,,", півдні та центрі країни.

Зафіксовано влучання 15 ударних БпЛА на 9 локаціях.
Інформація щодо ракет уточнюється. Д",2026-09-10T09:18:34.317066+00:00
2025-11-09,1,kpszsu,official,missile_tracks,kyiv,1.0,46999,Ракета на Київ!,2026-09-10T09:18:34.317066+00:00
2025-11-09,1,kpszsu,official,targets_downed,ua,52.0,,"⚡️ ЗБИТО/ПОДАВЛЕНО 52 ЦІЛІ ПРОТИВНИКА
💥 За попередніми даними",2026-09-10T09:18:34.317066+00:00
2025-11-09,2,kpszsu,official,drone_tracks,kyiv_obl,2.0,46994,"🛵🛸 БпЛА на сході Київщини, курс - південно-західний.",2026-09-10T09:18:34.317066+00:00
2025-11-10,1,kpszsu,official,attacked,kyiv,0.0,,"канал вів повітряну обстановку (39 повідомлень з 57), жодного супроводу на Київ, тривог у місті менше 3 годин",2026-09-10T09:18:34.317066+00:00
2025-11-10,1,kpszsu,official,drones_launched,ua,119.0,,"топада (з 18:00 10 листопада) противник атакував 119 ударними БпЛА типу Shahed, Гербера і безпілотниками і",2026-09-10T09:18:34.317066+00:00
2025-11-10,1,kpszsu,official,impact_locations,ua,18.0,,"і, сході та півдні країни.

Зафіксовано влучання 59 ударних БпЛА на 18 локаціях, а також падіння збитих (уламки) на о",2026-09-10T09:18:34.317066+00:00
2025-11-10,1,kpszsu,official,targets_downed,ua,53.0,,"⚡️ ЗБИТО/ПОДАВЛЕНО 53 ВОРОЖІ БПЛА
💥 За попередніми даними, ст",2026-09-10T09:18:34.317066+00:00
2025-11-11,1,kpszsu,official,attacked,kyiv,0.0,,"канал вів повітряну обстановку (65 повідомлень з 91), жодного супроводу на Київ, тривог у місті менше 3 годин",2026-09-10T09:18:34.317066+00:00
2025-11-11,1,kpszsu,official,drones_launched,ua,121.0,,"топада (з 19:00 11 листопада) противник атакував 121 ударним БпЛА типу Shahed, Гербера і безпілотниками і",2026-09-10T09:18:34.317066+00:00
2025-11-11,1,kpszsu,official,impact_locations,ua,19.0,,", півдні та центрі країни.

Зафіксовано влучання 31 ударного БпЛА на 19 локаціях, а також падіння збитих (уламки) на о",2026-09-10T09:18:34.317066+00:00
2025-11-11,1,kpszsu,official,targets_downed,ua,90.0,,"⚡️ ЗБИТО/ПОДАВЛЕНО 90 ВОРОЖИХ БПЛА
💥 За попередніми даними, с",2026-09-10T09:18:34.317066+00:00
2025-11-12,1,kpszsu,official,attacked,kyiv,0.0,,"канал вів повітряну обстановку (45 повідомлень з 66), жодного супроводу на Київ, тривог у місті менше 3 годин",2026-09-10T09:18:34.317066+00:00
2025-11-12,1,kpszsu,official,drones_launched,ua,138.0,,"ою ракетою Іскандер-М із ТОТ АР Криму,  138 ударними БпЛА типу Shahed, Гербера і безпілотниками і",2026-09-10T09:18:34.317066+00:00
2025-11-12,1,kpszsu,official,impact_locations,ua,10.0,,"і, сході та півдні країни.

Зафіксовано влучання 36 ударних БпЛА на 10 локаціях.

✊ Тримаймо небо!
🇺🇦 Разом – до пере",2026-09-10T09:18:34.317066+00:00
2025-11-12,1,kpszsu,official,targets_downed,ua,102.0,,"⚡️ ЗБИТО/ПОДАВЛЕНО 102 ВОРОЖИХ  БПЛА
💥 За попередніми даними, ",2026-09-10T09:18:34.317066+00:00
2025-11-12,2,kpszsu,official,drone_tracks,kyiv_obl,2.0,47178,🛵 Загроза застосування ударних БпЛА для сходу Київщини та заходу Черкащини.,2026-09-10T09:18:34.317066+00:00
2025-11-13,1,kpszsu,official,attacked,kyiv,1.0,,є повідомлення супроводу цілей на Київ,2026-09-10T09:18:34.317066+00:00
2025-11-13,1,kpszsu,official,drone_tracks,kyiv,6.0,47263,"🛵 БпЛА на півдні від м.Київ, курсом н.п.Глеваха.",2026-09-10T09:18:34.317066+00:00
2025-11-13,1,kpszsu,official,drones_launched,ua,430.0,,"зних типів (близько 300 – “шахеди”):

- 430 ударних БпЛА типу Shahed, Гербера (безпілотники інши",2026-09-10T09:18:34.317066+00:00
2025-11-13,1,kpszsu,official,impact_locations,ua,13.0,,"х ракет Іскандер-К/Калібр.

Зафіксовано влучання ракет та 23 ударних БпЛА на 13 локаціях, а також  падіння збитих (уламки) на ",2026-09-10T09:18:34.317066+00:00
2025-11-13,1,kpszsu,official,missile_tracks,kyiv,4.0,47351,🚀Балістика в напрямку Києва,2026-09-10T09:18:34.317066+00:00
2025-11-13,1,kpszsu,official,targets_downed,ua,419.0,,"⚡️ ЗБИТО/ПОДАВЛЕНО 419 ЦІЛЕЙ ПРОТИВНИКА
💥 За попередніми даним",2026-09-10T09:18:34.317066+00:00
2025-11-13,2,kpszsu,official,drone_tracks,kyiv_obl,5.0,47259,"🛸 Обухівський р-н., Київська обл. - ворожий БпЛА.  
Залучено засоби для його збиття.",2026-09-10T09:18:34.317066+00:00
2025-11-14,1,kpszsu,official,attacked,kyiv,1.0,,є повідомлення супроводу цілей на Київ,2026-09-10T09:18:34.317066+00:00
2025-11-14,1,kpszsu,official,drones_launched,ua,135.0,,"ного простору Тамбовської обл., а також 135 ударними БпЛА типу Shahed, Гербера і безпілотниками і",2026-09-10T09:18:34.317066+00:00
2025-11-14,1,kpszsu,official,impact_locations,ua,13.0,,"і, півдні та сході країни.

Зафіксовано влучання однієї ракети та 41 ударного БпЛА на 13 локаціях, а також падіння збитих (уламки) на ч",2026-09-10T09:18:34.317066+00:00
2025-11-14,1,kpszsu,official,missile_tracks,kyiv,1.0,47430,"🚀Ракети північніше Києва, курсом на Житомирщину.",2026-09-10T09:18:34.317066+00:00
2025-11-14,1,kpszsu,official,targets_downed,ua,184.0,,"⚡️ ЗБИТО/ПОДАВЛЕНО 93 ЦІЛІ ПРОТИВНИКА
💥 За попередніми даними",2026-09-10T09:18:34.317066+00:00
2025-11-15,1,kpszsu,official,attacked,kyiv,1.0,,є повідомлення супроводу цілей на Київ,2026-09-10T09:18:34.317066+00:00
2025-11-15,1,kpszsu,official,drone_tracks,kyiv,1.0,47501,"⚠ Увага!
🛵Київ - в районі міста ворожий БпЛА.
Перебувайте в укриттях!",2026-09-10T09:18:34.317066+00:00
2025-11-15,1,kpszsu,official,drones_launched,ua,176.0,,"Іскандер-М із Ростовської обл. – рф, та 176-ма ударними БпЛА типу Shahed, Гербера і безпілотниками і",2026-09-10T09:18:34.317066+00:00
2025-11-15,1,kpszsu,official,impact_locations,ua,14.0,,"і, півдні та сході країни.

Зафіксовано влучання 37 ударних БпЛА на 14 локаціях, а також падіння збитих (уламки) на д",2026-09-10T09:18:34.317066+00:00
2025-11-15,1,kpszsu,official,targets_downed,ua,139.0,,"⚡️ЗБИТО/ПОДАВЛЕНО 139 ВОРОЖИХ БПЛА
💥За попередніми даними, ст",2026-09-10T09:18:34.317066+00:00
2025-11-15,2,kpszsu,official,drone_tracks,kyiv_obl,3.0,47499,"🛵 БпЛА на межі Чернігівщини та Київщини, курс західний.",2026-09-10T09:18:34.317066+00:00
2025-11-16,1,kpszsu,official,attacked,kyiv,0.0,,"канал вів повітряну обстановку (57 повідомлень з 80), жодного супроводу на Київ, тривог у місті менше 3 годин",2026-09-10T09:18:34.317066+00:00
2025-11-16,1,kpszsu,official,drones_launched,ua,128.0,,"Іскандер-М із Ростовської обл. – рф, та 128-ма ударними БпЛА типу Shahed, Гербера і безпілотниками і",2026-09-10T09:18:34.317066+00:00
2025-11-16,1,kpszsu,official,impact_locations,ua,15.0,,"і, півдні та сході країни.

Зафіксовано влучання 32 ударних БпЛА на 15 локаціях, а також двох балістичних ракет на 2 ",2026-09-10T09:18:34.317066+00:00
2025-11-16,1,kpszsu,official,targets_downed,ua,91.0,,"⚡️ЗБИТО/ПОДАВЛЕНО 91 ВОРОЖИЙ БПЛА
💥За попередніми даними, ст",2026-09-10T09:18:34.317066+00:00
2025-11-17,1,kpszsu,official,attacked,kyiv,0.0,,"канал вів повітряну обстановку (37 повідомлень з 71), жодного супроводу на Київ, тривог у місті менше 3 годин",2026-09-10T09:18:34.317066+00:00
2025-11-17,1,kpszsu,official,drones_launched,ua,114.0,,"остовської та Воронезької обл. – рф, та 114-ма ударними БпЛА типу Shahed, Гербера і безпілотниками і",2026-09-10T09:18:34.317066+00:00
2025-11-17,1,kpszsu,official,impact_locations,ua,15.0,,"і, півдні та сході країни.

Зафіксовано влучання 4 ракет та 13 ударних БпЛА на 15 локаціях, а також падіння збитих (уламки) на 2",2026-09-10T09:18:34.317066+00:00
2025-11-17,1,kpszsu,official,targets_downed,ua,101.0,,"⚡️ЗБИТО/ПОДАВЛЕНО 101 ВОРОЖИЙ БПЛА
💥За попередніми даними, ст",2026-09-10T09:18:34.317066+00:00
2025-11-18,1,kpszsu,official,drones_launched,ua,476.0,,"– 48 ракет та 476 БпЛА різних типів:

- 476 ударних БпЛА типу Shahed, Гербера (безпілотники інши",2026-09-10T09:18:34.317066+00:00
2025-11-18,1,kpszsu,official,impact_locations,ua,14.0,,"тих ракет ""Калібр"".

Наразі зафіксовано влучання 7 ракет та 34 ударних БпЛА на 14 локаціях та падіння збитих (уламки) на 6 локац",2026-09-10T09:18:34.317066+00:00
2025-11-18,1,kpszsu,official,targets_downed,ua,524.0,,"⚡️ ЗБИТО/ПОДАВЛЕНО 524 ЦІЛІ ПРОТИВНИКА
💥За попередніми даними,",2026-09-10T09:18:34.317066+00:00
2025-11-18,2,kpszsu,official,drone_tracks,kyiv_obl,3.0,47780,"🚨Оновлення щодо ""шахедів"":
🛵 БпЛА у центрі та на заході Харківщини ➡️ курсом на захід.
🛵 БпЛА на півночі Дніпропетровщини ➡️ курсом на південний захід.
🛵 Кілька груп ""шахедів"" на Сумщині ➡️ курсом на ",2026-09-10T09:18:34.317066+00:00
2025-11-18,2,kpszsu,official,missile_tracks,kyiv_obl,5.0,47825,"🚀Група ракет з Сумщини, через західну частину Полтавщини, курс південно-західний.
🚀Група ракет з Черкащини, через південну частину Київщини, курс західний.",2026-09-10T09:18:34.317066+00:00
2025-11-19,1,kpszsu,official,attacked,kyiv,0.0,,"канал вів повітряну обстановку (41 повідомлень з 60), жодного супроводу на Київ, тривог у місті менше 3 годин",2026-09-10T09:18:34.317066+00:00
2025-11-19,1,kpszsu,official,drones_launched,ua,136.0,,"топада (з 18:00 19 листопада) противник атакував 136-ма ударними БпЛА типу Shahed, Гербера і безпілотниками і",2026-09-10T09:18:34.317066+00:00
2025-11-19,1,kpszsu,official,impact_locations,ua,16.0,,"і, півдні та сході країни.

Зафіксовано влучання 29 ударних БпЛА на 16 локаціях, а також падіння збитих (уламки) на т",2026-09-10T09:18:34.317066+00:00
2025-11-19,1,kpszsu,official,targets_downed,ua,106.0,,"⚡️ЗБИТО/ПОДАВЛЕНО 106 ВОРОЖИХ БПЛА
💥За попередніми даними, ст",2026-09-10T09:18:34.317066+00:00
2025-11-19,2,kpszsu,official,drone_tracks,kyiv_obl,1.0,47909,🛵 БпЛА  на сході Київщини ➡️курсом на захід.,2026-09-10T09:18:34.317066+00:00
2025-11-20,1,kpszsu,official,attacked,kyiv,0.0,,"канал вів повітряну обстановку (60 повідомлень з 86), жодного супроводу на Київ, тривог у місті менше 3 годин",2026-09-10T09:18:34.317066+00:00
2025-11-20,1,kpszsu,official,drones_launched,ua,115.0,,"топада (з 18:00 20 листопада) противник атакував 115-ма ударними БпЛА типу Shahed, Гербера і безпілотниками і",2026-09-10T09:18:34.317066+00:00
2025-11-20,1,kpszsu,official,impact_locations,ua,12.0,,"і, півдні та сході країни.

Зафіксовано влучання 19 ударних БпЛА на 12 локаціях, а також падіння збитих (уламки) на ч",2026-09-10T09:18:34.317066+00:00
2025-11-20,1,kpszsu,official,targets_downed,ua,95.0,,"⚡️ЗБИТО/ПОДАВЛЕНО 95 ВОРОЖИХ БПЛА
💥За попередніми даними, ст",2026-09-10T09:18:34.317066+00:00
2025-11-20,2,kpszsu,official,drone_tracks,kyiv_obl,1.0,48023,"Ворожий БпЛА у Білоцерківському районі Київщини північніше Кагарлика, курс - південно-західний.",2026-09-10T09:18:34.317066+00:00
2025-11-21,1,kpszsu,official,attacked,kyiv,0.0,,"канал вів повітряну обстановку (40 повідомлень з 55), жодного супроводу на Київ, тривог у місті менше 3 годин",2026-09-10T09:18:34.317066+00:00
2025-11-21,1,kpszsu,official,drones_launched,ua,104.0,,"ю ракетою Іскандер-М із ТОТ АР Крим, та 104-ма ударними БпЛА типу Shahed, Гербера і безпілотниками і",2026-09-10T09:18:34.317066+00:00
2025-11-21,1,kpszsu,official,impact_locations,ua,6.0,,"і, півдні та сході країни.

Зафіксовано влучання 13 ударних БпЛА на 6 локаціях, а також балістичної ракети на одній ",2026-09-10T09:18:34.317066+00:00
2025-11-21,1,kpszsu,official,targets_downed,ua,89.0,,"⚡️ЗБИТО/ПОДАВЛЕНО 89 ВОРОЖИХ БПЛА
💥За попередніми даними, ст",2026-09-10T09:18:34.317066+00:00
2025-11-22,1,kpszsu,official,attacked,kyiv,0.0,,"канал вів повітряну обстановку (35 повідомлень з 53), жодного супроводу на Київ, тривог у місті менше 3 годин",2026-09-10T09:18:34.317066+00:00
2025-11-22,1,kpszsu,official,drones_launched,ua,98.0,,"топада (з 19:00 22 листопада) противник атакував 98-ма ударними БпЛА типу Shahed, Гербера і безпілотниками і",2026-09-10T09:18:34.317066+00:00
2025-11-22,1,kpszsu,official,impact_locations,ua,12.0,,"і, півдні та сході країни.

Зафіксовано влучання 27 ударних БпЛА на 12 локаціях. 

Атака триває, в повітряному просто",2026-09-10T09:18:34.317066+00:00
2025-11-22,1,kpszsu,official,targets_downed,ua,69.0,,"⚡️ЗБИТО/ПОДАВЛЕНО 69 ВОРОЖИХ БПЛА
💥За попередніми даними, ст",2026-09-10T09:18:34.317066+00:00
2025-11-23,1,kpszsu,official,attacked,kyiv,0.0,,"канал вів повітряну обстановку (52 повідомлень з 73), жодного супроводу на Київ, тривог у місті менше 3 годин",2026-09-10T09:18:34.317066+00:00
2025-11-23,1,kpszsu,official,drones_launched,ua,162.0,,"топада (з 19:00 23 листопада) противник атакував 162-ма ударними БпЛА типу Shahed, Гербера і безпілотниками і",2026-09-10T09:18:34.317066+00:00
2025-11-23,1,kpszsu,official,impact_locations,ua,15.0,,"і, півдні та сході країни.

Зафіксовано влучання 37 ударних БпЛА на 15 локаціях, а також падіння збитих (уламки) на о",2026-09-10T09:18:34.317066+00:00
2025-11-23,1,kpszsu,official,targets_downed,ua,125.0,,"⚡️ЗБИТО/ПОДАВЛЕНО 125 ВОРОЖИХ БПЛА
💥За попередніми даними, ст",2026-09-10T09:18:34.317066+00:00
2025-11-23,2,kpszsu,official,drone_tracks,kyiv_obl,3.0,48181,"🛵 БпЛА на Чернігівщині в районі Славутича, курс південний/південно-західний.",2026-09-10T09:18:34.317066+00:00
2025-11-24,1,kpszsu,official,attacked,kyiv,1.0,,є повідомлення супроводу цілей на Київ,2026-09-10T09:18:34.317066+00:00
2025-11-24,1,kpszsu,official,drone_tracks,kyiv,4.0,48271,"⚠ Увага!
🛵Київ - в районі міста ворожі БпЛА.
Перебувайте в укриттях!",2026-09-10T09:18:34.317066+00:00
2025-11-24,1,kpszsu,official,drones_launched,ua,464.0,,"– 22 ракет та 464 БпЛА різних типів:

- 464 ударних БпЛА типу Shahed, Гербера (безпілотники інши",2026-09-10T09:18:34.317066+00:00
2025-11-24,1,kpszsu,official,impact_locations,ua,15.0,,"істичні ракети Іскандер-М.

Зафіксовано влучання ракет та 26 ударних БпЛА на 15 локаціях, а також падіння збитих (уламки) на 1",2026-09-10T09:18:34.317066+00:00
2025-11-24,1,kpszsu,official,missile_tracks,kyiv,3.0,48306,"🚀Ракети із Сумської обл. -  на Чернігівщині, Прямують у напрямку Києва!",2026-09-10T09:18:34.317066+00:00
2025-11-24,1,kpszsu,official,targets_downed,ua,452.0,,"⚡️ ЗБИТО/ПОДАВЛЕНО 452 ЦІЛІ ПРОТИВНИКА
💥За попередніми даними,",2026-09-10T09:18:34.317066+00:00
2025-11-24,2,kpszsu,official,drone_tracks,kyiv_obl,6.0,48255,🛵 БпЛА на сході Київщини ➡️ курсом на захід.,2026-09-10T09:18:34.317066+00:00
2025-11-24,2,kpszsu,official,missile_tracks,kyiv_obl,1.0,48303,🚀🚀🚀 Три керовані авіаційні ракети (Х-59/69) на кордоні Сумської та Полтавської областей в напрямку Київської!,2026-09-10T09:18:34.317066+00:00
2025-11-25,1,kpszsu,official,attacked,kyiv,0.0,,"канал вів повітряну обстановку (56 повідомлень з 74), жодного супроводу на Київ, тривог у місті менше 3 годин",2026-09-10T09:18:34.317066+00:00
2025-11-25,1,kpszsu,official,impact_locations,ua,10.0,,"і, півдні та сході країни.

Зафіксовано влучання ракет та 10 ударних БпЛА на 10 локаціях. 

Атака триває, в повітряному просто",2026-09-10T09:18:34.317066+00:00
2025-11-25,1,kpszsu,official,targets_downed,ua,72.0,,"⚡️ЗБИТО/ПОДАВЛЕНО 72 ВОРОЖІ БПЛА
💥За попередніми даними, ста",2026-09-10T09:18:34.317066+00:00
2025-11-26,1,kpszsu,official,attacked,kyiv,1.0,,є повідомлення супроводу цілей на Київ,2026-09-10T09:18:34.317066+00:00
2025-11-26,1,kpszsu,official,drone_tracks,kyiv,1.0,48436,🛵 Київщина:БпЛА повз Бориспіль➡️ в напрямку Києва.,2026-09-10T09:18:34.317066+00:00
2025-11-26,1,kpszsu,official,drones_launched,ua,142.0,,"топада (з 18:00 26 листопада) противник атакував 142-ма ударними БпЛА типу Shahed, Гербера і безпілотниками і",2026-09-10T09:18:34.317066+00:00
2025-11-26,1,kpszsu,official,impact_locations,ua,18.0,,"і, півдні та сході країни.

Зафіксовано влучання 42 ударних БпЛА на 18 локаціях, а також падіння збитих (уламки) на т",2026-09-10T09:18:34.317066+00:00
2025-11-26,1,kpszsu,official,targets_downed,ua,92.0,,"⚡️ЗБИТО/ПОДАВЛЕНО 92 ВОРОЖІ БПЛА
💥За попередніми даними, ста",2026-09-10T09:18:34.317066+00:00
2025-11-26,2,kpszsu,official,drone_tracks,kyiv_obl,4.0,48426,🛵 Київщина: БпЛА з Чернігівщини в Броварський р-н.,2026-09-10T09:18:34.317066+00:00
2025-11-27,1,kpszsu,official,attacked,kyiv,0.0,,"канал вів повітряну обстановку (37 повідомлень з 58), жодного супроводу на Київ, тривог у місті менше 3 годин",2026-09-10T09:18:34.317066+00:00
2025-11-27,1,kpszsu,official,drones_launched,ua,72.0,,"ю ракетою Іскандер-М  із ТОТ АР Крим та 72-ма ударними БпЛА типу Shahed, Гербера і безпілотниками і",2026-09-10T09:18:34.317066+00:00
2025-11-27,1,kpszsu,official,impact_locations,ua,5.0,,"і, півдні та сході країни.

Зафіксовано влучання балістичної ракети та 9 ударних БпЛА на 5 локаціях, а також падіння збитих (уламки) на 1",2026-09-10T09:18:34.317066+00:00
2025-11-27,1,kpszsu,official,targets_downed,ua,63.0,,"⚡️ ЗБИТО/ПОДАВЛЕНО 63 ЦІЛІ ПРОТИВНИКА
💥 За попередніми даними",2026-09-10T09:18:34.317066+00:00
2025-11-28,1,kpszsu,official,attacked,kyiv,1.0,,є повідомлення супроводу цілей на Київ,2026-09-10T09:18:34.317066+00:00
2025-11-28,1,kpszsu,official,drone_tracks,kyiv,8.0,48571,"🛵 БпЛА в Бориспільському районі Київщини, курс м.Київ.",2026-09-10T09:18:34.317066+00:00
2025-11-28,1,kpszsu,official,drones_launched,ua,596.0,,"– 36 ракет та 596 БпЛА різних типів:

- 596 ударних БпЛА типу Shahed, Гербера (безпілотники інши",2026-09-10T09:18:34.317066+00:00
2025-11-28,1,kpszsu,official,impact_locations,ua,22.0,," авіаційні ракети Х-59/69.

Зафіксовано влучання ракет та 35 ударних БпЛА на 22 локаціях, а також падіння збитих (уламки) на 1",2026-09-10T09:18:34.317066+00:00
2025-11-28,1,kpszsu,official,missile_tracks,kyiv,3.0,48612,"🚀Ракети на Київ зі сходу, півночі, півдня!",2026-09-10T09:18:34.317066+00:00
2025-11-28,1,kpszsu,official,targets_downed,ua,577.0,,"⚡️ ЗБИТО/ПОДАВЛЕНО 577 ЦІЛЕЙ ПРОТИВНИКА
💥За попередніми даними",2026-09-10T09:18:34.317066+00:00
2025-11-28,2,kpszsu,official,drone_tracks,kyiv_obl,8.0,48516,"🛵 БпЛА на заході Чернігівщини, напрямок Київщина.",2026-09-10T09:18:34.317066+00:00
2025-11-28,2,kpszsu,official,missile_tracks,kyiv_obl,4.0,48605,"🚀Ракети з Черкащини ➡️ на Київщину, курсом на Білу Церкву!",2026-09-10T09:18:34.317066+00:00
2025-11-29,1,kpszsu,official,attacked,kyiv,1.0,,є повідомлення супроводу цілей на Київ,2026-09-10T09:18:34.317066+00:00
2025-11-29,1,kpszsu,official,drone_tracks,kyiv,1.0,48668,"⚠ Увага!
🛵 Київ - в районі міста ворожі БпЛА.
Перебувайте в укриттях!",2026-09-10T09:18:34.317066+00:00
2025-11-29,1,kpszsu,official,drones_launched,ua,122.0,," ракетами Іскандер-М  із ТОТ АР Крим та 122-ма ударними БпЛА типу Shahed, Гербера і безпілотниками і",2026-09-10T09:18:34.317066+00:00
2025-11-29,1,kpszsu,official,impact_locations,ua,13.0,,"і, півдні та сході країни.

Зафіксовано влучання балістичних ракет та 18 ударних БпЛА на 13 локаціях, а також падіння збитих (уламки) на 2",2026-09-10T09:18:34.317066+00:00
2025-11-29,1,kpszsu,official,targets_downed,ua,104.0,,"⚡️ ЗБИТО/ПОДАВЛЕНО 104 ВОРОЖІ БПЛА
💥 За попередніми даними, ст",2026-09-10T09:18:34.317066+00:00
2025-11-29,2,kpszsu,official,drone_tracks,kyiv_obl,3.0,48649,"🛵 Ворожий БпЛА на півночі Чернігівщини, вектор руху Київщина.",2026-09-10T09:18:34.317066+00:00
2025-11-30,1,kpszsu,official,attacked,kyiv,0.0,,"канал вів повітряну обстановку (41 повідомлень з 67), жодного супроводу на Київ, тривог у місті менше 3 годин",2026-09-10T09:18:34.317066+00:00
2025-11-30,1,kpszsu,official,drones_launched,ua,89.0,,"грудня (з 18:00 30 листопада) противник атакував 89-ма ударними БпЛА типу Shahed, Гербера і безпілотниками і",2026-09-10T09:18:34.317066+00:00
2025-11-30,1,kpszsu,official,impact_locations,ua,9.0,,"чі, півдні та сході країни.
Зафіксовано влучання 26 ударних БпЛА на 9 локаціях. 
✊ Тримаймо небо!
 🇺🇦Разом – до пере",2026-09-10T09:18:34.317066+00:00
2025-11-30,1,kpszsu,official,targets_downed,ua,9707.0,,"ку протиповітряною обороною Cил оборони знищено 9707 повітряних цілей:
💥 У листопаді 2025 ро",2026-09-10T09:18:34.317066+00:00
2025-11-30,2,kpszsu,official,drone_tracks,kyiv_obl,4.0,48719,"🛵 Ворожий БпЛА північніше Чернігова, курс південно-західний (Славутич).",2026-09-10T09:18:34.317066+00:00
2025-12-01,1,kpszsu,official,attacked,kyiv,0.0,,"канал вів повітряну обстановку (30 повідомлень з 58), жодного супроводу на Київ, тривог у місті менше 3 годин",2026-09-10T09:18:34.317066+00:00
2025-12-01,1,kpszsu,official,drones_launched,ua,62.0,,"а 2 грудня (з 18:00 1 грудня) противник атакував 62-ма ударними БпЛА типу Shahed, Гербера і безпілотниками і",2026-09-10T09:18:34.317066+00:00
2025-12-01,1,kpszsu,official,impact_locations,ua,8.0,,"і, півдні та сході країни.

Зафіксовано влучання 20 ударних БпЛА на 8 локаціях.

Атака триває, в повітряному простор",2026-09-10T09:18:34.317066+00:00
2025-12-01,1,kpszsu,official,targets_downed,ua,39.0,,"⚡️ ЗБИТО/ПОДАВЛЕНО 39 ВОРОЖИХ БПЛА
💥 За попередніми даними, с",2026-09-10T09:18:34.317066+00:00
2025-12-01,2,kpszsu,official,drone_tracks,kyiv_obl,6.0,48765,🛵 БпЛА на Київщині в напрямку Бородянки.,2026-09-10T09:18:34.317066+00:00
2025-12-02,1,kpszsu,official,attacked,kyiv,0.0,,"канал вів повітряну обстановку (35 повідомлень з 60), жодного супроводу на Київ, тривог у місті менше 3 годин",2026-09-10T09:18:34.317066+00:00
2025-12-02,1,kpszsu,official,drones_launched,ua,111.0,,"іч на 3 грудня (з 18:00 2 грудня) ворог атакував 111-ма ударними БпЛА типу Shahed, Гербера і безпілотниками і",2026-09-10T09:18:34.317066+00:00
2025-12-02,1,kpszsu,official,impact_locations,ua,13.0,,"і, півдні та сході країни.

Зафіксовано влучання 27 ударних БпЛА на 13 локаціях, а також падіння збитих (уламки) на о",2026-09-10T09:18:34.317066+00:00
2025-12-02,1,kpszsu,official,targets_downed,ua,83.0,,"⚡️ ЗБИТО/ПОДАВЛЕНО 83 ВОРОЖИХ БПЛА
💥 Станом на 08:00, протипо",2026-09-10T09:18:34.317066+00:00
2025-12-02,2,kpszsu,official,drone_tracks,kyiv_obl,1.0,48856,🛵 БпЛА на сході Київщини з Чернігівщини➡️ курсом на  захід!,2026-09-10T09:18:34.317066+00:00
2025-12-03,1,kpszsu,official,attacked,kyiv,1.0,,є повідомлення супроводу цілей на Київ,2026-09-10T09:18:34.317066+00:00
2025-12-03,1,kpszsu,official,drone_tracks,kyiv,2.0,48921,🛵 БпЛА на Київщині в напрямку м.Київ з півдня.,2026-09-10T09:18:34.317066+00:00
2025-12-03,1,kpszsu,official,drones_launched,ua,138.0,,"ої області - рф та ТОТ АР Крим, а також 138-ма ударними БпЛА типу Shahed, Гербера і безпілотниками і",2026-09-10T09:18:34.317066+00:00
2025-12-03,1,kpszsu,official,impact_locations,ua,14.0,,"і, півдні та сході країни.

Зафіксовано влучання балістичних ракет та 24 ударних БпЛА на 14 локаціях.

✊ Тримаймо небо!
🇺🇦 Разом – до пере",2026-09-10T09:18:34.317066+00:00
2025-12-03,1,kpszsu,official,targets_downed,ua,114.0,,"⚡️ ЗБИТО/ПОДАВЛЕНО 114 ВОРОЖИХ БПЛА
💥 За попередніми даними, с",2026-09-10T09:18:34.317066+00:00
2025-12-03,2,kpszsu,official,drone_tracks,kyiv_obl,3.0,48918,🛵 БпЛА з Чернігівщини курсом на Київщину.,2026-09-10T09:18:34.317066+00:00
2025-12-04,1,kpszsu,official,attacked,kyiv,1.0,,є повідомлення супроводу цілей на Київ,2026-09-10T09:18:34.317066+00:00
2025-12-04,1,kpszsu,official,drone_tracks,kyiv,2.0,48995,БпЛА повз Бровари ➡️ на Київ з північного сходу.,2026-09-10T09:18:34.317066+00:00
2025-12-04,1,kpszsu,official,drones_launched,ua,137.0,,"а 5 грудня (з 19:00 4 грудня) противник атакував 137-ма ударними БпЛА типу Shahed, Гербера і безпілотниками і",2026-09-10T09:18:34.317066+00:00
2025-12-04,1,kpszsu,official,targets_downed,ua,80.0,,"⚡️ЗБИТО/ПОДАВЛЕНО 80 ВОРОЖИХ БПЛА
💥 За попередніми даними, с",2026-09-10T09:18:34.317066+00:00
2025-12-04,2,kpszsu,official,drone_tracks,kyiv_obl,5.0,48977,🛵 БпЛА повз Переяслав на Київщині  ➡️ у напрямку Ржищів/Кагарлик.,2026-09-10T09:18:34.317066+00:00
2025-12-05,1,kpszsu,official,attacked,kyiv,1.0,,є повідомлення супроводу цілей на Київ,2026-09-10T09:18:34.317066+00:00
2025-12-05,1,kpszsu,official,drone_tracks,kyiv,4.0,49082,🛵 БпЛА в напрямку Києва з південного сходу.,2026-09-10T09:18:34.317066+00:00
2025-12-05,1,kpszsu,official,drones_launched,ua,653.0,,"алістика») та 653 БпЛА різних типів:

- 653 ударних БпЛА типу Shahed, Гербера (безпілотники інши",2026-09-10T09:18:34.317066+00:00
2025-12-05,1,kpszsu,official,impact_locations,ua,29.0,,"у ракету Іскандер-М/KN-23.

Зафіксовано влучання ракет та 60 ударних БпЛА на 29 локаціях, а також падіння збитих (уламки) на т",2026-09-10T09:18:34.317066+00:00
2025-12-05,1,kpszsu,official,targets_downed,ua,615.0,,"⚡️ ЗБИТО/ПОДАВЛЕНО 615 ЦІЛЕЙ ПРОТИВНИКА
💥За попередніми даними",2026-09-10T09:18:34.317066+00:00
2025-12-05,2,kpszsu,official,drone_tracks,kyiv_obl,18.0,49039,"🛵 🛸 Групи БпЛА із Полтавщини ➡️ у напрямку Черкащини. 
🛵 🛸 БпЛА із Чернігівщини ➡️ у напрямку Яготина (Київщина).",2026-09-10T09:18:34.317066+00:00
2025-12-05,2,kpszsu,official,missile_tracks,kyiv_obl,2.0,49141,🚀 Київщина: групи ракет повз Фастів в район Макарова!,2026-09-10T09:18:34.317066+00:00
2025-12-06,1,kpszsu,official,attacked,kyiv,0.0,,"канал вів повітряну обстановку (50 повідомлень з 80), жодного супроводу на Київ, тривог у місті менше 3 годин",2026-09-10T09:18:34.317066+00:00
2025-12-06,1,kpszsu,official,drones_launched,ua,241.0,," та 241 БпЛА різних типів. Серед них:
- 241 ударний БпЛА типу Shahed, Гербера (безпілотники інши",2026-09-10T09:18:34.317066+00:00
2025-12-06,1,kpszsu,official,impact_locations,ua,14.0,,"і ракети Іскандер-М/KN-23.

Зафіксовано влучання 65 ударних БпЛА на 14 локаціях.
Атака триває, в повітряному просторі",2026-09-10T09:18:34.317066+00:00
2025-12-06,1,kpszsu,official,targets_downed,ua,179.0,,"⚡️ЗБИТО/ПОДАВЛЕНО 179 ЦІЛЕЙ ПРОТИВНИКА
💥За попередніми даними",2026-09-10T09:18:34.317066+00:00
2025-12-06,2,kpszsu,official,drone_tracks,kyiv_obl,7.0,49168,🛵🛸 БпЛА на півночі Київщини ➡️ курсом на Бровари.,2026-09-10T09:18:34.317066+00:00
2025-12-07,1,kpszsu,official,attacked,kyiv,1.0,,є повідомлення супроводу цілей на Київ,2026-09-10T09:18:34.317066+00:00
2025-12-07,1,kpszsu,official,drone_tracks,kyiv,1.0,49285,"🛵 БпЛА на південь від Києва, курс - західний.",2026-09-10T09:18:34.317066+00:00
2025-12-07,1,kpszsu,official,drones_launched,ua,149.0,," 8 грудня (з 18.00 07 грудня) противник атакував 149-ма ударними БпЛА типу Shahed, Гербера і безпілотниками і",2026-09-10T09:18:34.317066+00:00
2025-12-07,1,kpszsu,official,impact_locations,ua,11.0,,"і, півдні та сході країни.

Зафіксовано влучання 16 ударних БпЛА на 11 локаціях, а також падіння збитих (уламки) на 4",2026-09-10T09:18:34.317066+00:00
2025-12-07,1,kpszsu,official,targets_downed,ua,131.0,,"⚡️ ЗБИТО/ПОДАВЛЕНО 131 ВОРОЖИЙ БПЛА
💥 За попередніми даними, с",2026-09-10T09:18:34.317066+00:00
2025-12-07,2,kpszsu,official,drone_tracks,kyiv_obl,9.0,49260,"🛵  Чернігівщина: БпЛА над Київським водосховищем, курс ➡️ на захід (Київщина).",2026-09-10T09:18:34.317066+00:00
2025-12-08,1,kpszsu,official,attacked,kyiv,0.0,,"канал вів повітряну обстановку (38 повідомлень з 63), жодного супроводу на Київ, тривог у місті менше 3 годин",2026-09-10T09:18:34.317066+00:00
2025-12-08,1,kpszsu,official,drones_launched,ua,110.0,," 9 грудня (з 18.00 08 грудня) противник атакував 110-ма ударними БпЛА типу Shahed, Гербера і безпілотниками і",2026-09-10T09:18:34.317066+00:00
2025-12-08,1,kpszsu,official,impact_locations,ua,9.0,,"і, півдні та сході країни.

Зафіксовано влучання 24 ударних БпЛА на 9 локаціях.

Атака триває, в повітряному простор",2026-09-10T09:18:34.317066+00:00
2025-12-08,1,kpszsu,official,targets_downed,ua,84.0,,"⚡️ ЗБИТО/ПОДАВЛЕНО 84 ВОРОЖІ БПЛА
💥 За попередніми даними, ст",2026-09-10T09:18:34.317066+00:00
2025-12-08,2,kpszsu,official,drone_tracks,kyiv_obl,1.0,49379,"🛵 Ворожий БпЛА на Київщині, західніше Обухова",2026-09-10T09:18:34.317066+00:00
2025-12-09,1,kpszsu,official,attacked,kyiv,0.0,,"канал вів повітряну обстановку (20 повідомлень з 30), жодного супроводу на Київ, тривог у місті менше 3 годин",2026-09-10T09:18:34.317066+00:00
2025-12-09,1,kpszsu,official,drones_launched,ua,80.0,,"10 грудня (з 18.00 09 грудня) противник атакував 80-ма ударними БпЛА типу Shahed, Гербера і безпілотниками і",2026-09-10T09:18:34.317066+00:00
2025-12-09,1,kpszsu,official,impact_locations,ua,7.0,,"на півдні та сході країни.

Зафіксовано влучання 29 ударних БпЛА на 7 локаціях.

Атака триває, в повітряному простор",2026-09-10T09:18:34.317066+00:00
2025-12-09,1,kpszsu,official,targets_downed,ua,50.0,,"⚡️ ЗБИТО/ПОДАВЛЕНО 50 ВОРОЖИХ БПЛА
💥 За попередніми даними, с",2026-09-10T09:18:34.317066+00:00
2025-12-10,1,kpszsu,official,attacked,kyiv,0.0,,"канал вів повітряну обстановку (33 повідомлень з 70), жодного супроводу на Київ, тривог у місті менше 3 годин",2026-09-10T09:18:34.317066+00:00
2025-12-10,1,kpszsu,official,drones_launched,ua,151.0,,"3 (райони пусків – Курська обл., рф);
- 151 ударний БпЛА типу Shahed, Гербера (близько 120 із ни",2026-09-10T09:18:34.317066+00:00
2025-12-10,1,kpszsu,official,targets_downed,ua,85.0,,"⚡️ ЗБИТО/ПОДАВЛЕНО 85 ЦІЛЕЙ ПРОТИВНИКА
💥 За попередніми даним",2026-09-10T09:18:34.317066+00:00
2025-12-10,2,kpszsu,official,drone_tracks,kyiv_obl,4.0,49462,"🛵 БпЛА на Миколаївщині ➡️ курсом на Одещину.
🛵 Група БпЛА на Сумщині ➡️ продовжує рух на Полтавщину.
🛵 Група БпЛА на Полтавщині ➡️ курсом на Кременчук.
🛵 БпЛА на межі Черкащини та Київщини ➡️ в півден",2026-09-10T09:18:34.317066+00:00
2025-12-11,1,kpszsu,official,attacked,kyiv,0.0,,"канал вів повітряну обстановку (39 повідомлень з 51), жодного супроводу на Київ, тривог у місті менше 3 годин",2026-09-10T09:18:34.317066+00:00
2025-12-11,1,kpszsu,official,drones_launched,ua,80.0,,"12 грудня (з 18.00 11 грудня) противник атакував 80-ма ударними БпЛА типу Shahed, Гербера і безпілотниками і",2026-09-10T09:18:34.317066+00:00
2025-12-11,1,kpszsu,official,impact_locations,ua,8.0,,"і, півдні та сході країни.

Зафіксовано влучання 12 ударних БпЛА на 8 локаціях, а також падіння збитих (уламки) на 3",2026-09-10T09:18:34.317066+00:00
2025-12-11,1,kpszsu,official,targets_downed,ua,64.0,,"⚡️ ЗБИТО/ПОДАВЛЕНО 64 ВОРОЖИХ БПЛА
💥 За попередніми даними, с",2026-09-10T09:18:34.317066+00:00
2025-12-11,2,kpszsu,official,drone_tracks,kyiv_obl,1.0,49499,"🛵 БпЛА на півдні Чернігівщини (Прилуцький район) курс на Київщину, н.п.Згурівка",2026-09-10T09:18:34.317066+00:00
2025-12-12,1,kpszsu,official,attacked,kyiv,0.0,,"канал вів повітряну обстановку (100 повідомлень з 141), жодного супроводу на Київ, тривог у місті менше 3 годин",2026-09-10T09:18:34.317066+00:00
2025-12-12,1,kpszsu,official,drones_launched,ua,465.0,,"та 465 БпЛА різних типів. Серед них:

- 465 ударних БпЛА типу Shahed, Гербера (безпілотники інши",2026-09-10T09:18:34.317066+00:00
2025-12-12,1,kpszsu,official,targets_downed,ua,430.0,,"⚡️ЗБИТО/ПОДАВЛЕНО 430 ЦІЛЕЙ ПРОТИВНИКА
 💥За попередніми даним",2026-09-10T09:18:34.317066+00:00
2025-12-13,1,kpszsu,official,attacked,kyiv,0.0,,"канал вів повітряну обстановку (46 повідомлень з 84), жодного супроводу на Київ, тривог у місті менше 3 годин",2026-09-10T09:18:34.317066+00:00
2025-12-13,1,kpszsu,official,drones_launched,ua,138.0,,"(пуски із Ростовської області - рф), та 138-ма ударними БпЛА типу Shahed, Гербера і безпілотниками і",2026-09-10T09:18:34.317066+00:00
2025-12-13,1,kpszsu,official,impact_locations,ua,6.0,,"і, півдні та сході країни.

Зафіксовано влучання ракети та 10 ударних БпЛА на 6 локаціях. 

Атака триває, в повітряному просто",2026-09-10T09:18:34.317066+00:00
2025-12-13,1,kpszsu,official,targets_downed,ua,110.0,,"⚡️ЗБИТО/ПОДАВЛЕНО 110 ВОРОЖИХ БПЛА
💥За попередніми даними, ст",2026-09-10T09:18:34.317066+00:00
2025-12-14,1,kpszsu,official,attacked,kyiv,0.0,,"канал вів повітряну обстановку (62 повідомлень з 83), жодного супроводу на Київ, тривог у місті менше 3 годин",2026-09-10T09:18:34.317066+00:00
2025-12-14,1,kpszsu,official,drones_launched,ua,153.0,,"15 грудня (з 18:00 14 грудня) противник атакував 153-ма ударними БпЛА типу Shahed, Гербера і безпілотниками і",2026-09-10T09:18:34.317066+00:00
2025-12-14,1,kpszsu,official,impact_locations,ua,10.0,,"і, півдні та сході країни.

Зафіксовано влучання 17 ударних БпЛА на 10 локаціях. 

Атака триває, в повітряному просто",2026-09-10T09:18:34.317066+00:00
2025-12-14,1,kpszsu,official,targets_downed,ua,133.0,,"⚡️ЗБИТО/ПОДАВЛЕНО 133 ВОРОЖІ БПЛА
💥За попередніми даними, ста",2026-09-10T09:18:34.317066+00:00
2025-12-14,2,kpszsu,official,drone_tracks,kyiv_obl,3.0,49785,"🛵 БпЛА на півдні Чернігівщини, курс на Київщину.",2026-09-10T09:18:34.317066+00:00
2025-12-15,1,kpszsu,official,attacked,kyiv,0.0,,"канал вів повітряну обстановку (56 повідомлень з 82), жодного супроводу на Київ, тривог у місті менше 3 годин",2026-09-10T09:18:34.317066+00:00
2025-12-15,1,kpszsu,official,drones_launched,ua,69.0,,"16 грудня (з 18.00 15 грудня) противник атакував 69-ма ударними БпЛА типу Shahed, Гербера і безпілотниками і",2026-09-10T09:18:34.317066+00:00
2025-12-15,1,kpszsu,official,impact_locations,ua,7.0,,"на півдні та сході країни.

Зафіксовано влучання 10 ударних БпЛА на 7 локаціях.

Атака триває, в повітряному простор",2026-09-10T09:18:34.317066+00:00
2025-12-15,1,kpszsu,official,targets_downed,ua,57.0,,"⚡️ ЗБИТО/ПОДАВЛЕНО 57 ВОРОЖИХ БПЛА
💥 За попередніми даними, с",2026-09-10T09:18:34.317066+00:00
2025-12-16,1,kpszsu,official,attacked,kyiv,0.0,,"канал вів повітряну обстановку (52 повідомлень з 74), жодного супроводу на Київ, тривог у місті менше 3 годин",2026-09-10T09:18:34.317066+00:00
2025-12-16,1,kpszsu,official,drones_launched,ua,69.0,,"17 грудня (з 18.00 16 грудня) противник атакував 69-ма ударними БпЛА типу Shahed, Гербера і безпілотниками і",2026-09-10T09:18:34.317066+00:00
2025-12-16,1,kpszsu,official,impact_locations,ua,12.0,,"і, півдні та сході країни.

Зафіксовано влучання 29 ударних БпЛА на 12 локаціях.

Атака триває, в повітряному простор",2026-09-10T09:18:34.317066+00:00
2025-12-16,1,kpszsu,official,targets_downed,ua,37.0,,"⚡️ ЗБИТО/ПОДАВЛЕНО 37 ВОРОЖИХ БПЛА
💥 За попередніми даними, с",2026-09-10T09:18:34.317066+00:00
2025-12-16,2,kpszsu,official,drone_tracks,kyiv_obl,3.0,49957,🛵 БпЛА  на Київщину з Черкащини та Полтавщини.,2026-09-10T09:18:34.317066+00:00
2025-12-17,1,kpszsu,official,attacked,kyiv,0.0,,"канал вів повітряну обстановку (50 повідомлень з 75), жодного супроводу на Київ, тривог у місті менше 3 годин",2026-09-10T09:18:34.317066+00:00
2025-12-17,1,kpszsu,official,drones_launched,ua,82.0,,"18 грудня (з 18:00 17 грудня) противник атакував 82 ударними БпЛА типу Shahed, Гербера і безпілотниками і",2026-09-10T09:18:34.317066+00:00
2025-12-17,1,kpszsu,official,impact_locations,ua,12.0,," сході та в центрі країни.

Зафіксовано влучання 19 ударних БпЛА на 12 локаціях, а також падіння збитих (уламки) на 8",2026-09-10T09:18:34.317066+00:00
2025-12-17,1,kpszsu,official,targets_downed,ua,63.0,,"⚡️ ЗБИТО/ПОДАВЛЕНО 63 ВОРОЖИХ БПЛА
💥 За попередніми даними, с",2026-09-10T09:18:34.317066+00:00
2025-12-17,2,kpszsu,official,drone_tracks,kyiv_obl,3.0,50023,🛵 БпЛА на Чернігівщині курсом на Славутич з півночі.,2026-09-10T09:18:34.317066+00:00
2025-12-18,1,kpszsu,official,attacked,kyiv,0.0,,"канал вів повітряну обстановку (71 повідомлень з 103), жодного супроводу на Київ, тривог у місті менше 3 годин",2026-09-10T09:18:34.317066+00:00
2025-12-18,1,kpszsu,official,drones_launched,ua,160.0,,"19 грудня (з 18.30 18 грудня) противник атакував 160-ма ударними БпЛА типу Shahed, Гербера і безпілотниками і",2026-09-10T09:18:34.317066+00:00
2025-12-18,1,kpszsu,official,impact_locations,ua,23.0,,"на півдні та сході країни.

Зафіксовано влучання 47 ударних БпЛА на 23 локаціях.

Атака триває, в повітряному простор",2026-09-10T09:18:34.317066+00:00
2025-12-18,1,kpszsu,official,targets_downed,ua,108.0,,"⚡️ ЗБИТО/ПОДАВЛЕНО 108 ВОРОЖИХ БПЛА
💥 За попередніми даними, с",2026-09-10T09:18:34.317066+00:00
2025-12-19,1,kpszsu,official,attacked,kyiv,0.0,,"канал вів повітряну обстановку (39 повідомлень з 67), жодного супроводу на Київ, тривог у місті менше 3 годин",2026-09-10T09:18:34.317066+00:00
2025-12-19,1,kpszsu,official,drones_launched,ua,51.0,,"ами Іскандер-М  із ТОТ АР Крим, а також 51 ударними БпЛА типу Shahed, Гербера і безпілотниками і",2026-09-10T09:18:34.317066+00:00
2025-12-19,1,kpszsu,official,impact_locations,ua,15.0,,"і, півдні та сході країни.

Зафіксовано влучання балістичних ракет та 20 ударних БпЛА на 15 локаціях.

✊ Тримаймо небо!
🇺🇦 Разом – до пере",2026-09-10T09:18:34.317066+00:00
2025-12-19,1,kpszsu,official,targets_downed,ua,31.0,,"⚡️ ЗБИТО/ПОДАВЛЕНО 31 ВОРОЖИЙ БПЛА
💥 За попередніми даними, с",2026-09-10T09:18:34.317066+00:00
2025-12-19,2,kpszsu,official,drone_tracks,kyiv_obl,2.0,50219,🛵 БпЛА на Чернігівщині курсом на Славутич з півночі.,2026-09-10T09:18:34.317066+00:00
2025-12-20,1,kpszsu,official,attacked,kyiv,0.0,,"канал вів повітряну обстановку (50 повідомлень з 64), жодного супроводу на Київ, тривог у місті менше 3 годин",2026-09-10T09:18:34.317066+00:00
2025-12-20,1,kpszsu,official,drones_launched,ua,97.0,,"21 грудня (з 18:00 20 грудня) противник атакував 97 ударними БпЛА типу Shahed, Гербера і безпілотниками і",2026-09-10T09:18:34.317066+00:00
2025-12-20,1,kpszsu,official,impact_locations,ua,8.0,,"і, заході та сході країни.

Зафіксовано влучання 19 ударних БпЛА на 8 локаціях, а також падіння збитих (уламки) на о",2026-09-10T09:18:34.317066+00:00
2025-12-20,1,kpszsu,official,targets_downed,ua,75.0,,"⚡️ ЗБИТО/ПОДАВЛЕНО 75 ВОРОЖИХ БПЛА
💥 За попередніми даними, с",2026-09-10T09:18:34.317066+00:00
2025-12-20,2,kpszsu,official,drone_tracks,kyiv_obl,5.0,50277,"🛵 БпЛА на Херсонщині, в напрямку Миколаївщини.
🛵 БпЛА на Чернігівщині, на схід від н.п. Ічня, курс на  Київщину.",2026-09-10T09:18:34.317066+00:00
2025-12-21,1,kpszsu,official,attacked,kyiv,0.0,,"канал вів повітряну обстановку (64 повідомлень з 80), жодного супроводу на Київ, тривог у місті менше 3 годин",2026-09-10T09:18:34.317066+00:00
2025-12-21,1,kpszsu,official,drones_launched,ua,86.0,,"22 грудня (з 19:00 21 грудня) противник атакував 86 ударними БпЛА типу Shahed, Гербера і безпілотниками і",2026-09-10T09:18:34.317066+00:00
2025-12-21,1,kpszsu,official,impact_locations,ua,12.0,,"і, півдні та сході країни.

Зафіксовано влучання 26 ударних БпЛА на 12 локаціях, а також падіння збитих (уламки) на о",2026-09-10T09:18:34.317066+00:00
2025-12-21,1,kpszsu,official,targets_downed,ua,58.0,,"⚡️ ЗБИТО/ПОДАВЛЕНО 58 ВОРОЖИХ БПЛА
💥 За попередніми даними, с",2026-09-10T09:18:34.317066+00:00
2025-12-21,2,kpszsu,official,drone_tracks,kyiv_obl,12.0,50351,🛵 БпЛА на Чернігівщині в напрямку на/повз Славутич з півночі.,2026-09-10T09:18:34.317066+00:00
2025-12-22,1,kpszsu,official,attacked,kyiv,1.0,,є повідомлення супроводу цілей на Київ,2026-09-10T09:18:34.317066+00:00
2025-12-22,1,kpszsu,official,drone_tracks,kyiv,4.0,50442,🛵 БпЛА в р-ні. Бучи у напрямку Києва.,2026-09-10T09:18:34.317066+00:00
2025-12-22,1,kpszsu,official,drones_launched,ua,635.0,,"та 635 БпЛА різних типів. Серед них:

- 635 ударних БпЛА типу Shahed, Гербера (безпілотники інши",2026-09-10T09:18:34.317066+00:00
2025-12-22,1,kpszsu,official,impact_locations,ua,21.0,," ракети Х-101, Іскандер-К.

Зафіксовано влучання ракет та 39 ударних БпЛА на 21 локації, падіння збитих (уламки) – на 8 локаці",2026-09-10T09:18:34.317066+00:00
2025-12-22,1,kpszsu,official,missile_tracks,kyiv,1.0,50457,🚀Ракета на півночі Чернігівщині курсом на Київ,2026-09-10T09:18:34.317066+00:00
2025-12-22,1,kpszsu,official,targets_downed,ua,621.0,,"⚡️ЗБИТО/ПОДАВЛЕНО 621 ЦІЛЬ ПРОТИВНИКА
 💥За попередніми даними",2026-09-10T09:18:34.317066+00:00
2025-12-22,2,kpszsu,official,drone_tracks,kyiv_obl,11.0,50397,"🛵 Ударний БпЛА на заході Київщини, на захід від н.п. Красятичі, на Житомирщину.",2026-09-10T09:18:34.317066+00:00
2025-12-22,2,kpszsu,official,missile_tracks,kyiv_obl,2.0,50468,🚀Ракета на півночі Київщини вектором руху на Житомир,2026-09-10T09:18:34.317066+00:00
2025-12-23,1,kpszsu,official,attacked,kyiv,0.0,,"канал вів повітряну обстановку (61 повідомлень з 102), жодного супроводу на Київ, тривог у місті менше 3 годин",2026-09-10T09:18:34.317066+00:00
2025-12-23,1,kpszsu,official,drones_launched,ua,116.0,,"24 грудня (з 19:00 23 грудня) противник атакував 116 ударними БпЛА типу Shahed, Гербера і безпілотниками і",2026-09-10T09:18:34.317066+00:00
2025-12-23,1,kpszsu,official,impact_locations,ua,19.0,,"і, півдні та сході країни.

Зафіксовано влучання 48 ударних БпЛА на 19 локаціях. 

Ворог продовжує атаку безпілотника",2026-09-10T09:18:34.317066+00:00
2025-12-23,1,kpszsu,official,targets_downed,ua,60.0,,"⚡️ ЗБИТО/ПОДАВЛЕНО 60 ВОРОЖИХ БПЛА
💥 За попередніми даними, с",2026-09-10T09:18:34.317066+00:00
2025-12-23,2,kpszsu,official,drone_tracks,kyiv_obl,9.0,50508,"🚨Оновлення щодо безпілотників:
🛵 БпЛА в напрямку Дніпра та Кременчука ➡️ курс на північно-західний.
🛵 БпЛА на заході Київщини ➡️ курс на захід.
🛵 БпЛА на сході Сумщини ➡️ курс на Харківщину.",2026-09-10T09:18:34.317066+00:00
2025-12-24,1,kpszsu,official,attacked,kyiv,1.0,,є повідомлення супроводу цілей на Київ,2026-09-10T09:18:34.317066+00:00
2025-12-24,1,kpszsu,official,drone_tracks,kyiv,1.0,50704,🛵 БпЛА на Київ зі сходу!,2026-09-10T09:18:34.317066+00:00
2025-12-24,1,kpszsu,official,drones_launched,ua,131.0,,"25 грудня (з 19:00 24 грудня) противник атакував 131 ударним БпЛА типу Shahed, Гербера і безпілотниками і",2026-09-10T09:18:34.317066+00:00
2025-12-24,1,kpszsu,official,impact_locations,ua,15.0,,"чі, півдні та сході країни.
Зафіксовано влучання 22 ударних БпЛА на 15 локаціях. 
Ворог продовжує атаку безпілотникам",2026-09-10T09:18:34.317066+00:00
2025-12-24,1,kpszsu,official,targets_downed,ua,106.0,,"⚡️ ЗБИТО/ПОДАВЛЕНО 106 ВОРОЖИХ БПЛА
💥 За попередніми даними, с",2026-09-10T09:18:34.317066+00:00
2025-12-24,2,kpszsu,official,drone_tracks,kyiv_obl,11.0,50613,🛵🛸 БпЛА курсом на Славутич з південного сходу.,2026-09-10T09:18:34.317066+00:00
2025-12-25,1,kpszsu,official,attacked,kyiv,1.0,,є повідомлення супроводу цілей на Київ,2026-09-10T09:18:34.317066+00:00
2025-12-25,1,kpszsu,official,drone_tracks,kyiv,4.0,50777,🛵 Ворожий БпЛА  у напрямку Києва з півночі.,2026-09-10T09:18:34.317066+00:00
2025-12-25,1,kpszsu,official,drones_launched,ua,99.0,,"тою Іскандер-М  із ТОТ АР Крим, а також 99 ударними БпЛА типу Shahed, Гербера і безпілотниками і",2026-09-10T09:18:34.317066+00:00
2025-12-25,1,kpszsu,official,impact_locations,ua,16.0,,"і, півдні та сході країни.

Зафіксовано влучання балістичної ракети та 26 ударних БпЛА на 16 локаціях.

✊ Тримаймо небо!
🇺🇦 Разом – до пере",2026-09-10T09:18:34.317066+00:00
2025-12-25,1,kpszsu,official,targets_downed,ua,73.0,,"⚡️ ЗБИТО/ПОДАВЛЕНО 73 ВОРОЖІ БПЛА
💥 За попередніми даними, ст",2026-09-10T09:18:34.317066+00:00
2025-12-25,2,kpszsu,official,drone_tracks,kyiv_obl,8.0,50730,🛵 БпЛА на півночі Київщини з Київського водосховища курс на південь.,2026-09-10T09:18:34.317066+00:00
2025-12-26,1,kpszsu,official,attacked,kyiv,1.0,,є повідомлення супроводу цілей на Київ,2026-09-10T09:18:34.317066+00:00
2025-12-26,1,kpszsu,official,drone_tracks,kyiv,19.0,50832,"🛵 БпЛА курсом на Київ, в разі оголошення тривоги перебувайте в укриттях!",2026-09-10T09:18:34.317066+00:00
2025-12-26,1,kpszsu,official,drones_launched,ua,519.0,,"– 40 ракет та 519 БпЛА різних типів:

- 519 ударних БпЛА типу Shahed, Гербера (безпілотники інши",2026-09-10T09:18:34.317066+00:00
2025-12-26,1,kpszsu,official,missile_tracks,kyiv,1.0,50848,"🚀Ракетна небезпека на Дніпропетровщині та в Херсонському районі Херсонщини.
- Ворожий БпЛА(тип куля) на півдні Сумщини, курс на Полтавщину.
- Ворожий БпЛА(тип куля) на півночі  Сумщини, курс на півден",2026-09-10T09:18:34.317066+00:00
2025-12-26,1,kpszsu,official,targets_downed,ua,503.0,,"⚡️ЗБИТО/ПОДАВЛЕНО 503 ЦІЛІ ПРОТИВНИКА
 💥За попередніми даними",2026-09-10T09:18:34.317066+00:00
2025-12-26,2,kpszsu,official,drone_tracks,kyiv_obl,14.0,50829,🛵 БпЛА на Чернігівщині в районі Славутича.,2026-09-10T09:18:34.317066+00:00
2025-12-27,1,kpszsu,official,attacked,kyiv,1.0,,є повідомлення супроводу цілей на Київ,2026-09-10T09:18:34.317066+00:00
2025-12-27,1,kpszsu,official,drone_tracks,kyiv,4.0,50939,"🛵 Декілька груп БпЛА з півночі ➡️ на Київ. 
🛵 Житомирщина: БпЛА ➡️ повз Малин.
🛵 Чернігівщина: БпЛА ➡️ на Ніжин.
🛵 Сумщина: БпЛА ➡️ на Суми та в районі Конотопу.",2026-09-10T09:18:34.317066+00:00
2025-12-27,1,kpszsu,official,drones_launched,ua,48.0,,"28 грудня (з 18.00 27 грудня) противник атакував 48-ма ударними БпЛА типу Shahed, Гербера і безпілотниками і",2026-09-10T09:18:34.317066+00:00
2025-12-27,1,kpszsu,official,impact_locations,ua,9.0,,"і, півдні та сході країни.

Зафіксовано влучання 18 БпЛА на 9 локаціях.

✊ Тримаймо небо!
🇺🇦 Разом – до пере",2026-09-10T09:18:34.317066+00:00
2025-12-27,1,kpszsu,official,targets_downed,ua,30.0,,"⚡️ ЗБИТО/ПОДАВЛЕНО 30 ВОРОЖИХ БПЛА
💥 За попередніми даними, с",2026-09-10T09:18:34.317066+00:00
2025-12-27,2,kpszsu,official,drone_tracks,kyiv_obl,2.0,50948,🛵 Київщина: БпЛА повз Обухів курсом на схід.,2026-09-10T09:18:34.317066+00:00
2025-12-28,1,kpszsu,official,attacked,kyiv,0.0,,"канал вів повітряну обстановку (29 повідомлень з 53), жодного супроводу на Київ, тривог у місті менше 3 годин",2026-09-10T09:18:34.317066+00:00
2025-12-28,1,kpszsu,official,drones_launched,ua,25.0,,"29 грудня (з 21:00 28 грудня) противник атакував 25-ма ударними БпЛА типу Shahed, Гербера і безпілотниками і",2026-09-10T09:18:34.317066+00:00
2025-12-28,1,kpszsu,official,targets_downed,ua,21.0,,"⚡️ЗБИТО/ПОДАВЛЕНО 21 ВОРОЖИЙ БПЛА
💥За попередніми даними, ст",2026-09-10T09:18:34.317066+00:00
2025-12-28,2,kpszsu,official,drone_tracks,kyiv_obl,1.0,51037,🛵 БпЛА на Чернігівщині курсом на Київщину (Броварський район).,2026-09-10T09:18:34.317066+00:00
2025-12-29,1,kpszsu,official,attacked,kyiv,0.0,,"канал вів повітряну обстановку (37 повідомлень з 66), жодного супроводу на Київ, тривог у місті менше 3 годин",2026-09-10T09:18:34.317066+00:00
2025-12-29,1,kpszsu,official,drones_launched,ua,60.0,,"ОТ АР Крим та Воронезької обл., а також 60 ударними БпЛА типу Shahed, Гербера і безпілотниками і",2026-09-10T09:18:34.317066+00:00
2025-12-29,1,kpszsu,official,impact_locations,ua,5.0,,"і, півдні та сході країни.

Зафіксовано влучання балістичної ракети та 8 ударних БпЛА на 5 локаціях.

✊ Тримаймо небо!
🇺🇦 Разом – до пере",2026-09-10T09:18:34.317066+00:00
2025-12-30,1,kpszsu,official,attacked,kyiv,1.0,,є повідомлення супроводу цілей на Київ,2026-09-10T09:18:34.317066+00:00
2025-12-30,1,kpszsu,official,drone_tracks,kyiv,1.0,51136,🛵 БпЛА ➡️ курсом на Київ!,2026-09-10T09:18:34.317066+00:00
2025-12-30,1,kpszsu,official,drones_launched,ua,127.0,,"31 грудня (з 18:00 30 грудня) противник атакував 127 ударними БпЛА типу Shahed, Гербера і безпілотниками і",2026-09-10T09:18:34.317066+00:00
2025-12-30,1,kpszsu,official,impact_locations,ua,11.0,,"чі, півдні та сході країни.
Зафіксовано влучання 20 ударних БпЛА на 11 локаціях. 

Ворог продовжує атаку безпілотника",2026-09-10T09:18:34.317066+00:00
2025-12-30,1,kpszsu,official,targets_downed,ua,101.0,,"⚡️ ЗБИТО/ПОДАВЛЕНО 101 ВОРОЖИЙ БПЛА
💥 За попередніми даними, с",2026-09-10T09:18:34.317066+00:00
2025-12-30,2,kpszsu,official,drone_tracks,kyiv_obl,1.0,51129,"🛵 Групи БпЛА із Чернігівщини ➡️ на Київщину.
🛵 Нові групи БпЛА ➡️ через Миколаївщину.",2026-09-10T09:18:34.317066+00:00
2025-12-31,1,kpszsu,official,attacked,kyiv,0.0,,"канал вів повітряну обстановку (127 повідомлень з 162), жодного супроводу на Київ, тривог у місті менше 3 годин",2026-09-10T09:18:34.317066+00:00
2025-12-31,1,kpszsu,official,drones_launched,ua,205.0,,"(з 18:00 31 грудня 2025 року) противник атакував 205-ма ударними БпЛА типу Shahed, Гербера і безпілотниками і",2026-09-10T09:18:34.317066+00:00
2025-12-31,1,kpszsu,official,impact_locations,ua,15.0,,"і, півдні та сході країни.

Зафіксовано влучання 24 ударних БпЛА на 15 локаціях. 

Атака триває, в повітряному просто",2026-09-10T09:18:34.317066+00:00
2025-12-31,1,kpszsu,official,targets_downed,ua,176.0,,"⚡️ЗБИТО/ПОДАВЛЕНО 176 ВОРОЖИХ БПЛА
💥За попередніми даними, ст",2026-09-10T09:18:34.317066+00:00
2025-12-31,2,kpszsu,official,drone_tracks,kyiv_obl,13.0,51224,"🛵 БпЛА з Чернігівщини на Київщину, напрямок н.п.Згурівка.",2026-09-10T09:18:34.317066+00:00
2026-01-01,1,kpszsu,official,attacked,kyiv,1.0,,є повідомлення супроводу цілей на Київ,2026-09-10T09:18:34.317066+00:00
2026-01-01,1,kpszsu,official,drone_tracks,kyiv,2.0,51369,"🛵  БпЛА по Київському водосховищу, в напрямку столиці.",2026-09-10T09:18:34.317066+00:00
2026-01-01,1,kpszsu,official,drones_launched,ua,116.0,,"а 02 січня (з 18:00 01 січня) противник атакував 116 ударними БпЛА типу Shahed, Гербера і безпілотниками і",2026-09-10T09:18:34.317066+00:00
2026-01-01,1,kpszsu,official,impact_locations,ua,23.0,,"і, півдні та сході країни.

Зафіксовано влучання 27 ударних БпЛА на 23 локаціях, а також падіння збитих (уламки) на д",2026-09-10T09:18:34.317066+00:00
2026-01-01,1,kpszsu,official,targets_downed,ua,86.0,,"⚡️ ЗБИТО/ПОДАВЛЕНО 86 ВОРОЖИХ БПЛА
💥 За попередніми даними, с",2026-09-10T09:18:34.317066+00:00
2026-01-01,2,kpszsu,official,drone_tracks,kyiv_obl,5.0,51340,"🛵 БпЛА на заході Київщини, курс на Житомирщину.
🛵 БпЛА на Чернігівщині, курс на північ Київщини.",2026-09-10T09:18:34.317066+00:00
2026-01-02,1,kpszsu,official,attacked,kyiv,1.0,,є повідомлення супроводу цілей на Київ,2026-09-10T09:18:34.317066+00:00
2026-01-02,1,kpszsu,official,drone_tracks,kyiv,2.0,51474,🛵 БпЛА на м.Київ зі сходу.,2026-09-10T09:18:34.317066+00:00
2026-01-02,1,kpszsu,official,drones_launched,ua,95.0,,"а 03 січня (з 18:00 02 січня) противник атакував 95 ударними БпЛА типу Shahed, Гербера і безпілотниками і",2026-09-10T09:18:34.317066+00:00
2026-01-02,1,kpszsu,official,impact_locations,ua,8.0,,"чі, півдні та сході країни.
Зафіксовано влучання 15 ударних БпЛА на 8 локаціях, а також падіння збитих (уламки) на д",2026-09-10T09:18:34.317066+00:00
2026-01-02,1,kpszsu,official,targets_downed,ua,80.0,,"⚡️ ЗБИТО/ПОДАВЛЕНО 80 ВОРОЖИХ БПЛА
💥 За попередніми даними, с",2026-09-10T09:18:34.317066+00:00
2026-01-02,2,kpszsu,official,drone_tracks,kyiv_obl,5.0,51468,"🛵 Група БпЛА на Чернігівщині, повз н.п.Козелець, курс на Київщину.",2026-09-10T09:18:34.317066+00:00
2026-01-02,2,kpszsu,official,missile_tracks,kyiv_obl,1.0,51487,"🚀Київська, Чернігівська, Полтавська області - ракетна небезпека!",2026-09-10T09:18:34.317066+00:00
2026-01-03,1,kpszsu,official,attacked,kyiv,0.0,,"канал вів повітряну обстановку (67 повідомлень з 98), жодного супроводу на Київ, тривог у місті менше 3 годин",2026-09-10T09:18:34.317066+00:00
2026-01-03,1,kpszsu,official,drones_launched,ua,52.0,,"а 04 січня (з 19:00 03 січня) противник атакував 52 ударними БпЛА типу Shahed, Гербера і безпілотниками і",2026-09-10T09:18:34.317066+00:00
2026-01-03,1,kpszsu,official,impact_locations,ua,9.0,,"а півночі та сході країни.

Зафіксовано влучання 13 ударних БпЛА на 9 локаціях, а також падіння збитих (уламки) на о",2026-09-10T09:18:34.317066+00:00
2026-01-03,1,kpszsu,official,targets_downed,ua,39.0,,"⚡️ ЗБИТО/ПОДАВЛЕНО 39 ВОРОЖИХ БПЛА
💥 За попередніми даними, с",2026-09-10T09:18:34.317066+00:00
2026-01-03,2,kpszsu,official,drone_tracks,kyiv_obl,7.0,51562,🛵🛸Ворожий БпЛА на північному заході Чернігівщини в напрямку Славутича/Любеча з півночі.,2026-09-10T09:18:34.317066+00:00
2026-01-04,1,kpszsu,official,attacked,kyiv,1.0,,є повідомлення супроводу цілей на Київ,2026-09-10T09:18:34.317066+00:00
2026-01-04,1,kpszsu,official,drone_tracks,kyiv,2.0,51643,"🛵 Київ -  БпЛА в напрямку міста.
🛵 Київщина -  БпЛА в напрямку Василькова.",2026-09-10T09:18:34.317066+00:00
2026-01-04,1,kpszsu,official,drones_launched,ua,165.0,," Брянської та Воронезької обл., а також 165 ударними БпЛА типу Shahed, Гербера і безпілотниками і",2026-09-10T09:18:34.317066+00:00
2026-01-04,1,kpszsu,official,impact_locations,ua,10.0,,"і, центрі та сході країни.

Зафіксовано влучання балістичних/зенітних керованих ракет та 26 ударних БпЛА на 10 локаціях, а також падіння збитих (уламки) на 9",2026-09-10T09:18:34.317066+00:00
2026-01-04,1,kpszsu,official,targets_downed,ua,137.0,,"⚡️ ЗБИТО/ПОДАВЛЕНО 137 ВОРОЖИХ БПЛА
💥 За попередніми даними, с",2026-09-10T09:18:34.317066+00:00
2026-01-04,2,kpszsu,official,drone_tracks,kyiv_obl,9.0,51630,"🛵 Чернігівщина - група БпЛА на Славутич.
🛵 Сумщина група БпЛА повз Буринь, Путивль ➡️ західним курсом.
 🛵 Група БпЛА на Харківщині ➡️ курсом на Полтавщину, Дніпропетровщину.
🛵 Група БпЛА на півдні Пол",2026-09-10T09:18:34.317066+00:00
2026-01-05,1,kpszsu,official,attacked,kyiv,0.0,,"канал вів повітряну обстановку (30 повідомлень з 48), жодного супроводу на Київ, тривог у місті менше 3 годин",2026-09-10T09:18:34.317066+00:00
2026-01-05,1,kpszsu,official,drones_launched,ua,61.0,,"а 06 січня (з 18:00 05 січня) противник атакував 61 ударним БпЛА типу Shahed, Гербера і безпілотниками і",2026-09-10T09:18:34.317066+00:00
2026-01-05,1,kpszsu,official,impact_locations,ua,6.0,,"і, центрі та сході країни.

Зафіксовано влучання 8 ударних БпЛА на 6 локаціях.

✊ Тримаймо небо!
🇺🇦 Разом – до пере",2026-09-10T09:18:34.317066+00:00
2026-01-05,1,kpszsu,official,targets_downed,ua,53.0,,"⚡️ ЗБИТО/ПОДАВЛЕНО 53 ВОРОЖІ БПЛА
💥 За попередніми даними, ст",2026-09-10T09:18:34.317066+00:00
2026-01-05,2,kpszsu,official,drone_tracks,kyiv_obl,1.0,51706,"🛵 Чернігівщина: БпЛА ➡️ повз Любеч у напрямку Славутича.
🛵 Дніпропетровщина: БпЛА ➡️ через Магдалинівку у напрямку Полтавщини.",2026-09-10T09:18:34.317066+00:00
2026-01-06,1,kpszsu,official,attacked,kyiv,0.0,,"канал вів повітряну обстановку (57 повідомлень з 85), жодного супроводу на Київ, тривог у місті менше 3 годин",2026-09-10T09:18:34.317066+00:00
2026-01-06,1,kpszsu,official,drones_launched,ua,95.0,,"ю Іскандер-М із Таганрогу - рф, а також 95 ударними БпЛА типу Shahed, Гербера і безпілотниками і",2026-09-10T09:18:34.317066+00:00
2026-01-06,1,kpszsu,official,impact_locations,ua,8.0,,"і, центрі та сході країни.

Зафіксовано влучання 14 ударних БпЛА на 8 локаціях, а також падіння збитих (уламки) на 5",2026-09-10T09:18:34.317066+00:00
2026-01-07,1,kpszsu,official,attacked,kyiv,0.0,,"канал вів повітряну обстановку (52 повідомлень з 70), жодного супроводу на Київ, тривог у місті менше 3 годин",2026-09-10T09:18:34.317066+00:00
2026-01-07,1,kpszsu,official,drones_launched,ua,97.0,,"а 08 січня (з 19:00 07 січня) противник атакував 97 ударними БпЛА типу Shahed, Гербера і безпілотниками і",2026-09-10T09:18:34.317066+00:00
2026-01-07,1,kpszsu,official,impact_locations,ua,13.0,,"на сході та півдні країни.

Зафіксовано влучання 27 ударних БпЛА на 13 локаціях, а також падіння збитих (уламки) на о",2026-09-10T09:18:34.317066+00:00
2026-01-07,1,kpszsu,official,targets_downed,ua,70.0,,"⚡️ ЗБИТО/ПОДАВЛЕНО 70 ВОРОЖИХ БПЛА
💥 За попередніми даними, с",2026-09-10T09:18:34.317066+00:00
2026-01-08,1,kpszsu,official,attacked,kyiv,1.0,,є повідомлення супроводу цілей на Київ,2026-09-10T09:18:34.317066+00:00
2026-01-08,1,kpszsu,official,drone_tracks,kyiv,5.0,51919,🛵 БпЛА курсом на Київ зі сходу.,2026-09-10T09:18:34.317066+00:00
2026-01-08,1,kpszsu,official,drones_launched,ua,242.0,,"– 36 ракет та 242 БпЛА різних типів:

- 242 ударних БпЛА типу Shahed, Гербера (безпілотники інши",2026-09-10T09:18:34.317066+00:00
2026-01-08,1,kpszsu,official,missile_tracks,kyiv,1.0,51962,Ще балістика ➡️ у напрямку Києва!,2026-09-10T09:18:34.317066+00:00
2026-01-08,1,kpszsu,official,targets_downed,ua,244.0,,"⚡️ЗБИТО/ПОДАВЛЕНО 244 ЦІЛІ ПРОТИВНИКА
 💥За попередніми даними",2026-09-10T09:18:34.317066+00:00
2026-01-08,2,kpszsu,official,drone_tracks,kyiv_obl,4.0,51916,🛵 БпЛА в напрямку на/повз Бориспіль зі сходу.,2026-09-10T09:18:34.317066+00:00
2026-01-09,1,kpszsu,official,attacked,kyiv,1.0,,є повідомлення супроводу цілей на Київ,2026-09-10T09:18:34.317066+00:00
2026-01-09,1,kpszsu,official,drone_tracks,kyiv,4.0,52019,🛵 БпЛА в напрямку Києва із заходу.,2026-09-10T09:18:34.317066+00:00
2026-01-09,1,kpszsu,official,drones_launched,ua,121.0,,"ою Іскандер-М із Курської обл. - рф, та 121 ударним БпЛА типу Shahed, Гербера і безпілотниками і",2026-09-10T09:18:34.317066+00:00
2026-01-09,1,kpszsu,official,impact_locations,ua,15.0,,"і, півдні та сході країни.

Зафіксовано влучання балістичної ракети та 27 ударних БпЛА на 15 локаціях, а також падіння збитих (уламки) на о",2026-09-10T09:18:34.317066+00:00
2026-01-09,1,kpszsu,official,targets_downed,ua,94.0,,"⚡️ ЗБИТО/ПОДАВЛЕНО 94 ВОРОЖІ БПЛА
💥 За попередніми даними, ст",2026-09-10T09:18:34.317066+00:00
2026-01-09,2,kpszsu,official,drone_tracks,kyiv_obl,4.0,52013,"🛵 БпЛА на заході Чернігівщини, курс на Київщину.",2026-09-10T09:18:34.317066+00:00
2026-01-10,1,kpszsu,official,attacked,kyiv,0.0,,"канал вів повітряну обстановку (59 повідомлень з 79), жодного супроводу на Київ, тривог у місті менше 3 годин",2026-09-10T09:18:34.317066+00:00
2026-01-10,1,kpszsu,official,drones_launched,ua,154.0,,"а 11 січня (з 18:30 10 січня) противник атакував 154 ударними БпЛА типу Shahed, Гербера і безпілотниками і",2026-09-10T09:18:34.317066+00:00
2026-01-10,1,kpszsu,official,impact_locations,ua,18.0,,"і, півдні та сході країни.

Зафіксовано влучання 22 ударних БпЛА на 18 локаціях, а також падіння збитих (уламки) на д",2026-09-10T09:18:34.317066+00:00
2026-01-10,1,kpszsu,official,targets_downed,ua,125.0,,"⚡️ ЗБИТО/ПОДАВЛЕНО 125 ВОРОЖИХ БПЛА
💥 За попередніми даними, с",2026-09-10T09:18:34.317066+00:00
2026-01-10,2,kpszsu,official,drone_tracks,kyiv_obl,12.0,52102,"🛵 БпЛА на південному заході Чернігівщини, курс - південно-західний (Київщина).",2026-09-10T09:18:34.317066+00:00
2026-01-11,1,kpszsu,official,attacked,kyiv,1.0,,є повідомлення супроводу цілей на Київ,2026-09-10T09:18:34.317066+00:00
2026-01-11,1,kpszsu,official,drone_tracks,kyiv,4.0,52174,"🛵 Київщина: БпЛА ➡️ у напрямку Броварів/Київ.
🛵 Житомирщина: БпЛА ➡️ повз Коростень.",2026-09-10T09:18:34.317066+00:00
2026-01-11,1,kpszsu,official,drones_launched,ua,156.0,,"а 12 січня (з 18:00 11 січня) противник атакував 156 ударними БпЛА типу Shahed, Гербера і безпілотниками і",2026-09-10T09:18:34.317066+00:00
2026-01-11,1,kpszsu,official,impact_locations,ua,11.0,,"і, сході та центрі країни.

Зафіксовано влучання 16 ударних БпЛА на 11 локаціях, а також падіння збитих (уламки) на д",2026-09-10T09:18:34.317066+00:00
2026-01-11,1,kpszsu,official,targets_downed,ua,135.0,,"⚡️ ЗБИТО/ПОДАВЛЕНО 135 ВОРОЖИХ БПЛА
💥 За попередніми даними, с",2026-09-10T09:18:34.317066+00:00
2026-01-11,2,kpszsu,official,drone_tracks,kyiv_obl,12.0,52169,"🛵 Рівненщина: БпЛА ➡️ в районі Добровиці, Сарнів.
🛵 Чернігівщина: БпЛА ➡️ в районі Городні, курс на Київщину.",2026-09-10T09:18:34.317066+00:00
2026-01-12,1,kpszsu,official,attacked,kyiv,1.0,,є повідомлення супроводу цілей на Київ,2026-09-10T09:18:34.317066+00:00
2026-01-12,1,kpszsu,official,drone_tracks,kyiv,5.0,52251,"🛵 БпЛА в напрямку Києва, в разі оголошення тривоги перебувайте в укриттях!",2026-09-10T09:18:34.317066+00:00
2026-01-12,1,kpszsu,official,drones_launched,ua,293.0,,"кої та Бєлгородської обл. – рф, а також 293 ударними БпЛА типу Shahed, Гербера і безпілотниками і",2026-09-10T09:18:34.317066+00:00
2026-01-12,1,kpszsu,official,impact_locations,ua,24.0,," сході та в центрі країни.

Зафіксовано влучання балістичних/зенітних ракет та 48 ударних БпЛА на 24 локаціях.

Атака триває, в повітряному простор",2026-09-10T09:18:34.317066+00:00
2026-01-12,1,kpszsu,official,targets_downed,ua,254.0,,"⚡️ ЗБИТО/ПОДАВЛЕНО 7 РАКЕТ ТА 247 ВОРОЖІ БПЛА
💥 За попередні",2026-09-10T09:18:34.317066+00:00
2026-01-12,2,kpszsu,official,drone_tracks,kyiv_obl,16.0,52249,"🛵 БпЛА з Чернігівщини, курсом на Київщину, в напрямку Броварів.",2026-09-10T09:18:34.317066+00:00
2026-01-12,2,kpszsu,official,missile_tracks,kyiv_obl,6.0,52358,🚀 Щонайменше три крилаті ракети прямують в напрямку Київської обл.,2026-09-10T09:18:34.317066+00:00
2026-01-13,1,kpszsu,official,attacked,kyiv,1.0,,є повідомлення супроводу цілей на Київ,2026-09-10T09:18:34.317066+00:00
2026-01-13,1,kpszsu,official,drone_tracks,kyiv,2.0,52502,🛵 БпЛА з півночі курсом на Київ.,2026-09-10T09:18:34.317066+00:00
2026-01-13,1,kpszsu,official,drones_launched,ua,113.0,,"Ростовської та Воронезької обл. - рф та 113 ударними БпЛА типу Shahed, Гербера і безпілотниками і",2026-09-10T09:18:34.317066+00:00
2026-01-13,1,kpszsu,official,impact_locations,ua,13.0,,"а сході та півночі країни.

Зафіксовано влучання двох балістичних ракет та 24 ударних БпЛА на 13 локаціях, а також падіння збитих (уламки) БпЛА",2026-09-10T09:18:34.317066+00:00
2026-01-13,1,kpszsu,official,missiles_launched,ua,3.0,,а 14 січня (з 18:30 13 січня) противник атакував 3 балістичними ракетами Іскандер-М із Ростовської та Воронез,2026-09-10T09:18:34.317066+00:00
2026-01-13,1,kpszsu,official,targets_downed,ua,10.0,,"⚡️ ЗБИТО 10 РЕАКТИВНИХ БПЛА
💥 Станом на 17.00 збито",2026-09-10T09:18:34.317066+00:00
2026-01-13,2,kpszsu,official,drone_tracks,kyiv_obl,10.0,52397,"🛸 БпЛА, ймовірно, розвідувальні на Чернігівщині в напрямку н.п.Михайло-Коцюбинське та н.п.Славутич/Любеч.",2026-09-10T09:18:34.317066+00:00
2026-01-14,1,kpszsu,official,attacked,kyiv,1.0,,є повідомлення супроводу цілей на Київ,2026-09-10T09:18:34.317066+00:00
2026-01-14,1,kpszsu,official,drone_tracks,kyiv,9.0,52531,🛵 Ворожий БпЛА з Чернігівщини у напрямку Києва через Київське водосховище.,2026-09-10T09:18:34.317066+00:00
2026-01-14,1,kpszsu,official,drones_launched,ua,82.0,,"а 15 січня (з 19:00 14 січня) противник атакував 82 ударними БпЛА типу Shahed (в т.ч. реактивними), Гербе",2026-09-10T09:18:34.317066+00:00
2026-01-14,1,kpszsu,official,impact_locations,ua,13.0,,"подавлено 61 ворожий БпЛА.

Зафіксовано влучання 21 ударного БпЛА на 13 локаціях, а також падіння збитих (уламки) на т",2026-09-10T09:18:34.317066+00:00
2026-01-14,1,kpszsu,official,targets_downed,ua,61.0,,"⚡️ ЗБИТО/ПОДАВЛЕНО 61 ВОРОЖИЙ БПЛА
💥 За попередніми даними, с",2026-09-10T09:18:34.317066+00:00
2026-01-14,2,kpszsu,official,drone_tracks,kyiv_obl,12.0,52532,"🛵 Ворожий БпЛА з півночі Київщини зайшов на Житомирщину, курс західний;
🛵 Декілька ворожих БпЛА з Чернігівщини на Київщині (р-н. Боришівки), вектор руху Бровари.",2026-09-10T09:18:34.317066+00:00
2026-01-15,1,kpszsu,official,attacked,kyiv,1.0,,є повідомлення супроводу цілей на Київ,2026-09-10T09:18:34.317066+00:00
2026-01-15,1,kpszsu,official,drone_tracks,kyiv,3.0,52618,🛵 БпЛА ➡️ в напрямку Києва!,2026-09-10T09:18:34.317066+00:00
2026-01-15,1,kpszsu,official,drones_launched,ua,76.0,,"а 16 січня (з 18:00 15 січня) противник атакував 76 ударними БпЛА типу Shahed (в т.ч. реактивними), Гербе",2026-09-10T09:18:34.317066+00:00
2026-01-15,1,kpszsu,official,impact_locations,ua,9.0,,"/подавлено 53 ворожі БпЛА.

Зафіксовано влучання 19 ударних БпЛА на 9 локаціях, а також падіння збитих (уламки) на о",2026-09-10T09:18:34.317066+00:00
2026-01-15,1,kpszsu,official,targets_downed,ua,53.0,,"⚡️ ЗБИТО/ПОДАВЛЕНО 53 ВОРОЖІ БПЛА
💥 За попередніми даними, ст",2026-09-10T09:18:34.317066+00:00
2026-01-15,2,kpszsu,official,drone_tracks,kyiv_obl,12.0,52604,🛵  БпЛА з Чернігівщини - на північ Київщини.,2026-09-10T09:18:34.317066+00:00
2026-01-16,1,kpszsu,official,attacked,kyiv,1.0,,є повідомлення супроводу цілей на Київ,2026-09-10T09:18:34.317066+00:00
2026-01-16,1,kpszsu,official,drone_tracks,kyiv,7.0,52711,"🛵 БпЛА над Київським водосховищем, курсом на Вишгород/Київ.",2026-09-10T09:18:34.317066+00:00
2026-01-16,1,kpszsu,official,drones_launched,ua,115.0,,"а 17 січня (з 18:00 16 січня) противник атакував 115 ударними БпЛА типу Shahed, Гербера, Італмас і безпіло",2026-09-10T09:18:34.317066+00:00
2026-01-16,1,kpszsu,official,impact_locations,ua,11.0,,"чі, півдні та сході країни.
Зафіксовано влучання 16 ударних БпЛА на 11 локаціях, а також падіння збитих (уламки) на д",2026-09-10T09:18:34.317066+00:00
2026-01-16,1,kpszsu,official,targets_downed,ua,96.0,,"⚡️ ЗБИТО/ПОДАВЛЕНО 96 ВОРОЖИХ БПЛА
💥 За попередніми даними, с",2026-09-10T09:18:34.317066+00:00
2026-01-16,2,kpszsu,official,drone_tracks,kyiv_obl,10.0,52745,🛵 БпЛА на південно-східний напрямок Київщини з Чернігівщини та Полтавщини.,2026-09-10T09:18:34.317066+00:00
2026-01-17,1,kpszsu,official,attacked,kyiv,0.0,,"канал вів повітряну обстановку (79 повідомлень з 111), жодного супроводу на Київ, тривог у місті менше 3 годин",2026-09-10T09:18:34.317066+00:00
2026-01-17,1,kpszsu,official,drones_launched,ua,201.0,,"а 18 січня (з 18:30 17 січня) противник атакував 201 ударним БпЛА типу Shahed, Гербера і безпілотниками і",2026-09-10T09:18:34.317066+00:00
2026-01-17,1,kpszsu,official,impact_locations,ua,15.0,,"бера і дронів інших типів.

Зафіксовано влучання 30 ударних БпЛА на 15 локаціях, а також падіння збитих (уламки) БпЛА",2026-09-10T09:18:34.317066+00:00
2026-01-17,1,kpszsu,official,targets_downed,ua,167.0,,"⚡️ ЗБИТО/ПОДАВЛЕНО 167 ВОРОЖИХ БПЛА
💥 За попередніми даними, с",2026-09-10T09:18:34.317066+00:00
2026-01-17,2,kpszsu,official,drone_tracks,kyiv_obl,10.0,52825,"🛵 БпЛА на межі Чернігівської та Київської областей, курс південно-західний.",2026-09-10T09:18:34.317066+00:00
2026-01-18,1,kpszsu,official,attacked,kyiv,1.0,,є повідомлення супроводу цілей на Київ,2026-09-10T09:18:34.317066+00:00
2026-01-18,1,kpszsu,official,drone_tracks,kyiv,1.0,53004,"🛵 Ворожий БпЛА у Ніжинському р-ні., вектор руху у напрямку Києва.",2026-09-10T09:18:34.317066+00:00
2026-01-18,1,kpszsu,official,drones_launched,ua,145.0,,"а 19 січня (з 18:00 18 січня) противник атакував 145 ударними БпЛА типу Shahed, Гербера і безпілотниками і",2026-09-10T09:18:34.317066+00:00
2026-01-18,1,kpszsu,official,impact_locations,ua,12.0,,"бера і дронів інших типів.

Зафіксовано влучання 13 ударних БпЛА на 12 локаціях, а також падіння збитих (уламки) БпЛА",2026-09-10T09:18:34.317066+00:00
2026-01-18,1,kpszsu,official,targets_downed,ua,126.0,,"⚡️ ЗБИТО/ПОДАВЛЕНО 126 ВОРОЖИХ БПЛА
💥 За попередніми даними, с",2026-09-10T09:18:34.317066+00:00
2026-01-18,2,kpszsu,official,drone_tracks,kyiv_obl,6.0,52925,🛵🛸 Чернігівщина: БпЛА в напрямку Чернігова/Славутича та н.п.Куликівка.,2026-09-10T09:18:34.317066+00:00
2026-01-18,2,kpszsu,official,missile_tracks,kyiv_obl,1.0,52991,🚀 Київська та Чернігівська область - ракетна небезпека.,2026-09-10T09:18:34.317066+00:00
2026-01-19,1,kpszsu,official,attacked,kyiv,1.0,,є повідомлення супроводу цілей на Київ,2026-09-10T09:18:34.317066+00:00
2026-01-19,1,kpszsu,official,drone_tracks,kyiv,3.0,53078,"🛵  У м.Київ оголошено повітряну тривогу через загрозу ворожих ударних БпЛА, що рухаються у напрямку міста.",2026-09-10T09:18:34.317066+00:00
2026-01-19,1,kpszsu,official,drones_launched,ua,339.0,,"уску Вологодська область – рф), а також 339 ударними БпЛА типу Shahed, Гербера, Італмас і безпіло",2026-09-10T09:18:34.317066+00:00
2026-01-19,1,kpszsu,official,impact_locations,ua,11.0,," сході та в центрі країни.

Зафіксовано влучання 5 ракет та 24 ударних БпЛА на 11 локаціях, а також падіння збитих (уламки) БпЛА",2026-09-10T09:18:34.317066+00:00
2026-01-19,1,kpszsu,official,missile_tracks,kyiv,3.0,53085,Ще балістика в бік Києва!,2026-09-10T09:18:34.317066+00:00
2026-01-19,1,kpszsu,official,targets_downed,ua,342.0,,"⚡️ ЗБИТО/ПОДАВЛЕНО 27 РАКЕТ ТА 315 ВОРОЖИХ БПЛА
💥 За попередн",2026-09-10T09:18:34.317066+00:00
2026-01-19,2,kpszsu,official,drone_tracks,kyiv_obl,16.0,53074,"🛵 Ворожі ударні БпЛА у Сумській, Чернігівській, Черкаській та Кіровоградській областях, орієнтовний курс - Київська область!",2026-09-10T09:18:34.317066+00:00
2026-01-19,2,kpszsu,official,missile_tracks,kyiv_obl,1.0,53119,🚀Крилата ракета на Чернігівщині - курс на Київщину.,2026-09-10T09:18:34.317066+00:00
2026-01-20,1,kpszsu,official,attacked,kyiv,1.0,,є повідомлення супроводу цілей на Київ,2026-09-10T09:18:34.317066+00:00
2026-01-20,1,kpszsu,official,drone_tracks,kyiv,2.0,53147,🛵 БпЛА із Чернігівщини ➡️ у напрямку Києва.,2026-09-10T09:18:34.317066+00:00
2026-01-20,1,kpszsu,official,drones_launched,ua,97.0,,"ю ракетою Іскандер-М із ТОТ АР Крим, та 97 ударними БпЛА типу Shahed, Гербера і безпілотниками і",2026-09-10T09:18:34.317066+00:00
2026-01-20,1,kpszsu,official,impact_locations,ua,11.0,,"і, півдні та сході країни.

Зафіксовано влучання балістичної ракети та 13 ударних БпЛА на 11 локаціях, а також падіння збитих (уламки) на о",2026-09-10T09:18:34.317066+00:00
2026-01-20,1,kpszsu,official,targets_downed,ua,84.0,,"⚡️ ЗБИТО/ПОДАВЛЕНО 84 ВОРОЖІ БПЛА
💥 За попередніми даними, ст",2026-09-10T09:18:34.317066+00:00
2026-01-20,2,kpszsu,official,drone_tracks,kyiv_obl,8.0,53146,"🛵 Чернігівщина:
- БпЛА повз Прилуки ➡️ у напрямку Полтавщини. 
- група БпЛА повз Славутич ➡️ у напрямку Гончарівського.",2026-09-10T09:18:34.317066+00:00
2026-01-21,1,kpszsu,official,attacked,kyiv,1.0,,є повідомлення супроводу цілей на Київ,2026-09-10T09:18:34.317066+00:00
2026-01-21,1,kpszsu,official,drone_tracks,kyiv,1.0,53327,🛵 Київ - БпЛА на Деміївку.,2026-09-10T09:18:34.317066+00:00
2026-01-21,1,kpszsu,official,drones_launched,ua,94.0,,"а 22 січня (з 18:00 21 січня) противник атакував 94 ударними БпЛА типу Shahed, Гербера і безпілотниками і",2026-09-10T09:18:34.317066+00:00
2026-01-21,1,kpszsu,official,impact_locations,ua,10.0,,"бера і дронів інших типів.

Зафіксовано влучання 10 ударних БпЛА на 10 локаціях, а також падіння збитих (уламки) БпЛА",2026-09-10T09:18:34.317066+00:00
2026-01-21,1,kpszsu,official,targets_downed,ua,80.0,,"⚡️ ЗБИТО/ПОДАВЛЕНО 80 ВОРОЖИХ БПЛА
💥 За попередніми даними, с",2026-09-10T09:18:34.317066+00:00
2026-01-21,2,kpszsu,official,drone_tracks,kyiv_obl,5.0,53249,"🛵 БпЛА на сході Київщини, курс на н.п.Кулешів.",2026-09-10T09:18:34.317066+00:00
2026-01-22,1,kpszsu,official,attacked,kyiv,1.0,,є повідомлення супроводу цілей на Київ,2026-09-10T09:18:34.317066+00:00
2026-01-22,1,kpszsu,official,drone_tracks,kyiv,2.0,53346,🛵 БпЛА курсом на Київ із заходу.,2026-09-10T09:18:34.317066+00:00
2026-01-22,1,kpszsu,official,drones_launched,ua,101.0,,"а 23 січня (з 20:00 22 січня) противник атакував 101 ударним БпЛА типу Shahed (в т.ч. реактивними), Гербе",2026-09-10T09:18:34.317066+00:00
2026-01-22,1,kpszsu,official,impact_locations,ua,12.0,,"бера і дронів інших типів.

Зафіксовано влучання 19 ударних БпЛА на 12 локаціях.

Атака триває, в повітряному простор",2026-09-10T09:18:34.317066+00:00
2026-01-22,1,kpszsu,official,targets_downed,ua,76.0,,"⚡️ ЗБИТО/ПОДАВЛЕНО 76 ВОРОЖИХ БПЛА
💥 За попередніми даними, с",2026-09-10T09:18:34.317066+00:00
2026-01-22,2,kpszsu,official,drone_tracks,kyiv_obl,15.0,53339,🛵 БпЛА на північ Київщини з Чернігівщини.,2026-09-10T09:18:34.317066+00:00
2026-01-23,1,kpszsu,official,attacked,kyiv,1.0,,є повідомлення супроводу цілей на Київ,2026-09-10T09:18:34.317066+00:00
2026-01-23,1,kpszsu,official,drone_tracks,kyiv,11.0,53457,🛵 БпЛА ➡️ курсом на Київ! Перебувайте в укриттях!,2026-09-10T09:18:34.317066+00:00
2026-01-23,1,kpszsu,official,drones_launched,ua,375.0,,"вітряного простору Курської обл.-рф);
- 375 ударних БпЛА типу Shahed, Гербера, Італмас і безпіло",2026-09-10T09:18:34.317066+00:00
2026-01-23,1,kpszsu,official,impact_locations,ua,17.0,,"дарних БпЛА  різних типів.

Зафіксовано влучання 2 ракет та 18 ударних БпЛА на 17 локаціях, а також падіння збитих (уламки) БпЛА",2026-09-10T09:18:34.317066+00:00
2026-01-23,1,kpszsu,official,missile_tracks,kyiv,5.0,53466,Ще ракета на Київ!,2026-09-10T09:18:34.317066+00:00
2026-01-23,1,kpszsu,official,targets_downed,ua,372.0,,"⚡️ ЗБИТО/ПОДАВЛЕНО 15 РАКЕТ ТА 357 ВОРОЖИХ БПЛА
💥 За попередн",2026-09-10T09:18:34.317066+00:00
2026-01-23,2,kpszsu,official,drone_tracks,kyiv_obl,10.0,53445,"🛵 БпЛА із Харківщини тримають курс ➡️ на Полтавщину.
🛵 БпЛА із Сумщини та Чернігівщини ➡️ на Київщину.",2026-09-10T09:18:34.317066+00:00
2026-01-24,1,kpszsu,official,attacked,kyiv,0.0,,"канал вів повітряну обстановку (56 повідомлень з 87), жодного супроводу на Київ, тривог у місті менше 3 годин",2026-09-10T09:18:34.317066+00:00
2026-01-24,1,kpszsu,official,drones_launched,ua,102.0,,"кетами С-300 із Брянської обл., а також 102 ударними БпЛА типу Shahed, Гербера і безпілотниками і",2026-09-10T09:18:34.317066+00:00
2026-01-24,1,kpszsu,official,impact_locations,ua,10.0,,"і, центрі та сході країни.

Зафіксовано влучання 15 ударних БпЛА на 10 локаціях, а також падіння збитих (уламки) на о",2026-09-10T09:18:34.317066+00:00
2026-01-24,1,kpszsu,official,targets_downed,ua,87.0,,"⚡️ ЗБИТО/ПОДАВЛЕНО 87 ВОРОЖИХ БПЛА
💥 За попередніми даними, с",2026-09-10T09:18:34.317066+00:00
2026-01-24,2,kpszsu,official,drone_tracks,kyiv_obl,9.0,53529,"🛵 БпЛА на півночі Київщини, курс західний.",2026-09-10T09:18:34.317066+00:00
2026-01-25,1,kpszsu,official,attacked,kyiv,0.0,,"канал вів повітряну обстановку (82 повідомлень з 111), жодного супроводу на Київ, тривог у місті менше 3 годин",2026-09-10T09:18:34.317066+00:00
2026-01-25,1,kpszsu,official,drones_launched,ua,138.0,,"а 26 січня (з 18:00 25 січня) противник атакував 138 ударними БпЛА типу Shahed, Гербера і безпілотниками і",2026-09-10T09:18:34.317066+00:00
2026-01-25,1,kpszsu,official,impact_locations,ua,11.0,,"на півночі та сході країни.
Зафіксовано влучання 21 ударного БпЛА на 11 локаціях, а також падіння збитих (уламки) на о",2026-09-10T09:18:34.317066+00:00
2026-01-25,1,kpszsu,official,targets_downed,ua,110.0,,"⚡️ЗБИТО/ПОДАВЛЕНО 110 ВОРОЖИХ БПЛА
💥За попередніми даними, ст",2026-09-10T09:18:34.317066+00:00
2026-01-25,2,kpszsu,official,drone_tracks,kyiv_obl,2.0,53613,🛵 БпЛА із заходу Чернігівщини на Київське водосховище.,2026-09-10T09:18:34.317066+00:00
2026-01-26,1,kpszsu,official,attacked,kyiv,1.0,,є повідомлення супроводу цілей на Київ,2026-09-10T09:18:34.317066+00:00
2026-01-26,1,kpszsu,official,drone_tracks,kyiv,9.0,53730,🛵  Київ - загроза застосування ворожих БпЛА.,2026-09-10T09:18:34.317066+00:00
2026-01-26,1,kpszsu,official,drones_launched,ua,165.0,,"а 27 січня (з 18:00 26 січня) противник атакував 165 ударними БпЛА типу Shahed (в т. ч. реактивними), Герб",2026-09-10T09:18:34.317066+00:00
2026-01-26,1,kpszsu,official,impact_locations,ua,14.0,," в центрі та сході країни.

Зафіксовано влучання 24 ударних БпЛА на 14 локаціях, а також падіння збитих (уламки) БпЛА",2026-09-10T09:18:34.317066+00:00
2026-01-26,1,kpszsu,official,targets_downed,ua,135.0,,"⚡️ЗБИТО/ПОДАВЛЕНО 135 ВОРОЖИХ БПЛА
💥За попередніми даними, ст",2026-09-10T09:18:34.317066+00:00
2026-01-26,2,kpszsu,official,drone_tracks,kyiv_obl,13.0,53732,🛵 Київщина - БпЛА курсом на Боярку зі сходу.,2026-09-10T09:18:34.317066+00:00
2026-01-27,1,kpszsu,official,attacked,kyiv,0.0,,"канал вів повітряну обстановку (66 повідомлень з 87), жодного супроводу на Київ, тривог у місті менше 3 годин",2026-09-10T09:18:34.317066+00:00
2026-01-27,1,kpszsu,official,drones_launched,ua,146.0,,"Іскандер-М із Ростовської обл., а також 146 ударними БпЛА типу Shahed, Гербера, Італмас та безпіл",2026-09-10T09:18:34.317066+00:00
2026-01-27,1,kpszsu,official,impact_locations,ua,22.0,,"і, центрі та сході країни.

Зафіксовано влучання балістичної ракети та 36 ударних БпЛА на 22 локаціях.

Атака триває, в повітряному простор",2026-09-10T09:18:34.317066+00:00
2026-01-27,1,kpszsu,official,targets_downed,ua,103.0,,"⚡️ ЗБИТО/ПОДАВЛЕНО 103 ВОРОЖІ БПЛА
💥 За попередніми даними, ст",2026-09-10T09:18:34.317066+00:00
2026-01-27,2,kpszsu,official,drone_tracks,kyiv_obl,8.0,53891,"🛵 БпЛА з Полтавщини курсом на Київщину, напрямок Яготин.",2026-09-10T09:18:34.317066+00:00
2026-01-28,1,kpszsu,official,attacked,kyiv,0.0,,"канал вів повітряну обстановку (50 повідомлень з 55), жодного супроводу на Київ, тривог у місті менше 3 годин",2026-09-10T09:18:34.317066+00:00
2026-01-28,1,kpszsu,official,drones_launched,ua,105.0,,"а 29 січня (з 18:00 28 січня) противник атакував 105 ударними БпЛА типу Shahed, Гербера, Італмас та безпіл",2026-09-10T09:18:34.317066+00:00
2026-01-28,1,kpszsu,official,impact_locations,ua,7.0,,"і, центрі та сході країни.

Зафіксовано влучання 18 ударних БпЛА на 7 локаціях.

Атака триває, в повітряному простор",2026-09-10T09:18:34.317066+00:00
2026-01-28,1,kpszsu,official,targets_downed,ua,84.0,,"⚡️ ЗБИТО/ПОДАВЛЕНО 84 ВОРОЖІ БПЛА
💥 За попередніми даними, ст",2026-09-10T09:18:34.317066+00:00
2026-01-28,2,kpszsu,official,drone_tracks,kyiv_obl,7.0,53937,"🛵 БпЛА повз Любеч, Славутич ➡️ курсом на Київське водосховище.",2026-09-10T09:18:34.317066+00:00
2026-01-29,1,kpszsu,official,attacked,kyiv,0.0,,"канал вів повітряну обстановку (57 повідомлень з 67), жодного супроводу на Київ, тривог у місті менше 3 годин",2026-09-10T09:18:34.317066+00:00
2026-01-29,1,kpszsu,official,drones_launched,ua,111.0,,"Іскандер-М із Воронезької обл., а також 111 ударними БпЛА типу Shahed, Гербера, Італмас та безпіл",2026-09-10T09:18:34.317066+00:00
2026-01-29,1,kpszsu,official,impact_locations,ua,15.0,,"подавлено 80 ворожих БпЛА.

Зафіксовано влучання балістичної ракети та 25 ударних БпЛА на 15 локаціях, а також падіння збитих (уламки) БпЛА",2026-09-10T09:18:34.317066+00:00
2026-01-29,1,kpszsu,official,targets_downed,ua,80.0,,"⚡️ ЗБИТО/ПОДАВЛЕНО 80 ВОРОЖИХ БПЛА
💥 За попередніми даними, с",2026-09-10T09:18:34.317066+00:00
2026-01-30,1,kpszsu,official,attacked,kyiv,0.0,,"канал вів повітряну обстановку (70 повідомлень з 103), жодного супроводу на Київ, тривог у місті менше 3 годин",2026-09-10T09:18:34.317066+00:00
2026-01-30,1,kpszsu,official,drones_launched,ua,2725.0,,"69;
▪️ 6 крилатих ракет ""Іскандер-К""
▪️ 2725 ударних БпЛА типу Shahed;
▪️ 565 розвідувальних БпЛА",2026-09-10T09:18:34.317066+00:00
2026-01-30,1,kpszsu,official,impact_locations,ua,13.0,,"і, півдні та сході країни.

Зафіксовано влучання 20 ударних БпЛА на 13 локаціях.

Атака триває, в повітряному простор",2026-09-10T09:18:34.317066+00:00
2026-01-30,1,kpszsu,official,targets_downed,ua,773.0,, 2026 року авіацією Сил оборони України знищено 392 повітряні цілі: 11 крилатих ракет та 38,2026-09-10T09:18:34.317066+00:00
2026-01-30,2,kpszsu,official,drone_tracks,kyiv_obl,1.0,54105,"🛵🛸 БпЛА на південному заході Чернігівщини, курс - Київщина (Вишгородський р-н).",2026-09-10T09:18:34.317066+00:00
2026-01-31,1,kpszsu,official,attacked,kyiv,0.0,,"канал вів повітряну обстановку (39 повідомлень з 44), жодного супроводу на Київ, тривог у місті менше 3 годин",2026-09-10T09:18:34.317066+00:00
2026-01-31,1,kpszsu,official,drones_launched,ua,90.0,," 01 лютого (з 18:00 31 січня) противник атакував 90 ударними БпЛА типу Shahed, Гербера, Італмас та безпіл",2026-09-10T09:18:34.317066+00:00
2026-01-31,1,kpszsu,official,impact_locations,ua,9.0,,"а півночі та сході країни.

Зафіксовано влучання 14 ударних БпЛА на 9 локаціях, а також падіння збитих (уламки) БпЛА",2026-09-10T09:18:34.317066+00:00
2026-01-31,1,kpszsu,official,targets_downed,ua,76.0,,"⚡️ ЗБИТО/ПОДАВЛЕНО 76 ВОРОЖИХ БПЛА
💥 За попередніми даними, с",2026-09-10T09:18:34.317066+00:00
2026-01-31,2,kpszsu,official,drone_tracks,kyiv_obl,5.0,54177,"🛵 БпЛА на півночі Київщини, курсом на Житомирщину.",2026-09-10T09:18:34.317066+00:00
2026-02-01,1,kpszsu,official,attacked,kyiv,0.0,,"канал вів повітряну обстановку (92 повідомлень з 119), жодного супроводу на Київ, тривог у місті менше 3 годин",2026-09-10T09:18:34.317066+00:00
2026-02-01,1,kpszsu,official,drones_launched,ua,171.0,,"тою Іскандер-М із ТОТ АР Крим., а також 171 ударним БпЛА типу Shahed, Гербера, Італмас та безпіл",2026-09-10T09:18:34.317066+00:00
2026-02-01,1,kpszsu,official,impact_locations,ua,8.0,,"і, півдні та сході країни.

Зафіксовано влучання балістичної ракети та 12 ударних БпЛА на 8 локаціях.

Атака триває, в повітряному простор",2026-09-10T09:18:34.317066+00:00
2026-02-01,1,kpszsu,official,targets_downed,ua,157.0,,"⚡️ ЗБИТО/ПОДАВЛЕНО 157 ВОРОЖИХ БПЛА
💥 За попередніми даними, с",2026-09-10T09:18:34.317066+00:00
2026-02-01,2,kpszsu,official,drone_tracks,kyiv_obl,4.0,54214,"🛵 БпЛА з Чернігівщини, курсом на Київщину (Вишгородський район).",2026-09-10T09:18:34.317066+00:00
2026-02-02,1,kpszsu,official,attacked,kyiv,1.0,,є повідомлення супроводу цілей на Київ,2026-09-10T09:18:34.317066+00:00
2026-02-02,1,kpszsu,official,drone_tracks,kyiv,4.0,54368,🛵 Київ - група БпЛА в напрямку міста.,2026-09-10T09:18:34.317066+00:00
2026-02-02,1,kpszsu,official,drones_launched,ua,450.0,,"спійського моря, Курської обл. – рф);
- 450 ударних БпЛА типу Shahed, Гербера, Італмас і безпіло",2026-09-10T09:18:34.317066+00:00
2026-02-02,1,kpszsu,official,impact_locations,ua,27.0,,"ударних БпЛА різних типів.

Зафіксовано влучання 27 ракет та 31 ударних БпЛА на 27 локаціях, а також падіння збитих (уламки) БпЛА",2026-09-10T09:18:34.317066+00:00
2026-02-02,1,kpszsu,official,missile_tracks,kyiv,2.0,54376,Балістика на Київ,2026-09-10T09:18:34.317066+00:00
2026-02-02,1,kpszsu,official,targets_downed,ua,450.0,,"⚡️ ЗБИТО/ПОДАВЛЕНО 38 РАКЕТ ТА 412 ВОРОЖИХ БПЛА
💥 За попередн",2026-09-10T09:18:34.317066+00:00
2026-02-02,2,kpszsu,official,drone_tracks,kyiv_obl,14.0,54327,"🛵  БпЛА на Київщині, з Черкащини.",2026-09-10T09:18:34.317066+00:00
2026-02-02,2,kpszsu,official,missile_tracks,kyiv_obl,6.0,54410,Ракета на Чернігівщині - курсом на Київщину.,2026-09-10T09:18:34.317066+00:00
2026-02-03,1,kpszsu,official,attacked,kyiv,0.0,,"канал вів повітряну обстановку (52 повідомлень з 93), жодного супроводу на Київ, тривог у місті менше 3 годин",2026-09-10T09:18:34.317066+00:00
2026-02-03,1,kpszsu,official,drones_launched,ua,105.0,,"а 4 лютого (з 19:00 3 лютого) противник атакував 105 ударними БпЛА типу Shahed, Гербера, Італмас та безпіл",2026-09-10T09:18:34.317066+00:00
2026-02-03,1,kpszsu,official,impact_locations,ua,14.0,,"і, півдні та сході країни.

Зафіксовано влучання 17 ударних БпЛА на 14 локаціях, а також падіння уламків на 5 локація",2026-09-10T09:18:34.317066+00:00
2026-02-03,1,kpszsu,official,targets_downed,ua,88.0,,"⚡️ ЗБИТО/ПОДАВЛЕНО 88 ВОРОЖИХ БПЛА
💥 За попередніми даними, с",2026-09-10T09:18:34.317066+00:00
2026-02-03,2,kpszsu,official,drone_tracks,kyiv_obl,1.0,54555,🛵 БпЛА із заходу Чернігівщини на Київське водосховище.,2026-09-10T09:18:34.317066+00:00
2026-02-04,1,kpszsu,official,attacked,kyiv,1.0,,є повідомлення супроводу цілей на Київ,2026-09-10T09:18:34.317066+00:00
2026-02-04,1,kpszsu,official,drone_tracks,kyiv,8.0,54604,"🛵 Ворожий БпЛА на околицях Києва із західного напрямку (Ірпінь), ще декілька ворожих дронів поблизу Димера на Київщині!",2026-09-10T09:18:34.317066+00:00
2026-02-04,1,kpszsu,official,drones_launched,ua,183.0,,"тами Іскандер-М із ТОТ АР Крим, а також 183 ударними БпЛА типу Shahed, Гербера, Італмас та безпіл",2026-09-10T09:18:34.317066+00:00
2026-02-04,1,kpszsu,official,impact_locations,ua,16.0,,"одавлено 156 ворожих БпЛА.

Зафіксовано влучання балістичних ракет та 22 ударних БпЛА на 16 локаціях, а також падіння збитих (уламки) БпЛА",2026-09-10T09:18:34.317066+00:00
2026-02-04,1,kpszsu,official,targets_downed,ua,156.0,,"⚡️ ЗБИТО/ПОДАВЛЕНО 156 ВОРОЖИХ БПЛА
💥 За попередніми даними, с",2026-09-10T09:18:34.317066+00:00
2026-02-04,2,kpszsu,official,drone_tracks,kyiv_obl,3.0,54561,"🛵 БпЛА зі заходу Чернігівщини на Київське водосховище, курс південний.",2026-09-10T09:18:34.317066+00:00
2026-02-05,1,kpszsu,official,attacked,kyiv,1.0,,є повідомлення супроводу цілей на Київ,2026-09-10T09:18:34.317066+00:00
2026-02-05,1,kpszsu,official,drone_tracks,kyiv,2.0,54728,🛵 БпЛА на Київ з півдня!,2026-09-10T09:18:34.317066+00:00
2026-02-05,1,kpszsu,official,drones_launched,ua,328.0,,"протягом сьогоднішнього ранку противник атакував 328 ударними БпЛА типу Shahed, Гербера, Італмас та безпіл",2026-09-10T09:18:34.317066+00:00
2026-02-05,1,kpszsu,official,impact_locations,ua,14.0,,"й, інформація уточнюється.

Зафіксовано влучання 22 ударних БпЛА на 14 локаціях, а також падіння уламків на 2 локація",2026-09-10T09:18:34.317066+00:00
2026-02-05,1,kpszsu,official,targets_downed,ua,297.0,,"⚡️ЗБИТО/ПОДАВЛЕНО 297 ВОРОЖИХ БПЛА 
💥За попередніми даними, с",2026-09-10T09:18:34.317066+00:00
2026-02-05,2,kpszsu,official,drone_tracks,kyiv_obl,6.0,54644,"🛵 БпЛА на Чернігівщині, повз Славутич курсом на південь",2026-09-10T09:18:34.317066+00:00
2026-02-06,1,kpszsu,official,attacked,kyiv,1.0,,є повідомлення супроводу цілей на Київ,2026-09-10T09:18:34.317066+00:00
2026-02-06,1,kpszsu,official,drone_tracks,kyiv,2.0,54921,🛵 БпЛА повз Бориспіль курсом на Київ.,2026-09-10T09:18:34.317066+00:00
2026-02-06,1,kpszsu,official,drones_launched,ua,408.0,,"айон пуску – акваторія Чорного моря);
- 408 ударних БпЛА типу Shahed, Гербера, Італмас і безпіло",2026-09-10T09:18:34.317066+00:00
2026-02-06,1,kpszsu,official,impact_locations,ua,19.0,,"ворожих БпЛА різних типів.

Зафіксовано влучання 13 ракет та 21 ударного БпЛА на 19 локаціях, а також падіння збитих (уламки) БпЛА",2026-09-10T09:18:34.317066+00:00
2026-02-06,1,kpszsu,official,targets_downed,ua,406.0,,"⚡️ ЗБИТО/ПОДАВЛЕНО 24 РАКЕТИ ТА 382 ВОРОЖИХ БПЛА
💥 За поперед",2026-09-10T09:18:34.317066+00:00
2026-02-06,2,kpszsu,official,drone_tracks,kyiv_obl,14.0,54817,🛵 БпЛА з Чернігівщини на північ Київщини (Вишгородський район).,2026-09-10T09:18:34.317066+00:00
2026-02-07,1,kpszsu,official,attacked,kyiv,0.0,,"канал вів повітряну обстановку (46 повідомлень з 71), жодного супроводу на Київ, тривог у місті менше 3 годин",2026-09-10T09:18:34.317066+00:00
2026-02-07,1,kpszsu,official,drones_launched,ua,101.0,,"а 8 лютого (з 18:00 7 лютого) противник атакував 101 ударним БпЛА типу Shahed, Гербера, Італмас та безпіл",2026-09-10T09:18:34.317066+00:00
2026-02-07,1,kpszsu,official,impact_locations,ua,13.0,,"чі, півдні та сході країни.
Зафіксовано влучання 32 ударних БпЛА на 13 локаціях, а також падіння уламків на 1 локації",2026-09-10T09:18:34.317066+00:00
2026-02-07,1,kpszsu,official,targets_downed,ua,69.0,,"⚡️ ЗБИТО/ПОДАВЛЕНО 69 ВОРОЖИХ БПЛА
💥 За попередніми даними, с",2026-09-10T09:18:34.317066+00:00
2026-02-07,2,kpszsu,official,drone_tracks,kyiv_obl,4.0,54990,"🛵 Київщина - БпЛА повз Димер, в західному напрямку.",2026-09-10T09:18:34.317066+00:00
2026-02-08,1,kpszsu,official,attacked,kyiv,0.0,,"канал вів повітряну обстановку (61 повідомлень з 95), жодного супроводу на Київ, тривог у місті менше 3 годин",2026-09-10T09:18:34.317066+00:00
2026-02-08,1,kpszsu,official,drones_launched,ua,149.0,,"и Іскандер-М із Брянської обл., а також 149 ударними БпЛА типу Shahed, Гербера, Італмас та безпіл",2026-09-10T09:18:34.317066+00:00
2026-02-08,1,kpszsu,official,impact_locations,ua,15.0,,"та не досягла своїх цілей.

Зафіксовано влучання ракет та 23 ударних БпЛА на 15 локаціях, а також падіння збитих (уламки) на 6",2026-09-10T09:18:34.317066+00:00
2026-02-08,1,kpszsu,official,targets_downed,ua,116.0,,"⚡️ ЗБИТО/ПОДАВЛЕНО 116 ВОРОЖИХ БПЛА
💥 За попередніми даними, с",2026-09-10T09:18:34.317066+00:00
2026-02-08,2,kpszsu,official,drone_tracks,kyiv_obl,5.0,55064,"🛵 БпЛА з Чернігівщини на Київське водосховище, курс на захід.
🛵 БпЛА на заході Харківщини, курс на Полтавщину.",2026-09-10T09:18:34.317066+00:00
2026-02-09,1,kpszsu,official,attacked,kyiv,0.0,,"канал вів повітряну обстановку (41 повідомлень з 80), жодного супроводу на Київ, тривог у місті менше 3 годин",2026-09-10T09:18:34.317066+00:00
2026-02-09,1,kpszsu,official,drones_launched,ua,125.0,," 10 лютого (з 18:00 9 лютого) противник атакував 125 ударними БпЛА типу Shahed, Гербера, Італмас та безпіл",2026-09-10T09:18:34.317066+00:00
2026-02-09,1,kpszsu,official,impact_locations,ua,6.0,,"і, півдні та сході країни.

Зафіксовано влучання 13 ударних БпЛА на 6 локаціях, а також падіння уламків на 2 локація",2026-09-10T09:18:34.317066+00:00
2026-02-09,1,kpszsu,official,targets_downed,ua,110.0,,"⚡️ ЗБИТО/ПОДАВЛЕНО 110 ВОРОЖИХ БПЛА
💥 За попередніми даними, с",2026-09-10T09:18:34.317066+00:00
2026-02-09,2,kpszsu,official,drone_tracks,kyiv_obl,1.0,55184,"🛵 🛸 БпЛА на сході Сумщини ➡️ курсом на Білопілля.
🛵 БпЛА на сході Київщини ➡️ курсом на Березань.
🛵 🛸 БпЛА на півночі Харківщини ➡️ курсом на Богодухів, Старий Салтів.
🛵 🛸 БпЛА на півночі Запорізької ",2026-09-10T09:18:34.317066+00:00
2026-02-10,1,kpszsu,official,attacked,kyiv,0.0,,"канал вів повітряну обстановку (37 повідомлень з 63), жодного супроводу на Київ, тривог у місті менше 3 годин",2026-09-10T09:18:34.317066+00:00
2026-02-10,1,kpszsu,official,drones_launched,ua,129.0,,"11 лютого (з 18:30 10 лютого) противник атакував 129 ударними БпЛА типу Shahed, Гербера, Італмас та безпіл",2026-09-10T09:18:34.317066+00:00
2026-02-10,1,kpszsu,official,impact_locations,ua,8.0,,"одавлено 112 ворожих БпЛА.

Зафіксовано влучання 15 ударних БпЛА на 8 локаціях.

Атака триває, в повітряному простор",2026-09-10T09:18:34.317066+00:00
2026-02-10,1,kpszsu,official,targets_downed,ua,112.0,,"⚡️ ЗБИТО/ПОДАВЛЕНО 112 ВОРОЖИХ БПЛА
💥 За попередніми даними, с",2026-09-10T09:18:34.317066+00:00
2026-02-11,1,kpszsu,official,attacked,kyiv,1.0,,є повідомлення супроводу цілей на Київ,2026-09-10T09:18:34.317066+00:00
2026-02-11,1,kpszsu,official,drone_tracks,kyiv,4.0,55374,🛵 БпЛА наближаються до столиці!,2026-09-10T09:18:34.317066+00:00
2026-02-11,1,kpszsu,official,drones_launched,ua,219.0,,"го простору ТОТ Донецької обл., а також 219 ударними БпЛА типу Shahed, Гербера, Італмас та безпіл",2026-09-10T09:18:34.317066+00:00
2026-02-11,1,kpszsu,official,impact_locations,ua,13.0,,"мас та дронів інших типів.

Зафіксовано влучання 9 ракет та 19 ударних БпЛА на 13 локаціях, а також падіння збитих (уламки) на 1",2026-09-10T09:18:34.317066+00:00
2026-02-11,1,kpszsu,official,missile_tracks,kyiv,4.0,55367,Балістика на Київ!,2026-09-10T09:18:34.317066+00:00
2026-02-11,1,kpszsu,official,targets_downed,ua,213.0,,"⚡️ЗБИТО/ПОДАВЛЕНО 16 РАКЕТ ТА 197 ВОРОЖИХ БПЛА
💥 За попередн",2026-09-10T09:18:34.317066+00:00
2026-02-11,2,kpszsu,official,drone_tracks,kyiv_obl,4.0,55362,"Оновлення щодо 🛵 БпЛА:

- велика група дронів на сході Чернігівщини (Сосниця, Батурин), рух на південь
- група ворожих БпЛА на півночі Полтавщини - рух на захід в напрямку Київської обл;
- ворожі БпЛА",2026-09-10T09:18:34.317066+00:00
2026-02-12,1,kpszsu,official,attacked,kyiv,0.0,,"канал вів повітряну обстановку (49 повідомлень з 77), жодного супроводу на Київ, тривог у місті менше 3 годин",2026-09-10T09:18:34.317066+00:00
2026-02-12,1,kpszsu,official,drones_launched,ua,154.0,,"ою Іскандер-М із Курської обл., а також 154 ударними БпЛА типу Shahed, Гербера, Італмас та безпіл",2026-09-10T09:18:34.317066+00:00
2026-02-12,1,kpszsu,official,impact_locations,ua,18.0,,"мас та дронів інших типів.

Зафіксовано влучання ракети та 22 ударних БпЛА на 18 локаціях, а також падіння збитих (уламки) на 2",2026-09-10T09:18:34.317066+00:00
2026-02-12,1,kpszsu,official,targets_downed,ua,111.0,,"⚡️ ЗБИТО/ПОДАВЛЕНО 111 ВОРОЖИХ БПЛА
💥 За попередніми даними, с",2026-09-10T09:18:34.317066+00:00
2026-02-12,2,kpszsu,official,drone_tracks,kyiv_obl,10.0,55431,"🛵 БпЛА на межі Кіровоградщини та Черкащини, курс західний.
🛵 БпЛА на півночі Київщини, курс західний.
🛵 БпЛА на межі Харківщини та Дніпропетровщини, курс західний.",2026-09-10T09:18:34.317066+00:00
2026-02-13,1,kpszsu,official,attacked,kyiv,1.0,,є повідомлення супроводу цілей на Київ,2026-09-10T09:18:34.317066+00:00
2026-02-13,1,kpszsu,official,drone_tracks,kyiv,2.0,55540,🛵 БпЛА на Київ та Бровари з півночі.,2026-09-10T09:18:34.317066+00:00
2026-02-13,1,kpszsu,official,drones_launched,ua,112.0,,"ою Іскандер-М із Курської обл., а також 112 ударними БпЛА типу Shahed, Гербера, Італмас та безпіл",2026-09-10T09:18:34.317066+00:00
2026-02-13,1,kpszsu,official,impact_locations,ua,11.0,,"безпілотників інших типів.

Зафіксовано влучання 18 ударних БпЛА на 11 локаціях, а також падіння збитих (уламки) на 2",2026-09-10T09:18:34.317066+00:00
2026-02-13,1,kpszsu,official,targets_downed,ua,91.0,,"⚡️ ЗБИТО/ПОДАВЛЕНО 91 ВОРОЖИЙ БПЛА
💥 За попередніми даними, с",2026-09-10T09:18:34.317066+00:00
2026-02-13,2,kpszsu,official,drone_tracks,kyiv_obl,12.0,55487,🛵 БпЛА із заходу Чернігівщини на Київське водосховище.,2026-09-10T09:18:34.317066+00:00
2026-02-14,1,kpszsu,official,attacked,kyiv,0.0,,"канал вів повітряну обстановку (60 повідомлень з 86), жодного супроводу на Київ, тривог у місті менше 3 годин",2026-09-10T09:18:34.317066+00:00
2026-02-14,1,kpszsu,official,drones_launched,ua,83.0,,"15 лютого (з 18:30 14 лютого) противник атакував 83 ударними БпЛА типу Shahed, Гербера, Італмас та безпіл",2026-09-10T09:18:34.317066+00:00
2026-02-14,1,kpszsu,official,impact_locations,ua,12.0,,"безпілотників інших типів.

Зафіксовано влучання 25 ударних БпЛА на 12 локаціях, а також падіння збитих (уламки) на 3",2026-09-10T09:18:34.317066+00:00
2026-02-14,1,kpszsu,official,targets_downed,ua,55.0,,"⚡️ ЗБИТО/ПОДАВЛЕНО 55 ВОРОЖИХ БПЛА
💥 За попередніми даними, с",2026-09-10T09:18:34.317066+00:00
2026-02-15,1,kpszsu,official,attacked,kyiv,0.0,,"канал вів повітряну обстановку (29 повідомлень з 52), жодного супроводу на Київ, тривог у місті менше 3 годин",2026-09-10T09:18:34.317066+00:00
2026-02-15,1,kpszsu,official,drones_launched,ua,62.0,," Х-31П із ТОТ Запорізької обл., а також 62 ударними БпЛА типу Shahed, Гербера, Італмас та безпіл",2026-09-10T09:18:34.317066+00:00
2026-02-15,1,kpszsu,official,impact_locations,ua,8.0,,"мас та дронів інших типів.

Зафіксовано влучання однієї ракети та 9 ударних БпЛА на 8 локаціях, а також падіння збитих (уламки) на 2",2026-09-10T09:18:34.317066+00:00
2026-02-15,1,kpszsu,official,targets_downed,ua,106.0,,"⚡️ ЗБИТО/ПОДАВЛЕНО 54 ВОРОЖІ ЦІЛІ
💥 За попередніми даними, ст",2026-09-10T09:18:34.317066+00:00
2026-02-15,2,kpszsu,official,missile_tracks,kyiv_obl,1.0,55704,Ракета курсом на Київщину!,2026-09-10T09:18:34.317066+00:00
2026-02-16,1,kpszsu,official,attacked,kyiv,1.0,,є повідомлення супроводу цілей на Київ,2026-09-10T09:18:34.317066+00:00
2026-02-16,1,kpszsu,official,drone_tracks,kyiv,2.0,55779,🛵 Ворожі БпЛА в р-ні. Переяслава у напрямку Києва.,2026-09-10T09:18:34.317066+00:00
2026-02-16,1,kpszsu,official,drones_launched,ua,396.0,,"го простору ТОТ Донецької обл., а також 396 ударними БпЛА типу Shahed, Гербера, Італмас та безпіл",2026-09-10T09:18:34.317066+00:00
2026-02-16,1,kpszsu,official,impact_locations,ua,13.0,,"мас та дронів інших типів.

Зафіксовано влучання 4 балістичних ракет та 18 ударних БпЛА на 13 локаціях, а також падіння збитих (уламки) на 8",2026-09-10T09:18:34.317066+00:00
2026-02-16,1,kpszsu,official,targets_downed,ua,392.0,,"⚡️ ЗБИТО/ПОДАВЛЕНО 25 РАКЕТ ТА 367 ВОРОЖИХ БПЛА
💥 За попередн",2026-09-10T09:18:34.317066+00:00
2026-02-16,2,kpszsu,official,drone_tracks,kyiv_obl,4.0,55776,🛵 Декілька ворожих БпЛА в р-ні. Оржиці через Черкащину у напрямку Київщини.,2026-09-10T09:18:34.317066+00:00
2026-02-17,1,kpszsu,official,attacked,kyiv,0.0,,"канал вів повітряну обстановку (39 повідомлень з 76), жодного супроводу на Київ, тривог у місті менше 3 годин",2026-09-10T09:18:34.317066+00:00
2026-02-17,1,kpszsu,official,drones_launched,ua,126.0,,"етою Іскандер-М із ТОТ АР Крим, а також 126 ударними БпЛА типу Shahed, Гербера, Італмас та безпіл",2026-09-10T09:18:34.317066+00:00
2026-02-17,1,kpszsu,official,impact_locations,ua,14.0,,"і, півдні та сході країни.

Зафіксовано влучання балістичної ракети та 23 ударних БпЛА на 14 локаціях, а також падіння збитих (уламки) на 3",2026-09-10T09:18:34.317066+00:00
2026-02-17,1,kpszsu,official,targets_downed,ua,100.0,,"⚡️ ЗБИТО/ПОДАВЛЕНО 100 ВОРОЖИХ БПЛА
💥 За попередніми даними, с",2026-09-10T09:18:34.317066+00:00
2026-02-17,2,kpszsu,official,drone_tracks,kyiv_obl,1.0,55881,🛵  Київщина - БпЛА на Ржищів.,2026-09-10T09:18:34.317066+00:00
2026-02-18,1,kpszsu,official,attacked,kyiv,0.0,,"канал вів повітряну обстановку (18 повідомлень з 40), жодного супроводу на Київ, тривог у місті менше 3 годин",2026-09-10T09:18:34.317066+00:00
2026-02-18,1,kpszsu,official,drones_launched,ua,37.0,,"19 лютого (з 18:00 18 лютого) противник атакував 37 ударними БпЛА типу Shahed, Гербера, Італмас та безпіл",2026-09-10T09:18:34.317066+00:00
2026-02-18,1,kpszsu,official,impact_locations,ua,4.0,,"і, півдні та сході країни.

Зафіксовано влучання ударних БпЛА на 4 локаціях.

Атака триває, в повітряному простор",2026-09-10T09:18:34.317066+00:00
2026-02-18,1,kpszsu,official,targets_downed,ua,29.0,,"⚡️ ЗБИТО/ПОДАВЛЕНО 29 ВОРОЖИХ БПЛА
💥 За попередніми даними, с",2026-09-10T09:18:34.317066+00:00
2026-02-19,1,kpszsu,official,attacked,kyiv,0.0,,"канал вів повітряну обстановку (47 повідомлень з 75), жодного супроводу на Київ, тривог у місті менше 3 годин",2026-09-10T09:18:34.317066+00:00
2026-02-19,1,kpszsu,official,drones_launched,ua,128.0,,"ер-М із  Ростовської обл. – рф, а також 128 ударними БпЛА типу Shahed, Гербера, Італмас та безпіл",2026-09-10T09:18:34.317066+00:00
2026-02-19,1,kpszsu,official,impact_locations,ua,14.0,,"і, півдні та сході країни.

Зафіксовано влучання балістичної ракети та 21 ударного БпЛА на 14 локаціях, а також падіння збитих (уламки) на 1",2026-09-10T09:18:34.317066+00:00
2026-02-19,1,kpszsu,official,targets_downed,ua,107.0,,"⚡️ ЗБИТО/ПОДАВЛЕНО 107 ВОРОЖИХ БПЛА
💥 За попередніми даними, с",2026-09-10T09:18:34.317066+00:00
2026-02-20,1,kpszsu,official,attacked,kyiv,0.0,,"канал вів повітряну обстановку (80 повідомлень з 118), жодного супроводу на Київ, тривог у місті менше 3 годин",2026-09-10T09:18:34.317066+00:00
2026-02-20,1,kpszsu,official,drones_launched,ua,120.0,,"ер-М із  Воронезької обл. – рф, а також 120 ударними БпЛА типу Shahed, Гербера, Італмас та безпіл",2026-09-10T09:18:34.317066+00:00
2026-02-20,1,kpszsu,official,impact_locations,ua,11.0,,"і, півдні та сході країни.

Зафіксовано влучання балістичної ракети та 13 ударних БпЛА на 11 локаціях, а також падіння збитих (уламки) на 8",2026-09-10T09:18:34.317066+00:00
2026-02-20,1,kpszsu,official,targets_downed,ua,106.0,,"⚡️ ЗБИТО/ПОДАВЛЕНО 106 ВОРОЖИХ БПЛА
💥 За попередніми даними, с",2026-09-10T09:18:34.317066+00:00
2026-02-20,2,kpszsu,official,drone_tracks,kyiv_obl,1.0,56101,🛵🛸 Херсонщина: БпЛА в Бериславському районі в напрямку н.п.Біляївка/Українка з північного сходу.,2026-09-10T09:18:34.317066+00:00
2026-02-21,1,kpszsu,official,attacked,kyiv,1.0,,є повідомлення супроводу цілей на Київ,2026-09-10T09:18:34.317066+00:00
2026-02-21,1,kpszsu,official,drone_tracks,kyiv,3.0,56237,"⚠ Увага!
🛵Київ - в районі міста ворожі БпЛА.",2026-09-10T09:18:34.317066+00:00
2026-02-21,1,kpszsu,official,drones_launched,ua,297.0,,"-59/69 (район пусків – Курська обл.);
- 297 ударних БпЛА типу Shahed, Гербера, Італмас і безпіло",2026-09-10T09:18:34.317066+00:00
2026-02-21,1,kpszsu,official,impact_locations,ua,14.0,,"ворожих БпЛА різних типів.

Зафіксовано влучання 14 ракет та 23 ударних БпЛА на 14 локаціях, а також падіння збитих (уламки) БпЛА",2026-09-10T09:18:34.317066+00:00
2026-02-21,1,kpszsu,official,missile_tracks,kyiv,3.0,56236,"Ще ракети на Чернігівщині, курсом на Київ.",2026-09-10T09:18:34.317066+00:00
2026-02-21,1,kpszsu,official,targets_downed,ua,307.0,,"⚡️ ЗБИТО/ПОДАВЛЕНО 33 РАКЕТИ ТА 274 ВОРОЖИХ БПЛА
💥 За поперед",2026-09-10T09:18:34.317066+00:00
2026-02-21,2,kpszsu,official,drone_tracks,kyiv_obl,3.0,56161,🛵🛸 БпЛА на Чернігівщині в напрямку н.п.Михайло-Коцюбинське та н.п.Славутич/Любеч.,2026-09-10T09:18:34.317066+00:00
2026-02-21,2,kpszsu,official,missile_tracks,kyiv_obl,3.0,56246,Ракети на Полтавщині курсом на Київщину.,2026-09-10T09:18:34.317066+00:00
2026-02-22,1,kpszsu,official,attacked,kyiv,0.0,,"канал вів повітряну обстановку (28 повідомлень з 50), жодного супроводу на Київ, тривог у місті менше 3 годин",2026-09-10T09:18:34.317066+00:00
2026-02-22,1,kpszsu,official,drones_launched,ua,126.0,,"ер-М із  Ростовської обл. – рф, а також 126 ударними БпЛА типу Shahed, Гербера, Італмас та безпіл",2026-09-10T09:18:34.317066+00:00
2026-02-22,1,kpszsu,official,impact_locations,ua,11.0,,"і, півдні та сході країни.

Зафіксовано влучання балістичної ракети та 20 ударних БпЛА на 11 локаціях, а також падіння збитих (уламки) на о",2026-09-10T09:18:34.317066+00:00
2026-02-22,1,kpszsu,official,targets_downed,ua,105.0,,"⚡️ ЗБИТО/ПОДАВЛЕНО 105 ВОРОЖИХ БПЛА
💥 За попередніми даними, с",2026-09-10T09:18:34.317066+00:00
2026-02-23,1,kpszsu,official,attacked,kyiv,0.0,,"канал вів повітряну обстановку (31 повідомлень з 62), жодного супроводу на Київ, тривог у місті менше 3 годин",2026-09-10T09:18:34.317066+00:00
2026-02-23,1,kpszsu,official,drones_launched,ua,133.0,,"етою Іскандер-М із ТОТ АР Крим, а також 133 ударними БпЛА типу Shahed, Гербера, Італмас та безпіл",2026-09-10T09:18:34.317066+00:00
2026-02-23,1,kpszsu,official,impact_locations,ua,16.0,,"і, півдні та сході країни.

Зафіксовано влучання ракети та 19 ударних БпЛА на 16 локаціях, а також падіння збитих (уламки) на о",2026-09-10T09:18:34.317066+00:00
2026-02-23,1,kpszsu,official,targets_downed,ua,111.0,,"⚡️ ЗБИТО/ПОДАВЛЕНО 111 ВОРОЖИХ БПЛА
💥 За попередніми даними, с",2026-09-10T09:18:34.317066+00:00
2026-02-24,1,kpszsu,official,attacked,kyiv,0.0,,"канал вів повітряну обстановку (72 повідомлень з 101), жодного супроводу на Київ, тривог у місті менше 3 годин",2026-09-10T09:18:34.317066+00:00
2026-02-24,1,kpszsu,official,drones_launched,ua,115.0,,"25 лютого (з 18:30 24 лютого) противник атакував 115 ударними БпЛА типу Shahed, Гербера, Італмас та безпіл",2026-09-10T09:18:34.317066+00:00
2026-02-24,1,kpszsu,official,impact_locations,ua,11.0,,"і, півдні та сході країни.

Зафіксовано влучання 18 ударних БпЛА на 11 локаціях.

Атака триває, в повітряному простор",2026-09-10T09:18:34.317066+00:00
2026-02-24,1,kpszsu,official,targets_downed,ua,95.0,,"⚡️ ЗБИТО/ПОДАВЛЕНО 95 ВОРОЖИХ БПЛА
💥 За попередніми даними, с",2026-09-10T09:18:34.317066+00:00
2026-02-25,1,kpszsu,official,attacked,kyiv,1.0,,є повідомлення супроводу цілей на Київ,2026-09-10T09:18:34.317066+00:00
2026-02-25,1,kpszsu,official,drone_tracks,kyiv,5.0,56537,🛵 БпЛА у напрямку міста Київ зі сходу.,2026-09-10T09:18:34.317066+00:00
2026-02-25,1,kpszsu,official,drones_launched,ua,420.0,,"ними авіаційними ракетами Х-69, а також 420 ударними БпЛА типу Shahed, Гербера, Італмас та безпіл",2026-09-10T09:18:34.317066+00:00
2026-02-25,1,kpszsu,official,impact_locations,ua,32.0,,"мас та дронів інших типів.

Зафіксовано влучання 5 балістичних ракет та 46 ударних БпЛА на 32 локаціях, а також падіння збитих (уламки) на 1",2026-09-10T09:18:34.317066+00:00
2026-02-25,1,kpszsu,official,missile_tracks,kyiv,1.0,56581,🚀Ракета в р-ні. Конча-Заспа у напрямку Києва,2026-09-10T09:18:34.317066+00:00
2026-02-25,1,kpszsu,official,targets_downed,ua,780.0,,"⚡️ ЗБИТО/ПОДАВЛЕНО 406 ВОРОЖИХ ЦІЛЕЙ
💥 За попередніми даними, ",2026-09-10T09:18:34.317066+00:00
2026-02-25,2,kpszsu,official,drone_tracks,kyiv_obl,8.0,56527,"🛵 Групи ворожих ударних БпЛА через Сумщину, південно-східну частину Чернігівщини та північно-східну частину Полтавщини рухаються на Чернігівщину та Київщину.",2026-09-10T09:18:34.317066+00:00
2026-02-25,2,kpszsu,official,missile_tracks,kyiv_obl,4.0,56574,🚀Ракета в р-ні. Пирятина у напрямку Київщини,2026-09-10T09:18:34.317066+00:00
2026-02-26,1,kpszsu,official,attacked,kyiv,0.0,,"канал вів повітряну обстановку (40 повідомлень з 61), жодного супроводу на Київ, тривог у місті менше 3 годин",2026-09-10T09:18:34.317066+00:00
2026-02-26,1,kpszsu,official,drones_launched,ua,187.0,,"27 лютого (з 18:00 26 лютого) противник атакував 187 ударними БпЛА типу Shahed, Гербера, Італмас та безпіл",2026-09-10T09:18:34.317066+00:00
2026-02-26,1,kpszsu,official,impact_locations,ua,14.0,,"і, півдні та сході країни.

Зафіксовано влучання 20 ударних БпЛА на 14 локаціях.

Атака триває, в повітряному простор",2026-09-10T09:18:34.317066+00:00
2026-02-26,1,kpszsu,official,targets_downed,ua,165.0,,"⚡️ ЗБИТО/ПОДАВЛЕНО 165 ВОРОЖИХ БПЛА
💥 За попередніми даними, с",2026-09-10T09:18:34.317066+00:00
2026-02-27,1,kpszsu,official,attacked,kyiv,1.0,,є повідомлення супроводу цілей на Київ,2026-09-10T09:18:34.317066+00:00
2026-02-27,1,kpszsu,official,drone_tracks,kyiv,1.0,56720,"🛵 БпЛА в районі Ржищева, рухаєтьс по руслу Дніпра ➡️ курсом на Київ!
🛵 БпЛА на Суми з півночі!
🛵 БпЛА на Запоріжжя з півдня!
🛵🛸 БпЛА на півночі та сході Харківщини ➡️ курсом на Старий Салтів, Куп'янсь",2026-09-10T09:18:34.317066+00:00
2026-02-27,1,kpszsu,official,drones_launched,ua,105.0,,"дер-М із Воронезької обл. – рф, а також 105 ударними БпЛА типу Shahed, Гербера, Італмас та безпіл",2026-09-10T09:18:34.317066+00:00
2026-02-27,1,kpszsu,official,impact_locations,ua,7.0,,"і, півдні та сході країни.

Зафіксовано влучання 6 ударних БпЛА та падіння уламків на 7 локаціях.

Атака триває, в повітряному простор",2026-09-10T09:18:34.317066+00:00
2026-02-27,1,kpszsu,official,targets_downed,ua,96.0,,"⚡️ ЗБИТО/ПОДАВЛЕНО 96 ВОРОЖИХ БПЛА
💥 За попередніми даними, с",2026-09-10T09:18:34.317066+00:00
2026-02-27,2,kpszsu,official,drone_tracks,kyiv_obl,2.0,56716,"🛵 БпЛА на сході Київщини ➡️ курсом на Яготин.
🛵 БпЛА в центрі Чернігівщини ➡️ курсом на Ніжин.
🛵 БпЛА на півдні Сумщини ➡️ курсом на Харківщину.
🛵 БпЛА в центрі Харківщини ➡️ курсом на Харків, Чугуїв.",2026-09-10T09:18:34.317066+00:00
2026-02-28,1,kpszsu,official,attacked,kyiv,0.0,,"канал вів повітряну обстановку (76 повідомлень з 120), жодного супроводу на Київ, тривог у місті менше 3 годин",2026-09-10T09:18:34.317066+00:00
2026-02-28,1,kpszsu,official,drones_launched,ua,3238.0,," керованих авіаційних ракет Х-59/69;
▪️ 3238 ударних БпЛА типу Shahed;
▪️ 682 розвідувальних БпЛА",2026-09-10T09:18:34.317066+00:00
2026-02-28,1,kpszsu,official,impact_locations,ua,7.0,,"і, півдні та сході країни.

Зафіксовано влучання 13 ударних БпЛА на 7 локаціях, а також падіння збитих (уламки) на 4",2026-09-10T09:18:34.317066+00:00
2026-02-28,1,kpszsu,official,missiles_launched,ua,10.0,,"балістичні ракети Х-47 М2 ""Кинджал"";
▪️ 10 крилатих ракет ""Калібр"";
▪️87 крилатих ракет Х-101;
▪️",2026-09-10T09:18:34.317066+00:00
2026-02-28,1,kpszsu,official,targets_downed,ua,110.0,,"⚡️ ЗБИТО/ПОДАВЛЕНО 110 ВОРОЖИХ БПЛА
💥 За попередніми даними, с",2026-09-10T09:18:34.317066+00:00
2026-03-01,1,kpszsu,official,attacked,kyiv,0.0,,"канал вів повітряну обстановку (27 повідомлень з 43), жодного супроводу на Київ, тривог у місті менше 3 годин",2026-09-10T09:18:34.317066+00:00
2026-03-01,1,kpszsu,official,drones_launched,ua,94.0,," березня (з 18:30 01 березня) противник атакував 94 ударними БпЛА типу Shahed, Гербера, Італмас та безпіл",2026-09-10T09:18:34.317066+00:00
2026-03-01,1,kpszsu,official,impact_locations,ua,4.0,,"і, півдні та сході країни.

Зафіксовано влучання 10 ударних БпЛА на 4 локаціях, а також падіння збитих (уламки) на д",2026-09-10T09:18:34.317066+00:00
2026-03-01,1,kpszsu,official,targets_downed,ua,84.0,,"⚡️ ЗБИТО/ПОДАВЛЕНО 84 ВОРОЖІ БПЛА
💥 За попередніми даними, ст",2026-09-10T09:18:34.317066+00:00
2026-03-02,1,kpszsu,official,attacked,kyiv,1.0,,є повідомлення супроводу цілей на Київ,2026-09-10T09:18:34.317066+00:00
2026-03-02,1,kpszsu,official,drone_tracks,kyiv,1.0,56955,🛵 Ворожий БпЛА в р-ні. Київського водосховища у напрямку Києва.,2026-09-10T09:18:34.317066+00:00
2026-03-02,1,kpszsu,official,drones_launched,ua,136.0,," березня (з 18:00 02 березня) противник атакував 136 ударними БпЛА типу Shahed, Гербера, Італмас та безпіл",2026-09-10T09:18:34.317066+00:00
2026-03-02,1,kpszsu,official,impact_locations,ua,3.0,,"і, півдні та сході країни.

Зафіксовано влучання 5 ударних БпЛА на 3 локаціях, а також падіння збитих (уламки) на 3",2026-09-10T09:18:34.317066+00:00
2026-03-02,1,kpszsu,official,targets_downed,ua,127.0,,"⚡️ ЗБИТО/ПОДАВЛЕНО 127 ВОРОЖИХ БПЛА
💥 За попередніми даними, с",2026-09-10T09:18:34.317066+00:00
2026-03-03,1,kpszsu,official,attacked,kyiv,0.0,,"канал вів повітряну обстановку (36 повідомлень з 49), жодного супроводу на Київ, тривог у місті менше 3 годин",2026-09-10T09:18:34.317066+00:00
2026-03-03,1,kpszsu,official,drones_launched,ua,149.0,," березня (з 18:00 03 березня) противник атакував 149 ударними БпЛА типу Shahed, Гербера, Італмас та безпіл",2026-09-10T09:18:34.317066+00:00
2026-03-03,1,kpszsu,official,impact_locations,ua,15.0,,"і, півдні та сході країни.

Зафіксовано влучання 19 ударних БпЛА на 15 локаціях, а також падіння збитих (уламки) на о",2026-09-10T09:18:34.317066+00:00
2026-03-03,1,kpszsu,official,targets_downed,ua,129.0,,"⚡️ ЗБИТО/ПОДАВЛЕНО 129 ВОРОЖИХ БПЛА
💥 За попередніми даними, с",2026-09-10T09:18:34.317066+00:00
2026-03-04,1,kpszsu,official,attacked,kyiv,0.0,,"канал вів повітряну обстановку (36 повідомлень з 58), жодного супроводу на Київ, тривог у місті менше 3 годин",2026-09-10T09:18:34.317066+00:00
2026-03-04,1,kpszsu,official,drones_launched,ua,155.0,," березня (з 18:30 04 березня) противник атакував 155 ударними БпЛА типу Shahed, Гербера, Італмас та безпіл",2026-09-10T09:18:34.317066+00:00
2026-03-04,1,kpszsu,official,impact_locations,ua,8.0,,"одавлено 136 ворожих БпЛА.

Зафіксовано влучання 18 ударних БпЛА на 8 локаціях, а також падіння збитих (уламки) на т",2026-09-10T09:18:34.317066+00:00
2026-03-04,1,kpszsu,official,targets_downed,ua,136.0,,"⚡️ ЗБИТО/ПОДАВЛЕНО 136 ВОРОЖИХ БПЛА
💥 За попередніми даними, с",2026-09-10T09:18:34.317066+00:00
2026-03-05,1,kpszsu,official,attacked,kyiv,0.0,,"канал вів повітряну обстановку (74 повідомлень з 113), жодного супроводу на Київ, тривог у місті менше 3 годин",2026-09-10T09:18:34.317066+00:00
2026-03-05,1,kpszsu,official,drones_launched,ua,141.0,," березня (з 18:00 05 березня) противник атакував 141 ударним БпЛА типу Shahed, Гербера, Італмас та безпіл",2026-09-10T09:18:34.317066+00:00
2026-03-05,1,kpszsu,official,impact_locations,ua,16.0,,"і, півдні та сході країни.

Зафіксовано влучання 24 ударних БпЛА на 16 локаціях, а також падіння збитих (уламки) на о",2026-09-10T09:18:34.317066+00:00
2026-03-05,1,kpszsu,official,targets_downed,ua,111.0,,"⚡️ ЗБИТО/ПОДАВЛЕНО 111 ВОРОЖИХ БПЛА
💥 За попередніми даними, с",2026-09-10T09:18:34.317066+00:00
2026-03-06,1,kpszsu,official,attacked,kyiv,1.0,,є повідомлення супроводу цілей на Київ,2026-09-10T09:18:34.317066+00:00
2026-03-06,1,kpszsu,official,drone_tracks,kyiv,3.0,57256,🛵 БпЛА тримає курс ➡️ на Київ!,2026-09-10T09:18:34.317066+00:00
2026-03-06,1,kpszsu,official,drones_launched,ua,480.0,,"айон пуску – акваторія Чорного моря);
- 480 ударних БпЛА типу Shahed, Гербера, Італмас і безпіло",2026-09-10T09:18:34.317066+00:00
2026-03-06,1,kpszsu,official,impact_locations,ua,22.0,,"ворожих БпЛА різних типів.

Зафіксовано влучання 9 ракет та 26 ударних БпЛА на 22 локаціях, а також падіння збитих (уламки) БпЛА",2026-09-10T09:18:34.317066+00:00
2026-03-06,1,kpszsu,official,missile_tracks,kyiv,5.0,57284,Ракета на Київ!,2026-09-10T09:18:34.317066+00:00
2026-03-06,1,kpszsu,official,targets_downed,ua,472.0,,"⚡️ ЗБИТО/ПОДАВЛЕНО 19 РАКЕТ ТА 453 ВОРОЖИХ БПЛА
💥 За попередн",2026-09-10T09:18:34.317066+00:00
2026-03-06,2,kpszsu,official,drone_tracks,kyiv_obl,10.0,57253,🛵 Чернігівщина: БпЛА ➡️ у напрямку Славутича/Гончарівського.,2026-09-10T09:18:34.317066+00:00
2026-03-07,1,kpszsu,official,attacked,kyiv,0.0,,"канал вів повітряну обстановку (67 повідомлень з 114), жодного супроводу на Київ, тривог у місті менше 3 годин",2026-09-10T09:18:34.317066+00:00
2026-03-07,1,kpszsu,official,drones_launched,ua,117.0,," та Воронезької областей - рф), а також 117 ударними БпЛА типу Shahed, Гербера, Італмас та безпіл",2026-09-10T09:18:34.317066+00:00
2026-03-07,1,kpszsu,official,impact_locations,ua,11.0,,"і, півдні та сході країни.

Зафіксовано влучання двох балістичних ракет та 19 ударних БпЛА на 11 локаціях.

✊ Тримаймо небо!
🇺🇦 Разом – до пере",2026-09-10T09:18:34.317066+00:00
2026-03-07,1,kpszsu,official,targets_downed,ua,98.0,,"⚡️ ЗБИТО/ПОДАВЛЕНО 98 ВОРОЖИХ БПЛА
💥 За попередніми даними, с",2026-09-10T09:18:34.317066+00:00
2026-03-08,1,kpszsu,official,attacked,kyiv,0.0,,"канал вів повітряну обстановку (58 повідомлень з 83), жодного супроводу на Київ, тривог у місті менше 3 годин",2026-09-10T09:18:34.317066+00:00
2026-03-08,1,kpszsu,official,drones_launched,ua,197.0,,"тами Іскандер-М із ТОТ АР Крим, а також 197 ударними БпЛА типу Shahed, Гербера, Італмас та безпіл",2026-09-10T09:18:34.317066+00:00
2026-03-08,1,kpszsu,official,impact_locations,ua,8.0,,"і, півдні та сході країни.

Зафіксовано влучання двох ракет та 36 ударних БпЛА на 8 локаціях, а також падіння збитих (уламки) на о",2026-09-10T09:18:34.317066+00:00
2026-03-08,1,kpszsu,official,targets_downed,ua,161.0,,"⚡️ ЗБИТО/ПОДАВЛЕНО 161 ВОРОЖИЙ БПЛА
💥 За попередніми даними, с",2026-09-10T09:18:34.317066+00:00
2026-03-08,2,kpszsu,official,drone_tracks,kyiv_obl,1.0,57522,"🛵 Ударні БпЛА на Чернігівщині на н.п.Бобровиця , в напрямку Київщини.",2026-09-10T09:18:34.317066+00:00
2026-03-09,1,kpszsu,official,attacked,kyiv,0.0,,"канал вів повітряну обстановку (42 повідомлень з 65), жодного супроводу на Київ, тривог у місті менше 3 годин",2026-09-10T09:18:34.317066+00:00
2026-03-09,1,kpszsu,official,drones_launched,ua,137.0,," березня (з 18:00 09 березня) противник атакував 137 ударними БпЛА типу Shahed, Гербера, Італмас та безпіл",2026-09-10T09:18:34.317066+00:00
2026-03-09,1,kpszsu,official,impact_locations,ua,10.0,,"одавлено 122 ворожих БпЛА.

Зафіксовано влучання 12 ударних БпЛА на 10 локаціях, а також падіння збитих (уламки) на 1",2026-09-10T09:18:34.317066+00:00
2026-03-09,1,kpszsu,official,targets_downed,ua,122.0,,"⚡️ ЗБИТО/ПОДАВЛЕНО 122 ВОРОЖИХ БПЛА
💥 За попередніми даними, с",2026-09-10T09:18:34.317066+00:00
2026-03-09,2,kpszsu,official,drone_tracks,kyiv_obl,1.0,57591,"🛵 БпЛА на Харківщині в районі Нової Водолаги.
🛵 БпЛА на Дніпропетровщині курсом на Апостолове, Вишневе.",2026-09-10T09:18:34.317066+00:00
2026-03-10,1,kpszsu,official,attacked,kyiv,0.0,,"канал вів повітряну обстановку (45 повідомлень з 87), жодного супроводу на Київ, тривог у місті менше 3 годин",2026-09-10T09:18:34.317066+00:00
2026-03-10,1,kpszsu,official,drones_launched,ua,99.0,," березня (з 18:00 10 березня) противник атакував 99 ударними БпЛА типу Shahed, Гербера, Італмас та безпіл",2026-09-10T09:18:34.317066+00:00
2026-03-10,1,kpszsu,official,impact_locations,ua,6.0,,"і, півдні та сході країни.

Зафіксовано влучання 9 ударних БпЛА на 6 локаціях, а також падіння збитих (уламки) на т",2026-09-10T09:18:34.317066+00:00
2026-03-10,1,kpszsu,official,targets_downed,ua,90.0,,"⚡️ ЗБИТО/ПОДАВЛЕНО 90 ВОРОЖИХ БПЛА
💥 За попередніми даними, с",2026-09-10T09:18:34.317066+00:00
2026-03-11,1,kpszsu,official,attacked,kyiv,0.0,,"канал вів повітряну обстановку (41 повідомлень з 63), жодного супроводу на Київ, тривог у місті менше 3 годин",2026-09-10T09:18:34.317066+00:00
2026-03-11,1,kpszsu,official,drones_launched,ua,94.0,," березня (з 18:00 11 березня) противник атакував 94 ударними БпЛА типу Shahed, Гербера, Італмас та безпіл",2026-09-10T09:18:34.317066+00:00
2026-03-11,1,kpszsu,official,impact_locations,ua,11.0,,"і, півдні та сході країни.

Зафіксовано влучання 16 ударних БпЛА на 11 локаціях, а також падіння збитих (уламки) на о",2026-09-10T09:18:34.317066+00:00
2026-03-11,1,kpszsu,official,targets_downed,ua,77.0,,"⚡️ ЗБИТО/ПОДАВЛЕНО 77 ВОРОЖИХ БПЛА
💥 За попередніми даними, с",2026-09-10T09:18:34.317066+00:00
2026-03-12,1,kpszsu,official,attacked,kyiv,0.0,,"канал вів повітряну обстановку (44 повідомлень з 71), жодного супроводу на Київ, тривог у місті менше 3 годин",2026-09-10T09:18:34.317066+00:00
2026-03-12,1,kpszsu,official,drones_launched,ua,126.0,,"ер-М із  Ростовської обл. – рф, а також 126 ударними БпЛА типу Shahed, Гербера, Італмас та безпіл",2026-09-10T09:18:34.317066+00:00
2026-03-12,1,kpszsu,official,impact_locations,ua,7.0,,"одавлено 117 ворожих БпЛА.

Зафіксовано влучання балістичної ракети та 8 ударних БпЛА на 7 локаціях, а також падіння збитих (уламки) на 5",2026-09-10T09:18:34.317066+00:00
2026-03-12,1,kpszsu,official,targets_downed,ua,117.0,,"⚡️ ЗБИТО/ПОДАВЛЕНО 117 ВОРОЖИХ БПЛА
💥 За попередніми даними, с",2026-09-10T09:18:34.317066+00:00
2026-03-13,1,kpszsu,official,attacked,kyiv,1.0,,є повідомлення супроводу цілей на Київ,2026-09-10T09:18:34.317066+00:00
2026-03-13,1,kpszsu,official,drone_tracks,kyiv,2.0,57931,🛵 Ворожі БпЛА в р-ні Броварів та Вишгорода на Київ.,2026-09-10T09:18:34.317066+00:00
2026-03-13,1,kpszsu,official,drones_launched,ua,430.0,,"урська обл., рф, ТОТ Донецької обл.);
- 430 ударних БпЛА типу Shahed, Гербера, Італмас і безпіло",2026-09-10T09:18:34.317066+00:00
2026-03-13,1,kpszsu,official,impact_locations,ua,11.0,," ворожі БпЛА різних типів.

Зафіксовано влучання 6 ракет та 28 ударних БпЛА на 11 локаціях, а також падіння збитих (уламки) БпЛА",2026-09-10T09:18:34.317066+00:00
2026-03-13,1,kpszsu,official,missile_tracks,kyiv,4.0,57916,🚀Ракети в р-ні Ніжина тримають курс на Київ.,2026-09-10T09:18:34.317066+00:00
2026-03-13,1,kpszsu,official,targets_downed,ua,460.0,,"⚡️ ЗБИТО/ПОДАВЛЕНО 58 РАКЕТ ТА 402 ВОРОЖІ БПЛА
💥 За попередні",2026-09-10T09:18:34.317066+00:00
2026-03-13,2,kpszsu,official,drone_tracks,kyiv_obl,8.0,57885,🛵 БпЛА в р-ні. Гребінки/Пирятина вектор руху Яготин.,2026-09-10T09:18:34.317066+00:00
2026-03-13,2,kpszsu,official,missile_tracks,kyiv_obl,9.0,57914,🚀Ракети на північному сході Чернігівщини західним курсом у напрямку Київщини.,2026-09-10T09:18:34.317066+00:00
2026-03-14,1,kpszsu,official,attacked,kyiv,1.0,,є повідомлення супроводу цілей на Київ,2026-09-10T09:18:34.317066+00:00
2026-03-14,1,kpszsu,official,drone_tracks,kyiv,1.0,58053,🛵 БпЛА на Київ з півночі!,2026-09-10T09:18:34.317066+00:00
2026-03-14,1,kpszsu,official,drones_launched,ua,97.0,," березня (з 18:00 14 березня) противник атакував 97 ударними БпЛА типу Shahed, Гербера, Італмас та безпіл",2026-09-10T09:18:34.317066+00:00
2026-03-14,1,kpszsu,official,impact_locations,ua,5.0,,"подавлено 90 ворожих БпЛА.

Зафіксовано влучання 5 ударних БпЛА на 5 локаціях, а також падіння збитих (уламки) на 2",2026-09-10T09:18:34.317066+00:00
2026-03-14,1,kpszsu,official,targets_downed,ua,90.0,,"⚡️ ЗБИТО/ПОДАВЛЕНО 90 ВОРОЖИХ БПЛА
💥 За попередніми даними, с",2026-09-10T09:18:34.317066+00:00
2026-03-14,2,kpszsu,official,drone_tracks,kyiv_obl,1.0,58051,"🛵 БпЛА з Чернігівщини ➡️ на Київщину, курсом на Київське водосховище.",2026-09-10T09:18:34.317066+00:00
2026-03-15,1,kpszsu,official,attacked,kyiv,1.0,,є повідомлення супроводу цілей на Київ,2026-09-10T09:18:34.317066+00:00
2026-03-15,1,kpszsu,official,drone_tracks,kyiv,2.0,58108,🛵 Група БпЛА на північному сході Київщини ➡️ курсом на Київ!,2026-09-10T09:18:34.317066+00:00
2026-03-15,1,kpszsu,official,drones_launched,ua,211.0,,"протягом сьогоднішнього ранку противник атакував 211 ударними БпЛА типу Shahed, Гербера, Італмас та безпіл",2026-09-10T09:18:34.317066+00:00
2026-03-15,1,kpszsu,official,impact_locations,ua,10.0,,"і, півдні та сході країни.

Зафіксовано влучання 16 ударних БпЛА на 10 локаціях, а також падіння збитих (уламки) на 1",2026-09-10T09:18:34.317066+00:00
2026-03-15,1,kpszsu,official,targets_downed,ua,194.0,,"⚡️ ЗБИТО/ПОДАВЛЕНО 194 ВОРОЖІ БПЛА
💥 За попередніми даними, ст",2026-09-10T09:18:34.317066+00:00
2026-03-15,2,kpszsu,official,drone_tracks,kyiv_obl,1.0,58106,"🛵 Група БпЛА на заході Чернігівщини ➡️ курсом на Київщину.
🛵 Група БпЛА на півночі Чернігівщини ➡️ курсом на Седнів, Чернігів.",2026-09-10T09:18:34.317066+00:00
2026-03-16,1,kpszsu,official,attacked,kyiv,0.0,,"канал вів повітряну обстановку (37 повідомлень з 58), жодного супроводу на Київ, тривог у місті менше 3 годин",2026-09-10T09:18:34.317066+00:00
2026-03-16,1,kpszsu,official,drones_launched,ua,178.0,," березня (з 18:00 16 березня) противник атакував 178 ударними БпЛА типу Shahed, Гербера, Італмас та безпіл",2026-09-10T09:18:34.317066+00:00
2026-03-16,1,kpszsu,official,impact_locations,ua,12.0,,"одавлено 154 ворожих БпЛА.

Зафіксовано влучання 22 ударних БпЛА на 12 локаціях, а також падіння збитих (уламки) на д",2026-09-10T09:18:34.317066+00:00
2026-03-16,1,kpszsu,official,targets_downed,ua,154.0,,"⚡️ ЗБИТО/ПОДАВЛЕНО 154 ВОРОЖИХ БПЛА
💥 За попередніми даними, с",2026-09-10T09:18:34.317066+00:00
2026-03-16,2,kpszsu,official,drone_tracks,kyiv_obl,2.0,58134,"🛵 БпЛА на Сумщині в районі Шостки.
🛵 Група БпЛА на Харківщині в районі Сахновщини.
🛸 БпЛА на Чернігівщині в районі Березни.
🛸 БпЛА на Київщині курсом на Ржищів.",2026-09-10T09:18:34.317066+00:00
2026-03-17,1,kpszsu,official,attacked,kyiv,1.0,,є повідомлення супроводу цілей на Київ,2026-09-10T09:18:34.317066+00:00
2026-03-17,1,kpszsu,official,drone_tracks,kyiv,2.0,58272,"🛵 БпЛА на півночі Київщини ➡️ в районі Чорнобиля.
🛵 БпЛА на сході Київщини ➡️ курсом на Київ.
🛵 БпЛА на Полтавщині ➡️ курсом на Миргород. Оржицю.
🛵 БпЛА на Харків з півдня.
🛵 БпЛА з Донеччини ➡️ на Дн",2026-09-10T09:18:34.317066+00:00
2026-03-17,1,kpszsu,official,drones_launched,ua,147.0,," березня (з 18:00 17 березня) противник атакував 147 ударними БпЛА типу Shahed, Гербера, Італмас та безпіл",2026-09-10T09:18:34.317066+00:00
2026-03-17,1,kpszsu,official,impact_locations,ua,12.0,,"і, півдні та сході країни.

Зафіксовано влучання 15 ударних БпЛА на 12 локаціях, а також падіння збитих (уламки) на 3",2026-09-10T09:18:34.317066+00:00
2026-03-17,1,kpszsu,official,targets_downed,ua,128.0,,"⚡️ ЗБИТО/ПОДАВЛЕНО 128 ВОРОЖИХ БПЛА
💥 За попередніми даними, с",2026-09-10T09:18:34.317066+00:00
2026-03-17,2,kpszsu,official,drone_tracks,kyiv_obl,7.0,58234,🛵 Київщина: БпЛА повз Баришівку рухаються у напрямку Броварів/Борисполя.,2026-09-10T09:18:34.317066+00:00
2026-03-18,1,kpszsu,official,attacked,kyiv,1.0,,є повідомлення супроводу цілей на Київ,2026-09-10T09:18:34.317066+00:00
2026-03-18,1,kpszsu,official,drone_tracks,kyiv,1.0,58312,🛵 БпЛА ➡️ курсом на Київ.,2026-09-10T09:18:34.317066+00:00
2026-03-18,1,kpszsu,official,drones_launched,ua,133.0,," березня (з 18:00 18 березня) противник атакував 133 ударними БпЛА типу Shahed, Гербера, Італмас та безпіл",2026-09-10T09:18:34.317066+00:00
2026-03-18,1,kpszsu,official,impact_locations,ua,11.0,,"і, заході та сході країни.

Зафіксовано влучання 20 ударних БпЛА на 11 локаціях, а також падіння збитих (уламки) на 7",2026-09-10T09:18:34.317066+00:00
2026-03-18,1,kpszsu,official,targets_downed,ua,109.0,,"⚡️ ЗБИТО/ПОДАВЛЕНО 109 ВОРОЖИХ БПЛА
💥 За попередніми даними, с",2026-09-10T09:18:34.317066+00:00
2026-03-18,2,kpszsu,official,drone_tracks,kyiv_obl,4.0,58307,🛵 Чернігівщина: групи БпЛА ➡️ у напрямку Славутича.,2026-09-10T09:18:34.317066+00:00
2026-03-19,1,kpszsu,official,attacked,kyiv,1.0,,є повідомлення супроводу цілей на Київ,2026-09-10T09:18:34.317066+00:00
2026-03-19,1,kpszsu,official,drone_tracks,kyiv,2.0,58370,"🛵 БпЛА західніше Чернігова у напрямку Київщини, вектор руху Київ.",2026-09-10T09:18:34.317066+00:00
2026-03-19,1,kpszsu,official,drones_launched,ua,156.0,," березня (з 18:00 19 березня) противник атакував 156 ударними БпЛА типу Shahed, Гербера, Італмас та безпіл",2026-09-10T09:18:34.317066+00:00
2026-03-19,1,kpszsu,official,impact_locations,ua,13.0,,"одавлено 133 ворожих БпЛА.

Зафіксовано влучання 19 ударних БпЛА на 13 локаціях, а також падіння збитих (уламки) на 7",2026-09-10T09:18:34.317066+00:00
2026-03-19,1,kpszsu,official,targets_downed,ua,133.0,,"⚡️ ЗБИТО/ПОДАВЛЕНО 133 ВОРОЖИХ БПЛА
💥 За попередніми даними, с",2026-09-10T09:18:34.317066+00:00
2026-03-20,1,kpszsu,official,attacked,kyiv,0.0,,"канал вів повітряну обстановку (46 повідомлень з 62), жодного супроводу на Київ, тривог у місті менше 3 годин",2026-09-10T09:18:34.317066+00:00
2026-03-20,1,kpszsu,official,drones_launched,ua,154.0,," березня (з 18:00 20 березня) противник атакував 154 ударними БпЛА типу Shahed, Гербера, Італмас та безпіл",2026-09-10T09:18:34.317066+00:00
2026-03-20,1,kpszsu,official,impact_locations,ua,4.0,,"одавлено 148 ворожих БпЛА.

Зафіксовано влучання 5 ударних БпЛА на 4 локаціях, а також падіння збитих (уламки) на 7",2026-09-10T09:18:34.317066+00:00
2026-03-20,1,kpszsu,official,targets_downed,ua,148.0,,"⚡️ ЗБИТО/ПОДАВЛЕНО 148 ВОРОЖИХ БПЛА
💥 За попередніми даними, с",2026-09-10T09:18:34.317066+00:00
2026-03-21,1,kpszsu,official,attacked,kyiv,1.0,,є повідомлення супроводу цілей на Київ,2026-09-10T09:18:34.317066+00:00
2026-03-21,1,kpszsu,official,drone_tracks,kyiv,2.0,58480,🛵 БпЛА наближається до Броварів вектором руху на Київ.,2026-09-10T09:18:34.317066+00:00
2026-03-21,1,kpszsu,official,drones_launched,ua,139.0,," березня (з 18:00 21 березня) противник атакував 139 ударними БпЛА типу Shahed, Гербера, Італмас та безпіл",2026-09-10T09:18:34.317066+00:00
2026-03-21,1,kpszsu,official,impact_locations,ua,7.0,,"і, півдні та сході країни.

Зафіксовано влучання 8 ударних БпЛА на 7 локаціях, а також падіння збитих (уламки) на 7",2026-09-10T09:18:34.317066+00:00
2026-03-21,1,kpszsu,official,targets_downed,ua,127.0,,"⚡️ ЗБИТО/ПОДАВЛЕНО 127 ВОРОЖИХ БПЛА
💥 За попередніми даними, с",2026-09-10T09:18:34.317066+00:00
2026-03-21,2,kpszsu,official,drone_tracks,kyiv_obl,2.0,58478,🛵 БпЛА на Чернігівщині курсом на Київщину.,2026-09-10T09:18:34.317066+00:00
2026-03-22,1,kpszsu,official,attacked,kyiv,0.0,,"канал вів повітряну обстановку (37 повідомлень з 51), жодного супроводу на Київ, тривог у місті менше 3 годин",2026-09-10T09:18:34.317066+00:00
2026-03-22,1,kpszsu,official,drones_launched,ua,251.0,," березня (з 18:00 22 березня) противник атакував 251 ударним БпЛА типу Shahed, Гербера, Італмас та безпіл",2026-09-10T09:18:34.317066+00:00
2026-03-22,1,kpszsu,official,impact_locations,ua,11.0,,"одавлено 234 ворожих БпЛА.

Зафіксовано влучання 17 ударних БпЛА на 11 локаціях, а також падіння збитих (уламки) на 8",2026-09-10T09:18:34.317066+00:00
2026-03-22,1,kpszsu,official,targets_downed,ua,234.0,,"⚡️ ЗБИТО/ПОДАВЛЕНО 234 ВОРОЖИХ БПЛА
💥 За попередніми даними, с",2026-09-10T09:18:34.317066+00:00
2026-03-22,2,kpszsu,official,drone_tracks,kyiv_obl,2.0,58504,"🛵 Полтавщина: БпЛА ➡️ курсом на Кременчук. 
🛵 Чернігівщина: БпЛА ➡️ у напрямку Ніжина, Славутича.",2026-09-10T09:18:34.317066+00:00
2026-03-23,1,kpszsu,official,attacked,kyiv,1.0,,є повідомлення супроводу цілей на Київ,2026-09-10T09:18:34.317066+00:00
2026-03-23,1,kpszsu,official,drone_tracks,kyiv,2.0,58586,🛵 БпЛА на Київщині наближаються до столиці у напрямку н.п. Вишеньки,2026-09-10T09:18:34.317066+00:00
2026-03-23,1,kpszsu,official,drones_launched,ua,550.0,,"лотниками. Адже удень залетіло ще понад 550 ударних БпЛА противника. Тож, враховуючи нічну атаку",2026-09-10T09:18:34.317066+00:00
2026-03-23,1,kpszsu,official,impact_locations,ua,22.0,,"ворожих БпЛА різних типів.

Зафіксовано влучання 6 ракет та 27 ударних БпЛА на 22 локаціях, а також падіння збитих (уламки) БпЛА",2026-09-10T09:18:34.317066+00:00
2026-03-23,1,kpszsu,official,targets_downed,ua,541.0,,"⚡️ ЗБИТО/ПОДАВЛЕНО 541 ВОРОЖИЙ БПЛА
💥 За попередніми даними, с",2026-09-10T09:18:34.317066+00:00
2026-03-23,2,kpszsu,official,drone_tracks,kyiv_obl,4.0,58581,🛵 Кілька ворожих БпЛА наближаються до Київської обл. зі сходу,2026-09-10T09:18:34.317066+00:00
2026-03-23,2,kpszsu,official,missile_tracks,kyiv_obl,2.0,58626,🚀Група ракет на Чернігівщині курсом на Київщину.,2026-09-10T09:18:34.317066+00:00
2026-03-24,1,kpszsu,official,attacked,kyiv,1.0,,є повідомлення супроводу цілей на Київ,2026-09-10T09:18:34.317066+00:00
2026-03-24,1,kpszsu,official,drone_tracks,kyiv,2.0,58661,🛵БпЛА на Київ з півночі!,2026-09-10T09:18:34.317066+00:00
2026-03-24,1,kpszsu,official,drones_launched,ua,147.0,," березня (з 19:00 24 березня) противник атакував 147 ударними БпЛА типу Shahed, Гербера, Італмас та безпіл",2026-09-10T09:18:34.317066+00:00
2026-03-24,1,kpszsu,official,impact_locations,ua,18.0,,"і, півдні та сході країни.

Зафіксовано влучання 24 ударних БпЛА на 18 локаціях, а також падіння збитих (уламки) на 3",2026-09-10T09:18:34.317066+00:00
2026-03-24,1,kpszsu,official,targets_downed,ua,121.0,,"⚡️ ЗБИТО/ПОДАВЛЕНО 121 ВОРОЖИЙ БПЛА
💥 За попередніми даними, с",2026-09-10T09:18:34.317066+00:00
2026-03-24,2,kpszsu,official,drone_tracks,kyiv_obl,2.0,58662,"⚠ Увага!
🛵 Атака ворожих ударних БпЛА триває!
Велика кількість БпЛА:
🛵 у центрі Сумщини,
🛵 на півночі та заході Чернігівщини,
🛵 на півночі та в центрі Київщини,
🛵 у центрі та на заході Черкащини,
🛵 на",2026-09-10T09:18:34.317066+00:00
2026-03-25,1,kpszsu,official,attacked,kyiv,0.0,,"канал вів повітряну обстановку (46 повідомлень з 73), жодного супроводу на Київ, тривог у місті менше 3 годин",2026-09-10T09:18:34.317066+00:00
2026-03-25,1,kpszsu,official,drones_launched,ua,153.0,," березня (з 18:00 25 березня) противник атакував 153 ударними БпЛА типу Shahed, Гербера, Італмас та безпіл",2026-09-10T09:18:34.317066+00:00
2026-03-25,1,kpszsu,official,impact_locations,ua,11.0,,"і, півдні та сході країни.

Зафіксовано влучання 16 ударних БпЛА на 11 локаціях, а також падіння збитих (уламки) на п",2026-09-10T09:18:34.317066+00:00
2026-03-25,1,kpszsu,official,targets_downed,ua,130.0,,"⚡️ ЗБИТО/ПОДАВЛЕНО 130 ВОРОЖИХ БПЛА
💥 За попередніми даними, с",2026-09-10T09:18:34.317066+00:00
2026-03-25,2,kpszsu,official,drone_tracks,kyiv_obl,2.0,58724,"🛵 БпЛА на заході Чернігівщини, курсом на Київщину.",2026-09-10T09:18:34.317066+00:00
2026-03-26,1,kpszsu,official,attacked,kyiv,0.0,,"канал вів повітряну обстановку (41 повідомлень з 65), жодного супроводу на Київ, тривог у місті менше 3 годин",2026-09-10T09:18:34.317066+00:00
2026-03-26,1,kpszsu,official,drones_launched,ua,102.0,," березня (з 18:00 26 березня) противник атакував 102 ударними БпЛА типу Shahed, Гербера, Італмас та безпіл",2026-09-10T09:18:34.317066+00:00
2026-03-26,1,kpszsu,official,impact_locations,ua,8.0,,"і, півдні та сході країни.

Зафіксовано влучання 9 ударних БпЛА на 8 локаціях, а також падіння збитих (уламки) на 4",2026-09-10T09:18:34.317066+00:00
2026-03-26,1,kpszsu,official,targets_downed,ua,93.0,,"⚡️ ЗБИТО/ПОДАВЛЕНО 93 ВОРОЖІ БПЛА
💥 За попередніми даними, ст",2026-09-10T09:18:34.317066+00:00
2026-03-26,2,kpszsu,official,drone_tracks,kyiv_obl,1.0,58830,🛵 БпЛА на Чернігівщині курсом на Київщину.,2026-09-10T09:18:34.317066+00:00
2026-03-27,1,kpszsu,official,attacked,kyiv,0.0,,"канал вів повітряну обстановку (34 повідомлень з 49), жодного супроводу на Київ, тривог у місті менше 3 годин",2026-09-10T09:18:34.317066+00:00
2026-03-27,1,kpszsu,official,drones_launched,ua,273.0,," березня (з 18:00 27 березня) противник атакував 273 ударними БпЛА типу Shahed, Гербера, Італмас та безпіл",2026-09-10T09:18:34.317066+00:00
2026-03-27,1,kpszsu,official,impact_locations,ua,18.0,,"одавлено 252 ворожих БпЛА.

Зафіксовано влучання 21 ударного БпЛА на 18 локаціях, а також падіння збитих (уламки) на 9",2026-09-10T09:18:34.317066+00:00
2026-03-27,1,kpszsu,official,targets_downed,ua,252.0,,"⚡️ ЗБИТО/ПОДАВЛЕНО 252 ВОРОЖІ БПЛА
💥 За попередніми даними, ст",2026-09-10T09:18:34.317066+00:00
2026-03-28,1,kpszsu,official,attacked,kyiv,1.0,,є повідомлення супроводу цілей на Київ,2026-09-10T09:18:34.317066+00:00
2026-03-28,1,kpszsu,official,drone_tracks,kyiv,1.0,58993,🛵 БпЛА курсом на м.Київ,2026-09-10T09:18:34.317066+00:00
2026-03-28,1,kpszsu,official,drones_launched,ua,442.0,," повітряний простір Рязанської обл.) та 442 ударними БпЛА типу Shahed, Гербера, Італмас та безпіл",2026-09-10T09:18:34.317066+00:00
2026-03-28,1,kpszsu,official,impact_locations,ua,7.0,,"мас та дронів інших типів.

Зафіксовано влучання 16 ударних БпЛА на 7 локаціях, а також падіння збитих (уламки) на 1",2026-09-10T09:18:34.317066+00:00
2026-03-28,1,kpszsu,official,targets_downed,ua,380.0,,"⚡️ ЗБИТО/ПОДАВЛЕНО 380 ВОРОЖИХ БПЛА
💥 За попередніми даними, с",2026-09-10T09:18:34.317066+00:00
2026-03-28,2,kpszsu,official,drone_tracks,kyiv_obl,8.0,58930,"🛵БпЛА на півдні Чернігівщини, курсом на Київщину/Полтавщину.",2026-09-10T09:18:34.317066+00:00
2026-03-28,2,kpszsu,official,missile_tracks,kyiv_obl,1.0,58952,"🚀Ракети на півночі Київщини, курсом на Житомирщину!",2026-09-10T09:18:34.317066+00:00
2026-03-29,1,kpszsu,official,attacked,kyiv,0.0,,"канал вів повітряну обстановку (54 повідомлень з 73), жодного супроводу на Київ, тривог у місті менше 3 годин",2026-09-10T09:18:34.317066+00:00
2026-03-29,1,kpszsu,official,drones_launched,ua,164.0,,"етою Іскандер-М із ТОТ АР Крим, а також 164 ударними БпЛА типу Shahed, Гербера, Італмас та безпіл",2026-09-10T09:18:34.317066+00:00
2026-03-29,1,kpszsu,official,impact_locations,ua,7.0,,"одавлено 150 ворожих БпЛА.

Зафіксовано влучання балістичної ракети та 12 ударних БпЛА на 7 локаціях, а також падіння збитих (уламки) на 2",2026-09-10T09:18:34.317066+00:00
2026-03-29,1,kpszsu,official,targets_downed,ua,150.0,,"⚡️ ЗБИТО/ПОДАВЛЕНО 150 ВОРОЖИХ БПЛА
💥 За попередніми даними, с",2026-09-10T09:18:34.317066+00:00
2026-03-29,2,kpszsu,official,drone_tracks,kyiv_obl,5.0,59010,🛵 Київщина - БпЛА курсом на Гостомель.,2026-09-10T09:18:34.317066+00:00
2026-03-30,1,kpszsu,official,attacked,kyiv,0.0,,"канал вів повітряну обстановку (67 повідомлень з 83), жодного супроводу на Київ, тривог у місті менше 3 годин",2026-09-10T09:18:34.317066+00:00
2026-03-30,1,kpszsu,official,drones_launched,ua,289.0,," березня (з 18:00 30 березня) противник атакував 289 ударними БпЛА типу Shahed, Гербера, Італмас та безпіл",2026-09-10T09:18:34.317066+00:00
2026-03-30,1,kpszsu,official,impact_locations,ua,11.0,,"мас та дронів інших типів.

Зафіксовано влучання 20 ударних БпЛА на 11 локаціях, а також падіння збитих (уламки) на ш",2026-09-10T09:18:34.317066+00:00
2026-03-30,1,kpszsu,official,targets_downed,ua,267.0,,"⚡️ ЗБИТО/ПОДАВЛЕНО 267 ВОРОЖИХ БПЛА
💥 За попередніми даними, с",2026-09-10T09:18:34.317066+00:00
2026-03-30,2,kpszsu,official,drone_tracks,kyiv_obl,7.0,59108,🛵 БпЛА з Чернігівщини курсом на Київщину.,2026-09-10T09:18:34.317066+00:00
2026-03-31,1,kpszsu,official,attacked,kyiv,1.0,,є повідомлення супроводу цілей на Київ,2026-09-10T09:18:34.317066+00:00
2026-03-31,1,kpszsu,official,drone_tracks,kyiv,1.0,59211,🛵 Бориспільський р-н. ворожий БпЛА ➡️у напрямку Києва.,2026-09-10T09:18:34.317066+00:00
2026-03-31,1,kpszsu,official,drones_launched,ua,360.0,," 08.00 по 18.00 Україну атакували понад 360 ударних БпЛА противника (близько 250 із них - ""шахед",2026-09-10T09:18:34.317066+00:00
2026-03-31,1,kpszsu,official,impact_locations,ua,11.0,,", заході та центрі країни.

Зафіксовано влучання 20 ударних БпЛА на 11 локаціях, а також падіння збитих (уламки) на 5",2026-09-10T09:18:34.317066+00:00
2026-03-31,1,kpszsu,official,targets_downed,ua,345.0,,"⚡️ ЗБИТО/ПОДАВЛЕНО 345 ВОРОЖИХ БПЛА
💥 За попередніми даними, с",2026-09-10T09:18:34.317066+00:00
2026-03-31,2,kpszsu,official,drone_tracks,kyiv_obl,1.0,59186,🛵 Групи ворожих БпЛА з Сумщини через Чернігівщину південно-західним курсом у напрямку Київщини.,2026-09-10T09:18:34.317066+00:00
2026-04-01,1,kpszsu,official,attacked,kyiv,0.0,,"канал вів повітряну обстановку (37 повідомлень з 53), жодного супроводу на Київ, тривог у місті менше 3 годин",2026-09-10T09:18:34.317066+00:00
2026-04-01,1,kpszsu,official,drones_launched,ua,172.0,,"02 квітня (з 18:00 01 квітня) противник атакував 172 ударними БпЛА типу Shahed, Гербера, Італмас та безпіл",2026-09-10T09:18:34.317066+00:00
2026-04-01,1,kpszsu,official,impact_locations,ua,12.0,,"і, півдні та сході країни.

Зафіксовано влучання 22 ударних БпЛА на 12 локаціях, а також падіння збитих (уламки) на 8",2026-09-10T09:18:34.317066+00:00
2026-04-01,1,kpszsu,official,targets_downed,ua,147.0,,"⚡️ ЗБИТО/ПОДАВЛЕНО 147 ВОРОЖИХ БПЛА
💥 За попередніми даними, с",2026-09-10T09:18:34.317066+00:00
2026-04-01,2,kpszsu,official,drone_tracks,kyiv_obl,4.0,59241,🛵 Чернігівщина: групи БпЛА ➡️ курсом на Чернігів/Славутич.,2026-09-10T09:18:34.317066+00:00
2026-04-02,1,kpszsu,official,attacked,kyiv,1.0,,є повідомлення супроводу цілей на Київ,2026-09-10T09:18:34.317066+00:00
2026-04-02,1,kpszsu,official,drone_tracks,kyiv,3.0,59386,"🛵 БпЛА на Київщині, курсом на Київ з півдня.",2026-09-10T09:18:34.317066+00:00
2026-04-02,1,kpszsu,official,drones_launched,ua,542.0,," (район пуску – Ростовська обл., рф);
- 542 ударних БпЛА типу Shahed, Гербера, Італмас і безпіло",2026-09-10T09:18:34.317066+00:00
2026-04-02,1,kpszsu,official,impact_locations,ua,20.0,,"ворожих БпЛА різних типів.

Зафіксовано влучання 11 ракет та 27 ударних БпЛА на 20 локаціях, а також падіння збитих (уламки) БпЛА",2026-09-10T09:18:34.317066+00:00
2026-04-02,1,kpszsu,official,targets_downed,ua,541.0,,"⚡️ ЗБИТО/ПОДАВЛЕНО 26 РАКЕТ ТА 515 ВОРОЖИХ БПЛА
💥  За поперед",2026-09-10T09:18:34.317066+00:00
2026-04-02,2,kpszsu,official,drone_tracks,kyiv_obl,8.0,59360,🛵 БпЛА з Кіровоградщини курсом на Київщину,2026-09-10T09:18:34.317066+00:00
2026-04-02,2,kpszsu,official,missile_tracks,kyiv_obl,1.0,59399,🚀Ракети через Черкащину у напрямку Київщини.,2026-09-10T09:18:34.317066+00:00
2026-04-03,1,kpszsu,official,attacked,kyiv,1.0,,є повідомлення супроводу цілей на Київ,2026-09-10T09:18:34.317066+00:00
2026-04-03,1,kpszsu,official,drone_tracks,kyiv,1.0,59475,🛵  БпЛА на Київ зі сходу.,2026-09-10T09:18:34.317066+00:00
2026-04-03,1,kpszsu,official,drones_launched,ua,286.0,,"04 квітня (з 18:00 03 квітня) противник атакував 286 ударними БпЛА типу Shahed, Гербера, Італмас та безпіл",2026-09-10T09:18:34.317066+00:00
2026-04-03,1,kpszsu,official,impact_locations,ua,10.0,,"і, сході та центрі країни.

Зафіксовано влучання 11 ударних БпЛА на 10 локаціях, а також падіння збитих (уламки) на 6",2026-09-10T09:18:34.317066+00:00
2026-04-03,1,kpszsu,official,targets_downed,ua,260.0,,"⚡️ ЗБИТО/ПОДАВЛЕНО 260 ВОРОЖИХ БПЛА
💥 За попередніми даними, с",2026-09-10T09:18:34.317066+00:00
2026-04-03,2,kpszsu,official,drone_tracks,kyiv_obl,7.0,59415,🛵 Київщина - БпЛА повз Обухів на Кагарлик.,2026-09-10T09:18:34.317066+00:00
2026-04-04,1,kpszsu,official,attacked,kyiv,0.0,,"канал вів повітряну обстановку (26 повідомлень з 43), жодного супроводу на Київ, тривог у місті менше 3 годин",2026-09-10T09:18:34.317066+00:00
2026-04-04,1,kpszsu,official,drones_launched,ua,93.0,,"05 квітня (з 18:00 04 квітня) противник атакував 93 ударними БпЛА типу Shahed, Гербера, Італмас та безпіл",2026-09-10T09:18:34.317066+00:00
2026-04-04,1,kpszsu,official,impact_locations,ua,10.0,,"і, півдні та сході країни.

Зафіксовано влучання 17 ударних БпЛА на 10 локаціях, а також падіння збитих (уламки) на 3",2026-09-10T09:18:34.317066+00:00
2026-04-04,1,kpszsu,official,targets_downed,ua,76.0,,"⚡️ ЗБИТО/ПОДАВЛЕНО 76 ВОРОЖИХ БПЛА
💥 За попередніми даними, с",2026-09-10T09:18:34.317066+00:00
2026-04-05,1,kpszsu,official,attacked,kyiv,0.0,,"канал вів повітряну обстановку (23 повідомлень з 31), жодного супроводу на Київ, тривог у місті менше 3 годин",2026-09-10T09:18:34.317066+00:00
2026-04-05,1,kpszsu,official,drones_launched,ua,141.0,," 06 квітня (з 18:00 5 квітня) противник атакував 141 ударним БпЛА типу Shahed, Гербера, Італмас та безпіл",2026-09-10T09:18:34.317066+00:00
2026-04-05,1,kpszsu,official,impact_locations,ua,17.0,,"і, півдні та сході країни.

Зафіксовано влучання 26 ударних БпЛА на 17 локаціях, а також падіння збитих (уламки) на 1",2026-09-10T09:18:34.317066+00:00
2026-04-05,1,kpszsu,official,targets_downed,ua,114.0,,"⚡️ ЗБИТО/ПОДАВЛЕНО 114 ВОРОЖИХ БПЛА
💥 За попередніми даними, с",2026-09-10T09:18:34.317066+00:00
2026-04-05,2,kpszsu,official,drone_tracks,kyiv_obl,1.0,59559,"🛵 Ворожий БпЛА на Київщині, південніше Яготина , у напрямку Переяслава",2026-09-10T09:18:34.317066+00:00
2026-04-06,1,kpszsu,official,attacked,kyiv,0.0,,"канал вів повітряну обстановку (42 повідомлень з 63), жодного супроводу на Київ, тривог у місті менше 3 годин",2026-09-10T09:18:34.317066+00:00
2026-04-06,1,kpszsu,official,drones_launched,ua,110.0,," 07 квітня (з 18:00 6 квітня) противник атакував 110 ударними БпЛА типу Shahed, Гербера, Італмас та безпіл",2026-09-10T09:18:34.317066+00:00
2026-04-06,1,kpszsu,official,impact_locations,ua,14.0,,"і, півдні та сході країни.

Зафіксовано влучання 31 ударних БпЛА на 14 локаціях, а також падіння збитих (уламки) на 9",2026-09-10T09:18:34.317066+00:00
2026-04-06,1,kpszsu,official,targets_downed,ua,77.0,,"⚡️ ЗБИТО/ПОДАВЛЕНО 77 ВОРОЖИХ БПЛА
💥 За попередніми даними, с",2026-09-10T09:18:34.317066+00:00
2026-04-06,2,kpszsu,official,drone_tracks,kyiv_obl,2.0,59594,🛵 БпЛа в р-ні. Макарова (Київської області) курс південний.,2026-09-10T09:18:34.317066+00:00
2026-04-07,1,kpszsu,official,attacked,kyiv,0.0,,"канал вів повітряну обстановку (34 повідомлень з 55), жодного супроводу на Київ, тривог у місті менше 3 годин",2026-09-10T09:18:34.317066+00:00
2026-04-07,1,kpszsu,official,drones_launched,ua,176.0,,"08 квітня (з 18:00 07 квітня) противник атакував 176 ударними БпЛА типу Shahed, Гербера, Італмас та безпіл",2026-09-10T09:18:34.317066+00:00
2026-04-07,1,kpszsu,official,impact_locations,ua,12.0,,"і, півдні та сході країни.

Зафіксовано влучання 24 ударних БпЛА на 12 локаціях, а також падіння збитих (уламки) на о",2026-09-10T09:18:34.317066+00:00
2026-04-07,1,kpszsu,official,targets_downed,ua,146.0,,"⚡️ ЗБИТО/ПОДАВЛЕНО 146 ВОРОЖИХ БПЛА
💥 За попередніми даними, с",2026-09-10T09:18:34.317066+00:00
2026-04-07,2,kpszsu,official,drone_tracks,kyiv_obl,1.0,59671,🛵 БпЛА в напрямку Київщини з Чернігівщини,2026-09-10T09:18:34.317066+00:00
2026-04-08,1,kpszsu,official,attacked,kyiv,0.0,,"канал вів повітряну обстановку (30 повідомлень з 43), жодного супроводу на Київ, тривог у місті менше 3 годин",2026-09-10T09:18:34.317066+00:00
2026-04-08,1,kpszsu,official,drones_launched,ua,119.0,,"а 9 квітня (з 18:00 8 квітня) противник атакував 119 ударними БпЛА типу Shahed, Гербера, Італмас та безпіл",2026-09-10T09:18:34.317066+00:00
2026-04-08,1,kpszsu,official,impact_locations,ua,11.0,,"і, півдні та сході країни.

Зафіксовано влучання 16 ударних БпЛА на 11 локаціях, а також падіння збитих (уламки) на ч",2026-09-10T09:18:34.317066+00:00
2026-04-08,1,kpszsu,official,targets_downed,ua,99.0,,"⚡️ ЗБИТО/ПОДАВЛЕНО 99 ВОРОЖИХ БПЛА
💥 За попередніми даними, с",2026-09-10T09:18:34.317066+00:00
2026-04-09,1,kpszsu,official,attacked,kyiv,1.0,,є повідомлення супроводу цілей на Київ,2026-09-10T09:18:34.317066+00:00
2026-04-09,1,kpszsu,official,drone_tracks,kyiv,1.0,59765,🛵 БпЛА у напрямку Броварів/Києва з півночі,2026-09-10T09:18:34.317066+00:00
2026-04-09,1,kpszsu,official,drones_launched,ua,128.0,,"10 квітня (з 18:00 09 квітня) противник атакував 128 ударними БпЛА типу Shahed, Гербера, Італмас та безпіл",2026-09-10T09:18:34.317066+00:00
2026-04-09,1,kpszsu,official,impact_locations,ua,6.0,,"і, півдні та сході країни.

Зафіксовано влучання 14 ударних БпЛА на 6 локаціях, а також падіння збитих (уламки) на 7",2026-09-10T09:18:34.317066+00:00
2026-04-09,1,kpszsu,official,targets_downed,ua,113.0,,"⚡️ ЗБИТО/ПОДАВЛЕНО 113 ВОРОЖИХ БПЛА
💥 За попередніми даними, с",2026-09-10T09:18:34.317066+00:00
2026-04-09,2,kpszsu,official,drone_tracks,kyiv_obl,4.0,59743,"🛵 БпЛА з Чернігівщини на Київщину, курс південно-західний.",2026-09-10T09:18:34.317066+00:00
2026-04-10,1,kpszsu,official,attacked,kyiv,0.0,,"канал вів повітряну обстановку (25 повідомлень з 39), жодного супроводу на Київ, тривог у місті менше 3 годин",2026-09-10T09:18:34.317066+00:00
2026-04-10,1,kpszsu,official,drones_launched,ua,160.0,,"11 квітня (з 18:00 10 квітня) противник атакував 160 ударними БпЛА типу Shahed, Гербера, Італмас та безпіл",2026-09-10T09:18:34.317066+00:00
2026-04-10,1,kpszsu,official,impact_locations,ua,10.0,,"і, півдні та сході країни.

Зафіксовано влучання 20 ударних БпЛА на 10 локаціях, а також падіння збитих (уламки) на 1",2026-09-10T09:18:34.317066+00:00
2026-04-10,1,kpszsu,official,targets_downed,ua,133.0,,"⚡️ ЗБИТО/ПОДАВЛЕНО 133 ВОРОЖІ БПЛА
💥 За попередніми даними, ст",2026-09-10T09:18:34.317066+00:00
2026-04-10,2,kpszsu,official,drone_tracks,kyiv_obl,3.0,59805,"🛵 БпЛА на півдні Чернігівщини, курсом на Київщину.

🚀Пуски керованих авіаційних бомб ворожою тактичною авіацією на Запоріжжі.",2026-09-10T09:18:34.317066+00:00
2026-04-12,1,kpszsu,official,attacked,kyiv,0.0,,"канал вів повітряну обстановку (24 повідомлень з 38), жодного супроводу на Київ, тривог у місті менше 3 годин",2026-09-10T09:18:34.317066+00:00
2026-04-12,1,kpszsu,official,drones_launched,ua,98.0,,"ягом ночі (з 00:10 13 квітня) противник атакував 98 ударними БпЛА типу Shahed, Гербера, Італмас та безпіл",2026-09-10T09:18:34.317066+00:00
2026-04-12,1,kpszsu,official,impact_locations,ua,9.0,,"а півночі та сході країни.

Зафіксовано влучання 9 ударних БпЛА на 9 локаціях, а також падіння збитих (уламки) на 1",2026-09-10T09:18:34.317066+00:00
2026-04-12,1,kpszsu,official,targets_downed,ua,87.0,,"⚡️ ЗБИТО/ПОДАВЛЕНО 87 ВОРОЖИХ БПЛА
💥 За попередніми даними, с",2026-09-10T09:18:34.317066+00:00
2026-04-13,1,kpszsu,official,attacked,kyiv,0.0,,"канал вів повітряну обстановку (43 повідомлень з 67), жодного супроводу на Київ, тривог у місті менше 3 годин",2026-09-10T09:18:34.317066+00:00
2026-04-13,1,kpszsu,official,drones_launched,ua,129.0,,"етами Х-59/69 із ТОТ Донецької обл., та 129 ударними БпЛА типу Shahed, Гербера, Італмас та безпіл",2026-09-10T09:18:34.317066+00:00
2026-04-13,1,kpszsu,official,impact_locations,ua,8.0,,"і, півдні та сході країни.

Зафіксовано влучання 12 ударних БпЛА на 8 локаціях, а також падіння збитих (уламки) на 5",2026-09-10T09:18:34.317066+00:00
2026-04-14,1,kpszsu,official,attacked,kyiv,1.0,,є повідомлення супроводу цілей на Київ,2026-09-10T09:18:34.317066+00:00
2026-04-14,1,kpszsu,official,drone_tracks,kyiv,3.0,59992,🛵 Групи БпЛА на  Житомирщині змінили напрямок руху. Прямують на Схід у напрямку Києва/Київщини (по лінії Нова Борова ➡️ Бородянка),2026-09-10T09:18:34.317066+00:00
2026-04-14,1,kpszsu,official,drones_launched,ua,324.0,,"дер-М із Ростовської обл. - рф, а також 324 ударними БпЛА типу Shahed, Гербера, Італмас та безпіл",2026-09-10T09:18:34.317066+00:00
2026-04-14,1,kpszsu,official,impact_locations,ua,6.0,,"безпілотників інших типів.

Зафіксовано влучання однієї ракети та 12 ударних БпЛА на 6 локаціях, а також падіння збитих (уламки) на 1",2026-09-10T09:18:34.317066+00:00
2026-04-14,1,kpszsu,official,targets_downed,ua,369.0,,"⚡️ ЗБИТО/ПОДАВЛЕНО 369 ВОРОЖИХ ЦІЛЕЙ
💥 За попередніми даними, ",2026-09-10T09:18:34.317066+00:00
2026-04-14,2,kpszsu,official,drone_tracks,kyiv_obl,1.0,59982,"🛵 Групи БпЛА із Черкаської у Київську обл., в напрямку Білої Церкви",2026-09-10T09:18:34.317066+00:00
2026-04-15,1,kpszsu,official,attacked,kyiv,1.0,,є повідомлення супроводу цілей на Київ,2026-09-10T09:18:34.317066+00:00
2026-04-15,1,kpszsu,official,drone_tracks,kyiv,3.0,60106,🛵 Київщина - БпЛА на Вишневе/Київ з півдня.,2026-09-10T09:18:34.317066+00:00
2026-04-15,1,kpszsu,official,impact_locations,ua,26.0,,"безпілотників інших типів.

Зафіксовано влучання 12 ракет та 20 ударних БпЛА на 26 локаціях, а також падіння збитих (уламки) на 2",2026-09-10T09:18:34.317066+00:00
2026-04-15,1,kpszsu,official,missile_tracks,kyiv,2.0,60093,Балістика на Київ!,2026-09-10T09:18:34.317066+00:00
2026-04-15,1,kpszsu,official,targets_downed,ua,1303.0,,"⚡️ ЗБИТО/ПОДАВЛЕНО 667 ВОРОЖИХ ЦІЛЕЙ: 31 РАКЕТУ ТА 636 БПЛА
💥 ",2026-09-10T09:18:34.317066+00:00
2026-04-15,2,kpszsu,official,drone_tracks,kyiv_obl,8.0,60022,"🛵 Група БпЛА з Чернігівщини у напрямку Київщини, південно-західним курсом",2026-09-10T09:18:34.317066+00:00
2026-04-15,2,kpszsu,official,missile_tracks,kyiv_obl,1.0,60053,"🚀Ракети на Черкащині в р-ні. н.п. Лисянка, курсом на Київщину.",2026-09-10T09:18:34.317066+00:00
2026-04-16,1,kpszsu,official,attacked,kyiv,0.0,,"канал вів повітряну обстановку (49 повідомлень з 71), жодного супроводу на Київ, тривог у місті менше 3 годин",2026-09-10T09:18:34.317066+00:00
2026-04-16,1,kpszsu,official,drones_launched,ua,172.0,,"етою Іскандер-М із ТОТ АР Крим, а також 172 ударними БпЛА типу Shahed, Гербера, Італмас та безпіл",2026-09-10T09:18:34.317066+00:00
2026-04-16,1,kpszsu,official,impact_locations,ua,8.0,,"і, півдні та сході країни.

Зафіксовано влучання балістичної ракети та 20 ударних БпЛА на 8 локаціях, а також падіння збитих (уламки) на 4",2026-09-10T09:18:34.317066+00:00
2026-04-16,1,kpszsu,official,targets_downed,ua,147.0,,"⚡️ ЗБИТО/ПОДАВЛЕНО 147 ВОРОЖИХ БПЛА
💥 За попередніми даними, с",2026-09-10T09:18:34.317066+00:00
2026-04-16,2,kpszsu,official,drone_tracks,kyiv_obl,3.0,60170,"🛵 БпЛА на заході Чернігівщини, курсом на Київщину (Вишгородський район).",2026-09-10T09:18:34.317066+00:00
2026-04-17,1,kpszsu,official,attacked,kyiv,0.0,,"канал вів повітряну обстановку (31 повідомлень з 41), жодного супроводу на Київ, тривог у місті менше 3 годин",2026-09-10T09:18:34.317066+00:00
2026-04-17,1,kpszsu,official,drones_launched,ua,219.0,,"18 квітня (з 18:00 17 квітня) противник атакував 219-ма ударними БпЛА типу Shahed, Гербера, Італмас та безпіл",2026-09-10T09:18:34.317066+00:00
2026-04-17,1,kpszsu,official,impact_locations,ua,17.0,,"і, півдні та сході країни.

Зафіксовано влучання 28 ударних БпЛА на 17 локаціях, а також падіння збитих (уламки) на 9",2026-09-10T09:18:34.317066+00:00
2026-04-17,1,kpszsu,official,targets_downed,ua,190.0,,"⚡️ ЗБИТО/ПОДАВЛЕНО 190 ВОРОЖИХ БПЛА
💥 За попередніми даними, с",2026-09-10T09:18:34.317066+00:00
2026-04-17,2,kpszsu,official,drone_tracks,kyiv_obl,1.0,60224,🛵 Нові групи БпЛА на Чернігівщині ➡️ в напрямку Київської обл.,2026-09-10T09:18:34.317066+00:00
2026-04-18,1,kpszsu,official,attacked,kyiv,0.0,,"канал вів повітряну обстановку (61 повідомлень з 80), жодного супроводу на Київ, тривог у місті менше 3 годин",2026-09-10T09:18:34.317066+00:00
2026-04-18,1,kpszsu,official,drones_launched,ua,236.0,,"19 квітня (з 17:30 18 квітня) противник атакував 236 ударними БпЛА типу Shahed, Гербера, Італмас та безпіл",2026-09-10T09:18:34.317066+00:00
2026-04-18,1,kpszsu,official,impact_locations,ua,18.0,,"і, півдні та сході країни.

Зафіксовано влучання 32 ударних БпЛА на 18 локаціях, а також падіння уламків на 8 локація",2026-09-10T09:18:34.317066+00:00
2026-04-18,1,kpszsu,official,targets_downed,ua,203.0,,"⚡️ ЗБИТО/ПОДАВЛЕНО 203 ВОРОЖІ БПЛА
💥 За попередніми даними, ст",2026-09-10T09:18:34.317066+00:00
2026-04-18,2,kpszsu,official,drone_tracks,kyiv_obl,1.0,60251,🛵 БпЛА за Чернігівщини курсом на Київщину (Броварський район),2026-09-10T09:18:34.317066+00:00
2026-04-19,1,kpszsu,official,attacked,kyiv,1.0,,є повідомлення супроводу цілей на Київ,2026-09-10T09:18:34.317066+00:00
2026-04-19,1,kpszsu,official,drone_tracks,kyiv,4.0,60345,🛵 БпЛА у передмісті Києва з північного сходу,2026-09-10T09:18:34.317066+00:00
2026-04-19,1,kpszsu,official,drones_launched,ua,142.0,,"20 квітня (з 18:00 19 квітня) противник атакував 142 ударними БпЛА типу Shahed (в т.ч. реактивними), Гербе",2026-09-10T09:18:34.317066+00:00
2026-04-19,1,kpszsu,official,impact_locations,ua,18.0,,"і, півдні та сході країни.

Зафіксовано влучання 28 ударних БпЛА на 18 локаціях, а також падіння збитих (уламки) на 6",2026-09-10T09:18:34.317066+00:00
2026-04-19,1,kpszsu,official,targets_downed,ua,113.0,,"⚡️ ЗБИТО/ПОДАВЛЕНО 113 ВОРОЖИХ БПЛА
💥 За попередніми даними, с",2026-09-10T09:18:34.317066+00:00
2026-04-19,2,kpszsu,official,drone_tracks,kyiv_obl,2.0,60333,🛵 БпЛА на Полтавщині в р-ні. н.п. Комишня курсом на Київщину.,2026-09-10T09:18:34.317066+00:00
2026-04-20,1,kpszsu,official,attacked,kyiv,1.0,,є повідомлення супроводу цілей на Київ,2026-09-10T09:18:34.317066+00:00
2026-04-20,1,kpszsu,official,drone_tracks,kyiv,1.0,60378,🛵  Київ - БпЛА в напрямку міста.,2026-09-10T09:18:34.317066+00:00
2026-04-20,1,kpszsu,official,drones_launched,ua,143.0,,"и Іскандер-М із Курської обл. - рф,  та 143 ударними БпЛА типу Shahed, Гербера, Італмас та безпіл",2026-09-10T09:18:34.317066+00:00
2026-04-20,1,kpszsu,official,impact_locations,ua,17.0,,"і, півдні та сході країни.

Зафіксовано влучання 22 ударних БпЛА на 17 локаціях.

Атака триває, в повітряному простор",2026-09-10T09:18:34.317066+00:00
2026-04-20,1,kpszsu,official,targets_downed,ua,117.0,,"⚡️ ЗБИТО/ПОДАВЛЕНО 1 РАКЕТУ ТА 116 ВОРОЖИХ БПЛА
💥 За поперед",2026-09-10T09:18:34.317066+00:00
2026-04-20,2,kpszsu,official,drone_tracks,kyiv_obl,2.0,60376,🛵  Київщина - БпЛА на Васильків/Калинівку з півдня.,2026-09-10T09:18:34.317066+00:00
2026-04-21,1,kpszsu,official,attacked,kyiv,0.0,,"канал вів повітряну обстановку (35 повідомлень з 60), жодного супроводу на Київ, тривог у місті менше 3 годин",2026-09-10T09:18:34.317066+00:00
2026-04-21,1,kpszsu,official,drones_launched,ua,215.0,,"22 квітня (з 18:00 21 квітня) противник атакував 215 ударними БпЛА типу Shahed, Гербера, Італмас та безпіл",2026-09-10T09:18:34.317066+00:00
2026-04-21,1,kpszsu,official,impact_locations,ua,13.0,,"і, півдні та сході країни.

Зафіксовано влучання 24 ударних БпЛА на 13 локаціях, а також падіння уламків на 6 локація",2026-09-10T09:18:34.317066+00:00
2026-04-21,1,kpszsu,official,targets_downed,ua,189.0,,"⚡️ ЗБИТО/ПОДАВЛЕНО 189 ВОРОЖИХ БПЛА
💥 За попередніми даними, с",2026-09-10T09:18:34.317066+00:00
2026-04-21,2,kpszsu,official,drone_tracks,kyiv_obl,2.0,60480,"🛵 Київщина: БпЛА повз Чорнобиль, курс - західний.",2026-09-10T09:18:34.317066+00:00
2026-04-22,1,kpszsu,official,attacked,kyiv,1.0,,є повідомлення супроводу цілей на Київ,2026-09-10T09:18:34.317066+00:00
2026-04-22,1,kpszsu,official,drone_tracks,kyiv,1.0,60511,🛵 БпЛА курсом на Київ.,2026-09-10T09:18:34.317066+00:00
2026-04-22,1,kpszsu,official,drones_launched,ua,155.0,,"23 квітня (з 18:00 22 квітня) противник атакував 155 ударними БпЛА типу Shahed (в т.ч. реактивними), Гербе",2026-09-10T09:18:34.317066+00:00
2026-04-22,1,kpszsu,official,impact_locations,ua,9.0,,"і, півдні та сході країни.

Зафіксовано влучання 11 ударних БпЛА на 9 локаціях, а також падіння збитих (уламки) на 4",2026-09-10T09:18:34.317066+00:00
2026-04-22,1,kpszsu,official,targets_downed,ua,139.0,,"⚡️ ЗБИТО/ПОДАВЛЕНО 139 ВОРОЖИХ БПЛА
💥 За попередніми даними, с",2026-09-10T09:18:34.317066+00:00
2026-04-22,2,kpszsu,official,drone_tracks,kyiv_obl,5.0,60508,"🛵 БпЛА з Чернігівщини, курсом на Київщину.",2026-09-10T09:18:34.317066+00:00
2026-04-23,1,kpszsu,official,attacked,kyiv,1.0,,є повідомлення супроводу цілей на Київ,2026-09-10T09:18:34.317066+00:00
2026-04-23,1,kpszsu,official,drone_tracks,kyiv,2.0,60614,🛵 Київ група БпЛА в напрямку міста.,2026-09-10T09:18:34.317066+00:00
2026-04-23,1,kpszsu,official,drones_launched,ua,107.0,,"М із Ростовської області – рф., а також 107 ударними БпЛА типу Shahed, Гербера, Італмас та безпіл",2026-09-10T09:18:34.317066+00:00
2026-04-23,1,kpszsu,official,impact_locations,ua,9.0,,"і, півдні та сході країни.

Зафіксовано влучання двох балістичних ракет та 10 ударних БпЛА на 9 локаціях, а також падіння збитих (уламки) на 2",2026-09-10T09:18:34.317066+00:00
2026-04-23,1,kpszsu,official,targets_downed,ua,96.0,,"⚡️ ЗБИТО/ПОДАВЛЕНО 96 ВОРОЖИХ БПЛА
💥 За попередніми даними, с",2026-09-10T09:18:34.317066+00:00
2026-04-23,2,kpszsu,official,drone_tracks,kyiv_obl,8.0,60551,"🛵 Київщина - група БпЛА повз Бородянку, Тарасове - курсом на Боярку.",2026-09-10T09:18:34.317066+00:00
2026-04-24,1,kpszsu,official,attacked,kyiv,1.0,,є повідомлення супроводу цілей на Київ,2026-09-10T09:18:34.317066+00:00
2026-04-24,1,kpszsu,official,drone_tracks,kyiv,1.0,60682,🛵 БпЛА на Васильків/Київ.,2026-09-10T09:18:34.317066+00:00
2026-04-24,1,kpszsu,official,drones_launched,ua,619.0,,"усків – акваторія Каспійського моря);
- 619 ударних БпЛА типу Shahed, Гербера, Італмас і безпіло",2026-09-10T09:18:34.317066+00:00
2026-04-24,1,kpszsu,official,impact_locations,ua,23.0,,"ворожих БпЛА різних типів.

Зафіксовано влучання 13 ракет та 36 ударних БпЛА на 23 локаціях, а також падіння збитих (уламки) БпЛА",2026-09-10T09:18:34.317066+00:00
2026-04-24,1,kpszsu,official,missile_tracks,kyiv,3.0,60699,🚀Ракета у напрямку Києва зі сходу (Яготин).,2026-09-10T09:18:34.317066+00:00
2026-04-24,1,kpszsu,official,targets_downed,ua,610.0,,"⚡️ ЗБИТО/ПОДАВЛЕНО 30 РАКЕТ ТА 580 ВОРОЖИХ БПЛА
💥  За поперед",2026-09-10T09:18:34.317066+00:00
2026-04-24,2,kpszsu,official,drone_tracks,kyiv_obl,5.0,60642,"🛵 Декілька груп БпЛА із Миколаївщини курсом на Кіровоградщину.
🛵 БпЛА з Чернігівщини у напрямку Яготина (Київщина).",2026-09-10T09:18:34.317066+00:00
2026-04-24,2,kpszsu,official,missile_tracks,kyiv_obl,1.0,60705,🚀Ракета в районі Білої Церкви.,2026-09-10T09:18:34.317066+00:00
2026-04-25,1,kpszsu,official,attacked,kyiv,1.0,,є повідомлення супроводу цілей на Київ,2026-09-10T09:18:34.317066+00:00
2026-04-25,1,kpszsu,official,drone_tracks,kyiv,2.0,60742,🛵  БпЛА курсом на Київ з півночі.,2026-09-10T09:18:34.317066+00:00
2026-04-25,1,kpszsu,official,drones_launched,ua,144.0,,"26 квітня (з 18:00 25 квітня) противник атакував 144 ударними БпЛА типу Shahed (в т.ч. реактивними), Гербе",2026-09-10T09:18:34.317066+00:00
2026-04-25,1,kpszsu,official,impact_locations,ua,11.0,,"і, півдні та сході країни.

Зафіксовано влучання 19 ударних БпЛА на 11 локаціях, а також падіння збитих (уламки) на 6",2026-09-10T09:18:34.317066+00:00
2026-04-25,1,kpszsu,official,targets_downed,ua,124.0,,"⚡️ ЗБИТО/ПОДАВЛЕНО 124 ВОРОЖИХ БПЛА
💥 За попередніми даними, с",2026-09-10T09:18:34.317066+00:00
2026-04-25,2,kpszsu,official,drone_tracks,kyiv_obl,3.0,60740,"🛵  БпЛА на Чернігівщині - курсом на Київщину (Броварський р-н).
🛵  БпЛА на Миколаївщині - курсом на н.п. Снігурівка.
🛵  БпЛА на Запоріжжі - курсом на Томаківку.",2026-09-10T09:18:34.317066+00:00
2026-04-26,1,kpszsu,official,attacked,kyiv,0.0,,"канал вів повітряну обстановку (24 повідомлень з 39), жодного супроводу на Київ, тривог у місті менше 3 годин",2026-09-10T09:18:34.317066+00:00
2026-04-26,1,kpszsu,official,drones_launched,ua,94.0,,"27 квітня (з 18:00 26 квітня) противник атакував 94 ударними БпЛА типу Shahed (в т.ч. реактивними), Гербе",2026-09-10T09:18:34.317066+00:00
2026-04-26,1,kpszsu,official,impact_locations,ua,15.0,,"і, півдні та сході країни.

Зафіксовано влучання 20 ударних БпЛА на 15 локаціях, а також падіння збитих (уламки) на 1",2026-09-10T09:18:34.317066+00:00
2026-04-26,1,kpszsu,official,targets_downed,ua,74.0,,"⚡️ ЗБИТО/ПОДАВЛЕНО 74 ВОРОЖИХ БПЛА
💥 За попередніми даними, с",2026-09-10T09:18:34.317066+00:00
2026-04-27,1,kpszsu,official,attacked,kyiv,0.0,,"канал вів повітряну обстановку (37 повідомлень з 51), жодного супроводу на Київ, тривог у місті менше 3 годин",2026-09-10T09:18:34.317066+00:00
2026-04-27,1,kpszsu,official,drones_launched,ua,123.0,,"28 квітня (з 18:00 27 квітня) противник атакував 123 ударними БпЛА типу Shahed, Гербера, Італмас та безпіл",2026-09-10T09:18:34.317066+00:00
2026-04-27,1,kpszsu,official,impact_locations,ua,16.0,,"і, півдні та сході країни.

Зафіксовано влучання 19 ударних БпЛА на 16 локаціях, а також падіння збитих (уламки) на 4",2026-09-10T09:18:34.317066+00:00
2026-04-27,1,kpszsu,official,targets_downed,ua,95.0,,"⚡️ ЗБИТО/ПОДАВЛЕНО 95 ВОРОЖИХ БПЛА
💥 За попередніми даними, с",2026-09-10T09:18:34.317066+00:00
2026-04-28,1,kpszsu,official,attacked,kyiv,1.0,,є повідомлення супроводу цілей на Київ,2026-09-10T09:18:34.317066+00:00
2026-04-28,1,kpszsu,official,drone_tracks,kyiv,2.0,60889,🛵  Київ - БпЛА в напрямку міста.,2026-09-10T09:18:34.317066+00:00
2026-04-28,1,kpszsu,official,drones_launched,ua,171.0,,"29 квітня (з 18:00 28 квітня) противник атакував 171 ударним БпЛА типу Shahed (в т.ч. реактивними), Гербе",2026-09-10T09:18:34.317066+00:00
2026-04-28,1,kpszsu,official,impact_locations,ua,10.0,,"і, півдні та сході країни.

Зафіксовано влучання 12 ударних БпЛА на 10 локаціях, а також падіння збитих (уламки) на 1",2026-09-10T09:18:34.317066+00:00
2026-04-28,1,kpszsu,official,targets_downed,ua,154.0,,"⚡️ ЗБИТО/ПОДАВЛЕНО 154 ВОРОЖИХ БПЛА
💥 За попередніми даними, с",2026-09-10T09:18:34.317066+00:00
2026-04-28,2,kpszsu,official,drone_tracks,kyiv_obl,2.0,60888,🛵  Група БпЛА з Чернігівщини на Київщину (Броварський р-н).,2026-09-10T09:18:34.317066+00:00
2026-04-29,1,kpszsu,official,attacked,kyiv,1.0,,є повідомлення супроводу цілей на Київ,2026-09-10T09:18:34.317066+00:00
2026-04-29,1,kpszsu,official,drone_tracks,kyiv,1.0,60960,🛵 БпЛА в напрямку м.Київ.,2026-09-10T09:18:34.317066+00:00
2026-04-29,1,kpszsu,official,drones_launched,ua,206.0,,"тою Іскандер-М із Ростовської обл. -рф, 206-ма ударними БпЛА типу Shahed (в т.ч. реактивними), Гербе",2026-09-10T09:18:34.317066+00:00
2026-04-29,1,kpszsu,official,impact_locations,ua,22.0,,"і, заході та сході країни.

Зафіксовано влучання балістичної ракети та 32 ударних БпЛА на 22 локаціях, а також падіння збитих (уламки) на 9",2026-09-10T09:18:34.317066+00:00
2026-04-29,1,kpszsu,official,targets_downed,ua,172.0,,"⚡️ ЗБИТО/ПОДАВЛЕНО 172 ВОРОЖІ БПЛА
💥 За попередніми даними, ст",2026-09-10T09:18:34.317066+00:00
2026-04-29,2,kpszsu,official,drone_tracks,kyiv_obl,1.0,60959,"🛵 БпЛА на Київщині, курс Бровари.",2026-09-10T09:18:34.317066+00:00
2026-04-30,1,kpszsu,official,attacked,kyiv,1.0,,є повідомлення супроводу цілей на Київ,2026-09-10T09:18:34.317066+00:00
2026-04-30,1,kpszsu,official,drone_tracks,kyiv,1.0,61045,"🛵 БпЛА  в напрямку Вінниччини з Черкащини та Київщини.
🛵 БпЛА  на Київ зі сходу.",2026-09-10T09:18:34.317066+00:00
2026-04-30,1,kpszsu,official,drones_launched,ua,409.0,,"➖
1 травня (з 08:00 по 15:30) противник атакував 409 ударними БпЛА типу Shahed (в т.ч. реактивними), Гербе",2026-09-10T09:18:34.317066+00:00
2026-04-30,1,kpszsu,official,impact_locations,ua,6.0,,"ентрі та на заході країни.

Зафіксовано влучання 16 ударних БпЛА на 6 локаціях, а також падіння збитих (уламки) на 1",2026-09-10T09:18:34.317066+00:00
2026-04-30,1,kpszsu,official,targets_downed,ua,388.0,,"⚡️ ЗБИТО/ПОДАВЛЕНО 388 ВОРОЖИХ ЦІЛЕЙ
💥 За попередніми даними, ",2026-09-10T09:18:34.317066+00:00
2026-04-30,2,kpszsu,official,drone_tracks,kyiv_obl,6.0,60995,🛵 Реактивний БпЛА в напрямку Київщини (Бориспільський р-н) з Чернігівщини.,2026-09-10T09:18:34.317066+00:00
2026-05-01,1,kpszsu,official,attacked,kyiv,0.0,,"канал вів повітряну обстановку (65 повідомлень з 84), жодного супроводу на Київ, тривог у місті менше 3 годин",2026-09-10T09:18:34.317066+00:00
2026-05-01,1,kpszsu,official,drones_launched,ua,227.0,,"➖
2 травня (з 08:00 по 19:00) противник атакував 227 ударними БпЛА типу Shahed (в т.ч. реактивними), Гербе",2026-09-10T09:18:34.317066+00:00
2026-05-01,1,kpszsu,official,impact_locations,ua,6.0,,"ентрі та на заході країни.

Зафіксовано влучання 7 ударних БпЛА на 6 локаціях, а також падіння збитих (уламки) на 5",2026-09-10T09:18:34.317066+00:00
2026-05-01,1,kpszsu,official,missiles_launched,ua,69.0,,"
▪️ 69 крилатих ракет Х-101;
▪️ 7 балістичних ракет ""Іскандер",2026-09-10T09:18:34.317066+00:00
2026-05-01,1,kpszsu,official,targets_downed,ua,220.0,,"⚡️ ЗБИТО/ПОДАВЛЕНО 220 ВОРОЖИХ БПЛА
💥 За попередніми даними, с",2026-09-10T09:18:34.317066+00:00
2026-05-01,2,kpszsu,official,drone_tracks,kyiv_obl,3.0,61059,"🛵 Київщина - БпЛА на Українку, Обухів з північного сходу.",2026-09-10T09:18:34.317066+00:00
2026-05-02,1,kpszsu,official,attacked,kyiv,1.0,,є повідомлення супроводу цілей на Київ,2026-09-10T09:18:34.317066+00:00
2026-05-02,1,kpszsu,official,drone_tracks,kyiv,6.0,61140,🛵  Київ - БпЛА в напрямку міста.,2026-09-10T09:18:34.317066+00:00
2026-05-02,1,kpszsu,official,drones_launched,ua,234.0,,"и авіаційними ракетами Х-59/69, а також 234 ударними БпЛА типу Shahed (в т.ч. реактивними), Гербе",2026-09-10T09:18:34.317066+00:00
2026-05-02,1,kpszsu,official,impact_locations,ua,15.0,,"і, заході та сході країни.

Зафіксовано влучання балістичної ракети та 19 ударних БпЛА на 15 локаціях, а також падіння збитих (уламки) на 1",2026-09-10T09:18:34.317066+00:00
2026-05-02,1,kpszsu,official,targets_downed,ua,175.0,,"⚡️ ЗБИТО/ПОДАВЛЕНО 175 ВОРОЖИХ БПЛА ТА 5 РАКЕТ
💥 За попереднім",2026-09-10T09:18:34.317066+00:00
2026-05-02,2,kpszsu,official,drone_tracks,kyiv_obl,9.0,61139,"🛵 Сумщина - група БпЛА курсом на Чернігівщину.
🛵 Чернігівщина - група БпЛА курсом на Київщину.",2026-09-10T09:18:34.317066+00:00
2026-05-03,1,kpszsu,official,attacked,kyiv,1.0,,є повідомлення супроводу цілей на Київ,2026-09-10T09:18:34.317066+00:00
2026-05-03,1,kpszsu,official,drone_tracks,kyiv,1.0,61220,🛵 БпЛА ➡️ курсом на Київ/Бровари.,2026-09-10T09:18:34.317066+00:00
2026-05-03,1,kpszsu,official,drones_launched,ua,88.0,,"кував балістичною ракетою Іскандер-М та 88-ма ударними БпЛА типу Shahed (в т.ч. реактивними), Гербе",2026-09-10T09:18:34.317066+00:00
2026-05-03,1,kpszsu,official,impact_locations,ua,10.0,,"і, півдні та сході країни.

Зафіксовано влучання 14 ударних БпЛА на 10 локаціях, а також падіння збитих (уламки) на 4",2026-09-10T09:18:34.317066+00:00
2026-05-03,1,kpszsu,official,targets_downed,ua,70.0,,"⚡️ ЗБИТО/ПОДАВЛЕНО 70 ВОРОЖИХ БПЛА
💥 За попередніми даними, с",2026-09-10T09:18:34.317066+00:00
2026-05-03,2,kpszsu,official,drone_tracks,kyiv_obl,5.0,61209,🛵 БпЛА на сході Київщини ➡️ курсом на Березань.,2026-09-10T09:18:34.317066+00:00
2026-05-04,1,kpszsu,official,attacked,kyiv,1.0,,є повідомлення супроводу цілей на Київ,2026-09-10T09:18:34.317066+00:00
2026-05-04,1,kpszsu,official,drone_tracks,kyiv,1.0,61333,🛵 БпЛА на Київ з північного сходу,2026-09-10T09:18:34.317066+00:00
2026-05-04,1,kpszsu,official,drones_launched,ua,164.0,,"онезької та Брянської областей, а також 164-ма ударними БпЛА типу Shahed (в т.ч. реактивними), Гербе",2026-09-10T09:18:34.317066+00:00
2026-05-04,1,kpszsu,official,impact_locations,ua,14.0,," сході та в центрі країни.

Зафіксовано влучання 8 балістичних ракет та 14 ударних БпЛА на 14 локаціях, а також падіння збитих (уламки) на 1",2026-09-10T09:18:34.317066+00:00
2026-05-04,1,kpszsu,official,targets_downed,ua,150.0,,"аном на 09.00, протиповітряною обороною збито/подавлено 1 балістичну ракету та 149 ворожих БпЛА т",2026-09-10T09:18:34.317066+00:00
2026-05-04,2,kpszsu,official,drone_tracks,kyiv_obl,3.0,61307,"🛵 БпЛА з Чернігівщини ➡️ на Київщину, курсом на Бровари.
🛵 БпЛА із Сумщини ➡️ на Чернігівщину, курсом на Борзну.
🛵 БпЛА на Полтаву зі сходу.
🛵БпЛА на сході Дніпропетровщини ➡️ курсом на Павлоград, Пет",2026-09-10T09:18:34.317066+00:00
2026-05-05,1,kpszsu,official,attacked,kyiv,0.0,,"канал вів повітряну обстановку (50 повідомлень з 88), жодного супроводу на Київ, тривог у місті менше 3 годин",2026-09-10T09:18:34.317066+00:00
2026-05-05,1,kpszsu,official,drones_launched,ua,108.0,,"ного простору Курської області, а також 108 ударними БпЛА типу Shahed, Гербера, Італмас та дронам",2026-09-10T09:18:34.317066+00:00
2026-05-05,1,kpszsu,official,targets_downed,ua,89.0,,"⚡️ ЗБИТО/ПОДАВЛЕНО 89 ВОРОЖИХ БПЛА
💥 За попередніми даними, с",2026-09-10T09:18:34.317066+00:00
2026-05-06,1,kpszsu,official,attacked,kyiv,1.0,,є повідомлення супроводу цілей на Київ,2026-09-10T09:18:34.317066+00:00
2026-05-06,1,kpszsu,official,drone_tracks,kyiv,1.0,61469,🛵 БпЛА ➡️ курсом на Київ.,2026-09-10T09:18:34.317066+00:00
2026-05-06,1,kpszsu,official,drones_launched,ua,102.0,,"а 7 травня (з 19:00 6 травня) противник атакував 102 ударними БпЛА типу Shahed, Гербера, Італмас та дронам",2026-09-10T09:18:34.317066+00:00
2026-05-06,1,kpszsu,official,impact_locations,ua,6.0,,"а півночі та сході країни.

Зафіксовано влучання 8 ударних БпЛА на 6 локаціях, а також падіння збитих (уламки) на 4",2026-09-10T09:18:34.317066+00:00
2026-05-06,1,kpszsu,official,targets_downed,ua,92.0,,"⚡️ ЗБИТО/ПОДАВЛЕНО 92 ВОРОЖІ БПЛА
💥 За попередніми даними, ст",2026-09-10T09:18:34.317066+00:00
2026-05-06,2,kpszsu,official,drone_tracks,kyiv_obl,5.0,61451,🛵 БпЛА із Чернігівщини ➡️ у напрямку Київщини.,2026-09-10T09:18:34.317066+00:00
2026-05-07,1,kpszsu,official,attacked,kyiv,0.0,,"канал вів повітряну обстановку (36 повідомлень з 73), жодного супроводу на Київ, тривог у місті менше 3 годин",2026-09-10T09:18:34.317066+00:00
2026-05-07,1,kpszsu,official,drones_launched,ua,67.0,,"а 8 травня (з 18:00 7 травня) противник атакував 67-ма ударними БпЛА типу Shahed (в т.ч. реактивними), Гербе",2026-09-10T09:18:34.317066+00:00
2026-05-07,1,kpszsu,official,impact_locations,ua,8.0,,"на півдні та сході країни.

Зафіксовано влучання 11 ударних БпЛА на 8 локаціях, а також падіння збитих (уламки) на 7",2026-09-10T09:18:34.317066+00:00
2026-05-07,1,kpszsu,official,targets_downed,ua,56.0,,"⚡️ ЗБИТО/ПОДАВЛЕНО 56 ВОРОЖИХ БПЛА
💥 За попередніми даними, с",2026-09-10T09:18:34.317066+00:00
2026-05-08,1,kpszsu,official,attacked,kyiv,0.0,,"канал вів повітряну обстановку (9 повідомлень з 15), жодного супроводу на Київ, тривог у місті менше 3 годин",2026-09-10T09:18:34.317066+00:00
2026-05-08,1,kpszsu,official,drones_launched,ua,43.0,,"істичною ракетою Іскандер-М із Криму та 43-ма ударними БпЛА типу Shahed, Гербера, Італмас та дронам",2026-09-10T09:18:34.317066+00:00
2026-05-08,1,kpszsu,official,impact_locations,ua,6.0,,", півночі та сході країни.

Зафіксовано влучання ракети та 9 ударних БпЛА на 6 локаціях, а також падіння збитих (уламки) на 2",2026-09-10T09:18:34.317066+00:00
2026-05-08,1,kpszsu,official,targets_downed,ua,34.0,,"⚡️ ЗБИТО/ПОДАВЛЕНО 34 ВОРОЖІ БПЛА
💥 За попередніми даними, ст",2026-09-10T09:18:34.317066+00:00
2026-05-09,1,kpszsu,official,attacked,kyiv,0.0,,"канал вів повітряну обстановку (19 повідомлень з 19), жодного супроводу на Київ, тривог у місті менше 3 годин",2026-09-10T09:18:34.317066+00:00
2026-05-09,1,kpszsu,official,drones_launched,ua,27.0,,"ягом ночі (з 00:00 10 травня) противник атакував 27 ударними БпЛА типу Shahed, Гербера, Італмас та дронам",2026-09-10T09:18:34.317066+00:00
2026-05-09,1,kpszsu,official,targets_downed,ua,27.0,,"⚡️ ЗБИТО/ПОДАВЛЕНО 27 ВОРОЖИХ БПЛА
💥 За попередніми даними, с",2026-09-10T09:18:34.317066+00:00
2026-05-10,1,kpszsu,official,attacked,kyiv,0.0,,"канал вів повітряну обстановку (9 повідомлень з 9), жодного супроводу на Київ, тривог у місті менше 3 годин",2026-09-10T09:18:34.317066+00:00
2026-05-11,1,kpszsu,official,attacked,kyiv,1.0,,є повідомлення супроводу цілей на Київ,2026-09-10T09:18:34.317066+00:00
2026-05-11,1,kpszsu,official,drone_tracks,kyiv,1.0,61632,🛵 Група БпЛА на Київ зі сходу.,2026-09-10T09:18:34.317066+00:00
2026-05-11,1,kpszsu,official,drones_launched,ua,216.0,,"12 травня (з 18:00 11 травня) противник атакував 216 ударними БпЛА типу Shahed, Гербера, Італмас та дронам",2026-09-10T09:18:34.317066+00:00
2026-05-11,1,kpszsu,official,impact_locations,ua,10.0,," сході та в центрі країни.

Зафіксовано влучання 25 ударних БпЛА на 10 локаціях, а також падіння збитих (уламки) на 5",2026-09-10T09:18:34.317066+00:00
2026-05-11,1,kpszsu,official,targets_downed,ua,192.0,,"⚡️ ЗБИТО/ПОДАВЛЕНО 192 ВОРОЖІ БПЛА
💥 За попередніми даними, ст",2026-09-10T09:18:34.317066+00:00
2026-05-11,2,kpszsu,official,drone_tracks,kyiv_obl,4.0,61629,🛵 БпЛА із Чернігівщини курсом на Київщину.,2026-09-10T09:18:34.317066+00:00
2026-05-12,1,kpszsu,official,attacked,kyiv,1.0,,є повідомлення супроводу цілей на Київ,2026-09-10T09:18:34.317066+00:00
2026-05-12,1,kpszsu,official,drone_tracks,kyiv,1.0,61738,🛵 Київ - БпЛА в напрямку міста з півночі.,2026-09-10T09:18:34.317066+00:00
2026-05-12,1,kpszsu,official,drones_launched,ua,753.0,,"
13 травня (з 08.00 по 18:30) противник атакував 753 ударними БпЛА типу Shahed (в т.ч. реактивними), Гербе",2026-09-10T09:18:34.317066+00:00
2026-05-12,1,kpszsu,official,impact_locations,ua,26.0,,"же у всіх регіонах країни.

Зафіксовано влучання 27 ударних БпЛА, а також падіння збитих дронів (уламки) на 26 локаціях.

Атака триває, декілька БпЛА -  в по",2026-09-10T09:18:34.317066+00:00
2026-05-12,1,kpszsu,official,targets_downed,ua,710.0,,"⚡️ ЗБИТО/ПОДАВЛЕНО 710 ВОРОЖИХ БПЛА
💥 За попередніми даними, с",2026-09-10T09:18:34.317066+00:00
2026-05-12,2,kpszsu,official,drone_tracks,kyiv_obl,4.0,61717,🛵 БпЛА на півночі Київщини ➡️ в районі Чорнобиля.,2026-09-10T09:18:34.317066+00:00
2026-05-13,1,kpszsu,official,attacked,kyiv,1.0,,є повідомлення супроводу цілей на Київ,2026-09-10T09:18:34.317066+00:00
2026-05-13,1,kpszsu,official,drone_tracks,kyiv,7.0,61741,🛵 Київ - ворожі БпЛА в напрямку міста з півночі.,2026-09-10T09:18:34.317066+00:00
2026-05-13,1,kpszsu,official,drones_launched,ua,675.0,,"(район пуску – Вологодська обл., рф);
- 675 ударних БпЛА типу Shahed, Гербера, Італмас, баражуюч",2026-09-10T09:18:34.317066+00:00
2026-05-13,1,kpszsu,official,impact_locations,ua,24.0,," ворожі БпЛА різних типів.

Зафіксовано влучання 15 ракет та 23 ударних БпЛА на 24 локаціях, а також падіння збитих (уламки) БпЛА",2026-09-10T09:18:34.317066+00:00
2026-05-13,1,kpszsu,official,missile_tracks,kyiv,10.0,61801,🚀 Ракета у напрямку Києва.,2026-09-10T09:18:34.317066+00:00
2026-05-13,1,kpszsu,official,targets_downed,ua,693.0,,"⚡️ ЗБИТО/ПОДАВЛЕНО 41 РАКЕТУ ТА 652 ВОРОЖІ БПЛА
💥 За попередн",2026-09-10T09:18:34.317066+00:00
2026-05-13,2,kpszsu,official,drone_tracks,kyiv_obl,13.0,61742,"🛵 Групи ворожих БпЛА на півночі - Чернігівщина, Київщина, Житомирщина та Рівненщина ➡️ курс західний.
🛵 Групи ворожих БпЛА на півдні - Миколаївщина, Одещина, Вінниччина, Хмельниччина ➡️ курс західний/",2026-09-10T09:18:34.317066+00:00
2026-05-13,2,kpszsu,official,missile_tracks,kyiv_obl,4.0,61799,🚀Ракета на Полтавщині у напрямку Черкащини/Київщини,2026-09-10T09:18:34.317066+00:00
2026-05-14,1,kpszsu,official,attacked,kyiv,1.0,,є повідомлення супроводу цілей на Київ,2026-09-10T09:18:34.317066+00:00
2026-05-14,1,kpszsu,official,drone_tracks,kyiv,4.0,61901,🛵 Група БпЛА на півночі Київщини ➡️ курсом на столицю.,2026-09-10T09:18:34.317066+00:00
2026-05-14,1,kpszsu,official,drones_launched,ua,141.0,,"ою ракетою  Х-35 з ТОТ АР Крим, а також 141 ударним БпЛА типу Shahed, Гербера, Італмас та дронам",2026-09-10T09:18:34.317066+00:00
2026-05-14,1,kpszsu,official,impact_locations,ua,6.0,,"31П не досягли своїх цілей. Зафіксовано влучання 7 ударних БпЛА на 6 локаціях, а також падіння збитих (уламки) на 7",2026-09-10T09:18:34.317066+00:00
2026-05-14,1,kpszsu,official,targets_downed,ua,131.0,,"⚡️ ЗБИТО/ПОДАВЛЕНО 1 РАКЕТУ ТА 130 ВОРОЖИХ БПЛА
💥 За поперед",2026-09-10T09:18:34.317066+00:00
2026-05-14,2,kpszsu,official,drone_tracks,kyiv_obl,5.0,61897,"🛵 Кілька груп БпЛА з Сумщини ➡️ на Чернігівщину.
🛵 БпЛА на сході Харківщини ➡️ курсом на Великий Бурлук. Шевченкове.
🛵 БпЛА на сході Дніпропетровщини ➡️ курсом на Шахтарське.
🛸 Розвідувальний БпЛА на ",2026-09-10T09:18:34.317066+00:00
2026-05-15,1,kpszsu,official,attacked,kyiv,1.0,,є повідомлення супроводу цілей на Київ,2026-09-10T09:18:34.317066+00:00
2026-05-15,1,kpszsu,official,drone_tracks,kyiv,2.0,61929,🛵  Київщина - реактивний БпЛА на Вишгород/Київ з півночі.,2026-09-10T09:18:34.317066+00:00
2026-05-15,1,kpszsu,official,drones_launched,ua,294.0,,"16 травня (з 18:00 15 травня) противник атакував 294 ударними БпЛА типу Shahed (в т.ч. реактивними), Гербе",2026-09-10T09:18:34.317066+00:00
2026-05-15,1,kpszsu,official,impact_locations,ua,15.0,,"центрі та на сході країни.

Зафіксовано влучання 20 ударних БпЛА на 15 локаціях, а також падіння уламків на 9 локація",2026-09-10T09:18:34.317066+00:00
2026-05-15,1,kpszsu,official,targets_downed,ua,269.0,,"⚡️ ЗБИТО/ПОДАВЛЕНО 269 ВОРОЖИХ БПЛА
💥 За попередніми даними, с",2026-09-10T09:18:34.317066+00:00
2026-05-15,2,kpszsu,official,drone_tracks,kyiv_obl,10.0,61927,🛵  БпЛА з Київщини на Житомирщину ➡️ курсом на Корнин з північного сходу.,2026-09-10T09:18:34.317066+00:00
2026-05-16,1,kpszsu,official,attacked,kyiv,1.0,,є повідомлення супроводу цілей на Київ,2026-09-10T09:18:34.317066+00:00
2026-05-16,1,kpszsu,official,drone_tracks,kyiv,4.0,62038,🛵 БпЛА з Чернігівщини на Київщину у напрямку Києва.,2026-09-10T09:18:34.317066+00:00
2026-05-16,1,kpszsu,official,drones_launched,ua,287.0,,"17 травня (з 19:00 16 травня) противник атакував 287 ударними БпЛА типу Shahed (в т.ч. реактивними), Гербе",2026-09-10T09:18:34.317066+00:00
2026-05-16,1,kpszsu,official,impact_locations,ua,7.0,,"півдні та на сході країни.

Зафіксовано влучання 8 ударних БпЛА на 7 локаціях, а також падіння уламків на 7 локація",2026-09-10T09:18:34.317066+00:00
2026-05-16,1,kpszsu,official,targets_downed,ua,279.0,,"⚡️ ЗБИТО/ПОДАВЛЕНО 279 ВОРОЖИХ БПЛА
💥 За попередніми даними, с",2026-09-10T09:18:34.317066+00:00
2026-05-16,2,kpszsu,official,drone_tracks,kyiv_obl,3.0,62049,"🛵 Група БпЛА на Миколаївщину з Херсонщини.
🛵  Група БпЛА на Півночі Сумщини - курсом на Чернігівщину.
🛵  Група БпЛА на межі Чернігівщини та Полтавщини - курсом на Київщину.
🛵  Дніпропетровщина - БпЛА ",2026-09-10T09:18:34.317066+00:00
2026-05-17,1,kpszsu,official,attacked,kyiv,1.0,,є повідомлення супроводу цілей на Київ,2026-09-10T09:18:34.317066+00:00
2026-05-17,1,kpszsu,official,drone_tracks,kyiv,2.0,62101,"🛵 БпЛА на сході Київщини ➡️ курсом на Київ, Бориспіль.
🛵 БпЛА на півночі, в центрі Чернігівщини ➡️ курсом на Сновськ, Ніжин, Козелець.",2026-09-10T09:18:34.317066+00:00
2026-05-17,1,kpszsu,official,drones_launched,ua,524.0,,"дер-К"" (райони пусків – ТОТ АР Крим);
- 524 ударних БпЛА типу Shahed, Гербера, Італмас, безпілот",2026-09-10T09:18:34.317066+00:00
2026-05-17,1,kpszsu,official,impact_locations,ua,34.0,," ворожих БпЛА різних типів.
Зафіксовано влучання 18 ракет та 16 ударних БпЛА на 34 локаціях, а також падіння збитих (уламки) БпЛА",2026-09-10T09:18:34.317066+00:00
2026-05-17,1,kpszsu,official,targets_downed,ua,507.0,,"⚡️ ЗБИТО/ПОДАВЛЕНО 4 РАКЕТИ ТА 503 ВОРОЖИХ БПЛА
💥  За попере",2026-09-10T09:18:34.317066+00:00
2026-05-17,2,kpszsu,official,drone_tracks,kyiv_obl,15.0,62105,"🛵 БпЛА з Чорного моря ➡️ курсом на Одесу/Чорноморськ.
🛵 БпЛА ➡️ над Броварами.",2026-09-10T09:18:34.317066+00:00
2026-05-18,1,kpszsu,official,attacked,kyiv,0.0,,"канал вів повітряну обстановку (36 повідомлень з 59), жодного супроводу на Київ, тривог у місті менше 3 годин",2026-09-10T09:18:34.317066+00:00
2026-05-18,1,kpszsu,official,drones_launched,ua,209.0,,"19 травня (з 18:00 18 травня) противник атакував 209 ударними БпЛА типу Shahed (в т.ч. реактивними), Гербе",2026-09-10T09:18:34.317066+00:00
2026-05-18,1,kpszsu,official,impact_locations,ua,15.0,,"півдні та на сході країни.

Зафіксовано влучання 27 ударних БпЛА на 15 локаціях, а також падіння уламків на 5 локація",2026-09-10T09:18:34.317066+00:00
2026-05-18,1,kpszsu,official,targets_downed,ua,180.0,,"⚡️ ЗБИТО/ПОДАВЛЕНО 180 ВОРОЖИХ БПЛА
💥 За попередніми даними, с",2026-09-10T09:18:34.317066+00:00
2026-05-18,2,kpszsu,official,drone_tracks,kyiv_obl,1.0,62207,🛵 Ударний БпЛА у напрямку Броварів,2026-09-10T09:18:34.317066+00:00
2026-05-19,1,kpszsu,official,attacked,kyiv,0.0,,"канал вів повітряну обстановку (31 повідомлень з 54), жодного супроводу на Київ, тривог у місті менше 3 годин",2026-09-10T09:18:34.317066+00:00
2026-05-19,1,kpszsu,official,drones_launched,ua,84.0,," 20 травня (з 08.30 по 17:00) противник атакував 84-ма ударними БпЛА типу Shahed (в т.ч. реактивними), Гербе",2026-09-10T09:18:34.317066+00:00
2026-05-19,1,kpszsu,official,impact_locations,ua,20.0,,"і, півдні та сході країни.

Зафіксовано влучання балістичної ракети та 23 ударних БпЛА на 20 локаціях, а також падіння збитих (уламки) на 6",2026-09-10T09:18:34.317066+00:00
2026-05-19,1,kpszsu,official,targets_downed,ua,75.0,,"⚡️ ЗБИТО/ПОДАВЛЕНО 75 ВОРОЖИХ БПЛА
💥 За попередніми даними, с",2026-09-10T09:18:34.317066+00:00
2026-05-19,2,kpszsu,official,drone_tracks,kyiv_obl,3.0,62257,"🛵 БпЛА на півночі Київщини - південним курсом.
🛵  БпЛА на Сумщині - курс на Терни, Шостку.
🛵 Полтавщина - БпЛА курсом на Кременчук.",2026-09-10T09:18:34.317066+00:00
2026-05-20,1,kpszsu,official,attacked,kyiv,0.0,,"канал вів повітряну обстановку (52 повідомлень з 75), жодного супроводу на Київ, тривог у місті менше 3 годин",2026-09-10T09:18:34.317066+00:00
2026-05-20,1,kpszsu,official,drones_launched,ua,116.0,,"ою Іскандер-М із Ростовської обл. – рф, 116 ударними БпЛА типу Shahed (в т.ч. реактивними), Гербе",2026-09-10T09:18:34.317066+00:00
2026-05-20,1,kpszsu,official,impact_locations,ua,5.0,,"і, півдні та сході країни.

Зафіксовано влучання балістичної ракети та 5 ударних БпЛА на 5 локаціях, а також падіння збитих (уламки) на 4",2026-09-10T09:18:34.317066+00:00
2026-05-20,1,kpszsu,official,targets_downed,ua,109.0,,"⚡️ ЗБИТО/ПОДАВЛЕНО 109 ВОРОЖИХ БПЛА
💥 За попередніми даними, с",2026-09-10T09:18:34.317066+00:00
2026-05-20,2,kpszsu,official,drone_tracks,kyiv_obl,2.0,62314,"🛵 БпЛА з Черкащини ➡️ на Київщину, Білоцерківський район.",2026-09-10T09:18:34.317066+00:00
2026-05-21,1,kpszsu,official,attacked,kyiv,1.0,,є повідомлення супроводу цілей на Київ,2026-09-10T09:18:34.317066+00:00
2026-05-21,1,kpszsu,official,drone_tracks,kyiv,1.0,62383,🛵 Київ - БпЛА  над містом!,2026-09-10T09:18:34.317066+00:00
2026-05-21,1,kpszsu,official,drones_launched,ua,124.0,,"22 травня (з 18:00 21 травня) противник атакував 124 ударними БпЛА типу Shahed (в т.ч. реактивними), Гербе",2026-09-10T09:18:34.317066+00:00
2026-05-21,1,kpszsu,official,impact_locations,ua,5.0,,"і, півдні та сході країни.

Зафіксовано влучання 7 ударних БпЛА на 5 локаціях, а також падіння збитих (уламки) на 5",2026-09-10T09:18:34.317066+00:00
2026-05-21,1,kpszsu,official,targets_downed,ua,115.0,,"⚡️ ЗБИТО/ПОДАВЛЕНО 115 ВОРОЖИХ БПЛА
💥 За попередніми даними, с",2026-09-10T09:18:34.317066+00:00
2026-05-21,2,kpszsu,official,drone_tracks,kyiv_obl,4.0,62380,"🛵 БпЛА з Чернігівщини на Київщину, курс - на Бровари.",2026-09-10T09:18:34.317066+00:00
2026-05-22,1,kpszsu,official,attacked,kyiv,1.0,,є повідомлення супроводу цілей на Київ,2026-09-10T09:18:34.317066+00:00
2026-05-22,1,kpszsu,official,drone_tracks,kyiv,2.0,62463,🛵🛸 Київ - БпЛА в напрямку міста.,2026-09-10T09:18:34.317066+00:00
2026-05-22,1,kpszsu,official,drones_launched,ua,124.0,,"23 травня (з 18:30 22 травня) противник атакував 124 ударними БпЛА типу Shahed (в т.ч. реактивними), Гербе",2026-09-10T09:18:34.317066+00:00
2026-05-22,1,kpszsu,official,impact_locations,ua,9.0,,"і, півдні та сході країни.

Зафіксовано влучання 12 ударних БпЛА на 9 локаціях, а також падіння збитих (уламки) на 5",2026-09-10T09:18:34.317066+00:00
2026-05-22,1,kpszsu,official,targets_downed,ua,102.0,,"⚡️ ЗБИТО/ПОДАВЛЕНО 102 ВОРОЖИХ БПЛА
💥 За попередніми даними, с",2026-09-10T09:18:34.317066+00:00
2026-05-22,2,kpszsu,official,drone_tracks,kyiv_obl,6.0,62459,🛵 БпЛА на півночі Київщини ➡️ південним курсом.,2026-09-10T09:18:34.317066+00:00
2026-05-23,1,kpszsu,official,attacked,kyiv,1.0,,є повідомлення супроводу цілей на Київ,2026-09-10T09:18:34.317066+00:00
2026-05-23,1,kpszsu,official,drone_tracks,kyiv,12.0,62520,🛵 БпЛА на сході Київщини ➡️ курсом на столицю.,2026-09-10T09:18:34.317066+00:00
2026-05-23,1,kpszsu,official,drones_launched,ua,600.0,,"ка обл., рф, акваторія Чорного моря);
- 600 ударних БпЛА типу Shahed, Гербера, Італмас, баражуюч",2026-09-10T09:18:34.317066+00:00
2026-05-23,1,kpszsu,official,impact_locations,ua,54.0,,"інформацією станом на 09.30 зафіксовано влучання 16 ракет та 51 ударний БпЛА на 54 локаціях, а також падіння збитих (уламки) БпЛА",2026-09-10T09:18:34.317066+00:00
2026-05-23,1,kpszsu,official,missile_tracks,kyiv,11.0,62565,🚀Ще ракети  на Київ.,2026-09-10T09:18:34.317066+00:00
2026-05-23,1,kpszsu,official,targets_downed,ua,1153.0,,"⚡️ ЗБИТО/ПОДАВЛЕНО 604 ЦІЛІ: 55 РАКЕТ ТА 549 ВОРОЖИХ БПЛА
💥 За",2026-09-10T09:18:34.317066+00:00
2026-05-23,2,kpszsu,official,drone_tracks,kyiv_obl,8.0,62521,🛵 Група БпЛА з Чернігівщини ➡️ на північ Київщини.,2026-09-10T09:18:34.317066+00:00
2026-05-23,2,kpszsu,official,missile_tracks,kyiv_obl,2.0,62606,🚀 Крилаті ракети на Чернігівщині курсом на Київщину.,2026-09-10T09:18:34.317066+00:00
2026-05-24,1,kpszsu,official,attacked,kyiv,1.0,,є повідомлення супроводу цілей на Київ,2026-09-10T09:18:34.317066+00:00
2026-05-24,1,kpszsu,official,drone_tracks,kyiv,2.0,62726,"🛵 БпЛА на півночі Київщини, рухається над Київським водосховищем у напрямку столиці.",2026-09-10T09:18:34.317066+00:00
2026-05-24,1,kpszsu,official,drones_launched,ua,262.0,,"25 травня (з 17:30 24 травня) противник атакував 262 ударними БпЛА типу Shahed (в т.ч. реактивними), Гербе",2026-09-10T09:18:34.317066+00:00
2026-05-24,1,kpszsu,official,impact_locations,ua,9.0,,"і, півдні та сході країни.

Зафіксовано влучання 10 ударних БпЛА на 9 локаціях, а також падіння збитих (уламки) на 7",2026-09-10T09:18:34.317066+00:00
2026-05-24,1,kpszsu,official,targets_downed,ua,246.0,,"⚡️ ЗБИТО/ПОДАВЛЕНО 246 ВОРОЖИХ БПЛА
💥 За попередніми даними, с",2026-09-10T09:18:34.317066+00:00
2026-05-24,2,kpszsu,official,drone_tracks,kyiv_obl,11.0,62673,🛵  БпЛА із Чернігівщини курсом на Київське водосховище.,2026-09-10T09:18:34.317066+00:00
2026-05-25,1,kpszsu,official,attacked,kyiv,0.0,,"канал вів повітряну обстановку (58 повідомлень з 92), жодного супроводу на Київ, тривог у місті менше 3 годин",2026-09-10T09:18:34.317066+00:00
2026-05-25,1,kpszsu,official,drones_launched,ua,122.0,,"ької обл. – рф. та ТОТ АР Крим, а також 122 ударними БпЛА типу Shahed (в т.ч. реактивними), Гербе",2026-09-10T09:18:34.317066+00:00
2026-05-25,1,kpszsu,official,impact_locations,ua,11.0,,"і, півдні та сході країни.

Зафіксовано влучання 9 ударних БпЛА та ракет на 11 локаціях, а також падіння збитих (уламки БпЛА)",2026-09-10T09:18:34.317066+00:00
2026-05-25,1,kpszsu,official,targets_downed,ua,111.0,,"⚡️ ЗБИТО/ПОДАВЛЕНО 111 ВОРОЖИХ БПЛА
💥 За попередніми даними, с",2026-09-10T09:18:34.317066+00:00
2026-05-25,2,kpszsu,official,drone_tracks,kyiv_obl,6.0,62771,🛵  БпЛА із Чернігівщини курсом на Київське водосховище.,2026-09-10T09:18:34.317066+00:00
2026-05-26,1,kpszsu,official,attacked,kyiv,1.0,,є повідомлення супроводу цілей на Київ,2026-09-10T09:18:34.317066+00:00
2026-05-26,1,kpszsu,official,drone_tracks,kyiv,1.0,62872,🛵 БпЛА на Київ ➡️ зі сходу.,2026-09-10T09:18:34.317066+00:00
2026-05-26,1,kpszsu,official,drones_launched,ua,163.0,,"27 травня (з 18:00 26 травня) противник атакував 163 ударними БпЛА типу Shahed (в т.ч. реактивними), Гербе",2026-09-10T09:18:34.317066+00:00
2026-05-26,1,kpszsu,official,impact_locations,ua,7.0,,"і, півдні та сході країни.

Зафіксовано влучання 8 ударних БпЛА на 7 локаціях, а також падіння збитих (уламки) на 4",2026-09-10T09:18:34.317066+00:00
2026-05-26,1,kpszsu,official,targets_downed,ua,150.0,,"⚡️ ЗБИТО/ПОДАВЛЕНО 150 ВОРОЖИХ БПЛА
💥 За попередніми даними, с",2026-09-10T09:18:34.317066+00:00
2026-05-26,2,kpszsu,official,drone_tracks,kyiv_obl,19.0,62836,"🛵 БпЛА з Чернігівщини ➡️ на Київщину, курсом на Бровари, Вишгород.",2026-09-10T09:18:34.317066+00:00
2026-05-27,1,kpszsu,official,attacked,kyiv,0.0,,"канал вів повітряну обстановку (55 повідомлень з 87), жодного супроводу на Київ, тривог у місті менше 3 годин",2026-09-10T09:18:34.317066+00:00
2026-05-27,1,kpszsu,official,drones_launched,ua,147.0,,"– повітряний простір Липецької обл.) та 147 ударними БпЛА типу Shahed (в т.ч. реактивними), Гербе",2026-09-10T09:18:34.317066+00:00
2026-05-27,1,kpszsu,official,impact_locations,ua,7.0,,"мас та дронів інших типів.

Зафіксовано влучання аеробалістичної ракети “Кинджал” та 9 ударних БпЛА на 7 локаціях, а також падіння збитих (уламки) на 6",2026-09-10T09:18:34.317066+00:00
2026-05-27,1,kpszsu,official,targets_downed,ua,138.0,,"⚡️ ЗБИТО/ПОДАВЛЕНО 138 ВОРОЖИХ БПЛА
💥 За попередніми даними, с",2026-09-10T09:18:34.317066+00:00
2026-05-28,1,kpszsu,official,attacked,kyiv,0.0,,"канал вів повітряну обстановку (79 повідомлень з 120), жодного супроводу на Київ, тривог у місті менше 3 годин",2026-09-10T09:18:34.317066+00:00
2026-05-28,1,kpszsu,official,drones_launched,ua,232.0,,"р-М/С-400 із Курської обл. – рф а також 232 ударними БпЛА типу Shahed (в т.ч. реактивними), Гербе",2026-09-10T09:18:34.317066+00:00
2026-05-28,1,kpszsu,official,impact_locations,ua,14.0,,"і, півдні та сході країни.

Зафіксовано влучання балістичної ракети та 14 ударних БпЛА на 14 локаціях, а також падіння збитих (уламки БпЛА)",2026-09-10T09:18:34.317066+00:00
2026-05-28,1,kpszsu,official,targets_downed,ua,217.0,,"⚡️ ЗБИТО/ПОДАВЛЕНО 217 ВОРОЖИХ БПЛА
💥 За попередніми даними, с",2026-09-10T09:18:34.317066+00:00
2026-05-28,2,kpszsu,official,drone_tracks,kyiv_obl,5.0,63130,🛵 БпЛА з Чернігівщини ➡️на Київщину. курсом на Чорнобиль.,2026-09-10T09:18:34.317066+00:00
2026-05-29,1,kpszsu,official,attacked,kyiv,1.0,,є повідомлення супроводу цілей на Київ,2026-09-10T09:18:34.317066+00:00
2026-05-29,1,kpszsu,official,drones_launched,ua,290.0,,"ами Х-101 із Вологодської обл., а також 290 ударними БпЛА типу Shahed (в т.ч. реактивними), Гербе",2026-09-10T09:18:34.317066+00:00
2026-05-29,1,kpszsu,official,impact_locations,ua,7.0,,"центрі та на сході країни.

Зафіксовано влучання 9 ударних БпЛА на 7 локаціях, а також падіння уламків на 10. Крім ",2026-09-10T09:18:34.317066+00:00
2026-05-29,1,kpszsu,official,missile_tracks,kyiv,1.0,63248,"🚀Ракета на сході від м.Києва, курс - південний.",2026-09-10T09:18:34.317066+00:00
2026-05-29,1,kpszsu,official,targets_downed,ua,563.0,,"⚡️ ЗБИТО/ПОДАВЛЕНО 284 ЦІЛІ ПРОТИВНИКА
💥 За попередніми даними",2026-09-10T09:18:34.317066+00:00
2026-05-29,2,kpszsu,official,drone_tracks,kyiv_obl,5.0,63233,🛵 БпЛА із Черкащини в напрямку Переяслава (Київщина).,2026-09-10T09:18:34.317066+00:00
2026-05-29,2,kpszsu,official,missile_tracks,kyiv_obl,1.0,63247,🚀 Ракети на  Вінниччині змінюють курс на Київщину.,2026-09-10T09:18:34.317066+00:00
2026-05-30,1,kpszsu,official,attacked,kyiv,1.0,,є повідомлення супроводу цілей на Київ,2026-09-10T09:18:34.317066+00:00
2026-05-30,1,kpszsu,official,drone_tracks,kyiv,1.0,63362,"🛵 БпЛА на півночі Київщини ➡️ курсом на столицю.
🛵 БпЛА на півночі Харківщини ➡️ курсом на Харків, Богодухів.",2026-09-10T09:18:34.317066+00:00
2026-05-30,1,kpszsu,official,drones_launched,ua,229.0,,"31 травня (з 18:00 30 травня) противник атакував 229 ударними БпЛА типу Shahed (в т.ч. реактивними), Гербе",2026-09-10T09:18:34.317066+00:00
2026-05-30,1,kpszsu,official,impact_locations,ua,11.0,,"а півночі та сході країни.

Зафіксовано влучання 14 ударних БпЛА на 11 локаціях, а також падіння збитих (уламки БпЛА)",2026-09-10T09:18:34.317066+00:00
2026-05-30,1,kpszsu,official,targets_downed,ua,212.0,,"⚡️ ЗБИТО/ПОДАВЛЕНО 212 ВОРОЖИХ БПЛА
💥 За попередніми даними, с",2026-09-10T09:18:34.317066+00:00
2026-05-30,2,kpszsu,official,drone_tracks,kyiv_obl,14.0,63331,🛵 Чернігівщина: група БпЛА ➡️  в напрямку Славутича.,2026-09-10T09:18:34.317066+00:00
2026-05-31,1,kpszsu,official,attacked,kyiv,0.0,,"канал вів повітряну обстановку (65 повідомлень з 90), жодного супроводу на Київ, тривог у місті менше 3 годин",2026-09-10T09:18:34.317066+00:00
2026-05-31,1,kpszsu,official,drones_launched,ua,265.0,," 1 червня (з 18:00 31 травня) противник атакував 265 ударними БпЛА типу Shahed, Гербера, Італмас та дронам",2026-09-10T09:18:34.317066+00:00
2026-05-31,1,kpszsu,official,impact_locations,ua,18.0,,"і, півдні та сході країни.

Зафіксовано влучання 27 ударних БпЛА на 18 локаціях, а також падіння збитих (уламки) на 1",2026-09-10T09:18:34.317066+00:00
2026-05-31,1,kpszsu,official,targets_downed,ua,228.0,,"⚡️ ЗБИТО/ПОДАВЛЕНО 228 ВОРОЖИХ БПЛА
💥 За попередніми даними, с",2026-09-10T09:18:34.317066+00:00
2026-05-31,2,kpszsu,official,drone_tracks,kyiv_obl,3.0,63401,🛵 Реактивні БпЛА на півночі Чернігівщини вздовж кордону з Білоруссю західним курсом та на північ Київщини.,2026-09-10T09:18:34.317066+00:00
2026-06-01,1,kpszsu,official,attacked,kyiv,1.0,,є повідомлення супроводу цілей на Київ,2026-09-10T09:18:34.317066+00:00
2026-06-01,1,kpszsu,official,drone_tracks,kyiv,9.0,63529,БпЛА із півночі Київщини ➡️ у напрямку Києва.,2026-09-10T09:18:34.317066+00:00
2026-06-01,1,kpszsu,official,drones_launched,ua,5053.0,,"9;
▪️ 24 крилатих ракет ""Іскандер-К""
▪️ 5053 ударних БпЛА типу Shahed;
▪️ 1316 розвідувальних БпЛ",2026-09-10T09:18:34.317066+00:00
2026-06-01,1,kpszsu,official,impact_locations,ua,38.0,,"нформацією, станом на 08.30 зафіксовано влучання 30 балістичних, 3 крилатих ракет та 33 ударних БпЛА на 38 локаціях, а також падіння збитих (уламки) БпЛА",2026-09-10T09:18:34.317066+00:00
2026-06-01,1,kpszsu,official,missile_tracks,kyiv,12.0,63594,Ракета на Київ!,2026-09-10T09:18:34.317066+00:00
2026-06-01,1,kpszsu,official,missiles_launched,ua,50.0,,"балістичні ракети Х-47 М2 ""Кинджал"";
▪️ 50 крилатих ракет Х-101;
▪️ 10 балістичних ракет ""Ісканде",2026-09-10T09:18:34.317066+00:00
2026-06-01,1,kpszsu,official,targets_downed,ua,1244.0,,"⚡️ ЗБИТО/ПОДАВЛЕНО 642 ЦІЛІ: 40 РАКЕТ ТА 602 ВОРОЖІ БПЛА
💥 За ",2026-09-10T09:18:34.317066+00:00
2026-06-01,2,kpszsu,official,drone_tracks,kyiv_obl,18.0,63490,🛵 БпЛА на півночі Київщини ➡️ курсом на Чорнобиль.,2026-09-10T09:18:34.317066+00:00
2026-06-02,1,kpszsu,official,attacked,kyiv,1.0,,є повідомлення супроводу цілей на Київ,2026-09-10T09:18:34.317066+00:00
2026-06-02,1,kpszsu,official,drone_tracks,kyiv,1.0,63684,🛵 Київ - БпЛА над містом.,2026-09-10T09:18:34.317066+00:00
2026-06-02,1,kpszsu,official,drones_launched,ua,198.0,,"а 3 червня (з 18:00 2 червня) противник атакував 198 ударними БпЛА типу Shahed, Гербера, Італмас та дронам",2026-09-10T09:18:34.317066+00:00
2026-06-02,1,kpszsu,official,impact_locations,ua,7.0,,"і, півдні та сході країни.

Зафіксовано влучання 8 ударних БпЛА на 7 локаціях, а також падіння збитих (уламки) на 7",2026-09-10T09:18:34.317066+00:00
2026-06-02,1,kpszsu,official,targets_downed,ua,189.0,,"⚡️ ЗБИТО/ПОДАВЛЕНО 189 ВОРОЖИХ БПЛА
💥 За попередніми даними, с",2026-09-10T09:18:34.317066+00:00
2026-06-02,2,kpszsu,official,drone_tracks,kyiv_obl,6.0,63691,"🛵 БпЛА ➡️ курсом на Чернігів, Славутич.",2026-09-10T09:18:34.317066+00:00
2026-06-03,1,kpszsu,official,attacked,kyiv,1.0,,є повідомлення супроводу цілей на Київ,2026-09-10T09:18:34.317066+00:00
2026-06-03,1,kpszsu,official,drone_tracks,kyiv,1.0,63875,🛵 Реактивні БпЛА в напрямку Києва з північного сходу.,2026-09-10T09:18:34.317066+00:00
2026-06-03,1,kpszsu,official,drones_launched,ua,293.0,,"тою Іскандер-М із Воронезької обл. -рф, 293 ударними БпЛА типу Shahed (в т.ч. реактивними), Гербе",2026-09-10T09:18:34.317066+00:00
2026-06-03,1,kpszsu,official,impact_locations,ua,11.0,,"і, півдні та сході країни.

Зафіксовано влучання балістичної ракети та 24 ударних БпЛА на 11 локаціях, а також падіння збитих (уламки) на 1",2026-09-10T09:18:34.317066+00:00
2026-06-03,1,kpszsu,official,targets_downed,ua,264.0,,"⚡️ ЗБИТО/ПОДАВЛЕНО 264 ВОРОЖІ БПЛА
💥 За попередніми даними, ст",2026-09-10T09:18:34.317066+00:00
2026-06-03,2,kpszsu,official,drone_tracks,kyiv_obl,3.0,63788,🛵 Ворожі БпЛА на Сумщині вектором руху на Київщину через південь Чернігівщини.,2026-09-10T09:18:34.317066+00:00
2026-06-04,1,kpszsu,official,attacked,kyiv,0.0,,"канал вів повітряну обстановку (151 повідомлень з 203), жодного супроводу на Київ, тривог у місті менше 3 годин",2026-09-10T09:18:34.317066+00:00
2026-06-04,1,kpszsu,official,drones_launched,ua,216.0,,"ами Х-59/69 із ТОТ Запорізької обл., та 216 ударними БпЛА типу Shahed (в т.ч. реактивними), Гербе",2026-09-10T09:18:34.317066+00:00
2026-06-04,1,kpszsu,official,impact_locations,ua,13.0,,"і, півдні та сході країни.

Зафіксовано влучання 16 ударних БпЛА на 13 локаціях, а також падіння збитих (уламки) на 1",2026-09-10T09:18:34.317066+00:00
2026-06-04,1,kpszsu,official,targets_downed,ua,198.0,,"⚡️ ЗБИТО/ПОДАВЛЕНО 198 ВОРОЖИХ БПЛА
💥 За попередніми даними, с",2026-09-10T09:18:34.317066+00:00
2026-06-04,2,kpszsu,official,drone_tracks,kyiv_obl,20.0,63926,"🛵 БпЛА на півночі Чернігівщини, рухається уздовж кордону з Білоруссю ➡️ курсом на Київщину.",2026-09-10T09:18:34.317066+00:00
2026-06-05,1,kpszsu,official,attacked,kyiv,0.0,,"канал вів повітряну обстановку (84 повідомлень з 116), жодного супроводу на Київ, тривог у місті менше 3 годин",2026-09-10T09:18:34.317066+00:00
2026-06-05,1,kpszsu,official,drones_launched,ua,272.0,,"а 6 червня (з 18:00 5 червня) противник атакував 272 ударними БпЛА типу Shahed (в т.ч. реактивними), Гербе",2026-09-10T09:18:34.317066+00:00
2026-06-05,1,kpszsu,official,impact_locations,ua,11.0,,"і, півдні та сході країни.

Зафіксовано влучання 19 ударних БпЛА на 11 локаціях, а також падіння збитих (уламки) на 1",2026-09-10T09:18:34.317066+00:00
2026-06-05,1,kpszsu,official,targets_downed,ua,249.0,,"⚡️ ЗБИТО/ПОДАВЛЕНО 249 ВОРОЖИХ БПЛА
💥 За попередніми даними, с",2026-09-10T09:18:34.317066+00:00
2026-06-05,2,kpszsu,official,drone_tracks,kyiv_obl,3.0,64156,"🛵 БпЛА з Черкащини, курсом на Київщину (Бориспільський район)",2026-09-10T09:18:34.317066+00:00
2026-06-06,1,kpszsu,official,attacked,kyiv,1.0,,є повідомлення супроводу цілей на Київ,2026-09-10T09:18:34.317066+00:00
2026-06-06,1,kpszsu,official,drone_tracks,kyiv,1.0,64281,🛵 БпЛА в напрямку м.Київ зі сходу.,2026-09-10T09:18:34.317066+00:00
2026-06-06,1,kpszsu,official,drones_launched,ua,236.0,,"а 7 червня (з 18:00 6 червня) противник атакував 236 ударними БпЛА типу Shahed, Гербера, Італмас та дронам",2026-09-10T09:18:34.317066+00:00
2026-06-06,1,kpszsu,official,targets_downed,ua,215.0,,"⚡️ЗБИТО/ПОДАВЛЕНО 215 ВОРОЖИХ БПЛА
💥За попередніми даними, ст",2026-09-10T09:18:34.317066+00:00
2026-06-06,2,kpszsu,official,drone_tracks,kyiv_obl,4.0,64280,🛵 БпЛА з Чернігівщини курсом на Київщину (Бровари),2026-09-10T09:18:34.317066+00:00
2026-06-07,1,kpszsu,official,attacked,kyiv,0.0,,"канал вів повітряну обстановку (84 повідомлень з 116), жодного супроводу на Київ, тривог у місті менше 3 годин",2026-09-10T09:18:34.317066+00:00
2026-06-07,1,kpszsu,official,drones_launched,ua,155.0,,"а 8 червня (з 18:00 7 червня) противник атакував 155 ударними БпЛА типу Shahed, Гербера, Італмас, Бандерол",2026-09-10T09:18:34.317066+00:00
2026-06-07,1,kpszsu,official,impact_locations,ua,17.0,,"і, півдні та сході країни.

Зафіксовано влучання 20 ударних БпЛА на 17 локаціях, а також падіння збитих (уламки) на 6",2026-09-10T09:18:34.317066+00:00
2026-06-07,1,kpszsu,official,targets_downed,ua,124.0,,"⚡️ ЗБИТО/ПОДАВЛЕНО 124 ВОРОЖИХ БПЛА
💥 За попередніми даними, с",2026-09-10T09:18:34.317066+00:00
2026-06-07,2,kpszsu,official,drone_tracks,kyiv_obl,9.0,64387,"🛵 Реактивний БпЛА на Чернігівщині, повз Куликівку, курсом на Київщину.",2026-09-10T09:18:34.317066+00:00
2026-06-08,1,kpszsu,official,attacked,kyiv,0.0,,"канал вів повітряну обстановку (102 повідомлень з 141), жодного супроводу на Київ, тривог у місті менше 3 годин",2026-09-10T09:18:34.317066+00:00
2026-06-08,1,kpszsu,official,drones_launched,ua,166.0,,"акетами Х-59/69 із Воронезької обл., та 166 ударними БпЛА типу Shahed (в т.ч. реактивними), Гербе",2026-09-10T09:18:34.317066+00:00
2026-06-08,1,kpszsu,official,impact_locations,ua,18.0,,"мас та дронів інших типів.

Зафіксовано влучання двох керованих авіаційних ракет та 17 ударних БпЛА на 18 локаціях, а також падіння збитих (уламки) на 8",2026-09-10T09:18:34.317066+00:00
2026-06-08,1,kpszsu,official,targets_downed,ua,146.0,,"⚡️ ЗБИТО/ПОДАВЛЕНО 146 ВОРОЖИХ БПЛА
💥 За попередніми даними, с",2026-09-10T09:18:34.317066+00:00
2026-06-08,2,kpszsu,official,drone_tracks,kyiv_obl,6.0,64452,"🛵 БпЛА з Брянської обл., рф уздовж кордону з Білоруссю в напрямку Любеча, Славутича.",2026-09-10T09:18:34.317066+00:00
2026-06-09,1,kpszsu,official,attacked,kyiv,1.0,,є повідомлення супроводу цілей на Київ,2026-09-10T09:18:34.317066+00:00
2026-06-09,1,kpszsu,official,drone_tracks,kyiv,1.0,64632,БпЛА із півночі ➡️ у напрямку Києва,2026-09-10T09:18:34.317066+00:00
2026-06-09,1,kpszsu,official,drones_launched,ua,207.0,,"10 червня (з 18:00 09 червня) противник атакував 207 ударними БпЛА типу Shahed (в т.ч. реактивними), Гербе",2026-09-10T09:18:34.317066+00:00
2026-06-09,1,kpszsu,official,impact_locations,ua,14.0,,"і, півдні та сході країни.

Зафіксовано влучання 21 ударного БпЛА на 14 локаціях, а також падіння збитих (уламки) на 1",2026-09-10T09:18:34.317066+00:00
2026-06-09,1,kpszsu,official,targets_downed,ua,181.0,,"ЗБИТО/ПОДАВЛЕНО 181 ВОРОЖИЙ БПЛА
💥 За попередніми даними, с",2026-09-10T09:18:34.317066+00:00
2026-06-09,2,kpszsu,official,drone_tracks,kyiv_obl,2.0,64627,🛵 БпЛА із півночі Чернігівщини вздовж кордону з Білоруссю ➡️ у напрямку півночі Київщини,2026-09-10T09:18:34.317066+00:00
2026-06-10,1,kpszsu,official,attacked,kyiv,0.0,,"канал вів повітряну обстановку (78 повідомлень з 118), жодного супроводу на Київ, тривог у місті менше 3 годин",2026-09-10T09:18:34.317066+00:00
2026-06-10,1,kpszsu,official,drones_launched,ua,221.0,,"ер-М із Бєлгородської обл., рф, а також 221 ударним БпЛА типу Shahed (в т.ч. реактивними), Гербе",2026-09-10T09:18:34.317066+00:00
2026-06-10,1,kpszsu,official,impact_locations,ua,9.0,,"і, півдні та сході країни.

Зафіксовано влучання ракет та 21 ударного БпЛА на 9 локаціях, а також падіння збитих (уламки) на 8",2026-09-10T09:18:34.317066+00:00
2026-06-10,1,kpszsu,official,targets_downed,ua,195.0,,"⚡️ ЗБИТО/ПОДАВЛЕНО 195 ВОРОЖИХ БПЛА
💥 За попередніми даними, с",2026-09-10T09:18:34.317066+00:00
2026-06-10,2,kpszsu,official,drone_tracks,kyiv_obl,1.0,64742,"🛵 Київщина: БпЛА в напрямку Яготина, Березані.",2026-09-10T09:18:34.317066+00:00
2026-06-11,1,kpszsu,official,attacked,kyiv,0.0,,"канал вів повітряну обстановку (53 повідомлень з 76), жодного супроводу на Київ, тривог у місті менше 3 годин",2026-09-10T09:18:34.317066+00:00
2026-06-11,1,kpszsu,official,drones_launched,ua,117.0,,"12 червня (з 18:00 11 червня) противник атакував 117 ударними БпЛА типу Shahed (в т.ч. реактивними), Гербе",2026-09-10T09:18:34.317066+00:00
2026-06-11,1,kpszsu,official,impact_locations,ua,7.0,,"мас та дронів інших типів.

Зафіксовано влучання 14 ударних БпЛА на 7 локаціях, а також падіння збитих (уламки) на 8",2026-09-10T09:18:34.317066+00:00
2026-06-11,1,kpszsu,official,targets_downed,ua,102.0,,"⚡️ ЗБИТО/ПОДАВЛЕНО 102 ВОРОЖИХ БПЛА
💥 За попередніми даними, с",2026-09-10T09:18:34.317066+00:00
2026-06-11,2,kpszsu,official,drone_tracks,kyiv_obl,1.0,64861,"🛵 БпЛА на Київщині, курс на н.п.Яготин/Березань",2026-09-10T09:18:34.317066+00:00
2026-06-12,1,kpszsu,official,attacked,kyiv,0.0,,"канал вів повітряну обстановку (53 повідомлень з 81), жодного супроводу на Київ, тривог у місті менше 3 годин",2026-09-10T09:18:34.317066+00:00
2026-06-12,1,kpszsu,official,drones_launched,ua,118.0,,"13 червня (з 18:00 12 червня) противник атакував 118 ударними БпЛА типу Shahed (в т.ч. реактивними), Гербе",2026-09-10T09:18:34.317066+00:00
2026-06-12,1,kpszsu,official,impact_locations,ua,3.0,,"і, півдні та сході країни.

Зафіксовано влучання 3 ударних БпЛА на 3 локаціях, а також падіння збитих (уламки) на 6",2026-09-10T09:18:34.317066+00:00
2026-06-12,1,kpszsu,official,targets_downed,ua,110.0,,"⚡️ЗБИТО/ПОДАВЛЕНО 110 ВОРОЖИХ БПЛА
💥 За попередніми даними, с",2026-09-10T09:18:34.317066+00:00
2026-06-12,2,kpszsu,official,drone_tracks,kyiv_obl,9.0,64948,🛵 БпЛА із півночі Чернігівщини вздовж кордону з Білоруссю ➡️ у напрямку півночі Київщини.,2026-09-10T09:18:34.317066+00:00
2026-06-13,1,kpszsu,official,attacked,kyiv,0.0,,"канал вів повітряну обстановку (106 повідомлень з 147), жодного супроводу на Київ, тривог у місті менше 3 годин",2026-09-10T09:18:34.317066+00:00
2026-06-13,1,kpszsu,official,drones_launched,ua,98.0,,"14 червня (з 18:00 13 червня) противник атакував 98 ударними БпЛА типу Shahed (в т.ч. реактивними), Гербе",2026-09-10T09:18:34.317066+00:00
2026-06-13,1,kpszsu,official,impact_locations,ua,6.0,,"і, півдні та сході країни.

Зафіксовано влучання 7 ударних БпЛА на 6 локаціях, а також падіння збитих (уламки) на 4",2026-09-10T09:18:34.317066+00:00
2026-06-13,1,kpszsu,official,targets_downed,ua,91.0,,"⚡️ ЗБИТО/ПОДАВЛЕНО 91 ВОРОЖИЙ БПЛА
💥 За попередніми даними, с",2026-09-10T09:18:34.317066+00:00
2026-06-13,2,kpszsu,official,drone_tracks,kyiv_obl,7.0,65009,"🛵 Чернігівщина: БпЛА на півдні від Славутича, курс - південний/південно-східний.",2026-09-10T09:18:34.317066+00:00
2026-06-14,1,kpszsu,official,attacked,kyiv,1.0,,є повідомлення супроводу цілей на Київ,2026-09-10T09:18:34.317066+00:00
2026-06-14,1,kpszsu,official,drone_tracks,kyiv,7.0,65194,"🛵 Реактивні БпЛА наближаються до Києва з півночі;
🛵 Ударні БпЛА у напрямку Броварів зі сходу.",2026-09-10T09:18:34.317066+00:00
2026-06-14,1,kpszsu,official,drones_launched,ua,611.0,,"в – Вологодська, Курська обл., - рф);
- 611 ударних БпЛА типу Shahed, Гербера, Італмас, баражуюч",2026-09-10T09:18:34.317066+00:00
2026-06-14,1,kpszsu,official,impact_locations,ua,42.0,,"нформацією, станом на 08.00 зафіксовано влучання 20 балістичних ракет та 27 ударних БпЛА на 42 локаціях, а також падіння збитих (уламки) БпЛА",2026-09-10T09:18:34.317066+00:00
2026-06-14,1,kpszsu,official,missile_tracks,kyiv,23.0,65201,🚀Ракета на Київ з півночі.,2026-09-10T09:18:34.317066+00:00
2026-06-14,1,kpszsu,official,targets_downed,ua,1214.0,,"⚡️ ЗБИТО/ПОДАВЛЕНО 632 ЦІЛІ: 50 РАКЕТ ТА 582 ВОРОЖІ БПЛА
💥 За ",2026-09-10T09:18:34.317066+00:00
2026-06-14,2,kpszsu,official,drone_tracks,kyiv_obl,7.0,65175,"🛵 БпЛА з Чернігівщини, курсом на Броварський район Київщини.",2026-09-10T09:18:34.317066+00:00
2026-06-14,2,kpszsu,official,missile_tracks,kyiv_obl,2.0,65191,🚀Ракета на Чернігівщині курсом на Київщину.,2026-09-10T09:18:34.317066+00:00
2026-06-15,1,kpszsu,official,attacked,kyiv,0.0,,"канал вів повітряну обстановку (48 повідомлень з 72), жодного супроводу на Київ, тривог у місті менше 3 годин",2026-09-10T09:18:34.317066+00:00
2026-06-15,1,kpszsu,official,drones_launched,ua,132.0,,"андер-М із Ростовської обл. рф, а також 132 ударним БпЛА типу Shahed (в т.ч. реактивними), Гербе",2026-09-10T09:18:34.317066+00:00
2026-06-15,1,kpszsu,official,impact_locations,ua,9.0,,"і, півдні та сході країни.

Зафіксовано влучання ракет та 16 ударних БпЛА на 9 локаціях, а також падіння збитих (уламки) на 8",2026-09-10T09:18:34.317066+00:00
2026-06-15,1,kpszsu,official,targets_downed,ua,114.0,,"⚡️ ЗБИТО/ПОДАВЛЕНО 114 ВОРОЖИХ БПЛА
💥 За попередніми даними, с",2026-09-10T09:18:34.317066+00:00
2026-06-16,1,kpszsu,official,attacked,kyiv,0.0,,"канал вів повітряну обстановку (75 повідомлень з 104), жодного супроводу на Київ, тривог у місті менше 3 годин",2026-09-10T09:18:34.317066+00:00
2026-06-16,1,kpszsu,official,drones_launched,ua,119.0,,"17 червня (з 18:00 16 червня) противник атакував 119 ударними БпЛА типу Shahed (в т.ч. реактивними), Гербе",2026-09-10T09:18:34.317066+00:00
2026-06-16,1,kpszsu,official,impact_locations,ua,11.0,,"і, півдні та сході країни.

Зафіксовано влучання 20 ударних БпЛА на 11 локаціях, а також падіння збитих (уламки) на 6",2026-09-10T09:18:34.317066+00:00
2026-06-16,1,kpszsu,official,targets_downed,ua,97.0,,"⚡️ ЗБИТО/ПОДАВЛЕНО 97 ЦІЛЕЙ ПРОТИВНИКА
💥 За попередніми даним",2026-09-10T09:18:34.317066+00:00
2026-06-16,2,kpszsu,official,drone_tracks,kyiv_obl,4.0,65340,🛵 БпЛА в напрямку Славутича з північного сходу.,2026-09-10T09:18:34.317066+00:00
2026-06-17,1,kpszsu,official,attacked,kyiv,1.0,,є повідомлення супроводу цілей на Київ,2026-09-10T09:18:34.317066+00:00
2026-06-17,1,kpszsu,official,drone_tracks,kyiv,6.0,65492,🛵 Ударні БпЛА на Київщині в р-ні. н.п. Баришівка курсом на Київ.,2026-09-10T09:18:34.317066+00:00
2026-06-17,1,kpszsu,official,drones_launched,ua,239.0,,"ої, Брянської та Курської областей -рф, 239 ударними БпЛА типу Shahed (в т.ч. реактивними), Гербе",2026-09-10T09:18:34.317066+00:00
2026-06-17,1,kpszsu,official,impact_locations,ua,9.0,,"і, півдні та сході країни.

Зафіксовано влучання двох балістичних ракет та 26 ударних БпЛА на 9 локаціях, а також падіння уламків на 7 локація",2026-09-10T09:18:34.317066+00:00
2026-06-17,1,kpszsu,official,missile_tracks,kyiv,1.0,65482,Ще ракета на Київ,2026-09-10T09:18:34.317066+00:00
2026-06-17,1,kpszsu,official,targets_downed,ua,428.0,,"⚡️ ЗБИТО/ПОДАВЛЕНО 216 ЦІЛЕЙ
💥 За попередніми даними, станом н",2026-09-10T09:18:34.317066+00:00
2026-06-17,2,kpszsu,official,drone_tracks,kyiv_obl,1.0,65502,🛵 Ударні БпЛА на півночі Чернігівщини курсом на Київщину.,2026-09-10T09:18:34.317066+00:00
2026-06-18,1,kpszsu,official,attacked,kyiv,1.0,,є повідомлення супроводу цілей на Київ,2026-09-10T09:18:34.317066+00:00
2026-06-18,1,kpszsu,official,drone_tracks,kyiv,1.0,65545,🛵 Реактивний БпЛА ➡️ в напрямку Броварів/Києва.,2026-09-10T09:18:34.317066+00:00
2026-06-18,1,kpszsu,official,drones_launched,ua,90.0,,"19 червня (з 18:00 18 червня) противник атакував 90 ударними БпЛА типу Shahed, Гербера, Італмас, Бандерол",2026-09-10T09:18:34.317066+00:00
2026-06-18,1,kpszsu,official,impact_locations,ua,8.0,,"і, півдні та сході країни.

Зафіксовано влучання 9 ударних БпЛА на 8 локаціях, а також падіння збитих (уламки) на 8",2026-09-10T09:18:34.317066+00:00
2026-06-18,1,kpszsu,official,targets_downed,ua,79.0,,"⚡️ ЗБИТО/ПОДАВЛЕНО 79 ВОРОЖИХ БПЛА
💥 За попередніми даними, с",2026-09-10T09:18:34.317066+00:00
2026-06-18,2,kpszsu,official,drone_tracks,kyiv_obl,4.0,65541,🛵 БпЛА на півночі Чернігівщини вздовж кордону з Білоруссю ➡️ у напрямку півночі Київщини.,2026-09-10T09:18:34.317066+00:00
2026-06-19,1,kpszsu,official,attacked,kyiv,0.0,,"канал вів повітряну обстановку (61 повідомлень з 87), жодного супроводу на Київ, тривог у місті менше 3 годин",2026-09-10T09:18:34.317066+00:00
2026-06-19,1,kpszsu,official,drones_launched,ua,99.0,,"20 червня (з 18:00 19 червня) противник атакував 99 ударними БпЛА типу Shahed (в т.ч. реактивними), Гербе",2026-09-10T09:18:34.317066+00:00
2026-06-19,1,kpszsu,official,impact_locations,ua,3.0,,"і, півдні та сході країни.

Зафіксовано влучання 7 ударних БпЛА на 3 локаціях, а також падіння збитих (уламки) на 3",2026-09-10T09:18:34.317066+00:00
2026-06-19,1,kpszsu,official,targets_downed,ua,92.0,,"⚡️ ЗБИТО/ПОДАВЛЕНО 92 ВОРОЖИХ БПЛА
💥 За попередніми даними, с",2026-09-10T09:18:34.317066+00:00
2026-06-19,2,kpszsu,official,drone_tracks,kyiv_obl,1.0,65656,"🛵 Група ударних БпЛА на півночі на межі Сумської та Чернігівської областей, курс південно-західний (Київщина).",2026-09-10T09:18:34.317066+00:00
2026-06-20,1,kpszsu,official,attacked,kyiv,1.0,,є повідомлення супроводу цілей на Київ,2026-09-10T09:18:34.317066+00:00
2026-06-20,1,kpszsu,official,drone_tracks,kyiv,3.0,65687,"🛵 Чернігівщина: 
- декілька груп БпЛА повз Сосницю, Куликівку в напрямку Київського водосховища;
- БпЛА повз н.п.Остер, Десна в напрямку Любичева, Києва;
🛵 Київщина: БпЛА на півночі області, курс - за",2026-09-10T09:18:34.317066+00:00
2026-06-20,1,kpszsu,official,drones_launched,ua,105.0,," повітряний простір Рязанської обл.) та 105 ударними БпЛА типу Shahed (в т.ч. реактивними), Гербе",2026-09-10T09:18:34.317066+00:00
2026-06-20,1,kpszsu,official,impact_locations,ua,6.0,,"і, сході та центрі країни.

Зафіксовано влучання балістичних ракет та 6 ударних БпЛА на 6 локаціях, а також падіння уламків на 5 локація",2026-09-10T09:18:34.317066+00:00
2026-06-20,1,kpszsu,official,missile_tracks,kyiv,1.0,65753,🚀Ракета на Чернігівщині у напрямку Києва.,2026-09-10T09:18:34.317066+00:00
2026-06-20,1,kpszsu,official,targets_downed,ua,96.0,,"⚡️ ЗБИТО/ПОДАВЛЕНО 96 ВОРОЖИХ БПЛА
💥 За попередніми даними, с",2026-09-10T09:18:34.317066+00:00
2026-06-20,2,kpszsu,official,drone_tracks,kyiv_obl,22.0,65672,🛵 Київщина: БпЛА на/повз Богуслав з півдня північним курсом.,2026-09-10T09:18:34.317066+00:00
2026-06-20,2,kpszsu,official,missile_tracks,kyiv_obl,4.0,65754,🚀Ракета пройшла через Київщину у напрямку Житомира.,2026-09-10T09:18:34.317066+00:00
2026-06-21,1,kpszsu,official,attacked,kyiv,1.0,,є повідомлення супроводу цілей на Київ,2026-09-10T09:18:34.317066+00:00
2026-06-21,1,kpszsu,official,drone_tracks,kyiv,2.0,65864,"🛵 Група реактивних БпЛА з Чернігівщини ➡️ на Київщину, курсом на столицю.",2026-09-10T09:18:34.317066+00:00
2026-06-21,1,kpszsu,official,drones_launched,ua,88.0,,"етою Іскандер-М із ТОТ АР Крим, а також 88 ударними БпЛА типу Shahed (в т.ч. реактивними), Гербе",2026-09-10T09:18:34.317066+00:00
2026-06-21,1,kpszsu,official,impact_locations,ua,6.0,,"і, півдні та сході країни.

Зафіксовано влучання балістичної ракети та 5 ударних БпЛА на 6 локаціях, а також падіння збитих (уламки) на 9",2026-09-10T09:18:34.317066+00:00
2026-06-21,1,kpszsu,official,targets_downed,ua,79.0,,"⚡️ ЗБИТО/ПОДАВЛЕНО 79 ВОРОЖИХ БПЛА
💥 За попередніми даними, с",2026-09-10T09:18:34.317066+00:00
2026-06-21,2,kpszsu,official,drone_tracks,kyiv_obl,1.0,65861,"🛵 БпЛА з півночі Київщини ➡️ на Житомирщину, курсом на Народичі, Коростень.
🛵 БпЛА в центрі, на півдні Житомирщини ➡️ курсом на Звягель, Бердичів.",2026-09-10T09:18:34.317066+00:00
2026-06-22,1,kpszsu,official,attacked,kyiv,1.0,,є повідомлення супроводу цілей на Київ,2026-09-10T09:18:34.317066+00:00
2026-06-22,1,kpszsu,official,drone_tracks,kyiv,3.0,66031,"🛵 БпЛА над Київським водосховищем, курсом на Вишгород/Київ.",2026-09-10T09:18:34.317066+00:00
2026-06-22,1,kpszsu,official,drones_launched,ua,135.0,,"23 червня (з 18:00 22 червня) противник атакував 135 ударними БпЛА типу Shahed (в т.ч. реактивними), Гербе",2026-09-10T09:18:34.317066+00:00
2026-06-22,1,kpszsu,official,impact_locations,ua,11.0,,"і, півдні та сході країни.

Зафіксовано влучання 13 ударних БпЛА на 11 локаціях, а також падіння збитих (уламки) на 3",2026-09-10T09:18:34.317066+00:00
2026-06-22,1,kpszsu,official,targets_downed,ua,118.0,,"⚡️ ЗБИТО/ПОДАВЛЕНО 118 ВОРОЖИХ БПЛА
💥 За попередніми даними, с",2026-09-10T09:18:34.317066+00:00
2026-06-22,2,kpszsu,official,drone_tracks,kyiv_obl,7.0,66014,🛵 БпЛА із Чернігівщини (повз Лосинівку) ➡️ у напрямку Київщини.,2026-09-10T09:18:34.317066+00:00
2026-06-23,1,kpszsu,official,attacked,kyiv,0.0,,"канал вів повітряну обстановку (58 повідомлень з 92), жодного супроводу на Київ, тривог у місті менше 3 годин",2026-09-10T09:18:34.317066+00:00
2026-06-23,1,kpszsu,official,drones_launched,ua,101.0,,"24 червня (з 18:00 23 червня) противник атакував 101 ударним БпЛА типу Shahed (в т.ч. реактивними), Гербе",2026-09-10T09:18:34.317066+00:00
2026-06-23,1,kpszsu,official,impact_locations,ua,5.0,,"і, півдні та сході країни.

Зафіксовано влучання 6 ударних БпЛА на 5 локаціях, а також падіння уламків на 6 локація",2026-09-10T09:18:34.317066+00:00
2026-06-23,1,kpszsu,official,targets_downed,ua,95.0,,"⚡️ ЗБИТО/ПОДАВЛЕНО 95 ВОРОЖИХ БПЛА
💥 За попередніми даними, с",2026-09-10T09:18:34.317066+00:00
2026-06-23,2,kpszsu,official,drone_tracks,kyiv_obl,1.0,66116,🛵 БпЛА на Чернігівщині курсом на Київщину,2026-09-10T09:18:34.317066+00:00
2026-06-24,1,kpszsu,official,attacked,kyiv,0.0,,"канал вів повітряну обстановку (112 повідомлень з 167), жодного супроводу на Київ, тривог у місті менше 3 годин",2026-09-10T09:18:34.317066+00:00
2026-06-24,1,kpszsu,official,drones_launched,ua,90.0,,"етою Іскандер-М із ТОТ АР Крим, а також 90 ударними БпЛА типу Shahed (в т.ч. реактивними), Гербе",2026-09-10T09:18:34.317066+00:00
2026-06-24,1,kpszsu,official,impact_locations,ua,7.0,,"і, півдні та сході країни.

Зафіксовано влучання балістичної ракети та 6 ударних БпЛА на 7 локаціях, а також падіння збитих (уламки) на 9",2026-09-10T09:18:34.317066+00:00
2026-06-24,1,kpszsu,official,targets_downed,ua,83.0,,"⚡️ ЗБИТО/ПОДАВЛЕНО 83 ВОРОЖИХ БПЛА
💥 За попередніми даними, с",2026-09-10T09:18:34.317066+00:00
2026-06-24,2,kpszsu,official,drone_tracks,kyiv_obl,3.0,66253,🛵 Чернігівщина: БпЛА ➡️ курсом на Славутич.,2026-09-10T09:18:34.317066+00:00
2026-06-25,1,kpszsu,official,attacked,kyiv,1.0,,є повідомлення супроводу цілей на Київ,2026-09-10T09:18:34.317066+00:00
2026-06-25,1,kpszsu,official,drones_launched,ua,189.0,,"ині) з Брянської, Курської обл., рф, та 189 ударними БпЛА типу Shahed (в т.ч. реактивними), Гербе",2026-09-10T09:18:34.317066+00:00
2026-06-25,1,kpszsu,official,impact_locations,ua,12.0,,"і, центрі та сході країни.

Зафіксовано влучання 4 балістичних ракет та 11 ударних БпЛА на 12 локаціях, а також падіння збитих (уламки) на 6",2026-09-10T09:18:34.317066+00:00
2026-06-25,1,kpszsu,official,missile_tracks,kyiv,2.0,66370,Ракета на Київ!,2026-09-10T09:18:34.317066+00:00
2026-06-25,1,kpszsu,official,targets_downed,ua,351.0,,"⚡️ ЗБИТО/ПОДАВЛЕНО 177 ЦІЛЕЙ
💥 За попередніми даними, станом н",2026-09-10T09:18:34.317066+00:00
2026-06-25,2,kpszsu,official,drone_tracks,kyiv_obl,1.0,66393,"🛵 БпЛА на заході Чернігівщини, курс на Київщину.",2026-09-10T09:18:34.317066+00:00
2026-06-26,1,kpszsu,official,attacked,kyiv,0.0,,"канал вів повітряну обстановку (76 повідомлень з 97), жодного супроводу на Київ, тривог у місті менше 3 годин",2026-09-10T09:18:34.317066+00:00
2026-06-26,1,kpszsu,official,drones_launched,ua,129.0,,"27 червня (з 18:00 26 червня) противник атакував 129 ударними БпЛА типу Shahed (в т.ч. реактивними), Гербе",2026-09-10T09:18:34.317066+00:00
2026-06-26,1,kpszsu,official,impact_locations,ua,7.0,,"і, півдні та сході країни.

Зафіксовано влучання 13 ударних БпЛА на 7 локаціях, а також падіння збитих (уламки) на 3",2026-09-10T09:18:34.317066+00:00
2026-06-26,1,kpszsu,official,targets_downed,ua,113.0,,"⚡️ ЗБИТО/ПОДАВЛЕНО 113 ВОРОЖИХ БПЛА
💥 За попередніми даними, с",2026-09-10T09:18:34.317066+00:00
2026-06-26,2,kpszsu,official,drone_tracks,kyiv_obl,6.0,66483,"🛵 Група БпЛА з Брянської обл., рф ➡️ на Чернігівщину, рухається уздовж кордону з Білоруссю на Любеч, Славутич.",2026-09-10T09:18:34.317066+00:00
2026-06-27,1,kpszsu,official,attacked,kyiv,1.0,,є повідомлення супроводу цілей на Київ,2026-09-10T09:18:34.317066+00:00
2026-06-27,1,kpszsu,official,drone_tracks,kyiv,2.0,66587,🛵 Реактивний БпЛА ➡️ курсом на Бровари/Київ.,2026-09-10T09:18:34.317066+00:00
2026-06-27,1,kpszsu,official,drones_launched,ua,142.0,," Іскандер-М/С-400 із Брянської обл., та 142 ударними БпЛА типу Shahed (в т.ч. реактивними), Гербе",2026-09-10T09:18:34.317066+00:00
2026-06-27,1,kpszsu,official,impact_locations,ua,11.0,,"і, півдні та сході країни.

Зафіксовано влучання ракети та 14 ударних БпЛА на 11 локаціях, а також падіння збитих (уламки) на 1",2026-09-10T09:18:34.317066+00:00
2026-06-27,1,kpszsu,official,missile_tracks,kyiv,3.0,66599,Балістика на Київ!,2026-09-10T09:18:34.317066+00:00
2026-06-27,1,kpszsu,official,targets_downed,ua,257.0,,"⚡️ ЗБИТО/ПОДАВЛЕНО 132 ЦІЛІ ПРОТИВНИКА
💥 За попередніми даними",2026-09-10T09:18:34.317066+00:00
2026-06-27,2,kpszsu,official,drone_tracks,kyiv_obl,9.0,66581,🛵 Чернігівщина: група БпЛА вздовж кордону з Білоруссю ➡️ в напрямку Славутича.,2026-09-10T09:18:34.317066+00:00
2026-06-28,1,kpszsu,official,attacked,kyiv,0.0,,"канал вів повітряну обстановку (78 повідомлень з 112), жодного супроводу на Київ, тривог у місті менше 3 годин",2026-09-10T09:18:34.317066+00:00
2026-06-28,1,kpszsu,official,drones_launched,ua,108.0,,"29 червня (з 18:00 28 червня) противник атакував 108 ударними БпЛА типу Shahed, Гербера, Італмас та дронам",2026-09-10T09:18:34.317066+00:00
2026-06-28,1,kpszsu,official,targets_downed,ua,82.0,,"⚡️ЗБИТО/ПОДАВЛЕНО 82 ВОРОЖИХ БПЛА
💥 За попередніми даними, с",2026-09-10T09:18:34.317066+00:00
2026-06-29,1,kpszsu,official,attacked,kyiv,0.0,,"канал вів повітряну обстановку (113 повідомлень з 145), жодного супроводу на Київ, тривог у місті менше 3 годин",2026-09-10T09:18:34.317066+00:00
2026-06-29,1,kpszsu,official,drones_launched,ua,154.0,,"30 червня (з 18:00 29 червня) противник атакував 154 ударними БпЛА типу Shahed (в т.ч. реактивними), Гербе",2026-09-10T09:18:34.317066+00:00
2026-06-29,1,kpszsu,official,impact_locations,ua,10.0,,"і, центрі та сході країни.

Зафіксовано влучання 13 ударних БпЛА на 10 локаціях, а також падіння збитих (уламки) на 2",2026-09-10T09:18:34.317066+00:00
2026-06-29,1,kpszsu,official,targets_downed,ua,138.0,,"⚡️ ЗБИТО/ПОДАВЛЕНО 138 ЦІЛЕЙ
💥 За попередніми даними, станом н",2026-09-10T09:18:34.317066+00:00
2026-06-30,1,kpszsu,official,attacked,kyiv,0.0,,"канал вів повітряну обстановку (43 повідомлень з 64), жодного супроводу на Київ, тривог у місті менше 3 годин",2026-09-10T09:18:34.317066+00:00
2026-06-30,1,kpszsu,official,drones_launched,ua,151.0,,"кетою Х-59 із акваторії Чорного моря та 151 ударним БпЛА типу Shahed, Гербера, Італмас та дронам",2026-09-10T09:18:34.317066+00:00
2026-06-30,2,kpszsu,official,drone_tracks,kyiv_obl,2.0,66932,"🛵 БпЛА на півдні Чернігівщини, курс на Київщину (Бровари)",2026-09-10T09:18:34.317066+00:00
2026-07-01,1,kpszsu,official,attacked,kyiv,1.0,,є повідомлення супроводу цілей на Київ,2026-09-10T09:18:34.317066+00:00
2026-07-01,1,kpszsu,official,drone_tracks,kyiv,31.0,66999,🛵 БпЛА в р-ні. Переяслава у напрямку Києва,2026-09-10T09:18:34.317066+00:00
2026-07-01,1,kpszsu,official,impact_locations,ua,33.0,,"нформацією, станом на 09.00 зафіксовано влучання 25 балістичних ракет та 12 ударних БпЛА на 33 локаціях, а також падіння збитих (уламки) БпЛА",2026-09-10T09:18:34.317066+00:00
2026-07-01,1,kpszsu,official,missile_tracks,kyiv,26.0,67028,🚀 Ракета на Київ з півночі,2026-09-10T09:18:34.317066+00:00
2026-07-01,1,kpszsu,official,targets_downed,ua,1000.0,,"⚡️ ЗБИТО/ПОДАВЛЕНО 524 ЦІЛІ: 48 РАКЕТ ТА 476 ВОРОЖИХ БПЛА
💥 За",2026-09-10T09:18:34.317066+00:00
2026-07-01,2,kpszsu,official,drone_tracks,kyiv_obl,10.0,66996,"🛵 БпЛА на заході Сумщини курсом на Чернігівщину західним курсом.
🛵 БпЛА на півночі Чернігівщини курсом на Київщину;
🛵 БпЛА на Полтавщині курсом на Полтаву з півночі та Кременчук зі сходу.",2026-09-10T09:18:34.317066+00:00
2026-07-01,2,kpszsu,official,missile_tracks,kyiv_obl,2.0,67058,🚀Ракета змінила напрямок на Черкащину та рухається у напрямку Київщини.,2026-09-10T09:18:34.317066+00:00
2026-07-02,1,kpszsu,official,attacked,kyiv,0.0,,"канал вів повітряну обстановку (67 повідомлень з 96), жодного супроводу на Київ, тривог у місті менше 3 годин",2026-09-10T09:18:34.317066+00:00
2026-07-02,1,kpszsu,official,drones_launched,ua,105.0,,"и Х-59/69 із ТОТ Запорізької області та 105 ударними БпЛА типу Shahed (в т.ч. реактивними), Гербе",2026-09-10T09:18:34.317066+00:00
2026-07-02,1,kpszsu,official,impact_locations,ua,16.0,,"і, півдні та сході країни.

Зафіксовано влучання 1 керованої авіаційної ракети Х-59/69 та 21 ударного БпЛА на 16 локаціях, а також падіння збитих (уламки) на 5",2026-09-10T09:18:34.317066+00:00
2026-07-02,1,kpszsu,official,targets_downed,ua,165.0,,"⚡️ ЗБИТО/ПОДАВЛЕНО 83 ЦІЛІ
💥 За попередніми даними, станом на",2026-09-10T09:18:34.317066+00:00
2026-07-03,1,kpszsu,official,attacked,kyiv,0.0,,"канал вів повітряну обстановку (74 повідомлень з 113), жодного супроводу на Київ, тривог у місті менше 3 годин",2026-09-10T09:18:34.317066+00:00
2026-07-03,1,kpszsu,official,drones_launched,ua,86.0,,"тою Х-59/69 з акваторії Чорного моря та 86 ударними БпЛА типу Shahed (в т.ч. реактивними), Гербе",2026-09-10T09:18:34.317066+00:00
2026-07-03,1,kpszsu,official,impact_locations,ua,16.0,,"і, півдні та сході країни.

Зафіксовано влучання двох ракет та 17 ударних БпЛА на 16 локаціях, а також падіння збитих (уламки) на 5",2026-09-10T09:18:34.317066+00:00
2026-07-03,1,kpszsu,official,targets_downed,ua,69.0,,"⚡️ЗБИТО/ПОДАВЛЕНО 69 ЦІЛЕЙ ПРОТИВНИКА
💥 За попередніми даним",2026-09-10T09:18:34.317066+00:00
2026-07-04,1,kpszsu,official,attacked,kyiv,0.0,,"канал вів повітряну обстановку (44 повідомлень з 63), жодного супроводу на Київ, тривог у місті менше 3 годин",2026-09-10T09:18:34.317066+00:00
2026-07-04,1,kpszsu,official,drones_launched,ua,125.0,,"ітряного простору ТОТ Запорізької обл., 125 ударними БпЛА типу Shahed (в т.ч. реактивними), Гербе",2026-09-10T09:18:34.317066+00:00
2026-07-04,1,kpszsu,official,impact_locations,ua,3.0,,"ою Х-31 не досягла цілі.  

Зафіксовано влучання 4 ударних БпЛА на 3 локаціях, а також падіння збитих (уламки) на 8",2026-09-10T09:18:34.317066+00:00
2026-07-04,1,kpszsu,official,targets_downed,ua,115.0,,"⚡️ЗБИТО/ПОДАВЛЕНО 115 ЦІЛЕЙ ПРОТИВНИКА
💥 За попередніми даним",2026-09-10T09:18:34.317066+00:00
2026-07-04,2,kpszsu,official,drone_tracks,kyiv_obl,1.0,67353,🛵 БпЛА на Чернігівщині - курсом на Київщину (Згурівка).,2026-09-10T09:18:34.317066+00:00
2026-07-05,1,kpszsu,official,attacked,kyiv,1.0,,є повідомлення супроводу цілей на Київ,2026-09-10T09:18:34.317066+00:00
2026-07-05,1,kpszsu,official,drone_tracks,kyiv,4.0,67463,🛵 Групи ударних БпЛА у напрямку Києва з півночі та зі сходу!,2026-09-10T09:18:34.317066+00:00
2026-07-05,1,kpszsu,official,drones_launched,ua,351.0,,"р (район пуску – Новоросійськ, - рф);
- 351 ударний БпЛА типу Shahed, Гербера, Італмас, дронів-і",2026-09-10T09:18:34.317066+00:00
2026-07-05,1,kpszsu,official,missile_tracks,kyiv,10.0,67450,Балістика на Київ!,2026-09-10T09:18:34.317066+00:00
2026-07-05,1,kpszsu,official,targets_downed,ua,689.0,,"⚡️ ЗБИТО/ПОДАВЛЕНО 363 ЦІЛІ: 37 РАКЕТ ТА 326 ВОРОЖИХ БПЛА
💥 За",2026-09-10T09:18:34.317066+00:00
2026-07-05,2,kpszsu,official,drone_tracks,kyiv_obl,9.0,67388,🛵 Чернігівщина: реактивний БпЛА повз Десну ➡️ курсом на Київщину.,2026-09-10T09:18:34.317066+00:00
2026-07-05,2,kpszsu,official,missile_tracks,kyiv_obl,3.0,67474,🚀Крилаті ракети  в районі Борисполя!,2026-09-10T09:18:34.317066+00:00
2026-07-06,1,kpszsu,official,attacked,kyiv,0.0,,"канал вів повітряну обстановку (91 повідомлень з 125), жодного супроводу на Київ, тривог у місті менше 3 годин",2026-09-10T09:18:34.317066+00:00
2026-07-06,1,kpszsu,official,drones_launched,ua,123.0,," на 7 липня (з 18:00 6 липня) противник атакував 123 ударними БпЛА типу Shahed (в т.ч. реактивними), Гербе",2026-09-10T09:18:34.317066+00:00
2026-07-06,1,kpszsu,official,impact_locations,ua,10.0,,"і, центрі та сході країни.

Зафіксовано влучання 12 ударних БпЛА на 10 локаціях, а також падіння збитих (уламки) на 5",2026-09-10T09:18:34.317066+00:00
2026-07-06,1,kpszsu,official,targets_downed,ua,108.0,,"⚡️ ЗБИТО/ПОДАВЛЕНО 108 ЦІЛЕЙ
💥 За попередніми даними, станом н",2026-09-10T09:18:34.317066+00:00
2026-07-07,1,kpszsu,official,attacked,kyiv,1.0,,є повідомлення супроводу цілей на Київ,2026-09-10T09:18:34.317066+00:00
2026-07-07,1,kpszsu,official,drone_tracks,kyiv,4.0,67697,🛵 Київ - реактивний БпЛА  в напрямку міста.,2026-09-10T09:18:34.317066+00:00
2026-07-07,1,kpszsu,official,drones_launched,ua,169.0,,"у – ТОТ АР Крим, Брянська обл., - рф)., 169 ударними БпЛА типу Shahed (в т.ч. реактивними), Гербе",2026-09-10T09:18:34.317066+00:00
2026-07-07,1,kpszsu,official,impact_locations,ua,4.0,,", півдні та сході країни, 

Зафіксовано влучання 5 балістичних ракет Іскандер-М/С-400 на 4 локаціях та 20 ударних БпЛА на 11 локаціях, а ",2026-09-10T09:18:34.317066+00:00
2026-07-07,1,kpszsu,official,missile_tracks,kyiv,2.0,67681,Ракета на Київ!,2026-09-10T09:18:34.317066+00:00
2026-07-07,1,kpszsu,official,targets_downed,ua,139.0,,"⚡️ЗБИТО/ПОДАВЛЕНО 139 ЦІЛЕЙ ПРОТИВНИКА
💥 За попередніми даним",2026-09-10T09:18:34.317066+00:00
2026-07-07,2,kpszsu,official,drone_tracks,kyiv_obl,6.0,67684,🛵 Реактивний БпЛА у районі Десна на Київщині!,2026-09-10T09:18:34.317066+00:00
2026-07-08,1,kpszsu,official,attacked,kyiv,1.0,,є повідомлення супроводу цілей на Київ,2026-09-10T09:18:34.317066+00:00
2026-07-08,1,kpszsu,official,drone_tracks,kyiv,5.0,67740,"🛵 Реактивний БпЛА на Київщині, курс на Київ з півночі.",2026-09-10T09:18:34.317066+00:00
2026-07-08,1,kpszsu,official,drones_launched,ua,94.0,,"и ракетами Іскандер-М із ТОТ АР Крим та 94 ударними БпЛА типу Shahed (в т.ч. реактивними), Гербе",2026-09-10T09:18:34.317066+00:00
2026-07-08,1,kpszsu,official,impact_locations,ua,13.0,,"і, півдні та сході країни.

Зафіксовано влучання двох балістичних ракет та 19 ударних БпЛА на 13 локаціях, а також падіння збитих (уламки) на 4",2026-09-10T09:18:34.317066+00:00
2026-07-08,1,kpszsu,official,targets_downed,ua,72.0,,"⚡️ ЗБИТО/ПОДАВЛЕНО 72 ЦІЛІ ПРОТИВНИКА
💥За попередніми даними,",2026-09-10T09:18:34.317066+00:00
2026-07-08,2,kpszsu,official,drone_tracks,kyiv_obl,11.0,67739,"🛵 Реактивний БпЛА на Чернігівщині (повз н.п.Десна), курс на Київщину.",2026-09-10T09:18:34.317066+00:00
2026-07-09,1,kpszsu,official,attacked,kyiv,0.0,,"канал вів повітряну обстановку (43 повідомлень з 65), жодного супроводу на Київ, тривог у місті менше 3 годин",2026-09-10T09:18:34.317066+00:00
2026-07-09,1,kpszsu,official,drones_launched,ua,137.0,,"а 10 липня (з 18:00 09 липня) противник атакував 137 ударними БпЛА типу Shahed (в т.ч. реактивними), Гербе",2026-09-10T09:18:34.317066+00:00
2026-07-09,1,kpszsu,official,impact_locations,ua,16.0,,"і, півдні та сході країни.

Зафіксовано влучання 18 ударних БпЛА на 16 локаціях, а також падіння збитих (уламки) на 4",2026-09-10T09:18:34.317066+00:00
2026-07-09,1,kpszsu,official,targets_downed,ua,114.0,,"⚡️ ЗБИТО/ПОДАВЛЕНО 114 ВОРОЖИХ БПЛА
💥 За попередніми даними, с",2026-09-10T09:18:34.317066+00:00
2026-07-09,2,kpszsu,official,drone_tracks,kyiv_obl,1.0,67931,"🛵 Група реактивних БпЛА на Чернігівщині, курсом на Київщину/Черкащину.
🛵 Група БпЛА на Дніпропетровщині - в напрямку Кривого Рогу.
🛵 Група БпЛА на Харківщині - курсом на південь.",2026-09-10T09:18:34.317066+00:00
2026-07-10,1,kpszsu,official,attacked,kyiv,1.0,,є повідомлення супроводу цілей на Київ,2026-09-10T09:18:34.317066+00:00
2026-07-10,1,kpszsu,official,drones_launched,ua,121.0,,"кетами Х-31 з акваторії Чорного моря та 121 ударним БпЛА типу Shahed, Гербера, Італмас та дронам",2026-09-10T09:18:34.317066+00:00
2026-07-10,1,kpszsu,official,missile_tracks,kyiv,1.0,67981,Київ - ракетна небезпека!,2026-09-10T09:18:34.317066+00:00
2026-07-10,1,kpszsu,official,targets_downed,ua,113.0,,"⚡️ЗБИТО/ПОДАВЛЕНО 2 РАКЕТИ Х-59/69 ТА 111 ВОРОЖИХ БПЛА
💥 За",2026-09-10T09:18:34.317066+00:00
2026-07-11,1,kpszsu,official,attacked,kyiv,0.0,,"канал вів повітряну обстановку (93 повідомлень з 132), жодного супроводу на Київ, тривог у місті менше 3 годин",2026-09-10T09:18:34.317066+00:00
2026-07-11,1,kpszsu,official,drones_launched,ua,115.0,,"ами Х-31 з південного напрямку, а також 115 ударними БпЛА типу Shahed (в т.ч. реактивними), Гербе",2026-09-10T09:18:34.317066+00:00
2026-07-11,1,kpszsu,official,impact_locations,ua,12.0,,"і, центрі та сході країни.

Зафіксовано влучання 2 керованих авіаційних ракет Х-59/69 та 19 ударних БпЛА на 12 локаціях, а також падіння збитих (уламки) на 1",2026-09-10T09:18:34.317066+00:00
2026-07-11,1,kpszsu,official,targets_downed,ua,102.0,,"⚡️ ЗБИТО/ПОДАВЛЕНО 102 ЦІЛІ
💥 За попередніми даними, станом на",2026-09-10T09:18:34.317066+00:00
2026-07-11,2,kpszsu,official,drone_tracks,kyiv_obl,1.0,68038,🛵 Чернігівщина: група реактивних БпЛА ➡️ курсом на Славутич.,2026-09-10T09:18:34.317066+00:00
2026-07-12,1,kpszsu,official,attacked,kyiv,0.0,,"канал вів повітряну обстановку (98 повідомлень з 138), жодного супроводу на Київ, тривог у місті менше 3 годин",2026-09-10T09:18:34.317066+00:00
2026-07-12,1,kpszsu,official,drones_launched,ua,134.0,," із повітряного простору ТОТ АР Крим та 134 ударними БпЛА типу Shahed (в т.ч. реактивними), Гербе",2026-09-10T09:18:34.317066+00:00
2026-07-12,1,kpszsu,official,impact_locations,ua,5.0,,"і, півдні та сході країни.

Зафіксовано влучання 6 ударних БпЛА на 5 локаціях, а також падіння збитих (уламки) на 4",2026-09-10T09:18:34.317066+00:00
2026-07-12,1,kpszsu,official,targets_downed,ua,249.0,,"⚡️ ЗБИТО/ПОДАВЛЕНО 126 ЦІЛЕЙ ПРОТИВНИКА
💥 За попередніми даним",2026-09-10T09:18:34.317066+00:00
2026-07-12,2,kpszsu,official,drone_tracks,kyiv_obl,1.0,68185,"🛵 Дніпропетровщина: 
- БпЛА ➡️ на/повз Софіївку з півдня,
- БпЛА ➡️ на/повз Апостолове з південного сходу;
🛵 Запорізька область: БпЛА ➡️ на/повз Комишуваху, курс - північно-західний;
🛵 реактивні БпЛА ",2026-09-10T09:18:34.317066+00:00
2026-07-13,1,kpszsu,official,attacked,kyiv,1.0,,є повідомлення супроводу цілей на Київ,2026-09-10T09:18:34.317066+00:00
2026-07-13,1,kpszsu,official,drones_launched,ua,135.0,,"ку – повітряний простір ТОТ АР Крим) та 135 ударними БпЛА типу Shahed (в т.ч. реактивними), Гербе",2026-09-10T09:18:34.317066+00:00
2026-07-13,1,kpszsu,official,impact_locations,ua,17.0,,"і, сході та центрі країни.

Зафіксовано влучання балістичної ракети та 25 ударних БпЛА на 17 локаціях, а також падіння уламків на 10 локаці",2026-09-10T09:18:34.317066+00:00
2026-07-13,1,kpszsu,official,missile_tracks,kyiv,1.0,68356,Ракета на Київ!,2026-09-10T09:18:34.317066+00:00
2026-07-13,1,kpszsu,official,targets_downed,ua,115.0,,"⚡️ ЗБИТО/ПОДАВЛЕНО 7 РАКЕТ ТА 108 ВОРОЖИХ БПЛА
💥 За попередн",2026-09-10T09:18:34.317066+00:00
2026-07-13,2,kpszsu,official,drone_tracks,kyiv_obl,2.0,68323,🛵 Чернігівщина - реактивний БпЛА курсом на Славутич.,2026-09-10T09:18:34.317066+00:00
2026-07-13,2,kpszsu,official,missile_tracks,kyiv_obl,1.0,68357,Ракети на Чернігівщині - курсом на Київщину!,2026-09-10T09:18:34.317066+00:00
2026-07-14,1,kpszsu,official,attacked,kyiv,0.0,,"канал вів повітряну обстановку (85 повідомлень з 124), жодного супроводу на Київ, тривог у місті менше 3 годин",2026-09-10T09:18:34.317066+00:00
2026-07-14,1,kpszsu,official,drones_launched,ua,122.0,," із повітряного простору ТОТ АР Крим та 122 ударними БпЛА типу Shahed (в т.ч. реактивними), Гербе",2026-09-10T09:18:34.317066+00:00
2026-07-14,1,kpszsu,official,impact_locations,ua,19.0,,"і, півдні та сході країни.

Зафіксовано влучання ракет та 18 ударних БпЛА на 19 локаціях, а також падіння збитих (уламки) на 7",2026-09-10T09:18:34.317066+00:00
2026-07-14,1,kpszsu,official,targets_downed,ua,101.0,,"⚡️ ЗБИТО/ПОДАВЛЕНО 101 ВОРОЖИЙ БПЛА
💥 За попередніми даними, с",2026-09-10T09:18:34.317066+00:00
2026-07-14,2,kpszsu,official,drone_tracks,kyiv_obl,2.0,68513,"🛵 Реактивний БпЛА на заході Чернігівщини, курсом на Київщину.",2026-09-10T09:18:34.317066+00:00
2026-07-15,1,kpszsu,official,attacked,kyiv,1.0,,є повідомлення супроводу цілей на Київ,2026-09-10T09:18:34.317066+00:00
2026-07-15,1,kpszsu,official,drone_tracks,kyiv,3.0,68561,🛵 БпЛА у напрямку Києва з північного заходу,2026-09-10T09:18:34.317066+00:00
2026-07-15,1,kpszsu,official,drones_launched,ua,146.0,,"уючими боєприпасами типу «Бандероль» та 146 ударними БпЛА типу Shahed (в т.ч. реактивними), Гербе",2026-09-10T09:18:34.317066+00:00
2026-07-15,1,kpszsu,official,missile_tracks,kyiv,5.0,68600,Балістика на Київ!,2026-09-10T09:18:34.317066+00:00
2026-07-15,1,kpszsu,official,targets_downed,ua,261.0,,"⚡️ ЗБИТО/ПОДАВЛЕНО 132 ЦІЛІ
💥 За попередніми даними, станом на",2026-09-10T09:18:34.317066+00:00
2026-07-15,2,kpszsu,official,drone_tracks,kyiv_obl,10.0,68560,🛵 Реактивний БпЛА на півночі Київщини рухається в південно-західному напрямку,2026-09-10T09:18:34.317066+00:00
2026-07-16,1,kpszsu,official,attacked,kyiv,0.0,,"канал вів повітряну обстановку (109 повідомлень з 165), жодного супроводу на Київ, тривог у місті менше 3 годин",2026-09-10T09:18:34.317066+00:00
2026-07-16,1,kpszsu,official,drones_launched,ua,130.0,,"ними ракетами Х-59/69 із ТОТ АР Крим та 130 ударними БпЛА типу Shahed (в т.ч. реактивними), Гербе",2026-09-10T09:18:34.317066+00:00
2026-07-16,1,kpszsu,official,impact_locations,ua,7.0,,"і, півдні та сході країни.

Зафіксовано влучання двох ракет та 8 ударних БпЛА на 7 локаціях, а також падіння збитих (уламки) на 5",2026-09-10T09:18:34.317066+00:00
2026-07-16,1,kpszsu,official,targets_downed,ua,235.0,,"⚡️ ЗБИТО/ПОДАВЛЕНО 120 ЦІЛЕЙ ПРОТИВНИКА
💥 За попередніми даним",2026-09-10T09:18:34.317066+00:00
2026-07-16,2,kpszsu,official,drone_tracks,kyiv_obl,3.0,68731,🛵 Чернігівщина: реактивні БпЛА ➡️ повз Славутич південним/південно-західним курсом (на північ Київщини).,2026-09-10T09:18:34.317066+00:00
2026-07-17,1,kpszsu,official,attacked,kyiv,0.0,,"канал вів повітряну обстановку (95 повідомлень з 149), жодного супроводу на Київ, тривог у місті менше 3 годин",2026-09-10T09:18:34.317066+00:00
2026-07-17,1,kpszsu,official,drones_launched,ua,90.0,," із повітряного простору ТОТ АР Крим та 90 ударними БпЛА типу Shahed (в т.ч. реактивними), Гербе",2026-09-10T09:18:34.317066+00:00
2026-07-17,1,kpszsu,official,impact_locations,ua,19.0,,"і, півдні та сході країни.

Зафіксовано влучання ракет та 19 ударних БпЛА на 19 локаціях, а також падіння збитих (уламки) на 5",2026-09-10T09:18:34.317066+00:00
2026-07-17,1,kpszsu,official,targets_downed,ua,139.0,,"⚡️ ЗБИТО/ПОДАВЛЕНО 70 ЦІЛЕЙ ПРОТИВНИКА
💥 За попередніми даним",2026-09-10T09:18:34.317066+00:00
2026-07-17,2,kpszsu,official,drone_tracks,kyiv_obl,2.0,68976,"🛵 Реактивний БпЛА з Чернігівщини, курсом на Київщину.",2026-09-10T09:18:34.317066+00:00
2026-07-18,1,kpszsu,official,attacked,kyiv,1.0,,є повідомлення супроводу цілей на Київ,2026-09-10T09:18:34.317066+00:00
2026-07-18,1,kpszsu,official,drone_tracks,kyiv,2.0,69155,"🛵 БпЛА на Харків.
🛵 Реактивний БпЛА у напрямку Києва.",2026-09-10T09:18:34.317066+00:00
2026-07-18,1,kpszsu,official,drones_launched,ua,125.0,,"простір над акваторією Чорного моря);
- 125 ударних БпЛА типу Shahed, Гербера, Італмас, дронів-і",2026-09-10T09:18:34.317066+00:00
2026-07-18,1,kpszsu,official,impact_locations,ua,20.0,,"нформацією, станом на 08.30 зафіксовано влучання 23 ракет та 10 ударних БпЛА на 20 локаціях, а також падіння збитих (уламки) БпЛА",2026-09-10T09:18:34.317066+00:00
2026-07-18,1,kpszsu,official,missile_tracks,kyiv,19.0,69082,🚀Балістика на Київ!,2026-09-10T09:18:34.317066+00:00
2026-07-18,1,kpszsu,official,targets_downed,ua,234.0,,"⚡️ ЗБИТО/ПОДАВЛЕНО 126 ЦІЛЕЙ: 18 РАКЕТ ТА 108 ВОРОЖИХ БПЛА
💥 З",2026-09-10T09:18:34.317066+00:00
2026-07-18,2,kpszsu,official,drone_tracks,kyiv_obl,3.0,69056,🛵 Реактивний БпЛА на Славутич на Чернігівщині з півночі,2026-09-10T09:18:34.317066+00:00
2026-07-19,1,kpszsu,official,attacked,kyiv,0.0,,"канал вів повітряну обстановку (126 повідомлень з 195), жодного супроводу на Київ, тривог у місті менше 3 годин",2026-09-10T09:18:34.317066+00:00
2026-07-19,1,kpszsu,official,drones_launched,ua,94.0,,"ними ракетами Х-59/69 із ТОТ АР Крим та 94 ударними БпЛА типу Shahed (в т.ч. реактивними), Гербе",2026-09-10T09:18:34.317066+00:00
2026-07-19,1,kpszsu,official,impact_locations,ua,9.0,,"і, півдні та сході країни.

Зафіксовано влучання ракети та 9 ударних БпЛА на 9 локаціях. Крім того, одна ракета не досягла св",2026-09-10T09:18:34.317066+00:00
2026-07-19,1,kpszsu,official,targets_downed,ua,81.0,,"⚡️ ЗБИТО/ПОДАВЛЕНО 81 ЦІЛЬ ПРОТИВНИКА
💥 За попередніми даними",2026-09-10T09:18:34.317066+00:00
2026-07-20,1,kpszsu,official,attacked,kyiv,0.0,,"канал вів повітряну обстановку (77 повідомлень з 110), жодного супроводу на Київ, тривог у місті менше 3 годин",2026-09-10T09:18:34.317066+00:00
2026-07-20,1,kpszsu,official,drones_launched,ua,58.0,,"а 21 липня (з 18:00 20 липня) противник атакував 58 ударними БпЛА типу Shahed (в т.ч. реактивними), Гербе",2026-09-10T09:18:34.317066+00:00
2026-07-20,1,kpszsu,official,impact_locations,ua,7.0,,"і, півдні та сході країни.

Зафіксовано влучання 8 ударних БпЛА на 7 локаціях.

Атака триває, в повітряному простор",2026-09-10T09:18:34.317066+00:00
2026-07-20,1,kpszsu,official,targets_downed,ua,46.0,,"⚡️ ЗБИТО/ПОДАВЛЕНО 46 ЦІЛЕЙ ПРОТИВНИКА
💥 За попередніми даним",2026-09-10T09:18:34.317066+00:00
2026-07-20,2,kpszsu,official,drone_tracks,kyiv_obl,3.0,69395,🛵 Київщина: БпЛА ➡️ курсом на Березань з північного сходу.,2026-09-10T09:18:34.317066+00:00
2026-07-21,1,kpszsu,official,attacked,kyiv,1.0,,є повідомлення супроводу цілей на Київ,2026-09-10T09:18:34.317066+00:00
2026-07-21,1,kpszsu,official,drone_tracks,kyiv,2.0,69573,🛵 Реактивний БпЛА  прямує на Київ з заходу,2026-09-10T09:18:34.317066+00:00
2026-07-21,1,kpszsu,official,drones_launched,ua,216.0,,"овітряного простору  над ТОТ АР Крим та 216 ударними БпЛА типу Shahed (в т.ч. реактивними), Гербе",2026-09-10T09:18:34.317066+00:00
2026-07-21,1,kpszsu,official,impact_locations,ua,12.0,,"і, центрі та сході країни.

Зафіксовано влучання 1 балістичної ракети Іскандер-М та 12 ударних БпЛА на 12 локаціях, а також падіння збитих (уламки) на 7",2026-09-10T09:18:34.317066+00:00
2026-07-21,1,kpszsu,official,targets_downed,ua,411.0,,"⚡️ ЗБИТО/ПОДАВЛЕНО 207 ЦІЛЕЙ
💥 За попередніми даними, станом н",2026-09-10T09:18:34.317066+00:00
2026-07-21,2,kpszsu,official,drone_tracks,kyiv_obl,18.0,69517,🛵 Реактивний БпЛА із півночі Чернігівщини ➡️ на північ Київщини,2026-09-10T09:18:34.317066+00:00
2026-07-22,1,kpszsu,official,attacked,kyiv,0.0,,"канал вів повітряну обстановку (116 повідомлень з 184), жодного супроводу на Київ, тривог у місті менше 3 годин",2026-09-10T09:18:34.317066+00:00
2026-07-22,1,kpszsu,official,drones_launched,ua,168.0,,"ними ракетами Х-59/69 із ТОТ АР Крим та 168 ударними БпЛА типу Shahed (в т.ч. реактивними), Гербе",2026-09-10T09:18:34.317066+00:00
2026-07-22,1,kpszsu,official,targets_downed,ua,310.0,,"⚡️ ЗБИТО/ПОДАВЛЕНО 156 ЦІЛЕЙ ПРОТИВНИКА
💥 За попередніми даним",2026-09-10T09:18:34.317066+00:00
2026-07-22,2,kpszsu,official,drone_tracks,kyiv_obl,7.0,69669,🛵 БпЛА на південному заході Чернігівщини ➡️ у напрямку Київщини.,2026-09-10T09:18:34.317066+00:00
2026-07-23,1,kpszsu,official,attacked,kyiv,1.0,,є повідомлення супроводу цілей на Київ,2026-09-10T09:18:34.317066+00:00
2026-07-23,1,kpszsu,official,drones_launched,ua,180.0,,"простору над акваторією Чорного моря та 180 ударними БпЛА типу Shahed (в т.ч. реактивними), Гербе",2026-09-10T09:18:34.317066+00:00
2026-07-23,1,kpszsu,official,impact_locations,ua,9.0,,"і, півдні та сході країни.

Зафіксовано влучання однієї керованої авіаційної ракети, 14 ударних БпЛА на 9 локаціях, а також падіння збитих (уламки) на 8",2026-09-10T09:18:34.317066+00:00
2026-07-23,1,kpszsu,official,missile_tracks,kyiv,1.0,69919,Ракети на Київ.,2026-09-10T09:18:34.317066+00:00
2026-07-23,1,kpszsu,official,targets_downed,ua,324.0,,"⚡️ ЗБИТО/ПОДАВЛЕНО 164 ЦІЛІ ПРОТИВНИКА
💥 За попередніми даними",2026-09-10T09:18:34.317066+00:00
2026-07-23,2,kpszsu,official,drone_tracks,kyiv_obl,14.0,69812,"🛵 Сумщина: БпЛА ➡️ в напрямку Конотопа.
🛵 Чернігівщина: БпЛА ➡️ в напрямку Коропа.
🛵 Київщина: БпЛА ➡️ курсом на Ржищів.",2026-09-10T09:18:34.317066+00:00
2026-07-23,2,kpszsu,official,missile_tracks,kyiv_obl,1.0,69920,"Ракета на Чернігівщині, курсом на Київщину",2026-09-10T09:18:34.317066+00:00
2026-07-24,1,kpszsu,official,attacked,kyiv,1.0,,є повідомлення супроводу цілей на Київ,2026-09-10T09:18:34.317066+00:00
2026-07-24,1,kpszsu,official,drone_tracks,kyiv,1.0,70045,🛵 Ударний БпЛА на околицях Києва  в напрямку Вишгорода,2026-09-10T09:18:34.317066+00:00
2026-07-24,1,kpszsu,official,drones_launched,ua,157.0,,"простору над акваторією Чорного моря та 157 ударними БпЛА типу Shahed (в т.ч. реактивними), Гербе",2026-09-10T09:18:34.317066+00:00
2026-07-24,1,kpszsu,official,impact_locations,ua,9.0,," сході та в центрі країни.

Зафіксовано влучання 26 ударних БпЛА на 9 локаціях, а також падіння збитих (уламки) на 4",2026-09-10T09:18:34.317066+00:00
2026-07-24,1,kpszsu,official,targets_downed,ua,255.0,,"⚡️ ЗБИТО/ПОДАВЛЕНО 128 ЦІЛЕЙ ПРОТИВНИКА
💥 За попередніми даним",2026-09-10T09:18:34.317066+00:00
2026-07-24,2,kpszsu,official,drone_tracks,kyiv_obl,1.0,70044,"🛵 Ударний БпЛА на Київщині в районі Броварів, а також на Черкащині, поблизу Канева",2026-09-10T09:18:34.317066+00:00
2026-07-25,1,kpszsu,official,attacked,kyiv,1.0,,є повідомлення супроводу цілей на Київ,2026-09-10T09:18:34.317066+00:00
2026-07-25,1,kpszsu,official,drone_tracks,kyiv,3.0,70153,🛵 БпЛА в напрямку  Києва зі сходу.,2026-09-10T09:18:34.317066+00:00
2026-07-25,1,kpszsu,official,drones_launched,ua,136.0,,"ська, Курська, Воронезька обл., рф., та 136 ударними БпЛА типу Shahed (в т.ч. реактивними), Гербе",2026-09-10T09:18:34.317066+00:00
2026-07-25,1,kpszsu,official,impact_locations,ua,18.0,,"чі, півдні та сході країни.
Зафіксовано влучання двох балістичних ракет та 27 ударних БпЛА на 18 локаціях, а також падіння збитих (уламки) на 7",2026-09-10T09:18:34.317066+00:00
2026-07-25,1,kpszsu,official,missile_tracks,kyiv,1.0,70108,🚀Балістичні ракети через Чернігівщину у напрямку Києва,2026-09-10T09:18:34.317066+00:00
2026-07-25,1,kpszsu,official,targets_downed,ua,214.0,,"⚡️ ЗБИТО/ПОДАВЛЕНО 110 ЦІЛЕЙ ПРОТИВНИКА
💥 За попередніми даним",2026-09-10T09:18:34.317066+00:00
2026-07-25,2,kpszsu,official,drone_tracks,kyiv_obl,3.0,70099,🛵 БпЛА на заході Чернігівщини курсом на Київщину.,2026-09-10T09:18:34.317066+00:00
2026-07-26,1,kpszsu,official,attacked,kyiv,0.0,,"канал вів повітряну обстановку (128 повідомлень з 171), жодного супроводу на Київ, тривог у місті менше 3 годин",2026-09-10T09:18:34.317066+00:00
2026-07-26,1,kpszsu,official,drones_launched,ua,147.0,,"а 27 липня (з 18:00 26 липня) противник атакував 147 ударними БпЛА типу Shahed (в т.ч. реактивними), Гербе",2026-09-10T09:18:34.317066+00:00
2026-07-26,1,kpszsu,official,impact_locations,ua,10.0,,"і, півдні та сході країни.

Зафіксовано влучання 21 ударного БпЛА на 10 локаціях, а також падіння збитих (уламки) на 7",2026-09-10T09:18:34.317066+00:00
2026-07-26,1,kpszsu,official,targets_downed,ua,123.0,,"⚡️ ЗБИТО/ПОДАВЛЕНО 123 ЦІЛІ ПРОТИВНИКА
💥 За попередніми даними",2026-09-10T09:18:34.317066+00:00
2026-07-26,2,kpszsu,official,drone_tracks,kyiv_obl,1.0,70208,🛵 БпЛА з Чернігівщини на Київщину курсом на Яготин з північного сходу.,2026-09-10T09:18:34.317066+00:00
2026-07-26,2,kpszsu,official,missile_tracks,kyiv_obl,2.0,70294,Ракета на Дніпропетровщині курсом на П'ятихатки/Вишневе з півдня.,2026-09-10T09:18:34.317066+00:00
2026-07-27,1,kpszsu,official,attacked,kyiv,1.0,,є повідомлення супроводу цілей на Київ,2026-09-10T09:18:34.317066+00:00
2026-07-27,1,kpszsu,official,drone_tracks,kyiv,1.0,70418,🛵 Реактивні БпЛА ➡️ курсом на Київ з півдня.,2026-09-10T09:18:34.317066+00:00
2026-07-27,1,kpszsu,official,drones_launched,ua,131.0,,"а 28 липня (з 18:00 27 липня) противник атакував 131 ударним БпЛА типу Shahed (в т.ч. реактивними), Гербе",2026-09-10T09:18:34.317066+00:00
2026-07-27,1,kpszsu,official,impact_locations,ua,9.0,,"і, центрі та сході країни.

Зафіксовано влучання 16 ударних БпЛА на 9 локаціях, а також падіння збитих (уламки) на 6",2026-09-10T09:18:34.317066+00:00
2026-07-27,1,kpszsu,official,targets_downed,ua,107.0,,"⚡️ ЗБИТО/ПОДАВЛЕНО 107 ЦІЛЕЙ
💥 За попередніми даними, станом н",2026-09-10T09:18:34.317066+00:00
2026-07-27,2,kpszsu,official,drone_tracks,kyiv_obl,3.0,70398,🛵 Реактивні БпЛА  з Чернігівщини ➡️ на Київське водосховище.,2026-09-10T09:18:34.317066+00:00
2026-07-27,2,kpszsu,official,missile_tracks,kyiv_obl,1.0,70419,Ракета через Київщину!,2026-09-10T09:18:34.317066+00:00
2026-07-28,1,kpszsu,official,attacked,kyiv,0.0,,"канал вів повітряну обстановку (89 повідомлень з 119), жодного супроводу на Київ, тривог у місті менше 3 годин",2026-09-10T09:18:34.317066+00:00
2026-07-28,1,kpszsu,official,drones_launched,ua,80.0,,"а 29 липня (з 18:00 28 липня) противник атакував 80 ударними БпЛА типу Shahed (в т.ч. реактивними), Гербе",2026-09-10T09:18:34.317066+00:00
2026-07-28,1,kpszsu,official,impact_locations,ua,10.0,,"і, півдні та сході країни.

Зафіксовано влучання 14 ударних БпЛА на 10 локаціях, а також падіння збитих (уламки) на 2",2026-09-10T09:18:34.317066+00:00
2026-07-28,1,kpszsu,official,targets_downed,ua,65.0,,"ЗБИТО/ПОДАВЛЕНО 65 ВОРОЖИХ БПЛА
💥 За попередніми даними, с",2026-09-10T09:18:34.317066+00:00
2026-07-29,1,kpszsu,official,attacked,kyiv,1.0,,є повідомлення супроводу цілей на Київ,2026-09-10T09:18:34.317066+00:00
2026-07-29,1,kpszsu,official,missile_tracks,kyiv,4.0,70665,Ракета на Київ!,2026-09-10T09:18:34.317066+00:00
2026-07-29,1,kpszsu,official,targets_downed,ua,585.0,,"⚡️ ЗБИТО/ПОДАВЛЕНО 320 ЦІЛЕЙ: 55 РАКЕТ ТА 265 ВОРОЖИХ БПЛА
💥 З",2026-09-10T09:18:34.317066+00:00
2026-07-29,2,kpszsu,official,drone_tracks,kyiv_obl,6.0,70630,"🛵 БпЛА на Чернігівщині - курсом на Київщину.
🛵 Реактивний БпЛА на Дніпропетровщині - курс на н.п. Апостолове.",2026-09-10T09:18:34.317066+00:00
2026-07-29,2,kpszsu,official,missile_tracks,kyiv_obl,1.0,70678,Ракета на Чернігівщині - курс на Київщину.,2026-09-10T09:18:34.317066+00:00
2026-07-30,1,kpszsu,official,attacked,kyiv,1.0,,є повідомлення супроводу цілей на Київ,2026-09-10T09:18:34.317066+00:00
2026-07-30,1,kpszsu,official,drone_tracks,kyiv,5.0,70827,🛵 Ударні БпЛА у східній частині Чернігівщини рухаються південно-західним курсом у напрямку Києва.,2026-09-10T09:18:34.317066+00:00
2026-07-30,1,kpszsu,official,drones_launched,ua,255.0,,"а 31 липня (з 18:00 30 липня) противник атакував 255 ударним БпЛА типу Shahed (в т.ч. реактивними), Гербе",2026-09-10T09:18:34.317066+00:00
2026-07-30,1,kpszsu,official,impact_locations,ua,14.0,,"і, півдні та сході країни.

Зафіксовано влучання 22 ударних БпЛА на 14 локаціях, а також падіння уламків на 4 локація",2026-09-10T09:18:34.317066+00:00
2026-07-30,1,kpszsu,official,targets_downed,ua,195.0,,"⚡️ ЗБИТО/ПОДАВЛЕНО 195 ВОРОЖИХ БПЛА
💥 За попередніми даними, с",2026-09-10T09:18:34.317066+00:00
2026-07-30,2,kpszsu,official,drone_tracks,kyiv_obl,3.0,70830,"🛵 Реактивні БпЛА на Сумщині курсом на Полтавщину;
🛵 Реактивний БпЛА в р-ні. Комишня (Полтавщина) курс західний;
🛵 Реактивний БпЛА в р-ні. Ічні (Чернігівщина) курсом на Київщину.",2026-09-10T09:18:34.317066+00:00
2026-07-31,1,kpszsu,official,attacked,kyiv,1.0,,є повідомлення супроводу цілей на Київ,2026-09-10T09:18:34.317066+00:00
2026-07-31,1,kpszsu,official,drone_tracks,kyiv,6.0,70936,"🛵Реакттивні БпЛА, що на Чернігівщині та Полтавщині рухаються у напрямку Києва.",2026-09-10T09:18:34.317066+00:00
2026-07-31,1,kpszsu,official,drones_launched,ua,185.0,,"айон пуску – акваторія Чорного моря);
- 185 ударних БпЛА типу Shahed (в т.ч. реактивних), Гербер",2026-09-10T09:18:34.317066+00:00
2026-07-31,1,kpszsu,official,missile_tracks,kyiv,11.0,70961,🚀Балістична ракета на Чернігівщині у напрямку Києва!,2026-09-10T09:18:34.317066+00:00
2026-07-31,1,kpszsu,official,targets_downed,ua,156.0,,"⚡️ЗБИТО/ПОДАВЛЕНО 156 ЦІЛЕЙ
💥 За попередніми даними, станом н",2026-09-10T09:18:34.317066+00:00
2026-07-31,2,kpszsu,official,drone_tracks,kyiv_obl,8.0,70896,"🛵 Реактивні БпЛА з Чернігівщини ➡️ на Київщину (північ області, м.Бровари).",2026-09-10T09:18:34.317066+00:00
2026-08-01,1,kpszsu,official,attacked,kyiv,0.0,,"канал вів повітряну обстановку (115 повідомлень з 150), жодного супроводу на Київ, тривог у місті менше 3 годин",2026-09-10T09:18:34.317066+00:00
2026-08-01,1,kpszsu,official,drones_launched,ua,133.0,,"а 2 серпня (з 18:00 1 серпня) противник атакував 133 ударними БпЛА типу Shahed (в т.ч. реактивними), Гербе",2026-09-10T09:18:34.317066+00:00
2026-08-01,1,kpszsu,official,impact_locations,ua,19.0,,"і, півдні та сході країни.

Зафіксовано влучання 24 ударних БпЛА на 19 локаціях, а також падіння уламків на 3 локація",2026-09-10T09:18:34.317066+00:00
2026-08-01,1,kpszsu,official,targets_downed,ua,109.0,,"⚡️ ЗБИТО/ПОДАВЛЕНО 109 ВОРОЖИХ БПЛА
💥 За попередніми даними, с",2026-09-10T09:18:34.317066+00:00
2026-08-01,2,kpszsu,official,drone_tracks,kyiv_obl,8.0,71051,"🛵 БпЛА на заході Чернігівщини, на Київське водосховище(курс на південь).
🛵 БпЛА на півночі від Конотопа, курс на Чернігівщину.",2026-09-10T09:18:34.317066+00:00
2026-08-02,1,kpszsu,official,attacked,kyiv,1.0,,є повідомлення супроводу цілей на Київ,2026-09-10T09:18:34.317066+00:00
2026-08-02,1,kpszsu,official,drone_tracks,kyiv,1.0,71232,🛵 БпЛА ➡️ курсом на Київ з північного сходу!,2026-09-10T09:18:34.317066+00:00
2026-08-02,1,kpszsu,official,impact_locations,ua,13.0,,"і, півдні та сході країни.

Зафіксовано влучання 14 ударних БпЛА на 13 локаціях, а також падіння збитих (уламки) на 2",2026-09-10T09:18:34.317066+00:00
2026-08-02,1,kpszsu,official,targets_downed,ua,163.0,,"⚡️ ЗБИТО/ПОДАВЛЕНО 163 ЦІЛІ ПРОТИВНИКА
💥 За попередніми даними",2026-09-10T09:18:34.317066+00:00
2026-08-02,2,kpszsu,official,drone_tracks,kyiv_obl,4.0,71229,🛵 Чернігівщина: реактивні БпЛА ➡️ на/повз Бобровицю зі сходу в напрямку Київщини.,2026-09-10T09:18:34.317066+00:00
2026-08-03,1,kpszsu,official,attacked,kyiv,1.0,,є повідомлення супроводу цілей на Київ,2026-09-10T09:18:34.317066+00:00
2026-08-03,1,kpszsu,official,drone_tracks,kyiv,4.0,71410,🛵 Ударні БпЛА на Чернігівщині у напрямку Києва.,2026-09-10T09:18:34.317066+00:00
2026-08-03,1,kpszsu,official,drones_launched,ua,136.0,,"ю Іскандер-М із Ростовської обл. -рф та 136 ударними БпЛА типу Shahed (в т.ч. реактивними), Гербе",2026-09-10T09:18:34.317066+00:00
2026-08-03,1,kpszsu,official,impact_locations,ua,14.0,,"і, півдні та сході країни.

Зафіксовано влучання балістичної ракети та 14 ударних БпЛА на 14 локаціях, а також падіння збитих (уламки) на 3",2026-09-10T09:18:34.317066+00:00
2026-08-03,1,kpszsu,official,targets_downed,ua,117.0,,"⚡️ ЗБИТО/ПОДАВЛЕНО 117 ВОРОЖИХ БПЛА
💥 За попередніми даними, с",2026-09-10T09:18:34.317066+00:00
2026-08-03,2,kpszsu,official,drone_tracks,kyiv_obl,7.0,71367,"🛵 Реактивний БпЛА на півдні Чернігівщини, курс на Київщину.
🛵 БпЛА на Харків з півночі.",2026-09-10T09:18:34.317066+00:00
2026-08-04,1,kpszsu,official,attacked,kyiv,1.0,,є повідомлення супроводу цілей на Київ,2026-09-10T09:18:34.317066+00:00
2026-08-04,1,kpszsu,official,drone_tracks,kyiv,13.0,71490,"🛵 Реактивні БпЛА на Київщині, курсом на Бровари/Київ.",2026-09-10T09:18:34.317066+00:00
2026-08-04,1,kpszsu,official,drones_launched,ua,115.0,,"-М/С-400 із Брянської та Курської обл., 115 ударними БпЛА типу Shahed (більшість із них — реактив",2026-09-10T09:18:34.317066+00:00
2026-08-04,1,kpszsu,official,impact_locations,ua,26.0,,"і, півдні та сході країни.

Зафіксовано влучання ракет та 17 ударних БпЛА на 26 локаціях, а також падіння збитих (уламки) на 6",2026-09-10T09:18:34.317066+00:00
2026-08-04,1,kpszsu,official,missile_tracks,kyiv,9.0,71522,Балістика на Київ,2026-09-10T09:18:34.317066+00:00
2026-08-04,1,kpszsu,official,targets_downed,ua,98.0,,"⚡️ ЗБИТО/ПОДАВЛЕНО 98 ВОРОЖИХ БПЛА
💥 За попередніми даними, с",2026-09-10T09:18:34.317066+00:00
2026-08-04,2,kpszsu,official,drone_tracks,kyiv_obl,12.0,71489,"🛵 Реактивні БпЛА на межі Полтавщини та Черкащини, курсом на Київщину.
🛵 БпЛА на півночі Запорізької області, курс північно-західний.
🛵 Реактивні БпЛА в Бериславському районі Херсонщини, курс північний",2026-09-10T09:18:34.317066+00:00
2026-08-05,1,kpszsu,official,attacked,kyiv,1.0,,є повідомлення супроводу цілей на Київ,2026-09-10T09:18:34.317066+00:00
2026-08-05,1,kpszsu,official,drones_launched,ua,101.0,,простір над акваторією Чорного моря) та 101 ударним БпЛА типу Shahed (більшість із них — реактив,2026-09-10T09:18:34.317066+00:00
2026-08-05,1,kpszsu,official,impact_locations,ua,18.0,,"чі, півдні та сході країни. Зафіксовано влучання 29 ударних БпЛА та однієї ракети Онікс на 18 локаціях, а також падіння збитих (уламки) на 5",2026-09-10T09:18:34.317066+00:00
2026-08-05,1,kpszsu,official,missile_tracks,kyiv,1.0,71657,🚀Балістика на Київ!,2026-09-10T09:18:34.317066+00:00
2026-08-05,1,kpszsu,official,targets_downed,ua,66.0,,"⚡️ ЗБИТО/ПОДАВЛЕНО 66 ВОРОЖИХ БПЛА
💥 За попередніми даними, с",2026-09-10T09:18:34.317066+00:00
2026-08-06,1,kpszsu,official,attacked,kyiv,0.0,,"канал вів повітряну обстановку (72 повідомлень з 105), жодного супроводу на Київ, тривог у місті менше 3 годин",2026-09-10T09:18:34.317066+00:00
2026-08-06,1,kpszsu,official,drones_launched,ua,3656.0,,"у ""Іскандер-К"";
▪️ 2 БРК «БАЛ» Х-35;
▪️ 3656 ударних БпЛА типу Shahed-131/136/238;
▪️ 888 розвіду",2026-09-10T09:18:34.317066+00:00
2026-08-06,1,kpszsu,official,impact_locations,ua,15.0,,"і, півдні та сході країни.

Зафіксовано влучання 29 ударних БпЛА на 15 локаціях, а також падіння уламків на 4 локація",2026-09-10T09:18:34.317066+00:00
2026-08-06,1,kpszsu,official,missiles_launched,ua,111.0,,"
▪️ 111 крилатих ракет Х-101;
▪️ 10 балістичних ракет ""Ісканде",2026-09-10T09:18:34.317066+00:00
2026-08-06,1,kpszsu,official,targets_downed,ua,114.0,,"⚡️ ЗБИТО/ПОДАВЛЕНО 114 ВОРОЖИХ БПЛА
💥 За попередніми даними, с",2026-09-10T09:18:34.317066+00:00
2026-08-06,2,kpszsu,official,drone_tracks,kyiv_obl,3.0,71744,"🛵🛸 БпЛА противника, імовірно, розвідувальний, ➡️ на північ Київщини з Чернігівщини.",2026-09-10T09:18:34.317066+00:00
2026-08-07,1,kpszsu,official,attacked,kyiv,1.0,,є повідомлення супроводу цілей на Київ,2026-09-10T09:18:34.317066+00:00
2026-08-07,1,kpszsu,official,drone_tracks,kyiv,5.0,71905,🛵 Київ - загроза застосування ударних БпЛА!,2026-09-10T09:18:34.317066+00:00
2026-08-07,1,kpszsu,official,drones_launched,ua,151.0,,"кетами С-400 із Брянської обл., а також 151 ударним БпЛА типу Shahed (в т.ч. реактивними), Гербе",2026-09-10T09:18:34.317066+00:00
2026-08-07,1,kpszsu,official,impact_locations,ua,12.0,,"і, півдні та сході країни.

Зафіксовано влучання ракет та 13 ударних БпЛА на 12 локаціях, а також падіння збитих (уламки) на 7",2026-09-10T09:18:34.317066+00:00
2026-08-07,1,kpszsu,official,targets_downed,ua,135.0,,"⚡️ ЗБИТО/ПОДАВЛЕНО 135 ВОРОЖИХ БПЛА
💥 За попередніми даними, с",2026-09-10T09:18:34.317066+00:00
2026-08-07,2,kpszsu,official,drone_tracks,kyiv_obl,11.0,71885,"🛵 Реактивний БпЛА на півдні Чернігівщини, курсом на Київщину.
🛵 Реактивний БпЛА повз Арциз на Одещині, курс північний.",2026-09-10T09:18:34.317066+00:00
2026-08-08,1,kpszsu,official,attacked,kyiv,1.0,,є повідомлення супроводу цілей на Київ,2026-09-10T09:18:34.317066+00:00
2026-08-08,1,kpszsu,official,drone_tracks,kyiv,2.0,71987,🛵 Реактивний БпЛА повз Бориспіль - курсом на м.Київ.,2026-09-10T09:18:34.317066+00:00
2026-08-08,1,kpszsu,official,drones_launched,ua,202.0,,"о моря), крім того, випустив по Україні 202 ударних БпЛА типу Shahed (в т.ч. реактивні), Гербера",2026-09-10T09:18:34.317066+00:00
2026-08-08,1,kpszsu,official,impact_locations,ua,22.0,,"і, півдні та сході країни.

Зафіксовано влучання ракет та ударних БпЛА на 22 локаціях, а також падіння збитих (уламки) на 6",2026-09-10T09:18:34.317066+00:00
2026-08-08,1,kpszsu,official,targets_downed,ua,179.0,,"⚡️ЗБИТО/ПОДАВЛЕНО 179 ЦІЛЕЙ ПРОТИВНИКА
💥 За попередніми даним",2026-09-10T09:18:34.317066+00:00
2026-08-08,2,kpszsu,official,drone_tracks,kyiv_obl,30.0,71956,"🛵 Реактивний БпЛА повз Березань на Київщині, курс західний.
🛵 Реактивний БпЛА  на межі Київщини та Чернігівщини, курс південний.
🛵 Реактивний БпЛА повз Мену на Чернігівщині, курс південно-західний.
🛵 ",2026-09-10T09:18:34.317066+00:00
2026-08-09,1,kpszsu,official,attacked,kyiv,1.0,,є повідомлення супроводу цілей на Київ,2026-09-10T09:18:34.317066+00:00
2026-08-09,1,kpszsu,official,drones_launched,ua,126.0,,"ру над акваторією Чорного моря, а також 126 ударними БпЛА типу Shahed (в т.ч. реактивними), Гербе",2026-09-10T09:18:34.317066+00:00
2026-08-09,1,kpszsu,official,impact_locations,ua,22.0,,"і, півдні та сході країни.

Зафіксовано влучання 31 ударного БпЛА на 22 локаціях, а також падіння збитих (уламки) на 2",2026-09-10T09:18:34.317066+00:00
2026-08-09,1,kpszsu,official,missile_tracks,kyiv,1.0,72162,Балістична ракета на Київ!,2026-09-10T09:18:34.317066+00:00
2026-08-09,1,kpszsu,official,targets_downed,ua,96.0,,"⚡️ ЗБИТО/ПОДАВЛЕНО 96 ЦІЛЕЙ ПРОТИВНИКА
💥 За попередніми даним",2026-09-10T09:18:34.317066+00:00
2026-08-09,2,kpszsu,official,drone_tracks,kyiv_obl,4.0,72166,"🛵 Сумщина: БпЛА ➡️ на півночі від Липової Долини,  курс - змінний.
🛵 Київщина: БпЛА на південному сході від Яготина, курс - південно-західний.",2026-09-10T09:18:34.317066+00:00
2026-08-10,1,kpszsu,official,attacked,kyiv,1.0,,є повідомлення супроводу цілей на Київ,2026-09-10T09:18:34.317066+00:00
2026-08-10,1,kpszsu,official,drones_launched,ua,120.0,,", Воронезької, Орловської обл., а також атакував Україну 120 ударними БпЛА типу Shahed (більшість із них — реактив",2026-09-10T09:18:34.317066+00:00
2026-08-10,1,kpszsu,official,impact_locations,ua,21.0,,"і, півдні та сході країни.

Зафіксовано влучання засобів повітряного нападу противника на 21 локації, а також падіння збитих (уламки) на 5 ",2026-09-10T09:18:34.317066+00:00
2026-08-10,1,kpszsu,official,missile_tracks,kyiv,2.0,72315,🚀Балістична ракета на Київ!,2026-09-10T09:18:34.317066+00:00
2026-08-10,1,kpszsu,official,targets_downed,ua,98.0,,"⚡️ ЗБИТО/ПОДАВЛЕНО 98 ВОРОЖИХ БПЛА
💥 За попередніми даними, с",2026-09-10T09:18:34.317066+00:00
2026-08-10,2,kpszsu,official,drone_tracks,kyiv_obl,3.0,72242,"🛸 Ворожий розвідувальний БпЛА на півночі Чернігівщини, в районі Любеча, Славутича.
Безпілотник може бути навідником ворожих засобів ураження.
Залучено засоби для його збиття.",2026-09-10T09:18:34.317066+00:00
2026-08-11,1,kpszsu,official,attacked,kyiv,1.0,,є повідомлення супроводу цілей на Київ,2026-09-10T09:18:34.317066+00:00
2026-08-11,1,kpszsu,official,drone_tracks,kyiv,4.0,72462,"🛵 Реактивні БпЛА з півночі Київщини та з Київського водосховища, курс на столицю.",2026-09-10T09:18:34.317066+00:00
2026-08-11,1,kpszsu,official,drones_launched,ua,138.0,,"л. та з акваторії Чорного моря, а також 138 ударними БпЛА типу Shahed (в т.ч. реактивними, Гербер",2026-09-10T09:18:34.317066+00:00
2026-08-11,1,kpszsu,official,impact_locations,ua,16.0,,"і, півдні та сході країни.

Зафіксовано влучання засобів повітряного нападу противника на 16 локаціях, а також падіння збитих (уламки) на 2",2026-09-10T09:18:34.317066+00:00
2026-08-11,1,kpszsu,official,targets_downed,ua,112.0,,"⚡️ ЗБИТО/ПОДАВЛЕНО 112 ВОРОЖИХ БПЛА
💥 За попередніми даними, с",2026-09-10T09:18:34.317066+00:00
2026-08-11,2,kpszsu,official,drone_tracks,kyiv_obl,12.0,72461,"🛵 БпЛА з півдня та заходу Чернігівщини, курс на Київщину.",2026-09-10T09:18:34.317066+00:00
2026-08-12,1,kpszsu,official,attacked,kyiv,1.0,,є повідомлення супроводу цілей на Київ,2026-09-10T09:18:34.317066+00:00
2026-08-12,1,kpszsu,official,drone_tracks,kyiv,5.0,72512,🛵 Київ - реактивний БпЛА в напрямку міста з півночі.,2026-09-10T09:18:34.317066+00:00
2026-08-12,1,kpszsu,official,drones_launched,ua,133.0,,"13 серпня (з 18:00 12 серпня) противник атакував 133 ударними БпЛА типу Shahed (в т.ч. реактивними), Гербе",2026-09-10T09:18:34.317066+00:00
2026-08-12,1,kpszsu,official,impact_locations,ua,15.0,,"і, півдні та сході країни.

Зафіксовано влучання засобів повітряного нападу противника на 15 локаціях, а також падіння збитих (уламки) на 1",2026-09-10T09:18:34.317066+00:00
2026-08-12,1,kpszsu,official,targets_downed,ua,111.0,,"⚡️ ЗБИТО/ПОДАВЛЕНО 111 ВОРОЖИХ БПЛА
💥 За попередніми даними, с",2026-09-10T09:18:34.317066+00:00
2026-08-12,2,kpszsu,official,drone_tracks,kyiv_obl,5.0,72507,🛵 Реактивні БпЛА на Чернігівщині - курсом на Київщину.,2026-09-10T09:18:34.317066+00:00
2026-08-13,1,kpszsu,official,attacked,kyiv,0.0,,"канал вів повітряну обстановку (111 повідомлень з 147), жодного супроводу на Київ, тривог у місті менше 3 годин",2026-09-10T09:18:34.317066+00:00
2026-08-13,1,kpszsu,official,drones_launched,ua,112.0,,"14 серпня (з 18:00 13 серпня) противник атакував 112 ударними БпЛА типу Shahed (в т.ч. реактивними), Гербе",2026-09-10T09:18:34.317066+00:00
2026-08-13,1,kpszsu,official,impact_locations,ua,11.0,,"і, півдні та сході країни.

Зафіксовано влучання засобів повітряного нападу противника на 11 локаціях, а також падіння збитих (уламки) на 6",2026-09-10T09:18:34.317066+00:00
2026-08-13,1,kpszsu,official,targets_downed,ua,90.0,,"⚡️ ЗБИТО/ПОДАВЛЕНО 90 ВОРОЖИХ БПЛА
💥 За попередніми даними, с",2026-09-10T09:18:34.317066+00:00
2026-08-13,2,kpszsu,official,drone_tracks,kyiv_obl,3.0,72659,"🛵 БпЛА курс на Чернігів з півночі.
🛵 БпЛА на Київське водосховище з Чернігівщини.",2026-09-10T09:18:34.317066+00:00
2026-08-14,1,kpszsu,official,attacked,kyiv,0.0,,"канал вів повітряну обстановку (94 повідомлень з 149), жодного супроводу на Київ, тривог у місті менше 3 годин",2026-09-10T09:18:34.317066+00:00
2026-08-14,1,kpszsu,official,drones_launched,ua,152.0,,"15 серпня (з 18:00 14 серпня) противник атакував 152 ударними БпЛА типу Shahed (в т.ч. реактивними), Гербе",2026-09-10T09:18:34.317066+00:00
2026-08-14,1,kpszsu,official,impact_locations,ua,16.0,,"і, півдні та сході країни.

Зафіксовано влучання засобів повітряного нападу противника на 16 локаціях, а також падіння збитих (уламки) на 1",2026-09-10T09:18:34.317066+00:00
2026-08-14,1,kpszsu,official,targets_downed,ua,127.0,,"⚡️ ЗБИТО/ПОДАВЛЕНО 127 ЦІЛЕЙ ПРОТИВНИКА
💥 За попередніми даним",2026-09-10T09:18:34.317066+00:00
2026-08-15,1,kpszsu,official,attacked,kyiv,1.0,,є повідомлення супроводу цілей на Київ,2026-09-10T09:18:34.317066+00:00
2026-08-15,1,kpszsu,official,drone_tracks,kyiv,6.0,72977,🛵 Реактивний БпЛА курсом на Київ з південно-східного напрямку.,2026-09-10T09:18:34.317066+00:00
2026-08-15,1,kpszsu,official,drones_launched,ua,106.0,,"ської обл., Бєлгородської обл., а також 106 ударними БпЛА типу Shahed (в т.ч. реактивними), Гербе",2026-09-10T09:18:34.317066+00:00
2026-08-15,1,kpszsu,official,impact_locations,ua,13.0,,"і, сході та центрі країни.

Зафіксовано влучання засобів повітряного нападу противника на 13 локаціях, а також падіння збитих (уламки) на 3",2026-09-10T09:18:34.317066+00:00
2026-08-15,1,kpszsu,official,missile_tracks,kyiv,3.0,72958,🚀Балістичні ракети на Київ з півночі,2026-09-10T09:18:34.317066+00:00
2026-08-15,1,kpszsu,official,targets_downed,ua,88.0,,"⚡️ ЗБИТО/ПОДАВЛЕНО 88 ЦІЛЕЙ ПРОТИВНИКА
💥 За попередніми даним",2026-09-10T09:18:34.317066+00:00
2026-08-15,2,kpszsu,official,drone_tracks,kyiv_obl,10.0,72949,🛵 БпЛА на півночі Чернігівщини курсом на Київщину,2026-09-10T09:18:34.317066+00:00
2026-08-16,1,kpszsu,official,attacked,kyiv,0.0,,"канал вів повітряну обстановку (112 повідомлень з 168), жодного супроводу на Київ, тривог у місті менше 3 годин",2026-09-10T09:18:34.317066+00:00
2026-08-16,1,kpszsu,official,drones_launched,ua,128.0,,"17 серпня (з 18:00 16 серпня) противник атакував 128 ударними БпЛА типу Shahed (в т.ч. реактивними), Гербе",2026-09-10T09:18:34.317066+00:00
2026-08-16,1,kpszsu,official,impact_locations,ua,14.0,,"і, півдні та сході країни.

Зафіксовано влучання ворожих дронів на 14 локаціях, а також падіння збитих (уламки) на 2",2026-09-10T09:18:34.317066+00:00
2026-08-16,1,kpszsu,official,targets_downed,ua,106.0,,"⚡️ ЗБИТО/ПОДАВЛЕНО 106 ВОРОЖИХ БПЛА
💥 За попередніми даними, с",2026-09-10T09:18:34.317066+00:00
2026-08-16,2,kpszsu,official,drone_tracks,kyiv_obl,1.0,73161,🛵  Загроза застосування ударних БпЛА для Київщини!,2026-09-10T09:18:34.317066+00:00
2026-08-17,1,kpszsu,official,attacked,kyiv,1.0,,є повідомлення супроводу цілей на Київ,2026-09-10T09:18:34.317066+00:00
2026-08-17,1,kpszsu,official,drone_tracks,kyiv,6.0,73186,"🛵 БпЛА повз Київське водосховище, курс на столицю!",2026-09-10T09:18:34.317066+00:00
2026-08-17,1,kpszsu,official,drones_launched,ua,147.0,,"18 серпня (з 18:00 17 серпня) противник атакував 147 ударними БпЛА типу Shahed (в т.ч. реактивними), Гербе",2026-09-10T09:18:34.317066+00:00
2026-08-17,1,kpszsu,official,impact_locations,ua,19.0,,"і, півдні та сході країни.

Зафіксовано влучання ворожих дронів на 19 локаціях, а також падіння збитих (уламки) на 3",2026-09-10T09:18:34.317066+00:00
2026-08-17,1,kpszsu,official,targets_downed,ua,111.0,,"⚡️ ЗБИТО/ПОДАВЛЕНО 111 ВОРОЖИХ БПЛА
💥 За попередніми даними, с",2026-09-10T09:18:34.317066+00:00
2026-08-17,2,kpszsu,official,drone_tracks,kyiv_obl,13.0,73179,🛵 БпЛА на Чернігівщині - курс на північ Київщини.,2026-09-10T09:18:34.317066+00:00
2026-08-18,1,kpszsu,official,attacked,kyiv,1.0,,є повідомлення супроводу цілей на Київ,2026-09-10T09:18:34.317066+00:00
2026-08-18,1,kpszsu,official,drone_tracks,kyiv,1.0,73361,🛵 Реактивний БпЛА на Дарницю,2026-09-10T09:18:34.317066+00:00
2026-08-18,1,kpszsu,official,drones_launched,ua,65.0,,"двома балістичними ракетами Іскандер-М, 65 ударними БпЛА типу Shahed (в т.ч. реактивними), Гербе",2026-09-10T09:18:34.317066+00:00
2026-08-18,1,kpszsu,official,impact_locations,ua,10.0,,"і, півдні та сході країни.

Зафіксовано влучання засобів повітряного нападу противника на 10 локаціях, а також падіння збитих (уламки) на 3",2026-09-10T09:18:34.317066+00:00
2026-08-18,1,kpszsu,official,targets_downed,ua,58.0,,"⚡️ ЗБИТО/ПОДАВЛЕНО 58 ЦІЛЕЙ ПРОТИВНИКА
💥 За попередніми даним",2026-09-10T09:18:34.317066+00:00
2026-08-18,2,kpszsu,official,drone_tracks,kyiv_obl,28.0,73299,"🛵 Реактивні БпЛА на півночі Чернігівщини, курс на Славутич.",2026-09-10T09:18:34.317066+00:00
2026-08-19,1,kpszsu,official,attacked,kyiv,1.0,,є повідомлення супроводу цілей на Київ,2026-09-10T09:18:34.317066+00:00
2026-08-19,1,kpszsu,official,drone_tracks,kyiv,9.0,73490,🛵 Реактивний БпЛА з Чернігівщини у напрямку Києва.,2026-09-10T09:18:34.317066+00:00
2026-08-19,1,kpszsu,official,drones_launched,ua,168.0,,ючими боєприпасами “Бандероль”. А також 168 ударними БпЛА типу Shahed (майже половина із них - ре,2026-09-10T09:18:34.317066+00:00
2026-08-19,1,kpszsu,official,impact_locations,ua,28.0,," сході та в центрі країни.

Зафіксовано влучання засобів повітряного нападу противника на 28 локаціях, а також падіння збитих (уламки) на 2",2026-09-10T09:18:34.317066+00:00
2026-08-19,1,kpszsu,official,missile_tracks,kyiv,14.0,73457,🚀 Балістичні ракети на Київ з півночі.,2026-09-10T09:18:34.317066+00:00
2026-08-19,1,kpszsu,official,targets_downed,ua,186.0,,"⚡️ ЗБИТО/ПОДАВЛЕНО 186 ЦІЛЕЙ ПРОТИВНИКА
💥 За попередніми даним",2026-09-10T09:18:34.317066+00:00
2026-08-19,2,kpszsu,official,drone_tracks,kyiv_obl,22.0,73422,🛵 Реактивні БпЛА на Чернігівщині північніше Ніжина у напрямку Київщини.,2026-09-10T09:18:34.317066+00:00
2026-08-19,2,kpszsu,official,missile_tracks,kyiv_obl,4.0,73513,"🚀 Ракети з Черкащини, курсом на Київщину (Білоцерківський район)",2026-09-10T09:18:34.317066+00:00
2026-08-20,1,kpszsu,official,attacked,kyiv,1.0,,є повідомлення супроводу цілей на Київ,2026-09-10T09:18:34.317066+00:00
2026-08-20,1,kpszsu,official,drone_tracks,kyiv,8.0,73595,🏍 Реактивні БпЛА з Чернігівщини уздовж Київського водосховища ➡️ у напрямку Вишгорода/Броварів/Києва.,2026-09-10T09:18:34.317066+00:00
2026-08-20,1,kpszsu,official,drones_launched,ua,135.0,,"21 серпня (з 18:00 20 серпня) противник атакував 135 ударними БпЛА типу Shahed (в т.ч. реактивними), Гербе",2026-09-10T09:18:34.317066+00:00
2026-08-20,1,kpszsu,official,impact_locations,ua,16.0,,"і, півдні та сході країни.

Зафіксовано влучання 27 ударних БпЛА на 16 локаціях, а також падіння збитих (уламки) на 3",2026-09-10T09:18:34.317066+00:00
2026-08-20,1,kpszsu,official,targets_downed,ua,107.0,,"⚡️ ЗБИТО/ПОДАВЛЕНО 107 ЦІЛЕЙ ПРОТИВНИКА
💥 За попередніми даним",2026-09-10T09:18:34.317066+00:00
2026-08-20,2,kpszsu,official,drone_tracks,kyiv_obl,11.0,73597,🏍 Реактивний БпЛА повз Бровари ➡️ південним курсом (Бориспіль).,2026-09-10T09:18:34.317066+00:00
2026-08-21,1,kpszsu,official,attacked,kyiv,1.0,,є повідомлення супроводу цілей на Київ,2026-09-10T09:18:34.317066+00:00
2026-08-21,1,kpszsu,official,drone_tracks,kyiv,3.0,73827,"❗️ Баражуючі боєприпаси ""Бандероль"" у напрямку Броварів/Києва.",2026-09-10T09:18:34.317066+00:00
2026-08-21,1,kpszsu,official,drones_launched,ua,217.0,,баражуючими боєприпасами “Бандероль” та 217 ударними БпЛА типу Shahed (понад 50 із них – реактивн,2026-09-10T09:18:34.317066+00:00
2026-08-21,1,kpszsu,official,impact_locations,ua,41.0,," сході та в центрі країни.

Зафіксовано влучання засобів повітряного нападу противника на 41 локації, а також падіння збитих (уламки) на 12",2026-09-10T09:18:34.317066+00:00
2026-08-21,1,kpszsu,official,missile_tracks,kyiv,5.0,73824,🚀Ракета на КИїв!,2026-09-10T09:18:34.317066+00:00
2026-08-21,1,kpszsu,official,targets_downed,ua,191.0,,"⚡️ ЗБИТО/ПОДАВЛЕНО 191 ЦІЛЬ ПРОТИВНИКА
💥 За попередніми даними",2026-09-10T09:18:34.317066+00:00
2026-08-21,2,kpszsu,official,drone_tracks,kyiv_obl,12.0,73760,🏍 Чернігівщина: реактивні БпЛА в напрямку Славутича.,2026-09-10T09:18:34.317066+00:00
2026-08-21,2,kpszsu,official,missile_tracks,kyiv_obl,1.0,73966,"🚀Балістична ракета на Чернігівщині, курс на Київщину.",2026-09-10T09:18:34.317066+00:00
2026-08-22,1,kpszsu,official,attacked,kyiv,0.0,,"канал вів повітряну обстановку (125 повідомлень з 164), жодного супроводу на Київ, тривог у місті менше 3 годин",2026-09-10T09:18:34.317066+00:00
2026-08-22,1,kpszsu,official,drones_launched,ua,127.0,,"23 серпня (з 18:00 22 серпня) противник атакував 127 ударними БпЛА типу Shahed (в т.ч. реактивними), Гербе",2026-09-10T09:18:34.317066+00:00
2026-08-22,1,kpszsu,official,impact_locations,ua,22.0,,"і, півдні та сході країни.

Зафіксовано влучання 27 ударних БпЛА на 22 локаціях, а також падіння збитих (уламки) на 3",2026-09-10T09:18:34.317066+00:00
2026-08-22,1,kpszsu,official,targets_downed,ua,97.0,,"⚡️ ЗБИТО/ПОДАВЛЕНО 97 ЦІЛЕЙ ПРОТИВНИКА
💥 За попередніми даним",2026-09-10T09:18:34.317066+00:00
2026-08-23,1,kpszsu,official,attacked,kyiv,1.0,,є повідомлення супроводу цілей на Київ,2026-09-10T09:18:34.317066+00:00
2026-08-23,1,kpszsu,official,drone_tracks,kyiv,1.0,74204,"🚀Баражуючі боєприпаси ""Бандероль"" з Чернігівщини на Київщину, курсом на Вишгород/Київ.",2026-09-10T09:18:34.317066+00:00
2026-08-23,1,kpszsu,official,drones_launched,ua,143.0,,"ру над акваторією Чорного моря, а також 143 ударними БпЛА типу Shahed (третина - реактивні), Герб",2026-09-10T09:18:34.317066+00:00
2026-08-23,1,kpszsu,official,impact_locations,ua,22.0,," півночі та сході країни. 

Зафіксовано влучання засобів повітряного нападу противника на 22 локаціях, а також падіння збитих (уламки) на 5",2026-09-10T09:18:34.317066+00:00
2026-08-23,1,kpszsu,official,targets_downed,ua,114.0,,"⚡️ ЗБИТО/ПОДАВЛЕНО 114 ЦІЛЕЙ ПРОТИВНИКА
💥 За попередніми даним",2026-09-10T09:18:34.317066+00:00
2026-08-23,2,kpszsu,official,drone_tracks,kyiv_obl,2.0,74284,"🏍 Чернігівщина: реактивні БпЛА ➡️ у напрямку Славутича, Березни.",2026-09-10T09:18:34.317066+00:00
2026-08-24,1,kpszsu,official,attacked,kyiv,1.0,,є повідомлення супроводу цілей на Київ,2026-09-10T09:18:34.317066+00:00
2026-08-24,1,kpszsu,official,drone_tracks,kyiv,1.0,74366,🏍 Реактивний БпЛА на Київ з півночі,2026-09-10T09:18:34.317066+00:00
2026-08-24,1,kpszsu,official,drones_launched,ua,150.0,,"акетою Х-31П із Брянської обл., а також 150 ударними БпЛА типу Shahed (в т.ч. реактивними), Гербе",2026-09-10T09:18:34.317066+00:00
2026-08-24,1,kpszsu,official,impact_locations,ua,17.0,,"і, півдні та сході країни.

Зафіксовано влучання засобів повітряного нападу противника на 17 локаціях, а також падіння збитих (уламки) на 7",2026-09-10T09:18:34.317066+00:00
2026-08-24,1,kpszsu,official,targets_downed,ua,124.0,,"⚡️ ЗБИТО/ПОДАВЛЕНО 124 ВОРОЖИХ БПЛА
💥 За попередніми даними, с",2026-09-10T09:18:34.317066+00:00
2026-08-24,2,kpszsu,official,drone_tracks,kyiv_obl,2.0,74364,"🛵 БпЛА на півночі Чернігівщини на Київщину, вектор руху Яготин.",2026-09-10T09:18:34.317066+00:00
2026-08-25,1,kpszsu,official,attacked,kyiv,0.0,,"канал вів повітряну обстановку (86 повідомлень з 121), жодного супроводу на Київ, тривог у місті менше 3 годин",2026-09-10T09:18:34.317066+00:00
2026-08-25,1,kpszsu,official,drones_launched,ua,162.0,,"26 серпня (з 18:00 25 серпня) противник атакував 162 ударними БпЛА типу Shahed (в т.ч. реактивними), Гербе",2026-09-10T09:18:34.317066+00:00
2026-08-25,1,kpszsu,official,impact_locations,ua,18.0,,"і, півдні та сході країни.

Зафіксовано влучання засобів повітряного нападу противника на 18 локаціях, а також падіння збитих (уламки) на 3",2026-09-10T09:18:34.317066+00:00
2026-08-25,1,kpszsu,official,targets_downed,ua,134.0,,"⚡️ ЗБИТО/ПОДАВЛЕНО 134 ВОРОЖИХ БПЛА
💥 За попередніми даними, с",2026-09-10T09:18:34.317066+00:00
2026-08-26,1,kpszsu,official,attacked,kyiv,1.0,,є повідомлення супроводу цілей на Київ,2026-09-10T09:18:34.317066+00:00
2026-08-26,1,kpszsu,official,drone_tracks,kyiv,15.0,74551,"🛵 БпЛА із заходу Чернігівщини на Київщину, в напрямку столиці.",2026-09-10T09:18:34.317066+00:00
2026-08-26,1,kpszsu,official,drones_launched,ua,258.0,," Брянської та Курської обл. рф, а також 258 ударними БпЛА типу Shahed (близько третини - реактивн",2026-09-10T09:18:34.317066+00:00
2026-08-26,1,kpszsu,official,impact_locations,ua,15.0,," сході та у центрі країни.

Зафіксовано влучання засобів повітряного нападу противника на 15 локаціях, а також падіння збитих (уламки) на 1",2026-09-10T09:18:34.317066+00:00
2026-08-26,1,kpszsu,official,missile_tracks,kyiv,3.0,74672,🚀Балістична ракета на Чернігівщині курсом на Київ,2026-09-10T09:18:34.317066+00:00
2026-08-26,1,kpszsu,official,targets_downed,ua,233.0,,"⚡️ ЗБИТО/ПОДАВЛЕНО 233 ЦІЛІ ПРОТИВНИКА
💥 За попередніми даними",2026-09-10T09:18:34.317066+00:00
2026-08-26,2,kpszsu,official,drone_tracks,kyiv_obl,33.0,74556,🛵 БпЛА на Велику Димерку на Київщині з півночі.,2026-09-10T09:18:34.317066+00:00
2026-08-26,2,kpszsu,official,missile_tracks,kyiv_obl,1.0,74604,ракета на Чернігівщині в напрямку Київщини,2026-09-10T09:18:34.317066+00:00
2026-08-27,1,kpszsu,official,attacked,kyiv,1.0,,є повідомлення супроводу цілей на Київ,2026-09-10T09:18:34.317066+00:00
2026-08-27,1,kpszsu,official,drone_tracks,kyiv,32.0,74781,🏍 Ще групи реактивних БпЛА через Київське водосховище у напрямку Києва.,2026-09-10T09:18:34.317066+00:00
2026-08-27,1,kpszsu,official,drones_launched,ua,164.0,,28 серпня (з 18:00 27 серпня) противник атакував 164 ударними БпЛА типу Shahed (половина із них - реактивн,2026-09-10T09:18:34.317066+00:00
2026-08-27,1,kpszsu,official,impact_locations,ua,16.0,,"і, сході та центрі країни.

Зафіксовано влучання засобів повітряного нападу противника на 16 локаціях, а також падіння збитих (уламки) на 4",2026-09-10T09:18:34.317066+00:00
2026-08-27,1,kpszsu,official,targets_downed,ua,137.0,,"⚡️ ЗБИТО/ПОДАВЛЕНО 137 ВОРОЖИХ БПЛА
💥 За попередніми даними, с",2026-09-10T09:18:34.317066+00:00
2026-08-27,2,kpszsu,official,drone_tracks,kyiv_obl,36.0,74782,"🏍 Реактивні БпЛА в р-ні. Броварів, Боярки, Димера та Великої Димерки.",2026-09-10T09:18:34.317066+00:00
2026-08-28,1,kpszsu,official,attacked,kyiv,1.0,,є повідомлення супроводу цілей на Київ,2026-09-10T09:18:34.317066+00:00
2026-08-28,1,kpszsu,official,drone_tracks,kyiv,37.0,75032,"🏍 Реактивні БпЛА повз Київське водосховище, курсом на Київ.",2026-09-10T09:18:34.317066+00:00
2026-08-28,1,kpszsu,official,drones_launched,ua,267.0,,"етою Іскандер-М із ТОТ АР Крим, а також 267 ударними БпЛА типу Shahed (в т.ч. реактивними), Гербе",2026-09-10T09:18:34.317066+00:00
2026-08-28,1,kpszsu,official,impact_locations,ua,15.0,,"і, сході та центрі країни.

Зафіксовано влучання засобів повітряного нападу противника на 15 локаціях, а також падіння збитих (уламки) на 4",2026-09-10T09:18:34.317066+00:00
2026-08-28,1,kpszsu,official,targets_downed,ua,233.0,,"⚡️ ЗБИТО/ПОДАВЛЕНО 233 ВОРОЖИХ БПЛА
💥 За попередніми даними, с",2026-09-10T09:18:34.317066+00:00
2026-08-28,2,kpszsu,official,drone_tracks,kyiv_obl,38.0,75028,"🏍 Реактивний БпЛА з Чернігівщини, курсом на Київщину (Вишгородський район)",2026-09-10T09:18:34.317066+00:00
2026-08-29,1,kpszsu,official,attacked,kyiv,1.0,,є повідомлення супроводу цілей на Київ,2026-09-10T09:18:34.317066+00:00
2026-08-29,1,kpszsu,official,drone_tracks,kyiv,24.0,75213,"🛵 БпЛА на Суми з півночі.
🏍 Реактивний БпЛА на Київ з півночі.",2026-09-10T09:18:34.317066+00:00
2026-08-29,1,kpszsu,official,drones_launched,ua,130.0,,"Іскандер-М із Курської обл. рф, а також 130 ударними БпЛА типу Shahed (більшість - реактивні), Ге",2026-09-10T09:18:34.317066+00:00
2026-08-29,1,kpszsu,official,impact_locations,ua,13.0,,"і, сході та центрі країни.

Зафіксовано влучання засобів повітряного нападу противника на 13 локаціях, а також падіння збитих (уламки) на 4",2026-09-10T09:18:34.317066+00:00
2026-08-29,1,kpszsu,official,targets_downed,ua,125.0,,"⚡️ ЗБИТО/ПОДАВЛЕНО 125 ВОРОЖИХ БПЛА
💥 За попередніми даними, с",2026-09-10T09:18:34.317066+00:00
2026-08-29,2,kpszsu,official,drone_tracks,kyiv_obl,18.0,75212,🏍 Реактивний БпЛА на Київське водосховище із заходу Чернігівщини.,2026-09-10T09:18:34.317066+00:00
2026-08-30,1,kpszsu,official,attacked,kyiv,1.0,,є повідомлення супроводу цілей на Київ,2026-09-10T09:18:34.317066+00:00
2026-08-30,1,kpszsu,official,drone_tracks,kyiv,28.0,75410,🏍 Реактивний БпЛА над Київським водосховищем рухається в напрямку Києва.,2026-09-10T09:18:34.317066+00:00
2026-08-30,1,kpszsu,official,drones_launched,ua,121.0,,"ру над акваторією Чорного моря, а також 121 ударним БпЛА типу Shahed (більшість - реактивні), Ге",2026-09-10T09:18:34.317066+00:00
2026-08-30,1,kpszsu,official,impact_locations,ua,11.0,,"кета Х-59 цілі не досягла.

Зафіксовано влучання засобів повітряного нападу противника на 11 локаціях, а також падіння збитих (уламки) на 8",2026-09-10T09:18:34.317066+00:00
2026-08-30,1,kpszsu,official,targets_downed,ua,96.0,,"⚡️ ЗБИТО/ПОДАВЛЕНО 96 ВОРОЖИХ БПЛА
💥 За попередніми даними, с",2026-09-10T09:18:34.317066+00:00
2026-08-30,2,kpszsu,official,drone_tracks,kyiv_obl,35.0,75408,🏍 Реактивний БпЛА повз Велику Димерку курсом на Бориспіль.,2026-09-10T09:18:34.317066+00:00
2026-08-31,1,kpszsu,official,attacked,kyiv,1.0,,є повідомлення супроводу цілей на Київ,2026-09-10T09:18:34.317066+00:00
2026-08-31,1,kpszsu,official,drone_tracks,kyiv,15.0,75583,🏍 Група реактивних БпЛА курсом на Гостомель/Київ з півночі,2026-09-10T09:18:34.317066+00:00
2026-08-31,1,kpszsu,official,drones_launched,ua,218.0,,"л. та над акваторією Азовського моря;
- 218 ударними БпЛА типу Shahed (близько третини - реактивн",2026-09-10T09:18:34.317066+00:00
2026-08-31,1,kpszsu,official,impact_locations,ua,28.0,,"бера та дрони інших типів.

Зафіксовано влучання ракет та ударних БпЛА противника на 28 локаціях, а також падіння збитих (уламки) на 1",2026-09-10T09:18:34.317066+00:00
2026-08-31,1,kpszsu,official,missile_tracks,kyiv,1.0,75676,"🚀Ракета на півдні Київщини, курс на Київ.",2026-09-10T09:18:34.317066+00:00
2026-08-31,1,kpszsu,official,targets_downed,ua,199.0,,"⚡️ ЗБИТО/ПОДАВЛЕНО 199 ЦІЛЕЙ ПРОТИВНИКА
💥 За попередніми даним",2026-09-10T09:18:34.317066+00:00
2026-08-31,2,kpszsu,official,drone_tracks,kyiv_obl,31.0,75565,"🏍  Реактивний БпЛА на Київщині, повз Миронівку.",2026-09-10T09:18:34.317066+00:00
2026-09-01,1,kpszsu,official,attacked,kyiv,1.0,,є повідомлення супроводу цілей на Київ,2026-09-10T09:18:34.317066+00:00
2026-09-01,1,kpszsu,official,drone_tracks,kyiv,17.0,75779,🏍 Київщина - реактивні БпЛА у напрямку Києва з півночі.,2026-09-10T09:18:34.317066+00:00
2026-09-01,1,kpszsu,official,drones_launched,ua,174.0,,"простору над акваторією Чорного моря;
- 174 ударними БпЛА типу Shahed (близько половини - реактив",2026-09-10T09:18:34.317066+00:00
2026-09-01,1,kpszsu,official,impact_locations,ua,16.0,,"бера та дрони інших типів.

Зафіксовано влучання ракет та ударних БпЛА противника на 16 локаціях, а також падіння збитих (уламки) на 4",2026-09-10T09:18:34.317066+00:00
2026-09-01,1,kpszsu,official,targets_downed,ua,141.0,,"⚡️ ЗБИТО/ПОДАВЛЕНО 141 ЦІЛЬ ПРОТИВНИКА
💥 За попередніми даними",2026-09-10T09:18:34.317066+00:00
2026-09-01,2,kpszsu,official,drone_tracks,kyiv_obl,40.0,75751,🏍 Реактивний БпЛА на півночі Чернігівщини вектором руху на Київщину.,2026-09-10T09:18:34.317066+00:00
2026-09-02,1,kpszsu,official,attacked,kyiv,1.0,,є повідомлення супроводу цілей на Київ,2026-09-10T09:18:34.317066+00:00
2026-09-02,1,kpszsu,official,drone_tracks,kyiv,23.0,75912,🏍 Реактивний  БпЛА на Київ,2026-09-10T09:18:34.317066+00:00
2026-09-02,1,kpszsu,official,drones_launched,ua,163.0,,"18:00 2 вересня) противник атакував:

- 163 ударними БпЛА типу Shahed (близько половини - реактив",2026-09-10T09:18:34.317066+00:00
2026-09-02,1,kpszsu,official,impact_locations,ua,15.0,,"бера та дрони інших типів.

Зафіксовано влучання засобів повітряного нападу противника на 15 локаціях, а також падіння збитих (уламки) на 4",2026-09-10T09:18:34.317066+00:00
2026-09-02,1,kpszsu,official,targets_downed,ua,135.0,,"⚡️ ЗБИТО/ПОДАВЛЕНО 135 ЦІЛЕЙ ПРОТИВНИКА
💥 За попередніми даним",2026-09-10T09:18:34.317066+00:00
2026-09-02,2,kpszsu,official,drone_tracks,kyiv_obl,26.0,75911,🏍 Реактивний  БпЛА на Бровари,2026-09-10T09:18:34.317066+00:00
2026-09-03,1,kpszsu,official,attacked,kyiv,1.0,,є повідомлення супроводу цілей на Київ,2026-09-10T09:18:34.317066+00:00
2026-09-03,1,kpszsu,official,drone_tracks,kyiv,20.0,76077,"🏍 БпЛА на Теплик на Вінниччині з півдня.
🏍 БпЛА курс на Київ з півночі.",2026-09-10T09:18:34.317066+00:00
2026-09-03,1,kpszsu,official,drones_launched,ua,1876.0,,"т ""Онікс"";
▪️ 101 S8000 ""Бандероль”;
▪️ 1876 ударних БпЛА типу Shahed-131/136;
▪️ 1460 ударних Бп",2026-09-10T09:18:34.317066+00:00
2026-09-03,1,kpszsu,official,impact_locations,ua,15.0,,"і, сході та центрі країни.

Зафіксовано влучання засобів повітряного нападу противника на 15 локаціях, а також падіння збитих (уламки) на 6",2026-09-10T09:18:34.317066+00:00
2026-09-03,1,kpszsu,official,missiles_launched,ua,25.0,,"
▪️ 25 крилатих ракет Х-101;
▪️ 8 балістичних ракет ""Іскандер",2026-09-10T09:18:34.317066+00:00
2026-09-03,1,kpszsu,official,targets_downed,ua,103.0,,"⚡️ ЗБИТО/ПОДАВЛЕНО 103 ВОРОЖІ БПЛА
💥 За попередніми даними, ст",2026-09-10T09:18:34.317066+00:00
2026-09-03,2,kpszsu,official,drone_tracks,kyiv_obl,60.0,76079,🏍 БпЛА на Боярку/Чабани на Київщині з півдня.,2026-09-10T09:18:34.317066+00:00
2026-09-04,1,kpszsu,official,attacked,kyiv,1.0,,є повідомлення супроводу цілей на Київ,2026-09-10T09:18:34.317066+00:00
2026-09-04,1,kpszsu,official,drone_tracks,kyiv,12.0,76373,🏍 Реактивний БпЛА на Вишневе/Київ із заходу.,2026-09-10T09:18:34.317066+00:00
2026-09-04,1,kpszsu,official,drones_launched,ua,167.0,,"кої та Воронезької областей рф, а також 167 ударними БпЛА типу Shahed (близько половини - реактив",2026-09-10T09:18:34.317066+00:00
2026-09-04,1,kpszsu,official,impact_locations,ua,23.0,,"ера та дронів інших типів.

Зафіксовано влучання ракет та ударних БпЛА противника на 23 локаціях, а також падіння збитих (уламки) на 1",2026-09-10T09:18:34.317066+00:00
2026-09-04,1,kpszsu,official,targets_downed,ua,128.0,,"⚡️ ЗБИТО/ПОДАВЛЕНО 128 БПЛА ПРОТИВНИКА
💥 За попередніми даними",2026-09-10T09:18:34.317066+00:00
2026-09-04,2,kpszsu,official,drone_tracks,kyiv_obl,48.0,76364,"🏍 Реактивний БпЛА на Чернігівщині, повз Славутич курсом на південь.",2026-09-10T09:18:34.317066+00:00
2026-09-05,1,kpszsu,official,attacked,kyiv,1.0,,є повідомлення супроводу цілей на Київ,2026-09-10T09:18:34.317066+00:00
2026-09-05,1,kpszsu,official,drone_tracks,kyiv,3.0,76609,🏍 Київ: реактивний БпЛА в напрямку міста з півдня,2026-09-10T09:18:34.317066+00:00
2026-09-05,1,kpszsu,official,drones_launched,ua,108.0,," вересня (з 18:00 05 вересня) противник атакував 108 ударними БпЛА типу Shahed (в т.ч. реактивними), Гербе",2026-09-10T09:18:34.317066+00:00
2026-09-05,1,kpszsu,official,impact_locations,ua,11.0,,"ів та 6 S8000 ""Бандероль"".

Зафіксовано влучання засобів повітряного нападу противника на 11 локаціях, а також падіння збитих (уламки) на 7",2026-09-10T09:18:34.317066+00:00
2026-09-05,1,kpszsu,official,targets_downed,ua,88.0,,"⚡️ ЗБИТО/ПОДАВЛЕНО 88 ЦІЛЕЙ ПРОТИВНИКА
💥 За попередніми даним",2026-09-10T09:18:34.317066+00:00
2026-09-05,2,kpszsu,official,drone_tracks,kyiv_obl,20.0,76593,"🏍 Реактивні БпЛА на Черкащині, курс на Київщину",2026-09-10T09:18:34.317066+00:00
2026-09-06,1,kpszsu,official,attacked,kyiv,0.0,,"канал вів повітряну обстановку (143 повідомлень з 203), жодного супроводу на Київ, тривог у місті менше 3 годин",2026-09-10T09:18:34.317066+00:00
2026-09-06,1,kpszsu,official,drones_launched,ua,92.0,," вересня (з 18:00 06 вересня) противник атакував 92 ударними БпЛА типу Shahed (в т.ч. реактивними), Гербе",2026-09-10T09:18:34.317066+00:00
2026-09-06,1,kpszsu,official,impact_locations,ua,12.0,,"Гербера, дрон інших типів.

Зафіксовано влучання засобів повітряного нападу противника на 12 локаціях, а також падіння збитих (уламки) на 1",2026-09-10T09:18:34.317066+00:00
2026-09-06,1,kpszsu,official,targets_downed,ua,71.0,,"⚡️ ЗБИТО/ПОДАВЛЕНО 71 ЦІЛЬ ПРОТИВНИКА
💥 За попередніми даними",2026-09-10T09:18:34.317066+00:00
2026-09-06,2,kpszsu,official,drone_tracks,kyiv_obl,2.0,76785,🏍 Реактивний БпЛА на Вишневе на Дніпропетровщині із півдня,2026-09-10T09:18:34.317066+00:00
2026-09-07,1,kpszsu,official,attacked,kyiv,1.0,,є повідомлення супроводу цілей на Київ,2026-09-10T09:18:34.317066+00:00
2026-09-07,1,kpszsu,official,drone_tracks,kyiv,29.0,77018,"🏍 Реактивні БпЛА повз Київське водосховище, курсом на Київ.",2026-09-10T09:18:34.317066+00:00
2026-09-07,1,kpszsu,official,drones_launched,ua,166.0,,"ування Х-101 із Вологодської обл. рф;
- 166 ударними БпЛА типу Shahed (більша половина - реактивн",2026-09-10T09:18:34.317066+00:00
2026-09-07,1,kpszsu,official,impact_locations,ua,29.0,,"бера та дрони інших типів.

Зафіксовано влучання ракет та ударних БпЛА противника на 29 локаціях, а також падіння збитих (уламки) на 9",2026-09-10T09:18:34.317066+00:00
2026-09-07,1,kpszsu,official,missile_tracks,kyiv,3.0,77133,Ще балістична ракета на Київ.,2026-09-10T09:18:34.317066+00:00
2026-09-07,1,kpszsu,official,targets_downed,ua,175.0,,"⚡️ ЗБИТО/ПОДАВЛЕНО 175 ЦІЛЕЙ ПРОТИВНИКА
💥 За попередніми даним",2026-09-10T09:18:34.317066+00:00
2026-09-07,2,kpszsu,official,drone_tracks,kyiv_obl,49.0,76987,"🏍 Реактивні БпЛА на Чернігівщині, повз Ніжин, курс південно-західний (Київщина)",2026-09-10T09:18:34.317066+00:00
2026-09-07,2,kpszsu,official,missile_tracks,kyiv_obl,6.0,77156,🚀Група крилатих ракет на Київщині курсом на Білу Церкву.,2026-09-10T09:18:34.317066+00:00
2026-09-08,1,kpszsu,official,attacked,kyiv,1.0,,є повідомлення супроводу цілей на Київ,2026-09-10T09:18:34.317066+00:00
2026-09-08,1,kpszsu,official,drone_tracks,kyiv,31.0,77225,"⚠ Київ
🏍 Реактивний БпЛА над містом!",2026-09-10T09:18:34.317066+00:00
2026-09-08,1,kpszsu,official,drones_launched,ua,196.0,,"ь"" з акваторії Азовського моря, а також 196 ударними БпЛА типу Shahed  (в т.ч. реактивними), Герб",2026-09-10T09:18:34.317066+00:00
2026-09-08,1,kpszsu,official,impact_locations,ua,23.0,,"ера та дронів інших типів.

Зафіксовано влучання ракет та ударних БпЛА противника на 23 локаціях, а також падіння збитих (уламки) на 4",2026-09-10T09:18:34.317066+00:00
2026-09-08,1,kpszsu,official,targets_downed,ua,165.0,,"⚡️ ЗБИТО/ПОДАВЛЕНО 165 БПЛА ПРОТИВНИКА
💥 За попередніми даними",2026-09-10T09:18:34.317066+00:00
2026-09-08,2,kpszsu,official,drone_tracks,kyiv_obl,57.0,77231,🏍 Реактивні БпЛА в районі н.п.Гончарівське (Чернігівщина)  курсом на Київщину.,2026-09-10T09:18:34.317066+00:00
2026-09-09,1,kpszsu,official,attacked,kyiv,1.0,,є повідомлення супроводу цілей на Київ,2026-09-10T09:18:34.317066+00:00
2026-09-09,1,kpszsu,official,drone_tracks,kyiv,28.0,77426,🏍 Реактивний БпЛА у напрямку Києва/Вишгорода з півночі.,2026-09-10T09:18:34.317066+00:00
2026-09-09,1,kpszsu,official,drones_launched,ua,149.0,," вересня (з 18:00 09 вересня) противник атакував 149 ударними БпЛА типу Shahed (половина з них реактивні),",2026-09-10T09:18:34.317066+00:00
2026-09-09,1,kpszsu,official,impact_locations,ua,13.0,,"ера та дронів інших типів.

Зафіксовано влучання засобів повітряного нападу противника на 13 локаціях, а також падіння збитих (уламки) на 9",2026-09-10T09:18:34.317066+00:00
2026-09-09,1,kpszsu,official,targets_downed,ua,128.0,,"⚡️ ЗБИТО/ПОДАВЛЕНО 128 ВОРОЖИХ БПЛА
💥 За попередніми даними, с",2026-09-10T09:18:34.317066+00:00
2026-09-09,2,kpszsu,official,drone_tracks,kyiv_obl,21.0,77431,🏍 Реактивний БпЛА в р-ні. Славутича вектором руху на Київщину.,2026-09-10T09:18:34.317066+00:00
