location_id,issued_at,ts,temperature_2m,precipitation,cloud_cover,cloud_cover_low,visibility,wind_speed_10m,wind_speed_100m,wind_gusts_10m,wind_direction_10m,surface_pressure,weather_code
1,2026-09-07T16:00:00+00:00,2026-09-07T00:00:00+00:00,12.6,0.0,51,51,21480.0,11.6,31.9,31.0,292,1001.3,2
1,2026-09-07T16:00:00+00:00,2026-09-07T01:00:00+00:00,12.4,0.0,63,63,18040.0,12.2,33.2,31.7,294,1001.8,2
1,2026-09-07T16:00:00+00:00,2026-09-07T02:00:00+00:00,12.4,0.0,67,67,18440.0,12.6,31.7,32.4,297,1002.3,2
1,2026-09-07T16:00:00+00:00,2026-09-07T03:00:00+00:00,11.9,0.0,64,64,18740.0,11.2,28.9,32.8,303,1002.9,2
1,2026-09-07T16:00:00+00:00,2026-09-07T04:00:00+00:00,11.7,0.0,64,64,17560.0,11.0,27.9,29.9,302,1003.2,2
1,2026-09-07T16:00:00+00:00,2026-09-07T05:00:00+00:00,12.3,0.0,55,55,21780.0,10.8,25.1,32.4,300,1003.9,2
1,2026-09-07T16:00:00+00:00,2026-09-07T06:00:00+00:00,13.3,0.0,47,47,26320.0,11.1,21.2,29.2,299,1003.7,1
1,2026-09-07T16:00:00+00:00,2026-09-07T07:00:00+00:00,15.3,0.0,54,54,34640.0,11.3,20.6,31.7,301,1004.2,2
1,2026-09-07T16:00:00+00:00,2026-09-07T08:00:00+00:00,16.6,0.0,62,45,38680.0,12.4,23.4,34.9,306,1004.0,2
1,2026-09-07T16:00:00+00:00,2026-09-07T09:00:00+00:00,17.3,0.0,74,53,37680.0,12.5,22.6,36.7,303,1004.6,2
1,2026-09-07T16:00:00+00:00,2026-09-07T10:00:00+00:00,18.7,0.0,74,34,40440.0,13.0,24.2,36.0,304,1004.0,2
1,2026-09-07T16:00:00+00:00,2026-09-07T11:00:00+00:00,18.7,0.0,76,57,40060.0,14.1,26.1,43.9,302,1004.3,2
1,2026-09-07T16:00:00+00:00,2026-09-07T12:00:00+00:00,18.6,0.0,70,50,40120.0,13.9,26.9,44.6,307,1004.6,2
1,2026-09-07T16:00:00+00:00,2026-09-07T13:00:00+00:00,19.2,0.0,79,53,40960.0,13.3,26.0,42.5,311,1004.2,2
1,2026-09-07T16:00:00+00:00,2026-09-07T14:00:00+00:00,19.3,0.0,46,43,41380.0,13.2,27.2,37.1,315,1004.0,1
1,2026-09-07T16:00:00+00:00,2026-09-07T15:00:00+00:00,19.1,0.0,54,52,41780.0,10.9,23.1,35.6,326,1003.9,2
1,2026-09-07T16:00:00+00:00,2026-09-07T16:00:00+00:00,18.3,0.0,24,24,41340.0,8.5,20.5,29.2,324,1004.0,1
1,2026-09-07T16:00:00+00:00,2026-09-07T17:00:00+00:00,16.9,0.0,35,35,40400.0,5.2,20.5,22.0,304,1004.5,1
1,2026-09-07T16:00:00+00:00,2026-09-07T18:00:00+00:00,15.9,0.0,1,1,39780.0,5.6,22.7,15.5,297,1004.6,0
1,2026-09-07T16:00:00+00:00,2026-09-07T19:00:00+00:00,15.0,0.0,0,0,38900.0,5.0,22.7,14.8,291,1004.8,0
1,2026-09-07T16:00:00+00:00,2026-09-07T20:00:00+00:00,14.2,0.0,0,0,37740.0,4.8,22.2,13.0,283,1004.5,0
1,2026-09-07T16:00:00+00:00,2026-09-07T21:00:00+00:00,13.5,0.0,0,0,36300.0,4.7,21.8,12.2,279,1004.9,0
1,2026-09-07T16:00:00+00:00,2026-09-07T22:00:00+00:00,12.9,0.0,0,0,33980.0,4.4,20.2,12.2,279,1004.8,0
1,2026-09-07T16:00:00+00:00,2026-09-07T23:00:00+00:00,12.5,0.0,0,0,31900.0,4.3,19.7,11.5,275,1004.9,0
1,2026-09-07T16:00:00+00:00,2026-09-08T00:00:00+00:00,12.0,0.0,0,0,29720.0,4.0,18.5,11.2,275,1005.0,0
1,2026-09-07T16:00:00+00:00,2026-09-08T01:00:00+00:00,11.8,0.0,5,0,28760.0,3.6,16.9,11.9,264,1005.0,0
1,2026-09-07T16:00:00+00:00,2026-09-08T02:00:00+00:00,11.4,0.0,3,0,25780.0,3.3,15.1,10.1,264,1004.9,0
1,2026-09-07T16:00:00+00:00,2026-09-08T03:00:00+00:00,11.0,0.0,1,0,21960.0,3.3,14.0,9.4,257,1004.8,0
1,2026-09-07T16:00:00+00:00,2026-09-08T04:00:00+00:00,10.8,0.0,0,0,19580.0,3.1,12.4,9.0,249,1004.8,0
1,2026-09-07T16:00:00+00:00,2026-09-08T05:00:00+00:00,12.1,0.0,88,24,24200.0,2.7,12.8,9.4,247,1004.8,3
1,2026-09-07T16:00:00+00:00,2026-09-08T06:00:00+00:00,14.2,0.0,100,23,32200.0,2.9,10.9,11.2,240,1004.6,3
1,2026-09-07T16:00:00+00:00,2026-09-08T07:00:00+00:00,16.3,0.0,100,24,37100.0,2.6,3.8,10.1,254,1004.5,3
1,2026-09-07T16:00:00+00:00,2026-09-08T08:00:00+00:00,18.0,0.0,99,32,39900.0,5.8,8.6,18.0,263,1004.1,3
1,2026-09-07T16:00:00+00:00,2026-09-08T09:00:00+00:00,19.2,0.0,49,49,40760.0,6.9,10.6,21.6,261,1003.8,2
1,2026-09-07T16:00:00+00:00,2026-09-08T10:00:00+00:00,19.8,0.0,66,66,41400.0,6.2,8.9,21.6,260,1003.0,2
1,2026-09-07T16:00:00+00:00,2026-09-08T11:00:00+00:00,20.3,0.0,66,66,41540.0,5.5,7.8,19.1,247,1002.4,2
1,2026-09-07T16:00:00+00:00,2026-09-08T12:00:00+00:00,20.6,0.0,59,59,41660.0,5.2,7.7,17.6,245,1001.6,2
1,2026-09-07T16:00:00+00:00,2026-09-08T13:00:00+00:00,20.8,0.0,50,49,41960.0,5.5,8.1,17.6,247,1001.1,2
1,2026-09-07T16:00:00+00:00,2026-09-08T14:00:00+00:00,20.9,0.0,32,29,42420.0,4.3,6.9,17.3,246,1000.7,1
1,2026-09-07T16:00:00+00:00,2026-09-08T15:00:00+00:00,20.6,0.0,81,42,42080.0,4.0,6.9,14.4,243,1000.3,2
1,2026-09-07T16:00:00+00:00,2026-09-08T16:00:00+00:00,20.0,0.0,89,35,41640.0,3.4,7.0,13.0,252,1000.0,3
1,2026-09-07T16:00:00+00:00,2026-09-08T17:00:00+00:00,18.9,0.0,7,7,41200.0,1.8,4.0,9.0,169,999.9,1
1,2026-09-07T16:00:00+00:00,2026-09-08T18:00:00+00:00,18.1,0.0,3,0,40940.0,3.4,7.5,7.2,148,999.8,0
1,2026-09-07T16:00:00+00:00,2026-09-08T19:00:00+00:00,16.9,0.0,1,0,40220.0,3.1,12.5,8.6,159,999.4,0
1,2026-09-07T16:00:00+00:00,2026-09-08T20:00:00+00:00,16.3,0.0,13,0,39820.0,3.8,16.3,8.6,163,999.1,1
1,2026-09-07T16:00:00+00:00,2026-09-08T21:00:00+00:00,15.9,0.0,23,0,39200.0,3.5,16.9,9.7,156,998.9,1
1,2026-09-07T16:00:00+00:00,2026-09-08T22:00:00+00:00,15.4,0.0,18,0,38280.0,4.2,20.2,10.1,160,998.8,1
1,2026-09-07T16:00:00+00:00,2026-09-08T23:00:00+00:00,15.1,0.0,6,0,37660.0,3.8,21.1,10.1,163,998.7,0
1,2026-09-07T16:00:00+00:00,2026-09-09T00:00:00+00:00,14.9,0.0,68,0,37660.0,4.4,22.9,10.8,171,998.4,2
1,2026-09-07T16:00:00+00:00,2026-09-09T01:00:00+00:00,14.8,0.0,5,0,38260.0,4.3,23.0,11.9,175,998.4,0
1,2026-09-07T16:00:00+00:00,2026-09-09T02:00:00+00:00,14.5,0.0,22,0,38280.0,4.7,24.1,13.0,180,998.2,1
1,2026-09-07T16:00:00+00:00,2026-09-09T03:00:00+00:00,14.3,0.0,100,0,36400.0,4.0,21.9,13.0,170,998.0,3
1,2026-09-07T16:00:00+00:00,2026-09-09T04:00:00+00:00,14.2,0.0,100,0,32740.0,3.4,18.1,10.8,162,998.1,3
1,2026-09-07T16:00:00+00:00,2026-09-09T05:00:00+00:00,14.7,0.0,100,0,31380.0,3.3,16.5,10.4,167,998.0,3
1,2026-09-07T16:00:00+00:00,2026-09-09T06:00:00+00:00,16.4,0.0,100,0,34320.0,4.4,15.9,14.4,171,998.0,3
1,2026-09-07T16:00:00+00:00,2026-09-09T07:00:00+00:00,18.5,0.0,100,0,40240.0,6.6,11.6,19.1,171,997.9,3
1,2026-09-07T16:00:00+00:00,2026-09-09T08:00:00+00:00,20.6,0.0,100,0,40760.0,6.6,11.4,20.2,167,998.0,3
1,2026-09-07T16:00:00+00:00,2026-09-09T09:00:00+00:00,22.6,0.0,58,0,41400.0,8.0,13.4,23.4,175,997.7,2
1,2026-09-07T16:00:00+00:00,2026-09-09T10:00:00+00:00,24.3,0.0,4,0,42320.0,10.1,18.1,29.2,184,997.4,0
1,2026-09-07T16:00:00+00:00,2026-09-09T11:00:00+00:00,25.3,0.0,51,0,43480.0,10.7,19.9,31.0,192,997.0,1
1,2026-09-07T16:00:00+00:00,2026-09-09T12:00:00+00:00,25.9,0.0,98,0,44240.0,10.0,18.7,30.6,195,996.5,3
1,2026-09-07T16:00:00+00:00,2026-09-09T13:00:00+00:00,26.2,0.0,16,0,44060.0,9.2,17.4,28.4,191,996.2,1
1,2026-09-07T16:00:00+00:00,2026-09-09T14:00:00+00:00,26.2,0.0,100,0,45040.0,8.7,17.3,26.3,197,995.9,3
1,2026-09-07T16:00:00+00:00,2026-09-09T15:00:00+00:00,25.6,0.0,100,0,44820.0,7.5,17.2,24.5,197,995.6,3
1,2026-09-07T16:00:00+00:00,2026-09-09T16:00:00+00:00,24.3,0.0,100,0,43380.0,4.3,17.0,20.2,180,995.5,3
1,2026-09-07T16:00:00+00:00,2026-09-09T17:00:00+00:00,22.8,0.0,19,0,42120.0,4.0,18.9,11.9,175,995.6,1
1,2026-09-07T16:00:00+00:00,2026-09-09T18:00:00+00:00,21.9,0.0,17,0,41720.0,4.3,22.0,11.5,175,995.6,1
1,2026-09-07T16:00:00+00:00,2026-09-09T19:00:00+00:00,21.2,0.0,52,0,41540.0,5.4,26.2,14.4,180,995.6,2
1,2026-09-07T16:00:00+00:00,2026-09-09T20:00:00+00:00,20.5,0.0,96,0,41280.0,6.6,30.9,18.4,189,995.5,3
1,2026-09-07T16:00:00+00:00,2026-09-09T21:00:00+00:00,20.0,0.0,64,0,41020.0,7.4,34.9,20.9,203,995.6,2
1,2026-09-07T16:00:00+00:00,2026-09-09T22:00:00+00:00,19.5,0.0,57,0,40780.0,7.1,34.4,21.2,210,995.7,2
1,2026-09-07T16:00:00+00:00,2026-09-09T23:00:00+00:00,19.0,0.0,32,0,40480.0,6.5,32.3,19.8,214,995.7,1
1,2026-09-07T16:00:00+00:00,2026-09-10T00:00:00+00:00,18.5,0.0,62,0,39560.0,6.0,30.2,17.6,213,995.9,2
1,2026-09-07T16:00:00+00:00,2026-09-10T01:00:00+00:00,18.0,0.0,22,0,37840.0,6.4,30.6,17.6,207,995.9,1
1,2026-09-07T16:00:00+00:00,2026-09-10T02:00:00+00:00,17.5,0.0,0,0,34180.0,7.0,31.2,19.8,201,995.7,0
1,2026-09-07T16:00:00+00:00,2026-09-10T03:00:00+00:00,16.9,0.0,1,0,30960.0,7.4,32.1,20.5,203,995.7,0
1,2026-09-07T16:00:00+00:00,2026-09-10T04:00:00+00:00,16.5,0.0,0,0,29360.0,7.3,32.3,20.9,200,995.9,0
1,2026-09-07T16:00:00+00:00,2026-09-10T05:00:00+00:00,17.0,0.0,0,0,28860.0,7.9,31.2,21.2,196,996.1,0
1,2026-09-07T16:00:00+00:00,2026-09-10T06:00:00+00:00,18.6,0.0,0,0,37200.0,9.7,21.6,26.3,195,996.3,0
1,2026-09-07T16:00:00+00:00,2026-09-10T07:00:00+00:00,20.7,0.0,0,0,39560.0,10.4,20.5,29.2,194,996.5,0
1,2026-09-07T16:00:00+00:00,2026-09-10T08:00:00+00:00,22.7,0.0,3,0,40460.0,11.3,21.9,32.0,189,996.4,0
1,2026-09-07T16:00:00+00:00,2026-09-10T09:00:00+00:00,24.5,0.0,4,0,41280.0,13.8,27.3,37.8,195,996.1,0
1,2026-09-07T16:00:00+00:00,2026-09-10T10:00:00+00:00,25.8,0.0,0,0,42280.0,14.3,28.6,39.2,190,995.7,0
1,2026-09-07T16:00:00+00:00,2026-09-10T11:00:00+00:00,26.8,0.0,0,0,43140.0,14.0,27.9,39.2,192,995.4,0
1,2026-09-07T16:00:00+00:00,2026-09-10T12:00:00+00:00,27.5,0.0,0,0,43900.0,13.8,28.4,38.5,189,994.9,0
1,2026-09-07T16:00:00+00:00,2026-09-10T13:00:00+00:00,27.8,0.0,0,0,44580.0,13.4,28.0,38.5,200,994.6,0
1,2026-09-07T16:00:00+00:00,2026-09-10T14:00:00+00:00,27.7,0.0,0,0,44140.0,12.2,26.8,36.4,204,994.6,0
1,2026-09-07T16:00:00+00:00,2026-09-10T15:00:00+00:00,27.1,0.0,0,0,43380.0,11.1,26.5,33.5,205,994.4,0
1,2026-09-07T16:00:00+00:00,2026-09-10T16:00:00+00:00,25.8,0.0,0,0,42460.0,8.1,25.7,29.2,193,994.5,0
1,2026-09-07T16:00:00+00:00,2026-09-10T17:00:00+00:00,24.2,0.0,0,0,41780.0,6.9,29.2,21.2,189,994.6,0
1,2026-09-07T16:00:00+00:00,2026-09-10T18:00:00+00:00,23.1,0.0,0,0,41380.0,7.4,32.2,20.2,194,994.8,0
1,2026-09-07T16:00:00+00:00,2026-09-10T19:00:00+00:00,22.0,0.0,23,12,38960.0,4.1,19.5,20.9,232,995.2,2
1,2026-09-07T16:00:00+00:00,2026-09-10T20:00:00+00:00,20.9,0.0,45,25,36560.0,6.6,16.2,24.1,299,995.6,2
1,2026-09-07T16:00:00+00:00,2026-09-10T21:00:00+00:00,19.9,0.0,68,37,34140.0,10.4,27.5,27.0,316,996.2,2
1,2026-09-07T16:00:00+00:00,2026-09-10T22:00:00+00:00,19.1,0.0,78,57,31620.0,10.8,29.0,29.2,323,996.7,61
1,2026-09-07T16:00:00+00:00,2026-09-10T23:00:00+00:00,18.4,0.0,88,76,29120.0,9.4,24.5,31.0,328,997.2,61
1,2026-09-07T16:00:00+00:00,2026-09-11T00:00:00+00:00,17.7,0.0,98,96,26600.0,8.4,20.8,31.3,329,997.7,61
1,2026-09-07T16:00:00+00:00,2026-09-11T01:00:00+00:00,16.7,0.0,98,86,26380.0,7.9,20.5,29.2,321,998.1,3
1,2026-09-07T16:00:00+00:00,2026-09-11T02:00:00+00:00,15.7,0.0,99,76,26180.0,7.7,21.0,25.2,307,998.6,3
1,2026-09-07T16:00:00+00:00,2026-09-11T03:00:00+00:00,15.1,0.0,99,66,25960.0,7.9,21.4,22.7,300,999.0,3
1,2026-09-07T16:00:00+00:00,2026-09-11T04:00:00+00:00,15.1,0.0,97,67,25680.0,8.1,20.1,22.3,302,999.5,3
1,2026-09-07T16:00:00+00:00,2026-09-11T05:00:00+00:00,15.3,0.0,96,69,25420.0,8.2,18.0,22.7,308,999.9,3
1,2026-09-07T16:00:00+00:00,2026-09-11T06:00:00+00:00,15.9,0.0,94,70,25140.0,8.4,16.0,23.0,313,1000.3,3
1,2026-09-07T16:00:00+00:00,2026-09-11T07:00:00+00:00,16.7,0.0,96,67,29300.0,8.1,14.2,22.7,315,1000.7,3
1,2026-09-07T16:00:00+00:00,2026-09-11T08:00:00+00:00,17.8,0.0,97,65,33480.0,7.4,12.2,22.3,317,1001.0,3
1,2026-09-07T16:00:00+00:00,2026-09-11T09:00:00+00:00,18.8,0.0,99,62,37640.0,6.9,10.7,21.6,317,1001.2,3
1,2026-09-07T16:00:00+00:00,2026-09-11T10:00:00+00:00,19.7,0.0,93,60,38800.0,6.6,10.0,21.2,319,1001.2,2
1,2026-09-07T16:00:00+00:00,2026-09-11T11:00:00+00:00,20.7,0.0,86,58,39980.0,6.4,9.5,20.5,322,1001.0,2
1,2026-09-07T16:00:00+00:00,2026-09-11T12:00:00+00:00,21.2,0.0,80,56,41140.0,6.2,9.0,20.2,324,1001.0,2
1,2026-09-07T16:00:00+00:00,2026-09-11T13:00:00+00:00,21.2,0.0,84,54,41220.0,6.1,8.9,19.8,332,1000.9,3
1,2026-09-07T16:00:00+00:00,2026-09-11T14:00:00+00:00,20.9,0.0,87,53,41300.0,5.7,9.1,19.4,342,1000.8,3
1,2026-09-07T16:00:00+00:00,2026-09-11T15:00:00+00:00,20.3,0.0,91,51,41380.0,5.5,8.9,18.0,349,1000.9,3
1,2026-09-07T16:00:00+00:00,2026-09-11T16:00:00+00:00,19.6,0.0,93,46,40920.0,4.4,8.2,14.0,351,1001.1,3
1,2026-09-07T16:00:00+00:00,2026-09-11T17:00:00+00:00,18.8,0.0,94,42,40440.0,3.2,7.9,9.4,360,1001.2,3
1,2026-09-07T16:00:00+00:00,2026-09-11T18:00:00+00:00,18.0,0.0,96,37,39980.0,2.2,8.4,6.5,9,1001.5,3
1,2026-09-07T16:00:00+00:00,2026-09-11T19:00:00+00:00,17.4,0.0,96,26,39980.0,2.4,10.5,7.6,27,1001.6,3
1,2026-09-07T16:00:00+00:00,2026-09-11T20:00:00+00:00,16.7,0.0,96,14,40000.0,3.3,13.7,10.4,41,1001.8,3
1,2026-09-07T16:00:00+00:00,2026-09-11T21:00:00+00:00,16.2,0.0,96,3,40000.0,3.8,15.8,13.0,49,1001.9,3
1,2026-09-07T16:00:00+00:00,2026-09-11T22:00:00+00:00,15.9,0.0,97,26,39860.0,3.9,16.3,13.7,56,1002.0,3
1,2026-09-07T16:00:00+00:00,2026-09-11T23:00:00+00:00,15.6,0.0,99,49,39720.0,4.0,16.2,13.7,63,1002.0,3
1,2026-09-07T16:00:00+00:00,2026-09-12T00:00:00+00:00,15.3,0.0,100,72,39580.0,4.2,16.1,13.7,70,1002.0,3
1,2026-09-07T16:00:00+00:00,2026-09-12T01:00:00+00:00,14.9,0.1,100,74,38580.0,4.5,16.5,14.0,76,1001.7,61
1,2026-09-07T16:00:00+00:00,2026-09-12T02:00:00+00:00,14.5,0.1,100,76,37560.0,4.7,17.3,14.4,81,1001.5,61
1,2026-09-07T16:00:00+00:00,2026-09-12T03:00:00+00:00,14.1,0.1,100,78,36560.0,5.1,17.7,14.8,86,1001.4,61
1,2026-09-07T16:00:00+00:00,2026-09-12T04:00:00+00:00,13.8,0.7,100,77,25920.0,4.7,16.4,14.4,86,1001.6,61
1,2026-09-07T16:00:00+00:00,2026-09-12T05:00:00+00:00,13.6,0.7,100,77,15300.0,4.4,14.4,14.0,81,1002.0,61
1,2026-09-07T16:00:00+00:00,2026-09-12T06:00:00+00:00,13.5,0.7,100,76,4660.0,4.5,12.9,14.4,76,1002.1,61
1,2026-09-07T16:00:00+00:00,2026-09-12T07:00:00+00:00,13.4,2.3,100,79,4260.0,4.9,12.7,16.6,73,1002.0,63
1,2026-09-07T16:00:00+00:00,2026-09-12T08:00:00+00:00,13.4,2.3,100,81,3840.0,5.7,13.1,19.8,72,1001.8,63
1,2026-09-07T16:00:00+00:00,2026-09-12T09:00:00+00:00,13.4,2.3,100,84,3440.0,6.2,13.8,22.0,69,1001.6,63
1,2026-09-07T16:00:00+00:00,2026-09-12T10:00:00+00:00,13.4,2.1,100,89,17635.0,6.6,14.7,21.9,60,1001.5,61
1,2026-09-07T16:00:00+00:00,2026-09-12T11:00:00+00:00,13.3,2.1,100,95,29760.0,7.2,15.8,21.1,51,1001.4,61
1,2026-09-07T16:00:00+00:00,2026-09-12T12:00:00+00:00,13.2,2.1,100,100,39790.0,8.0,17.5,20.5,45,1001.4,61
1,2026-09-07T16:00:00+00:00,2026-09-12T13:00:00+00:00,13.0,0.3,100,100,47740.0,8.7,19.4,22.0,48,1001.3,51
1,2026-09-07T16:00:00+00:00,2026-09-12T14:00:00+00:00,13.0,0.3,100,100,47740.0,8.5,20.0,23.0,54,1001.3,51
1,2026-09-07T16:00:00+00:00,2026-09-12T15:00:00+00:00,13.0,0.3,100,100,47740.0,8.3,20.2,23.4,56,1001.3,51
1,2026-09-07T16:00:00+00:00,2026-09-12T16:00:00+00:00,13.1,0.0,100,100,37560.0,7.7,19.4,21.2,53,1001.5,51
1,2026-09-07T16:00:00+00:00,2026-09-12T17:00:00+00:00,13.1,0.0,100,99,27400.0,6.9,17.7,18.0,47,1001.8,51
1,2026-09-07T16:00:00+00:00,2026-09-12T18:00:00+00:00,13.1,0.0,100,99,17220.0,6.1,16.2,15.5,40,1002.0,51
1,2026-09-07T16:00:00+00:00,2026-09-12T19:00:00+00:00,13.0,0.0,100,96,12700.0,5.8,14.7,14.8,30,1002.2,3
1,2026-09-07T16:00:00+00:00,2026-09-12T20:00:00+00:00,12.9,0.0,100,93,8160.0,6.5,14.0,15.1,19,1002.3,3
1,2026-09-07T16:00:00+00:00,2026-09-12T21:00:00+00:00,12.8,0.0,100,90,3640.0,6.6,14.4,15.5,13,1002.5,3
1,2026-09-07T16:00:00+00:00,2026-09-12T22:00:00+00:00,12.6,0.0,100,89,3460.0,6.9,15.1,15.5,9,1002.6,3
1,2026-09-07T16:00:00+00:00,2026-09-12T23:00:00+00:00,12.5,0.0,99,87,3280.0,6.9,16.1,15.5,6,1002.8,3
1,2026-09-07T16:00:00+00:00,2026-09-13T00:00:00+00:00,12.3,0.0,99,86,3100.0,6.5,16.2,15.5,6,1002.9,3
1,2026-09-07T16:00:00+00:00,2026-09-13T01:00:00+00:00,12.1,0.0,98,78,7440.0,5.8,15.0,14.8,7,1002.8,3
1,2026-09-07T16:00:00+00:00,2026-09-13T02:00:00+00:00,11.8,0.0,97,70,11800.0,4.8,13.4,13.7,13,1002.9,3
1,2026-09-07T16:00:00+00:00,2026-09-13T03:00:00+00:00,11.7,0.0,96,62,16140.0,4.1,12.0,13.3,15,1003.0,3
1,2026-09-07T16:00:00+00:00,2026-09-13T04:00:00+00:00,11.8,0.0,96,62,19280.0,4.5,11.5,14.0,14,1003.3,3
1,2026-09-07T16:00:00+00:00,2026-09-13T05:00:00+00:00,12.0,0.0,96,61,22400.0,5.4,11.4,15.5,8,1003.8,3
1,2026-09-07T16:00:00+00:00,2026-09-13T06:00:00+00:00,12.4,0.0,96,61,25540.0,6.2,11.4,16.6,7,1004.1,3
1,2026-09-07T16:00:00+00:00,2026-09-13T07:00:00+00:00,13.2,0.0,90,51,27060.0,6.5,10.6,16.9,3,1004.3,2
1,2026-09-07T16:00:00+00:00,2026-09-13T08:00:00+00:00,14.2,0.0,84,41,29800.0,6.5,9.9,16.9,3,1004.5,2
1,2026-09-07T16:00:00+00:00,2026-09-13T09:00:00+00:00,15.2,0.0,78,31,32560.0,6.1,8.8,16.9,360,1004.4,2
1,2026-09-07T16:00:00+00:00,2026-09-13T10:00:00+00:00,16.1,0.0,80,21,35300.0,5.8,7.8,16.6,360,1004.4,3
1,2026-09-07T16:00:00+00:00,2026-09-13T11:00:00+00:00,16.9,0.0,83,10,38060.0,5.0,6.7,15.5,360,1004.1,3
1,2026-09-07T16:00:00+00:00,2026-09-13T12:00:00+00:00,17.5,0.0,85,0,40800.0,4.7,6.0,14.8,360,1004.0,3
1,2026-09-07T16:00:00+00:00,2026-09-13T13:00:00+00:00,17.7,0.0,73,7,39280.0,4.3,5.3,14.0,5,1003.7,2
1,2026-09-07T16:00:00+00:00,2026-09-13T14:00:00+00:00,17.6,0.0,62,14,37740.0,3.7,5.0,13.3,11,1003.4,2
1,2026-09-07T16:00:00+00:00,2026-09-13T15:00:00+00:00,17.3,0.0,50,21,36220.0,3.3,5.0,12.2,13,1003.2,2
1,2026-09-07T16:00:00+00:00,2026-09-13T16:00:00+00:00,16.7,0.0,46,26,34680.0,3.0,5.6,9.7,14,1003.2,1
1,2026-09-07T16:00:00+00:00,2026-09-13T17:00:00+00:00,15.8,0.0,41,32,33160.0,2.5,6.8,6.8,8,1003.4,1
1,2026-09-07T16:00:00+00:00,2026-09-13T18:00:00+00:00,15.1,0.0,37,37,31620.0,2.2,6.9,4.3,360,1003.4,1
1,2026-09-07T16:00:00+00:00,2026-09-13T19:00:00+00:00,14.7,0.0,46,43,31400.0,1.8,6.0,3.2,349,1003.4,2
1,2026-09-07T16:00:00+00:00,2026-09-13T20:00:00+00:00,14.5,0.0,54,49,31200.0,1.5,4.3,2.5,315,1003.3,2
1,2026-09-07T16:00:00+00:00,2026-09-13T21:00:00+00:00,14.3,0.0,63,55,30980.0,1.6,3.3,2.2,297,1003.2,2
1,2026-09-07T16:00:00+00:00,2026-09-13T22:00:00+00:00,14.0,0.0,70,61,30760.0,1.6,3.3,2.2,297,1003.1,3
1,2026-09-07T16:00:00+00:00,2026-09-13T23:00:00+00:00,13.7,0.0,77,67,30560.0,1.8,4.0,2.2,323,1002.8,3
1,2026-09-07T17:00:00+00:00,2026-09-07T00:00:00+00:00,12.6,0.0,51,51,21480.0,11.6,31.9,31.0,292,1001.3,2
1,2026-09-07T17:00:00+00:00,2026-09-07T01:00:00+00:00,12.4,0.0,63,63,18040.0,12.2,33.2,31.7,294,1001.8,2
1,2026-09-07T17:00:00+00:00,2026-09-07T02:00:00+00:00,12.4,0.0,67,67,18440.0,12.6,31.7,32.4,297,1002.3,2
1,2026-09-07T17:00:00+00:00,2026-09-07T03:00:00+00:00,11.9,0.0,64,64,18740.0,11.2,28.9,32.8,303,1002.9,2
1,2026-09-07T17:00:00+00:00,2026-09-07T04:00:00+00:00,11.7,0.0,64,64,17560.0,11.0,27.9,29.9,302,1003.2,2
1,2026-09-07T17:00:00+00:00,2026-09-07T05:00:00+00:00,12.3,0.0,55,55,21780.0,10.8,25.1,32.4,300,1003.9,2
1,2026-09-07T17:00:00+00:00,2026-09-07T06:00:00+00:00,13.3,0.0,47,47,26320.0,11.1,21.2,29.2,299,1003.7,1
1,2026-09-07T17:00:00+00:00,2026-09-07T07:00:00+00:00,15.3,0.0,54,54,34640.0,11.3,20.6,31.7,301,1004.2,2
1,2026-09-07T17:00:00+00:00,2026-09-07T08:00:00+00:00,16.6,0.0,62,45,38680.0,12.4,23.4,34.9,306,1004.0,2
1,2026-09-07T17:00:00+00:00,2026-09-07T09:00:00+00:00,17.3,0.0,74,53,37680.0,12.5,22.6,36.7,303,1004.6,2
1,2026-09-07T17:00:00+00:00,2026-09-07T10:00:00+00:00,18.7,0.0,74,34,40440.0,13.0,24.2,36.0,304,1004.0,2
1,2026-09-07T17:00:00+00:00,2026-09-07T11:00:00+00:00,18.7,0.0,76,57,40060.0,14.1,26.1,43.9,302,1004.3,2
1,2026-09-07T17:00:00+00:00,2026-09-07T12:00:00+00:00,18.6,0.0,70,50,40120.0,13.9,26.9,44.6,307,1004.6,2
1,2026-09-07T17:00:00+00:00,2026-09-07T13:00:00+00:00,19.2,0.0,79,53,40960.0,13.3,26.0,42.5,311,1004.2,2
1,2026-09-07T17:00:00+00:00,2026-09-07T14:00:00+00:00,19.3,0.0,46,43,41380.0,13.2,27.2,37.1,315,1004.0,1
1,2026-09-07T17:00:00+00:00,2026-09-07T15:00:00+00:00,19.1,0.0,54,52,41780.0,10.9,23.1,35.6,326,1003.9,2
1,2026-09-07T17:00:00+00:00,2026-09-07T16:00:00+00:00,18.3,0.0,24,24,41340.0,8.5,20.5,29.2,324,1004.0,1
1,2026-09-07T17:00:00+00:00,2026-09-07T17:00:00+00:00,16.9,0.0,35,35,40400.0,5.2,20.5,22.0,304,1004.5,1
1,2026-09-07T17:00:00+00:00,2026-09-07T18:00:00+00:00,15.9,0.0,1,1,39780.0,5.6,22.7,15.5,297,1004.6,0
1,2026-09-07T17:00:00+00:00,2026-09-07T19:00:00+00:00,15.0,0.0,0,0,38900.0,5.0,22.7,14.8,291,1004.8,0
1,2026-09-07T17:00:00+00:00,2026-09-07T20:00:00+00:00,14.2,0.0,0,0,37740.0,4.8,22.2,13.0,283,1004.5,0
1,2026-09-07T17:00:00+00:00,2026-09-07T21:00:00+00:00,13.5,0.0,0,0,36300.0,4.7,21.8,12.2,279,1004.9,0
1,2026-09-07T17:00:00+00:00,2026-09-07T22:00:00+00:00,12.9,0.0,0,0,33980.0,4.4,20.2,12.2,279,1004.8,0
1,2026-09-07T17:00:00+00:00,2026-09-07T23:00:00+00:00,12.5,0.0,0,0,31900.0,4.3,19.7,11.5,275,1004.9,0
1,2026-09-07T17:00:00+00:00,2026-09-08T00:00:00+00:00,12.0,0.0,0,0,29720.0,4.0,18.5,11.2,275,1005.0,0
1,2026-09-07T17:00:00+00:00,2026-09-08T01:00:00+00:00,11.8,0.0,5,0,28760.0,3.6,16.9,11.9,264,1005.0,0
1,2026-09-07T17:00:00+00:00,2026-09-08T02:00:00+00:00,11.4,0.0,3,0,25780.0,3.3,15.1,10.1,264,1004.9,0
1,2026-09-07T17:00:00+00:00,2026-09-08T03:00:00+00:00,11.0,0.0,1,0,21960.0,3.3,14.0,9.4,257,1004.8,0
1,2026-09-07T17:00:00+00:00,2026-09-08T04:00:00+00:00,10.8,0.0,0,0,19580.0,3.1,12.4,9.0,249,1004.8,0
1,2026-09-07T17:00:00+00:00,2026-09-08T05:00:00+00:00,12.1,0.0,88,24,24200.0,2.7,12.8,9.4,247,1004.8,3
1,2026-09-07T17:00:00+00:00,2026-09-08T06:00:00+00:00,14.2,0.0,100,23,32200.0,2.9,10.9,11.2,240,1004.6,3
1,2026-09-07T17:00:00+00:00,2026-09-08T07:00:00+00:00,16.3,0.0,100,24,37100.0,2.6,3.8,10.1,254,1004.5,3
1,2026-09-07T17:00:00+00:00,2026-09-08T08:00:00+00:00,18.0,0.0,99,32,39900.0,5.8,8.6,18.0,263,1004.1,3
1,2026-09-07T17:00:00+00:00,2026-09-08T09:00:00+00:00,19.2,0.0,49,49,40760.0,6.9,10.6,21.6,261,1003.8,2
1,2026-09-07T17:00:00+00:00,2026-09-08T10:00:00+00:00,19.8,0.0,66,66,41400.0,6.2,8.9,21.6,260,1003.0,2
1,2026-09-07T17:00:00+00:00,2026-09-08T11:00:00+00:00,20.3,0.0,66,66,41540.0,5.5,7.8,19.1,247,1002.4,2
1,2026-09-07T17:00:00+00:00,2026-09-08T12:00:00+00:00,20.6,0.0,59,59,41660.0,5.2,7.7,17.6,245,1001.6,2
1,2026-09-07T17:00:00+00:00,2026-09-08T13:00:00+00:00,20.8,0.0,50,49,41960.0,5.5,8.1,17.6,247,1001.1,2
1,2026-09-07T17:00:00+00:00,2026-09-08T14:00:00+00:00,20.9,0.0,32,29,42420.0,4.3,6.9,17.3,246,1000.7,1
1,2026-09-07T17:00:00+00:00,2026-09-08T15:00:00+00:00,20.6,0.0,81,42,42080.0,4.0,6.9,14.4,243,1000.3,2
1,2026-09-07T17:00:00+00:00,2026-09-08T16:00:00+00:00,20.0,0.0,89,35,41640.0,3.4,7.0,13.0,252,1000.0,3
1,2026-09-07T17:00:00+00:00,2026-09-08T17:00:00+00:00,18.9,0.0,7,7,41200.0,1.8,4.0,9.0,169,999.9,1
1,2026-09-07T17:00:00+00:00,2026-09-08T18:00:00+00:00,18.1,0.0,3,0,40940.0,3.4,7.5,7.2,148,999.8,0
1,2026-09-07T17:00:00+00:00,2026-09-08T19:00:00+00:00,16.9,0.0,1,0,40220.0,3.1,12.5,8.6,159,999.4,0
1,2026-09-07T17:00:00+00:00,2026-09-08T20:00:00+00:00,16.3,0.0,13,0,39820.0,3.8,16.3,8.6,163,999.1,1
1,2026-09-07T17:00:00+00:00,2026-09-08T21:00:00+00:00,15.9,0.0,23,0,39200.0,3.5,16.9,9.7,156,998.9,1
1,2026-09-07T17:00:00+00:00,2026-09-08T22:00:00+00:00,15.4,0.0,18,0,38280.0,4.2,20.2,10.1,160,998.8,1
1,2026-09-07T17:00:00+00:00,2026-09-08T23:00:00+00:00,15.1,0.0,6,0,37660.0,3.8,21.1,10.1,163,998.7,0
1,2026-09-07T17:00:00+00:00,2026-09-09T00:00:00+00:00,14.9,0.0,68,0,37660.0,4.4,22.9,10.8,171,998.4,2
1,2026-09-07T17:00:00+00:00,2026-09-09T01:00:00+00:00,14.8,0.0,5,0,38260.0,4.3,23.0,11.9,175,998.4,0
1,2026-09-07T17:00:00+00:00,2026-09-09T02:00:00+00:00,14.5,0.0,22,0,38280.0,4.7,24.1,13.0,180,998.2,1
1,2026-09-07T17:00:00+00:00,2026-09-09T03:00:00+00:00,14.3,0.0,100,0,36400.0,4.0,21.9,13.0,170,998.0,3
1,2026-09-07T17:00:00+00:00,2026-09-09T04:00:00+00:00,14.2,0.0,100,0,32740.0,3.4,18.1,10.8,162,998.1,3
1,2026-09-07T17:00:00+00:00,2026-09-09T05:00:00+00:00,14.7,0.0,100,0,31380.0,3.3,16.5,10.4,167,998.0,3
1,2026-09-07T17:00:00+00:00,2026-09-09T06:00:00+00:00,16.4,0.0,100,0,34320.0,4.4,15.9,14.4,171,998.0,3
1,2026-09-07T17:00:00+00:00,2026-09-09T07:00:00+00:00,18.5,0.0,100,0,40240.0,6.6,11.6,19.1,171,997.9,3
1,2026-09-07T17:00:00+00:00,2026-09-09T08:00:00+00:00,20.6,0.0,100,0,40760.0,6.6,11.4,20.2,167,998.0,3
1,2026-09-07T17:00:00+00:00,2026-09-09T09:00:00+00:00,22.6,0.0,58,0,41400.0,8.0,13.4,23.4,175,997.7,2
1,2026-09-07T17:00:00+00:00,2026-09-09T10:00:00+00:00,24.3,0.0,4,0,42320.0,10.1,18.1,29.2,184,997.4,0
1,2026-09-07T17:00:00+00:00,2026-09-09T11:00:00+00:00,25.3,0.0,51,0,43480.0,10.7,19.9,31.0,192,997.0,1
1,2026-09-07T17:00:00+00:00,2026-09-09T12:00:00+00:00,25.9,0.0,98,0,44240.0,10.0,18.7,30.6,195,996.5,3
1,2026-09-07T17:00:00+00:00,2026-09-09T13:00:00+00:00,26.2,0.0,16,0,44060.0,9.2,17.4,28.4,191,996.2,1
1,2026-09-07T17:00:00+00:00,2026-09-09T14:00:00+00:00,26.2,0.0,100,0,45040.0,8.7,17.3,26.3,197,995.9,3
1,2026-09-07T17:00:00+00:00,2026-09-09T15:00:00+00:00,25.6,0.0,100,0,44820.0,7.5,17.2,24.5,197,995.6,3
1,2026-09-07T17:00:00+00:00,2026-09-09T16:00:00+00:00,24.3,0.0,100,0,43380.0,4.3,17.0,20.2,180,995.5,3
1,2026-09-07T17:00:00+00:00,2026-09-09T17:00:00+00:00,22.8,0.0,19,0,42120.0,4.0,18.9,11.9,175,995.6,1
1,2026-09-07T17:00:00+00:00,2026-09-09T18:00:00+00:00,21.9,0.0,17,0,41720.0,4.3,22.0,11.5,175,995.6,1
1,2026-09-07T17:00:00+00:00,2026-09-09T19:00:00+00:00,21.2,0.0,52,0,41540.0,5.4,26.2,14.4,180,995.6,2
1,2026-09-07T17:00:00+00:00,2026-09-09T20:00:00+00:00,20.5,0.0,96,0,41280.0,6.6,30.9,18.4,189,995.5,3
1,2026-09-07T17:00:00+00:00,2026-09-09T21:00:00+00:00,20.0,0.0,64,0,41020.0,7.4,34.9,20.9,203,995.6,2
1,2026-09-07T17:00:00+00:00,2026-09-09T22:00:00+00:00,19.5,0.0,57,0,40780.0,7.1,34.4,21.2,210,995.7,2
1,2026-09-07T17:00:00+00:00,2026-09-09T23:00:00+00:00,19.0,0.0,32,0,40480.0,6.5,32.3,19.8,214,995.7,1
1,2026-09-07T17:00:00+00:00,2026-09-10T00:00:00+00:00,18.5,0.0,62,0,39560.0,6.0,30.2,17.6,213,995.9,2
1,2026-09-07T17:00:00+00:00,2026-09-10T01:00:00+00:00,18.0,0.0,22,0,37840.0,6.4,30.6,17.6,207,995.9,1
1,2026-09-07T17:00:00+00:00,2026-09-10T02:00:00+00:00,17.5,0.0,0,0,34180.0,7.0,31.2,19.8,201,995.7,0
1,2026-09-07T17:00:00+00:00,2026-09-10T03:00:00+00:00,16.9,0.0,1,0,30960.0,7.4,32.1,20.5,203,995.7,0
1,2026-09-07T17:00:00+00:00,2026-09-10T04:00:00+00:00,16.5,0.0,0,0,29360.0,7.3,32.3,20.9,200,995.9,0
1,2026-09-07T17:00:00+00:00,2026-09-10T05:00:00+00:00,17.0,0.0,0,0,28860.0,7.9,31.2,21.2,196,996.1,0
1,2026-09-07T17:00:00+00:00,2026-09-10T06:00:00+00:00,18.6,0.0,0,0,37200.0,9.7,21.6,26.3,195,996.3,0
1,2026-09-07T17:00:00+00:00,2026-09-10T07:00:00+00:00,20.7,0.0,0,0,39560.0,10.4,20.5,29.2,194,996.5,0
1,2026-09-07T17:00:00+00:00,2026-09-10T08:00:00+00:00,22.7,0.0,3,0,40460.0,11.3,21.9,32.0,189,996.4,0
1,2026-09-07T17:00:00+00:00,2026-09-10T09:00:00+00:00,24.5,0.0,4,0,41280.0,13.8,27.3,37.8,195,996.1,0
1,2026-09-07T17:00:00+00:00,2026-09-10T10:00:00+00:00,25.8,0.0,0,0,42280.0,14.3,28.6,39.2,190,995.7,0
1,2026-09-07T17:00:00+00:00,2026-09-10T11:00:00+00:00,26.8,0.0,0,0,43140.0,14.0,27.9,39.2,192,995.4,0
1,2026-09-07T17:00:00+00:00,2026-09-10T12:00:00+00:00,27.5,0.0,0,0,43900.0,13.8,28.4,38.5,189,994.9,0
1,2026-09-07T17:00:00+00:00,2026-09-10T13:00:00+00:00,27.8,0.0,0,0,44580.0,13.4,28.0,38.5,200,994.6,0
1,2026-09-07T17:00:00+00:00,2026-09-10T14:00:00+00:00,27.7,0.0,0,0,44140.0,12.2,26.8,36.4,204,994.6,0
1,2026-09-07T17:00:00+00:00,2026-09-10T15:00:00+00:00,27.1,0.0,0,0,43380.0,11.1,26.5,33.5,205,994.4,0
1,2026-09-07T17:00:00+00:00,2026-09-10T16:00:00+00:00,25.8,0.0,0,0,42460.0,8.1,25.7,29.2,193,994.5,0
1,2026-09-07T17:00:00+00:00,2026-09-10T17:00:00+00:00,24.2,0.0,0,0,41780.0,6.9,29.2,21.2,189,994.6,0
1,2026-09-07T17:00:00+00:00,2026-09-10T18:00:00+00:00,23.1,0.0,0,0,41380.0,7.4,32.2,20.2,194,994.8,0
1,2026-09-07T17:00:00+00:00,2026-09-10T19:00:00+00:00,22.0,0.0,23,12,38960.0,4.1,19.5,20.9,232,995.2,2
1,2026-09-07T17:00:00+00:00,2026-09-10T20:00:00+00:00,20.9,0.0,45,25,36560.0,6.6,16.2,24.1,299,995.6,2
1,2026-09-07T17:00:00+00:00,2026-09-10T21:00:00+00:00,19.9,0.0,68,37,34140.0,10.4,27.5,27.0,316,996.2,2
1,2026-09-07T17:00:00+00:00,2026-09-10T22:00:00+00:00,19.1,0.0,78,57,31620.0,10.8,29.0,29.2,323,996.7,61
1,2026-09-07T17:00:00+00:00,2026-09-10T23:00:00+00:00,18.4,0.0,88,76,29120.0,9.4,24.5,31.0,328,997.2,61
1,2026-09-07T17:00:00+00:00,2026-09-11T00:00:00+00:00,17.7,0.0,98,96,26600.0,8.4,20.8,31.3,329,997.7,61
1,2026-09-07T17:00:00+00:00,2026-09-11T01:00:00+00:00,16.7,0.0,98,86,26380.0,7.9,20.5,29.2,321,998.1,3
1,2026-09-07T17:00:00+00:00,2026-09-11T02:00:00+00:00,15.7,0.0,99,76,26180.0,7.7,21.0,25.2,307,998.6,3
1,2026-09-07T17:00:00+00:00,2026-09-11T03:00:00+00:00,15.1,0.0,99,66,25960.0,7.9,21.4,22.7,300,999.0,3
1,2026-09-07T17:00:00+00:00,2026-09-11T04:00:00+00:00,15.1,0.0,97,67,25680.0,8.1,20.1,22.3,302,999.5,3
1,2026-09-07T17:00:00+00:00,2026-09-11T05:00:00+00:00,15.3,0.0,96,69,25420.0,8.2,18.0,22.7,308,999.9,3
1,2026-09-07T17:00:00+00:00,2026-09-11T06:00:00+00:00,15.9,0.0,94,70,25140.0,8.4,16.0,23.0,313,1000.3,3
1,2026-09-07T17:00:00+00:00,2026-09-11T07:00:00+00:00,16.7,0.0,96,67,29300.0,8.1,14.2,22.7,315,1000.7,3
1,2026-09-07T17:00:00+00:00,2026-09-11T08:00:00+00:00,17.8,0.0,97,65,33480.0,7.4,12.2,22.3,317,1001.0,3
1,2026-09-07T17:00:00+00:00,2026-09-11T09:00:00+00:00,18.8,0.0,99,62,37640.0,6.9,10.7,21.6,317,1001.2,3
1,2026-09-07T17:00:00+00:00,2026-09-11T10:00:00+00:00,19.7,0.0,93,60,38800.0,6.6,10.0,21.2,319,1001.2,2
1,2026-09-07T17:00:00+00:00,2026-09-11T11:00:00+00:00,20.7,0.0,86,58,39980.0,6.4,9.5,20.5,322,1001.0,2
1,2026-09-07T17:00:00+00:00,2026-09-11T12:00:00+00:00,21.2,0.0,80,56,41140.0,6.2,9.0,20.2,324,1001.0,2
1,2026-09-07T17:00:00+00:00,2026-09-11T13:00:00+00:00,21.2,0.0,84,54,41220.0,6.1,8.9,19.8,332,1000.9,3
1,2026-09-07T17:00:00+00:00,2026-09-11T14:00:00+00:00,20.9,0.0,87,53,41300.0,5.7,9.1,19.4,342,1000.8,3
1,2026-09-07T17:00:00+00:00,2026-09-11T15:00:00+00:00,20.3,0.0,91,51,41380.0,5.5,8.9,18.0,349,1000.9,3
1,2026-09-07T17:00:00+00:00,2026-09-11T16:00:00+00:00,19.6,0.0,93,46,40920.0,4.4,8.2,14.0,351,1001.1,3
1,2026-09-07T17:00:00+00:00,2026-09-11T17:00:00+00:00,18.8,0.0,94,42,40440.0,3.2,7.9,9.4,360,1001.2,3
1,2026-09-07T17:00:00+00:00,2026-09-11T18:00:00+00:00,18.0,0.0,96,37,39980.0,2.2,8.4,6.5,9,1001.5,3
1,2026-09-07T17:00:00+00:00,2026-09-11T19:00:00+00:00,17.4,0.0,96,26,39980.0,2.4,10.5,7.6,27,1001.6,3
1,2026-09-07T17:00:00+00:00,2026-09-11T20:00:00+00:00,16.7,0.0,96,14,40000.0,3.3,13.7,10.4,41,1001.8,3
1,2026-09-07T17:00:00+00:00,2026-09-11T21:00:00+00:00,16.2,0.0,96,3,40000.0,3.8,15.8,13.0,49,1001.9,3
1,2026-09-07T17:00:00+00:00,2026-09-11T22:00:00+00:00,15.9,0.0,97,26,39860.0,3.9,16.3,13.7,56,1002.0,3
1,2026-09-07T17:00:00+00:00,2026-09-11T23:00:00+00:00,15.6,0.0,99,49,39720.0,4.0,16.2,13.7,63,1002.0,3
1,2026-09-07T17:00:00+00:00,2026-09-12T00:00:00+00:00,15.3,0.0,100,72,39580.0,4.2,16.1,13.7,70,1002.0,3
1,2026-09-07T17:00:00+00:00,2026-09-12T01:00:00+00:00,14.9,0.1,100,74,38580.0,4.5,16.5,14.0,76,1001.7,61
1,2026-09-07T17:00:00+00:00,2026-09-12T02:00:00+00:00,14.5,0.1,100,76,37560.0,4.7,17.3,14.4,81,1001.5,61
1,2026-09-07T17:00:00+00:00,2026-09-12T03:00:00+00:00,14.1,0.1,100,78,36560.0,5.1,17.7,14.8,86,1001.4,61
1,2026-09-07T17:00:00+00:00,2026-09-12T04:00:00+00:00,13.8,0.7,100,77,25920.0,4.7,16.4,14.4,86,1001.6,61
1,2026-09-07T17:00:00+00:00,2026-09-12T05:00:00+00:00,13.6,0.7,100,77,15300.0,4.4,14.4,14.0,81,1002.0,61
1,2026-09-07T17:00:00+00:00,2026-09-12T06:00:00+00:00,13.5,0.7,100,76,4660.0,4.5,12.9,14.4,76,1002.1,61
1,2026-09-07T17:00:00+00:00,2026-09-12T07:00:00+00:00,13.4,2.3,100,79,4260.0,4.9,12.7,16.6,73,1002.0,63
1,2026-09-07T17:00:00+00:00,2026-09-12T08:00:00+00:00,13.4,2.3,100,81,3840.0,5.7,13.1,19.8,72,1001.8,63
1,2026-09-07T17:00:00+00:00,2026-09-12T09:00:00+00:00,13.4,2.3,100,84,3440.0,6.2,13.8,22.0,69,1001.6,63
1,2026-09-07T17:00:00+00:00,2026-09-12T10:00:00+00:00,13.4,2.1,100,89,17635.0,6.6,14.7,21.9,60,1001.5,61
1,2026-09-07T17:00:00+00:00,2026-09-12T11:00:00+00:00,13.3,2.1,100,95,29760.0,7.2,15.8,21.1,51,1001.4,61
1,2026-09-07T17:00:00+00:00,2026-09-12T12:00:00+00:00,13.2,2.1,100,100,39790.0,8.0,17.5,20.5,45,1001.4,61
1,2026-09-07T17:00:00+00:00,2026-09-12T13:00:00+00:00,13.0,0.3,100,100,47740.0,8.7,19.4,22.0,48,1001.3,51
1,2026-09-07T17:00:00+00:00,2026-09-12T14:00:00+00:00,13.0,0.3,100,100,47740.0,8.5,20.0,23.0,54,1001.3,51
1,2026-09-07T17:00:00+00:00,2026-09-12T15:00:00+00:00,13.0,0.3,100,100,47740.0,8.3,20.2,23.4,56,1001.3,51
1,2026-09-07T17:00:00+00:00,2026-09-12T16:00:00+00:00,13.1,0.0,100,100,37560.0,7.7,19.4,21.2,53,1001.5,51
1,2026-09-07T17:00:00+00:00,2026-09-12T17:00:00+00:00,13.1,0.0,100,99,27400.0,6.9,17.7,18.0,47,1001.8,51
1,2026-09-07T17:00:00+00:00,2026-09-12T18:00:00+00:00,13.1,0.0,100,99,17220.0,6.1,16.2,15.5,40,1002.0,51
1,2026-09-07T17:00:00+00:00,2026-09-12T19:00:00+00:00,13.0,0.0,100,96,12700.0,5.8,14.7,14.8,30,1002.2,3
1,2026-09-07T17:00:00+00:00,2026-09-12T20:00:00+00:00,12.9,0.0,100,93,8160.0,6.5,14.0,15.1,19,1002.3,3
1,2026-09-07T17:00:00+00:00,2026-09-12T21:00:00+00:00,12.8,0.0,100,90,3640.0,6.6,14.4,15.5,13,1002.5,3
1,2026-09-07T17:00:00+00:00,2026-09-12T22:00:00+00:00,12.6,0.0,100,89,3460.0,6.9,15.1,15.5,9,1002.6,3
1,2026-09-07T17:00:00+00:00,2026-09-12T23:00:00+00:00,12.5,0.0,99,87,3280.0,6.9,16.1,15.5,6,1002.8,3
1,2026-09-07T17:00:00+00:00,2026-09-13T00:00:00+00:00,12.3,0.0,99,86,3100.0,6.5,16.2,15.5,6,1002.9,3
1,2026-09-07T17:00:00+00:00,2026-09-13T01:00:00+00:00,12.1,0.0,98,78,7440.0,5.8,15.0,14.8,7,1002.8,3
1,2026-09-07T17:00:00+00:00,2026-09-13T02:00:00+00:00,11.8,0.0,97,70,11800.0,4.8,13.4,13.7,13,1002.9,3
1,2026-09-07T17:00:00+00:00,2026-09-13T03:00:00+00:00,11.7,0.0,96,62,16140.0,4.1,12.0,13.3,15,1003.0,3
1,2026-09-07T17:00:00+00:00,2026-09-13T04:00:00+00:00,11.8,0.0,96,62,19280.0,4.5,11.5,14.0,14,1003.3,3
1,2026-09-07T17:00:00+00:00,2026-09-13T05:00:00+00:00,12.0,0.0,96,61,22400.0,5.4,11.4,15.5,8,1003.8,3
1,2026-09-07T17:00:00+00:00,2026-09-13T06:00:00+00:00,12.4,0.0,96,61,25540.0,6.2,11.4,16.6,7,1004.1,3
1,2026-09-07T17:00:00+00:00,2026-09-13T07:00:00+00:00,13.2,0.0,90,51,27060.0,6.5,10.6,16.9,3,1004.3,2
1,2026-09-07T17:00:00+00:00,2026-09-13T08:00:00+00:00,14.2,0.0,84,41,29800.0,6.5,9.9,16.9,3,1004.5,2
1,2026-09-07T17:00:00+00:00,2026-09-13T09:00:00+00:00,15.2,0.0,78,31,32560.0,6.1,8.8,16.9,360,1004.4,2
1,2026-09-07T17:00:00+00:00,2026-09-13T10:00:00+00:00,16.1,0.0,80,21,35300.0,5.8,7.8,16.6,360,1004.4,3
1,2026-09-07T17:00:00+00:00,2026-09-13T11:00:00+00:00,16.9,0.0,83,10,38060.0,5.0,6.7,15.5,360,1004.1,3
1,2026-09-07T17:00:00+00:00,2026-09-13T12:00:00+00:00,17.5,0.0,85,0,40800.0,4.7,6.0,14.8,360,1004.0,3
1,2026-09-07T17:00:00+00:00,2026-09-13T13:00:00+00:00,17.7,0.0,73,7,39280.0,4.3,5.3,14.0,5,1003.7,2
1,2026-09-07T17:00:00+00:00,2026-09-13T14:00:00+00:00,17.6,0.0,62,14,37740.0,3.7,5.0,13.3,11,1003.4,2
1,2026-09-07T17:00:00+00:00,2026-09-13T15:00:00+00:00,17.3,0.0,50,21,36220.0,3.3,5.0,12.2,13,1003.2,2
1,2026-09-07T17:00:00+00:00,2026-09-13T16:00:00+00:00,16.7,0.0,46,26,34680.0,3.0,5.6,9.7,14,1003.2,1
1,2026-09-07T17:00:00+00:00,2026-09-13T17:00:00+00:00,15.8,0.0,41,32,33160.0,2.5,6.8,6.8,8,1003.4,1
1,2026-09-07T17:00:00+00:00,2026-09-13T18:00:00+00:00,15.1,0.0,37,37,31620.0,2.2,6.9,4.3,360,1003.4,1
1,2026-09-07T17:00:00+00:00,2026-09-13T19:00:00+00:00,14.7,0.0,46,43,31400.0,1.8,6.0,3.2,349,1003.4,2
1,2026-09-07T17:00:00+00:00,2026-09-13T20:00:00+00:00,14.5,0.0,54,49,31200.0,1.5,4.3,2.5,315,1003.3,2
1,2026-09-07T17:00:00+00:00,2026-09-13T21:00:00+00:00,14.3,0.0,63,55,30980.0,1.6,3.3,2.2,297,1003.2,2
1,2026-09-07T17:00:00+00:00,2026-09-13T22:00:00+00:00,14.0,0.0,70,61,30760.0,1.6,3.3,2.2,297,1003.1,3
1,2026-09-07T17:00:00+00:00,2026-09-13T23:00:00+00:00,13.7,0.0,77,67,30560.0,1.8,4.0,2.2,323,1002.8,3
1,2026-09-07T18:00:00+00:00,2026-09-07T00:00:00+00:00,12.6,0.0,51,51,21480.0,11.6,31.9,31.0,292,1001.3,2
1,2026-09-07T18:00:00+00:00,2026-09-07T01:00:00+00:00,12.4,0.0,63,63,18040.0,12.2,33.2,31.7,294,1001.8,2
1,2026-09-07T18:00:00+00:00,2026-09-07T02:00:00+00:00,12.4,0.0,67,67,18440.0,12.6,31.7,32.4,297,1002.3,2
1,2026-09-07T18:00:00+00:00,2026-09-07T03:00:00+00:00,11.9,0.0,64,64,18740.0,11.2,28.9,32.8,303,1002.9,2
1,2026-09-07T18:00:00+00:00,2026-09-07T04:00:00+00:00,11.7,0.0,64,64,17560.0,11.0,27.9,29.9,302,1003.2,2
1,2026-09-07T18:00:00+00:00,2026-09-07T05:00:00+00:00,12.3,0.0,55,55,21780.0,10.8,25.1,32.4,300,1003.9,2
1,2026-09-07T18:00:00+00:00,2026-09-07T06:00:00+00:00,13.3,0.0,47,47,26320.0,11.1,21.2,29.2,299,1003.7,1
1,2026-09-07T18:00:00+00:00,2026-09-07T07:00:00+00:00,15.3,0.0,54,54,34640.0,11.3,20.6,31.7,301,1004.2,2
1,2026-09-07T18:00:00+00:00,2026-09-07T08:00:00+00:00,16.6,0.0,62,45,38680.0,12.4,23.4,34.9,306,1004.0,2
1,2026-09-07T18:00:00+00:00,2026-09-07T09:00:00+00:00,17.3,0.0,74,53,37680.0,12.5,22.6,36.7,303,1004.6,2
1,2026-09-07T18:00:00+00:00,2026-09-07T10:00:00+00:00,18.7,0.0,74,34,40440.0,13.0,24.2,36.0,304,1004.0,2
1,2026-09-07T18:00:00+00:00,2026-09-07T11:00:00+00:00,18.7,0.0,76,57,40060.0,14.1,26.1,43.9,302,1004.3,2
1,2026-09-07T18:00:00+00:00,2026-09-07T12:00:00+00:00,18.6,0.0,70,50,40120.0,13.9,26.9,44.6,307,1004.6,2
1,2026-09-07T18:00:00+00:00,2026-09-07T13:00:00+00:00,19.2,0.0,79,53,40960.0,13.3,26.0,42.5,311,1004.2,2
1,2026-09-07T18:00:00+00:00,2026-09-07T14:00:00+00:00,19.3,0.0,46,43,41380.0,13.2,27.2,37.1,315,1004.0,1
1,2026-09-07T18:00:00+00:00,2026-09-07T15:00:00+00:00,19.6,0.0,27,27,42080.0,10.8,23.1,35.6,323,1004.0,2
1,2026-09-07T18:00:00+00:00,2026-09-07T16:00:00+00:00,18.7,0.0,23,22,41580.0,8.7,20.5,28.8,322,1004.1,1
1,2026-09-07T18:00:00+00:00,2026-09-07T17:00:00+00:00,17.3,0.0,27,27,40740.0,5.5,20.5,22.0,302,1004.5,1
1,2026-09-07T18:00:00+00:00,2026-09-07T18:00:00+00:00,16.2,0.0,2,2,40100.0,5.5,22.7,15.5,293,1004.2,0
1,2026-09-07T18:00:00+00:00,2026-09-07T19:00:00+00:00,15.3,0.0,0,0,39360.0,5.0,22.7,14.8,291,1004.3,0
1,2026-09-07T18:00:00+00:00,2026-09-07T20:00:00+00:00,14.5,0.0,6,6,38240.0,4.8,22.2,12.6,283,1004.3,1
1,2026-09-07T18:00:00+00:00,2026-09-07T21:00:00+00:00,13.8,0.0,0,0,37200.0,4.7,21.8,12.2,279,1004.8,0
1,2026-09-07T18:00:00+00:00,2026-09-07T22:00:00+00:00,13.2,0.0,0,0,35240.0,4.4,20.2,12.2,279,1004.6,0
1,2026-09-07T18:00:00+00:00,2026-09-07T23:00:00+00:00,12.7,0.0,0,0,33280.0,4.3,19.7,11.5,275,1004.7,0
1,2026-09-07T18:00:00+00:00,2026-09-08T00:00:00+00:00,12.3,0.0,1,0,31720.0,4.3,18.5,11.5,275,1004.9,0
1,2026-09-07T18:00:00+00:00,2026-09-08T01:00:00+00:00,12.1,0.0,12,0,30860.0,3.6,16.9,12.2,264,1004.8,1
1,2026-09-07T18:00:00+00:00,2026-09-08T02:00:00+00:00,11.7,0.0,16,0,28500.0,3.7,15.1,10.4,259,1004.7,1
1,2026-09-07T18:00:00+00:00,2026-09-08T03:00:00+00:00,11.2,0.0,11,0,24940.0,3.3,14.0,10.1,257,1004.5,1
1,2026-09-07T18:00:00+00:00,2026-09-08T04:00:00+00:00,11.0,0.0,19,0,21900.0,3.1,12.4,9.4,249,1004.5,1
1,2026-09-07T18:00:00+00:00,2026-09-08T05:00:00+00:00,12.3,0.0,31,4,26520.0,2.7,12.8,9.4,247,1004.6,1
1,2026-09-07T18:00:00+00:00,2026-09-08T06:00:00+00:00,14.6,0.0,100,19,33920.0,3.4,10.9,11.5,252,1004.3,3
1,2026-09-07T18:00:00+00:00,2026-09-08T07:00:00+00:00,16.5,0.0,100,26,37480.0,4.0,3.8,13.7,270,1004.3,3
1,2026-09-07T18:00:00+00:00,2026-09-08T08:00:00+00:00,18.2,0.0,81,22,39600.0,4.5,8.6,14.8,256,1003.9,3
1,2026-09-07T18:00:00+00:00,2026-09-08T09:00:00+00:00,19.9,0.0,36,34,41240.0,6.5,10.6,20.5,264,1003.5,1
1,2026-09-07T18:00:00+00:00,2026-09-08T10:00:00+00:00,20.5,0.0,54,54,41420.0,6.5,8.9,20.9,267,1002.8,2
1,2026-09-07T18:00:00+00:00,2026-09-08T11:00:00+00:00,20.9,0.0,64,63,41580.0,6.0,7.8,20.2,253,1002.2,2
1,2026-09-07T18:00:00+00:00,2026-09-08T12:00:00+00:00,21.3,0.0,58,58,41740.0,5.6,7.7,19.4,243,1001.4,2
1,2026-09-07T18:00:00+00:00,2026-09-08T13:00:00+00:00,21.4,0.0,58,58,41660.0,5.6,8.1,18.4,243,1000.8,2
1,2026-09-07T18:00:00+00:00,2026-09-08T14:00:00+00:00,21.4,0.0,52,52,41840.0,5.7,6.9,17.6,252,1000.3,2
1,2026-09-07T18:00:00+00:00,2026-09-08T15:00:00+00:00,21.1,0.0,34,33,42020.0,4.9,6.9,17.6,253,999.9,1
1,2026-09-07T18:00:00+00:00,2026-09-08T16:00:00+00:00,20.4,0.0,77,12,42100.0,3.0,7.0,14.4,256,999.7,2
1,2026-09-07T18:00:00+00:00,2026-09-08T17:00:00+00:00,19.5,0.0,99,0,41720.0,2.2,4.0,7.6,171,999.6,3
1,2026-09-07T18:00:00+00:00,2026-09-08T18:00:00+00:00,18.6,0.0,4,0,41240.0,3.1,7.5,6.1,159,999.4,0
1,2026-09-07T18:00:00+00:00,2026-09-08T19:00:00+00:00,17.5,0.0,5,0,40460.0,3.4,12.5,7.9,162,999.0,0
1,2026-09-07T18:00:00+00:00,2026-09-08T20:00:00+00:00,16.9,0.0,34,0,40140.0,3.4,16.3,7.9,162,998.8,1
1,2026-09-07T18:00:00+00:00,2026-09-08T21:00:00+00:00,16.4,0.0,29,0,39440.0,3.5,16.9,8.6,156,998.7,1
1,2026-09-07T18:00:00+00:00,2026-09-08T22:00:00+00:00,15.4,0.0,18,0,38280.0,4.2,20.2,10.1,160,998.8,1
1,2026-09-07T18:00:00+00:00,2026-09-08T23:00:00+00:00,15.1,0.0,6,0,37660.0,3.8,21.1,10.1,163,998.7,0
1,2026-09-07T18:00:00+00:00,2026-09-09T00:00:00+00:00,14.9,0.0,68,0,37660.0,4.4,22.9,10.8,171,998.4,2
1,2026-09-07T18:00:00+00:00,2026-09-09T01:00:00+00:00,14.8,0.0,5,0,38260.0,4.3,23.0,11.9,175,998.4,0
1,2026-09-07T18:00:00+00:00,2026-09-09T02:00:00+00:00,14.5,0.0,22,0,38280.0,4.7,24.1,13.0,180,998.2,1
1,2026-09-07T18:00:00+00:00,2026-09-09T03:00:00+00:00,14.3,0.0,100,0,36400.0,4.0,21.9,13.0,170,998.0,3
1,2026-09-07T18:00:00+00:00,2026-09-09T04:00:00+00:00,14.2,0.0,100,0,32740.0,3.4,18.1,10.8,162,998.1,3
1,2026-09-07T18:00:00+00:00,2026-09-09T05:00:00+00:00,14.7,0.0,100,0,31380.0,3.3,16.5,10.4,167,998.0,3
1,2026-09-07T18:00:00+00:00,2026-09-09T06:00:00+00:00,16.4,0.0,100,0,34320.0,4.4,15.9,14.4,171,998.0,3
1,2026-09-07T18:00:00+00:00,2026-09-09T07:00:00+00:00,18.5,0.0,100,0,40240.0,6.6,11.6,19.1,171,997.9,3
1,2026-09-07T18:00:00+00:00,2026-09-09T08:00:00+00:00,20.6,0.0,100,0,40760.0,6.6,11.4,20.2,167,998.0,3
1,2026-09-07T18:00:00+00:00,2026-09-09T09:00:00+00:00,22.6,0.0,58,0,41400.0,8.0,13.4,23.4,175,997.7,2
1,2026-09-07T18:00:00+00:00,2026-09-09T10:00:00+00:00,24.3,0.0,4,0,42320.0,10.1,18.1,29.2,184,997.4,0
1,2026-09-07T18:00:00+00:00,2026-09-09T11:00:00+00:00,25.3,0.0,51,0,43480.0,10.7,19.9,31.0,192,997.0,1
1,2026-09-07T18:00:00+00:00,2026-09-09T12:00:00+00:00,25.9,0.0,98,0,44240.0,10.0,18.7,30.6,195,996.5,3
1,2026-09-07T18:00:00+00:00,2026-09-09T13:00:00+00:00,26.2,0.0,16,0,44060.0,9.2,17.4,28.4,191,996.2,1
1,2026-09-07T18:00:00+00:00,2026-09-09T14:00:00+00:00,26.2,0.0,100,0,45040.0,8.7,17.3,26.3,197,995.9,3
1,2026-09-07T18:00:00+00:00,2026-09-09T15:00:00+00:00,25.6,0.0,100,0,44820.0,7.5,17.2,24.5,197,995.6,3
1,2026-09-07T18:00:00+00:00,2026-09-09T16:00:00+00:00,24.3,0.0,100,0,43380.0,4.3,17.0,20.2,180,995.5,3
1,2026-09-07T18:00:00+00:00,2026-09-09T17:00:00+00:00,22.8,0.0,19,0,42120.0,4.0,18.9,11.9,175,995.6,1
1,2026-09-07T18:00:00+00:00,2026-09-09T18:00:00+00:00,21.9,0.0,17,0,41720.0,4.3,22.0,11.5,175,995.6,1
1,2026-09-07T18:00:00+00:00,2026-09-09T19:00:00+00:00,21.2,0.0,52,0,41540.0,5.4,26.2,14.4,180,995.6,2
1,2026-09-07T18:00:00+00:00,2026-09-09T20:00:00+00:00,20.5,0.0,96,0,41280.0,6.6,30.9,18.4,189,995.5,3
1,2026-09-07T18:00:00+00:00,2026-09-09T21:00:00+00:00,20.0,0.0,64,0,41020.0,7.4,34.9,20.9,203,995.6,2
1,2026-09-07T18:00:00+00:00,2026-09-09T22:00:00+00:00,19.5,0.0,57,0,40780.0,7.1,34.4,21.2,210,995.7,2
1,2026-09-07T18:00:00+00:00,2026-09-09T23:00:00+00:00,19.0,0.0,32,0,40480.0,6.5,32.3,19.8,214,995.7,1
1,2026-09-07T18:00:00+00:00,2026-09-10T00:00:00+00:00,18.5,0.0,62,0,39560.0,6.0,30.2,17.6,213,995.9,2
1,2026-09-07T18:00:00+00:00,2026-09-10T01:00:00+00:00,18.0,0.0,22,0,37840.0,6.4,30.6,17.6,207,995.9,1
1,2026-09-07T18:00:00+00:00,2026-09-10T02:00:00+00:00,17.5,0.0,0,0,34180.0,7.0,31.2,19.8,201,995.7,0
1,2026-09-07T18:00:00+00:00,2026-09-10T03:00:00+00:00,16.9,0.0,1,0,30960.0,7.4,32.1,20.5,203,995.7,0
1,2026-09-07T18:00:00+00:00,2026-09-10T04:00:00+00:00,16.5,0.0,0,0,29360.0,7.3,32.3,20.9,200,995.9,0
1,2026-09-07T18:00:00+00:00,2026-09-10T05:00:00+00:00,17.0,0.0,0,0,28860.0,7.9,31.2,21.2,196,996.1,0
1,2026-09-07T18:00:00+00:00,2026-09-10T06:00:00+00:00,18.6,0.0,0,0,37200.0,9.7,21.6,26.3,195,996.3,0
1,2026-09-07T18:00:00+00:00,2026-09-10T07:00:00+00:00,20.7,0.0,0,0,39560.0,10.4,20.5,29.2,194,996.5,0
1,2026-09-07T18:00:00+00:00,2026-09-10T08:00:00+00:00,22.7,0.0,3,0,40460.0,11.3,21.9,32.0,189,996.4,0
1,2026-09-07T18:00:00+00:00,2026-09-10T09:00:00+00:00,24.5,0.0,4,0,41280.0,13.8,27.3,37.8,195,996.1,0
1,2026-09-07T18:00:00+00:00,2026-09-10T10:00:00+00:00,25.8,0.0,0,0,42280.0,14.3,28.6,39.2,190,995.7,0
1,2026-09-07T18:00:00+00:00,2026-09-10T11:00:00+00:00,26.8,0.0,0,0,43140.0,14.0,27.9,39.2,192,995.4,0
1,2026-09-07T18:00:00+00:00,2026-09-10T12:00:00+00:00,27.5,0.0,0,0,43900.0,13.8,28.4,38.5,189,994.9,0
1,2026-09-07T18:00:00+00:00,2026-09-10T13:00:00+00:00,27.8,0.0,0,0,44580.0,13.4,28.0,38.5,200,994.6,0
1,2026-09-07T18:00:00+00:00,2026-09-10T14:00:00+00:00,27.7,0.0,0,0,44140.0,12.2,26.8,36.4,204,994.6,0
1,2026-09-07T18:00:00+00:00,2026-09-10T15:00:00+00:00,27.1,0.0,0,0,43380.0,11.1,26.5,33.5,205,994.4,0
1,2026-09-07T18:00:00+00:00,2026-09-10T16:00:00+00:00,25.8,0.0,0,0,42460.0,8.1,25.7,29.2,193,994.5,0
1,2026-09-07T18:00:00+00:00,2026-09-10T17:00:00+00:00,24.2,0.0,0,0,41780.0,6.9,29.2,21.2,189,994.6,0
1,2026-09-07T18:00:00+00:00,2026-09-10T18:00:00+00:00,23.1,0.0,0,0,41380.0,7.4,32.2,20.2,194,994.8,0
1,2026-09-07T18:00:00+00:00,2026-09-10T19:00:00+00:00,22.0,0.0,23,12,38960.0,4.1,19.5,20.9,232,995.2,2
1,2026-09-07T18:00:00+00:00,2026-09-10T20:00:00+00:00,20.9,0.0,45,25,36560.0,6.6,16.2,24.1,299,995.6,2
1,2026-09-07T18:00:00+00:00,2026-09-10T21:00:00+00:00,19.9,0.0,68,37,34140.0,10.4,27.5,27.0,316,996.2,2
1,2026-09-07T18:00:00+00:00,2026-09-10T22:00:00+00:00,19.1,0.0,78,57,31620.0,10.8,29.0,29.2,323,996.7,61
1,2026-09-07T18:00:00+00:00,2026-09-10T23:00:00+00:00,18.4,0.0,88,76,29120.0,9.4,24.5,31.0,328,997.2,61
1,2026-09-07T18:00:00+00:00,2026-09-11T00:00:00+00:00,17.7,0.0,98,96,26600.0,8.4,20.8,31.3,329,997.7,61
1,2026-09-07T18:00:00+00:00,2026-09-11T01:00:00+00:00,16.7,0.0,98,86,26380.0,7.9,20.5,29.2,321,998.1,3
1,2026-09-07T18:00:00+00:00,2026-09-11T02:00:00+00:00,15.7,0.0,99,76,26180.0,7.7,21.0,25.2,307,998.6,3
1,2026-09-07T18:00:00+00:00,2026-09-11T03:00:00+00:00,15.1,0.0,99,66,25960.0,7.9,21.4,22.7,300,999.0,3
1,2026-09-07T18:00:00+00:00,2026-09-11T04:00:00+00:00,15.1,0.0,97,67,25680.0,8.1,20.1,22.3,302,999.5,3
1,2026-09-07T18:00:00+00:00,2026-09-11T05:00:00+00:00,15.3,0.0,96,69,25420.0,8.2,18.0,22.7,308,999.9,3
1,2026-09-07T18:00:00+00:00,2026-09-11T06:00:00+00:00,15.9,0.0,94,70,25140.0,8.4,16.0,23.0,313,1000.3,3
1,2026-09-07T18:00:00+00:00,2026-09-11T07:00:00+00:00,16.7,0.0,96,67,29300.0,8.1,14.2,22.7,315,1000.7,3
1,2026-09-07T18:00:00+00:00,2026-09-11T08:00:00+00:00,17.8,0.0,97,65,33480.0,7.4,12.2,22.3,317,1001.0,3
1,2026-09-07T18:00:00+00:00,2026-09-11T09:00:00+00:00,18.8,0.0,99,62,37640.0,6.9,10.7,21.6,317,1001.2,3
1,2026-09-07T18:00:00+00:00,2026-09-11T10:00:00+00:00,19.7,0.0,93,60,38800.0,6.6,10.0,21.2,319,1001.2,2
1,2026-09-07T18:00:00+00:00,2026-09-11T11:00:00+00:00,20.7,0.0,86,58,39980.0,6.4,9.5,20.5,322,1001.0,2
1,2026-09-07T18:00:00+00:00,2026-09-11T12:00:00+00:00,21.2,0.0,80,56,41140.0,6.2,9.0,20.2,324,1001.0,2
1,2026-09-07T18:00:00+00:00,2026-09-11T13:00:00+00:00,21.2,0.0,84,54,41220.0,6.1,8.9,19.8,332,1000.9,3
1,2026-09-07T18:00:00+00:00,2026-09-11T14:00:00+00:00,20.9,0.0,87,53,41300.0,5.7,9.1,19.4,342,1000.8,3
1,2026-09-07T18:00:00+00:00,2026-09-11T15:00:00+00:00,20.3,0.0,91,51,41380.0,5.5,8.9,18.0,349,1000.9,3
1,2026-09-07T18:00:00+00:00,2026-09-11T16:00:00+00:00,19.6,0.0,93,46,40920.0,4.4,8.2,14.0,351,1001.1,3
1,2026-09-07T18:00:00+00:00,2026-09-11T17:00:00+00:00,18.8,0.0,94,42,40440.0,3.2,7.9,9.4,360,1001.2,3
1,2026-09-07T18:00:00+00:00,2026-09-11T18:00:00+00:00,18.0,0.0,96,37,39980.0,2.2,8.4,6.5,9,1001.5,3
1,2026-09-07T18:00:00+00:00,2026-09-11T19:00:00+00:00,17.4,0.0,96,26,39980.0,2.4,10.5,7.6,27,1001.6,3
1,2026-09-07T18:00:00+00:00,2026-09-11T20:00:00+00:00,16.7,0.0,96,14,40000.0,3.3,13.7,10.4,41,1001.8,3
1,2026-09-07T18:00:00+00:00,2026-09-11T21:00:00+00:00,16.2,0.0,96,3,40000.0,3.8,15.8,13.0,49,1001.9,3
1,2026-09-07T18:00:00+00:00,2026-09-11T22:00:00+00:00,15.9,0.0,97,26,39860.0,3.9,16.3,13.7,56,1002.0,3
1,2026-09-07T18:00:00+00:00,2026-09-11T23:00:00+00:00,15.6,0.0,99,49,39720.0,4.0,16.2,13.7,63,1002.0,3
1,2026-09-07T18:00:00+00:00,2026-09-12T00:00:00+00:00,15.3,0.0,100,72,39580.0,4.2,16.1,13.7,70,1002.0,3
1,2026-09-07T18:00:00+00:00,2026-09-12T01:00:00+00:00,14.9,0.1,100,74,38580.0,4.5,16.5,14.0,76,1001.7,61
1,2026-09-07T18:00:00+00:00,2026-09-12T02:00:00+00:00,14.5,0.1,100,76,37560.0,4.7,17.3,14.4,81,1001.5,61
1,2026-09-07T18:00:00+00:00,2026-09-12T03:00:00+00:00,14.1,0.1,100,78,36560.0,5.1,17.7,14.8,86,1001.4,61
1,2026-09-07T18:00:00+00:00,2026-09-12T04:00:00+00:00,13.8,0.7,100,77,25920.0,4.7,16.4,14.4,86,1001.6,61
1,2026-09-07T18:00:00+00:00,2026-09-12T05:00:00+00:00,13.6,0.7,100,77,15300.0,4.4,14.4,14.0,81,1002.0,61
1,2026-09-07T18:00:00+00:00,2026-09-12T06:00:00+00:00,13.5,0.7,100,76,4660.0,4.5,12.9,14.4,76,1002.1,61
1,2026-09-07T18:00:00+00:00,2026-09-12T07:00:00+00:00,13.4,2.3,100,79,4260.0,4.9,12.7,16.6,73,1002.0,63
1,2026-09-07T18:00:00+00:00,2026-09-12T08:00:00+00:00,13.4,2.3,100,81,3840.0,5.7,13.1,19.8,72,1001.8,63
1,2026-09-07T18:00:00+00:00,2026-09-12T09:00:00+00:00,13.4,2.3,100,84,3440.0,6.2,13.8,22.0,69,1001.6,63
1,2026-09-07T18:00:00+00:00,2026-09-12T10:00:00+00:00,13.4,2.1,100,89,17635.0,6.6,14.7,21.9,60,1001.5,61
1,2026-09-07T18:00:00+00:00,2026-09-12T11:00:00+00:00,13.3,2.1,100,95,29760.0,7.2,15.8,21.1,51,1001.4,61
1,2026-09-07T18:00:00+00:00,2026-09-12T12:00:00+00:00,13.2,2.1,100,100,39790.0,8.0,17.5,20.5,45,1001.4,61
1,2026-09-07T18:00:00+00:00,2026-09-12T13:00:00+00:00,13.0,0.3,100,100,47740.0,8.7,19.4,22.0,48,1001.3,51
1,2026-09-07T18:00:00+00:00,2026-09-12T14:00:00+00:00,13.0,0.3,100,100,47740.0,8.5,20.0,23.0,54,1001.3,51
1,2026-09-07T18:00:00+00:00,2026-09-12T15:00:00+00:00,13.0,0.3,100,100,47740.0,8.3,20.2,23.4,56,1001.3,51
1,2026-09-07T18:00:00+00:00,2026-09-12T16:00:00+00:00,13.1,0.0,100,100,37560.0,7.7,19.4,21.2,53,1001.5,51
1,2026-09-07T18:00:00+00:00,2026-09-12T17:00:00+00:00,13.1,0.0,100,99,27400.0,6.9,17.7,18.0,47,1001.8,51
1,2026-09-07T18:00:00+00:00,2026-09-12T18:00:00+00:00,13.1,0.0,100,99,17220.0,6.1,16.2,15.5,40,1002.0,51
1,2026-09-07T18:00:00+00:00,2026-09-12T19:00:00+00:00,13.0,0.0,100,96,12700.0,5.8,14.7,14.8,30,1002.2,3
1,2026-09-07T18:00:00+00:00,2026-09-12T20:00:00+00:00,12.9,0.0,100,93,8160.0,6.5,14.0,15.1,19,1002.3,3
1,2026-09-07T18:00:00+00:00,2026-09-12T21:00:00+00:00,12.8,0.0,100,90,3640.0,6.6,14.4,15.5,13,1002.5,3
1,2026-09-07T18:00:00+00:00,2026-09-12T22:00:00+00:00,12.6,0.0,100,89,3460.0,6.9,15.1,15.5,9,1002.6,3
1,2026-09-07T18:00:00+00:00,2026-09-12T23:00:00+00:00,12.5,0.0,99,87,3280.0,6.9,16.1,15.5,6,1002.8,3
1,2026-09-07T18:00:00+00:00,2026-09-13T00:00:00+00:00,12.3,0.0,99,86,3100.0,6.5,16.2,15.5,6,1002.9,3
1,2026-09-07T18:00:00+00:00,2026-09-13T01:00:00+00:00,12.1,0.0,98,78,7440.0,5.8,15.0,14.8,7,1002.8,3
1,2026-09-07T18:00:00+00:00,2026-09-13T02:00:00+00:00,11.8,0.0,97,70,11800.0,4.8,13.4,13.7,13,1002.9,3
1,2026-09-07T18:00:00+00:00,2026-09-13T03:00:00+00:00,11.7,0.0,96,62,16140.0,4.1,12.0,13.3,15,1003.0,3
1,2026-09-07T18:00:00+00:00,2026-09-13T04:00:00+00:00,11.8,0.0,96,62,19280.0,4.5,11.5,14.0,14,1003.3,3
1,2026-09-07T18:00:00+00:00,2026-09-13T05:00:00+00:00,12.0,0.0,96,61,22400.0,5.4,11.4,15.5,8,1003.8,3
1,2026-09-07T18:00:00+00:00,2026-09-13T06:00:00+00:00,12.4,0.0,96,61,25540.0,6.2,11.4,16.6,7,1004.1,3
1,2026-09-07T18:00:00+00:00,2026-09-13T07:00:00+00:00,13.2,0.0,90,51,27060.0,6.5,10.6,16.9,3,1004.3,2
1,2026-09-07T18:00:00+00:00,2026-09-13T08:00:00+00:00,14.2,0.0,84,41,29800.0,6.5,9.9,16.9,3,1004.5,2
1,2026-09-07T18:00:00+00:00,2026-09-13T09:00:00+00:00,15.2,0.0,78,31,32560.0,6.1,8.8,16.9,360,1004.4,2
1,2026-09-07T18:00:00+00:00,2026-09-13T10:00:00+00:00,16.1,0.0,80,21,35300.0,5.8,7.8,16.6,360,1004.4,3
1,2026-09-07T18:00:00+00:00,2026-09-13T11:00:00+00:00,16.9,0.0,83,10,38060.0,5.0,6.7,15.5,360,1004.1,3
1,2026-09-07T18:00:00+00:00,2026-09-13T12:00:00+00:00,17.5,0.0,85,0,40800.0,4.7,6.0,14.8,360,1004.0,3
1,2026-09-07T18:00:00+00:00,2026-09-13T13:00:00+00:00,17.7,0.0,73,7,39280.0,4.3,5.3,14.0,5,1003.7,2
1,2026-09-07T18:00:00+00:00,2026-09-13T14:00:00+00:00,17.6,0.0,62,14,37740.0,3.7,5.0,13.3,11,1003.4,2
1,2026-09-07T18:00:00+00:00,2026-09-13T15:00:00+00:00,17.3,0.0,50,21,36220.0,3.3,5.0,12.2,13,1003.2,2
1,2026-09-07T18:00:00+00:00,2026-09-13T16:00:00+00:00,16.7,0.0,46,26,34680.0,3.0,5.6,9.7,14,1003.2,1
1,2026-09-07T18:00:00+00:00,2026-09-13T17:00:00+00:00,15.8,0.0,41,32,33160.0,2.5,6.8,6.8,8,1003.4,1
1,2026-09-07T18:00:00+00:00,2026-09-13T18:00:00+00:00,15.1,0.0,37,37,31620.0,2.2,6.9,4.3,360,1003.4,1
1,2026-09-07T18:00:00+00:00,2026-09-13T19:00:00+00:00,14.7,0.0,46,43,31400.0,1.8,6.0,3.2,349,1003.4,2
1,2026-09-07T18:00:00+00:00,2026-09-13T20:00:00+00:00,14.5,0.0,54,49,31200.0,1.5,4.3,2.5,315,1003.3,2
1,2026-09-07T18:00:00+00:00,2026-09-13T21:00:00+00:00,14.3,0.0,63,55,30980.0,1.6,3.3,2.2,297,1003.2,2
1,2026-09-07T18:00:00+00:00,2026-09-13T22:00:00+00:00,14.0,0.0,70,61,30760.0,1.6,3.3,2.2,297,1003.1,3
1,2026-09-07T18:00:00+00:00,2026-09-13T23:00:00+00:00,13.7,0.0,77,67,30560.0,1.8,4.0,2.2,323,1002.8,3
1,2026-09-07T19:00:00+00:00,2026-09-07T00:00:00+00:00,12.6,0.0,51,51,21480.0,11.6,31.9,31.0,292,1001.3,2
1,2026-09-07T19:00:00+00:00,2026-09-07T01:00:00+00:00,12.4,0.0,63,63,18040.0,12.2,33.2,31.7,294,1001.8,2
1,2026-09-07T19:00:00+00:00,2026-09-07T02:00:00+00:00,12.4,0.0,67,67,18440.0,12.6,31.7,32.4,297,1002.3,2
1,2026-09-07T19:00:00+00:00,2026-09-07T03:00:00+00:00,11.9,0.0,64,64,18740.0,11.2,28.9,32.8,303,1002.9,2
1,2026-09-07T19:00:00+00:00,2026-09-07T04:00:00+00:00,11.7,0.0,64,64,17560.0,11.0,27.9,29.9,302,1003.2,2
1,2026-09-07T19:00:00+00:00,2026-09-07T05:00:00+00:00,12.3,0.0,55,55,21780.0,10.8,25.1,32.4,300,1003.9,2
1,2026-09-07T19:00:00+00:00,2026-09-07T06:00:00+00:00,13.3,0.0,47,47,26320.0,11.1,21.2,29.2,299,1003.7,1
1,2026-09-07T19:00:00+00:00,2026-09-07T07:00:00+00:00,15.3,0.0,54,54,34640.0,11.3,20.6,31.7,301,1004.2,2
1,2026-09-07T19:00:00+00:00,2026-09-07T08:00:00+00:00,16.6,0.0,62,45,38680.0,12.4,23.4,34.9,306,1004.0,2
1,2026-09-07T19:00:00+00:00,2026-09-07T09:00:00+00:00,17.3,0.0,74,53,37680.0,12.5,22.6,36.7,303,1004.6,2
1,2026-09-07T19:00:00+00:00,2026-09-07T10:00:00+00:00,18.7,0.0,74,34,40440.0,13.0,24.2,36.0,304,1004.0,2
1,2026-09-07T19:00:00+00:00,2026-09-07T11:00:00+00:00,18.7,0.0,76,57,40060.0,14.1,26.1,43.9,302,1004.3,2
1,2026-09-07T19:00:00+00:00,2026-09-07T12:00:00+00:00,18.6,0.0,70,50,40120.0,13.9,26.9,44.6,307,1004.6,2
1,2026-09-07T19:00:00+00:00,2026-09-07T13:00:00+00:00,19.2,0.0,79,53,40960.0,13.3,26.0,42.5,311,1004.2,2
1,2026-09-07T19:00:00+00:00,2026-09-07T14:00:00+00:00,19.3,0.0,46,43,41380.0,13.2,27.2,37.1,315,1004.0,1
1,2026-09-07T19:00:00+00:00,2026-09-07T15:00:00+00:00,19.6,0.0,27,27,42080.0,10.8,24.2,35.6,323,1004.0,2
1,2026-09-07T19:00:00+00:00,2026-09-07T16:00:00+00:00,18.7,0.0,23,22,41580.0,8.7,21.2,28.8,322,1004.1,1
1,2026-09-07T19:00:00+00:00,2026-09-07T17:00:00+00:00,17.3,0.0,27,27,40740.0,5.5,21.5,22.0,302,1004.5,1
1,2026-09-07T19:00:00+00:00,2026-09-07T18:00:00+00:00,16.2,0.0,2,2,40100.0,5.5,23.4,15.5,293,1004.2,0
1,2026-09-07T19:00:00+00:00,2026-09-07T19:00:00+00:00,15.3,0.0,0,0,39360.0,5.0,23.0,14.8,291,1004.3,0
1,2026-09-07T19:00:00+00:00,2026-09-07T20:00:00+00:00,14.5,0.0,6,6,38240.0,4.8,21.7,12.6,283,1004.3,1
1,2026-09-07T19:00:00+00:00,2026-09-07T21:00:00+00:00,13.8,0.0,0,0,37200.0,4.7,21.9,12.2,279,1004.8,0
1,2026-09-07T19:00:00+00:00,2026-09-07T22:00:00+00:00,13.2,0.0,0,0,35240.0,4.4,21.5,12.2,279,1004.6,0
1,2026-09-07T19:00:00+00:00,2026-09-07T23:00:00+00:00,12.7,0.0,0,0,33280.0,4.3,20.2,11.5,275,1004.7,0
1,2026-09-07T19:00:00+00:00,2026-09-08T00:00:00+00:00,12.3,0.0,1,0,31720.0,4.3,19.5,11.5,275,1004.9,0
1,2026-09-07T19:00:00+00:00,2026-09-08T01:00:00+00:00,12.1,0.0,12,0,30860.0,3.6,17.3,12.2,264,1004.8,1
1,2026-09-07T19:00:00+00:00,2026-09-08T02:00:00+00:00,11.7,0.0,16,0,28500.0,3.7,16.0,10.4,259,1004.7,1
1,2026-09-07T19:00:00+00:00,2026-09-08T03:00:00+00:00,11.2,0.0,11,0,24940.0,3.3,14.2,10.1,257,1004.5,1
1,2026-09-07T19:00:00+00:00,2026-09-08T04:00:00+00:00,11.0,0.0,19,0,21900.0,3.1,12.3,9.4,249,1004.5,1
1,2026-09-07T19:00:00+00:00,2026-09-08T05:00:00+00:00,12.3,0.0,31,4,26520.0,2.7,12.1,9.4,247,1004.6,1
1,2026-09-07T19:00:00+00:00,2026-09-08T06:00:00+00:00,14.6,0.0,100,19,33920.0,3.4,11.6,11.5,252,1004.3,3
1,2026-09-07T19:00:00+00:00,2026-09-08T07:00:00+00:00,16.5,0.0,100,26,37480.0,4.0,5.3,13.7,270,1004.3,3
1,2026-09-07T19:00:00+00:00,2026-09-08T08:00:00+00:00,18.2,0.0,81,22,39600.0,4.5,6.2,14.8,256,1003.9,3
1,2026-09-07T19:00:00+00:00,2026-09-08T09:00:00+00:00,19.9,0.0,36,34,41240.0,6.5,10.3,20.5,264,1003.5,1
1,2026-09-07T19:00:00+00:00,2026-09-08T10:00:00+00:00,20.5,0.0,54,54,41420.0,6.5,9.5,20.9,267,1002.8,2
1,2026-09-07T19:00:00+00:00,2026-09-08T11:00:00+00:00,20.9,0.0,64,63,41580.0,6.0,9.2,20.2,253,1002.2,2
1,2026-09-07T19:00:00+00:00,2026-09-08T12:00:00+00:00,21.3,0.0,58,58,41740.0,5.6,8.5,19.4,243,1001.4,2
1,2026-09-07T19:00:00+00:00,2026-09-08T13:00:00+00:00,21.4,0.0,58,58,41660.0,5.6,8.5,18.4,243,1000.8,2
1,2026-09-07T19:00:00+00:00,2026-09-08T14:00:00+00:00,21.4,0.0,52,52,41840.0,5.7,9.3,17.6,252,1000.3,2
1,2026-09-07T19:00:00+00:00,2026-09-08T15:00:00+00:00,21.1,0.0,34,33,42020.0,4.9,8.1,17.6,253,999.9,1
1,2026-09-07T19:00:00+00:00,2026-09-08T16:00:00+00:00,20.4,0.0,77,12,42100.0,3.0,6.6,14.4,256,999.7,2
1,2026-09-07T19:00:00+00:00,2026-09-08T17:00:00+00:00,19.5,0.0,99,0,41720.0,2.2,3.7,7.6,171,999.6,3
1,2026-09-07T19:00:00+00:00,2026-09-08T18:00:00+00:00,18.6,0.0,4,0,41240.0,3.1,6.5,6.1,159,999.4,0
1,2026-09-07T19:00:00+00:00,2026-09-08T19:00:00+00:00,17.5,0.0,5,0,40460.0,3.4,13.3,7.9,162,999.0,0
1,2026-09-07T19:00:00+00:00,2026-09-08T20:00:00+00:00,16.9,0.0,34,0,40140.0,3.4,16.4,7.9,162,998.8,1
1,2026-09-07T19:00:00+00:00,2026-09-08T21:00:00+00:00,16.4,0.0,29,0,39440.0,3.5,17.5,8.6,156,998.7,1
1,2026-09-07T19:00:00+00:00,2026-09-08T22:00:00+00:00,15.4,0.0,18,0,38280.0,4.2,20.2,10.1,160,998.8,1
1,2026-09-07T19:00:00+00:00,2026-09-08T23:00:00+00:00,15.1,0.0,6,0,37660.0,3.8,21.1,10.1,163,998.7,0
1,2026-09-07T19:00:00+00:00,2026-09-09T00:00:00+00:00,14.9,0.0,68,0,37660.0,4.4,22.9,10.8,171,998.4,2
1,2026-09-07T19:00:00+00:00,2026-09-09T01:00:00+00:00,14.8,0.0,5,0,38260.0,4.3,23.0,11.9,175,998.4,0
1,2026-09-07T19:00:00+00:00,2026-09-09T02:00:00+00:00,14.5,0.0,22,0,38280.0,4.7,24.1,13.0,180,998.2,1
1,2026-09-07T19:00:00+00:00,2026-09-09T03:00:00+00:00,14.3,0.0,100,0,36400.0,4.0,21.9,13.0,170,998.0,3
1,2026-09-07T19:00:00+00:00,2026-09-09T04:00:00+00:00,14.2,0.0,100,0,32740.0,3.4,18.1,10.8,162,998.1,3
1,2026-09-07T19:00:00+00:00,2026-09-09T05:00:00+00:00,14.7,0.0,100,0,31380.0,3.3,16.5,10.4,167,998.0,3
1,2026-09-07T19:00:00+00:00,2026-09-09T06:00:00+00:00,16.4,0.0,100,0,34320.0,4.4,15.9,14.4,171,998.0,3
1,2026-09-07T19:00:00+00:00,2026-09-09T07:00:00+00:00,18.5,0.0,100,0,40240.0,6.6,11.6,19.1,171,997.9,3
1,2026-09-07T19:00:00+00:00,2026-09-09T08:00:00+00:00,20.6,0.0,100,0,40760.0,6.6,11.4,20.2,167,998.0,3
1,2026-09-07T19:00:00+00:00,2026-09-09T09:00:00+00:00,22.6,0.0,58,0,41400.0,8.0,13.4,23.4,175,997.7,2
1,2026-09-07T19:00:00+00:00,2026-09-09T10:00:00+00:00,24.3,0.0,4,0,42320.0,10.1,18.1,29.2,184,997.4,0
1,2026-09-07T19:00:00+00:00,2026-09-09T11:00:00+00:00,25.3,0.0,51,0,43480.0,10.7,19.9,31.0,192,997.0,1
1,2026-09-07T19:00:00+00:00,2026-09-09T12:00:00+00:00,25.9,0.0,98,0,44240.0,10.0,18.7,30.6,195,996.5,3
1,2026-09-07T19:00:00+00:00,2026-09-09T13:00:00+00:00,26.2,0.0,16,0,44060.0,9.2,17.4,28.4,191,996.2,1
1,2026-09-07T19:00:00+00:00,2026-09-09T14:00:00+00:00,26.2,0.0,100,0,45040.0,8.7,17.3,26.3,197,995.9,3
1,2026-09-07T19:00:00+00:00,2026-09-09T15:00:00+00:00,25.6,0.0,100,0,44820.0,7.5,17.2,24.5,197,995.6,3
1,2026-09-07T19:00:00+00:00,2026-09-09T16:00:00+00:00,24.3,0.0,100,0,43380.0,4.3,17.0,20.2,180,995.5,3
1,2026-09-07T19:00:00+00:00,2026-09-09T17:00:00+00:00,22.8,0.0,19,0,42120.0,4.0,18.9,11.9,175,995.6,1
1,2026-09-07T19:00:00+00:00,2026-09-09T18:00:00+00:00,21.9,0.0,17,0,41720.0,4.3,22.0,11.5,175,995.6,1
1,2026-09-07T19:00:00+00:00,2026-09-09T19:00:00+00:00,21.2,0.0,52,0,41540.0,5.4,26.2,14.4,180,995.6,2
1,2026-09-07T19:00:00+00:00,2026-09-09T20:00:00+00:00,20.5,0.0,96,0,41280.0,6.6,30.9,18.4,189,995.5,3
1,2026-09-07T19:00:00+00:00,2026-09-09T21:00:00+00:00,20.0,0.0,64,0,41020.0,7.4,34.9,20.9,203,995.6,2
1,2026-09-07T19:00:00+00:00,2026-09-09T22:00:00+00:00,19.5,0.0,57,0,40780.0,7.1,34.4,21.2,210,995.7,2
1,2026-09-07T19:00:00+00:00,2026-09-09T23:00:00+00:00,19.0,0.0,32,0,40480.0,6.5,32.3,19.8,214,995.7,1
1,2026-09-07T19:00:00+00:00,2026-09-10T00:00:00+00:00,18.5,0.0,62,0,39560.0,6.0,30.2,17.6,213,995.9,2
1,2026-09-07T19:00:00+00:00,2026-09-10T01:00:00+00:00,18.0,0.0,22,0,37840.0,6.4,30.6,17.6,207,995.9,1
1,2026-09-07T19:00:00+00:00,2026-09-10T02:00:00+00:00,17.5,0.0,0,0,34180.0,7.0,31.2,19.8,201,995.7,0
1,2026-09-07T19:00:00+00:00,2026-09-10T03:00:00+00:00,16.9,0.0,1,0,30960.0,7.4,32.1,20.5,203,995.7,0
1,2026-09-07T19:00:00+00:00,2026-09-10T04:00:00+00:00,16.5,0.0,0,0,29360.0,7.3,32.3,20.9,200,995.9,0
1,2026-09-07T19:00:00+00:00,2026-09-10T05:00:00+00:00,17.0,0.0,0,0,28860.0,7.9,31.2,21.2,196,996.1,0
1,2026-09-07T19:00:00+00:00,2026-09-10T06:00:00+00:00,18.6,0.0,0,0,37200.0,9.7,21.6,26.3,195,996.3,0
1,2026-09-07T19:00:00+00:00,2026-09-10T07:00:00+00:00,20.7,0.0,0,0,39560.0,10.4,20.5,29.2,194,996.5,0
1,2026-09-07T19:00:00+00:00,2026-09-10T08:00:00+00:00,22.7,0.0,3,0,40460.0,11.3,21.9,32.0,189,996.4,0
1,2026-09-07T19:00:00+00:00,2026-09-10T09:00:00+00:00,24.5,0.0,4,0,41280.0,13.8,27.3,37.8,195,996.1,0
1,2026-09-07T19:00:00+00:00,2026-09-10T10:00:00+00:00,25.8,0.0,0,0,42280.0,14.3,28.6,39.2,190,995.7,0
1,2026-09-07T19:00:00+00:00,2026-09-10T11:00:00+00:00,26.8,0.0,0,0,43140.0,14.0,27.9,39.2,192,995.4,0
1,2026-09-07T19:00:00+00:00,2026-09-10T12:00:00+00:00,27.5,0.0,0,0,43900.0,13.8,28.4,38.5,189,994.9,0
1,2026-09-07T19:00:00+00:00,2026-09-10T13:00:00+00:00,27.8,0.0,0,0,44580.0,13.4,28.0,38.5,200,994.6,0
1,2026-09-07T19:00:00+00:00,2026-09-10T14:00:00+00:00,27.7,0.0,0,0,44140.0,12.2,26.8,36.4,204,994.6,0
1,2026-09-07T19:00:00+00:00,2026-09-10T15:00:00+00:00,27.1,0.0,0,0,43380.0,11.1,26.5,33.5,205,994.4,0
1,2026-09-07T19:00:00+00:00,2026-09-10T16:00:00+00:00,25.8,0.0,0,0,42460.0,8.1,25.7,29.2,193,994.5,0
1,2026-09-07T19:00:00+00:00,2026-09-10T17:00:00+00:00,24.2,0.0,0,0,41780.0,6.9,29.2,21.2,189,994.6,0
1,2026-09-07T19:00:00+00:00,2026-09-10T18:00:00+00:00,23.1,0.0,0,0,41380.0,7.4,32.2,20.2,194,994.8,0
1,2026-09-07T19:00:00+00:00,2026-09-10T19:00:00+00:00,22.0,0.0,23,12,38960.0,4.1,19.5,20.9,232,995.2,2
1,2026-09-07T19:00:00+00:00,2026-09-10T20:00:00+00:00,20.9,0.0,45,25,36560.0,6.6,16.2,24.1,299,995.6,2
1,2026-09-07T19:00:00+00:00,2026-09-10T21:00:00+00:00,19.9,0.0,68,37,34140.0,10.4,27.5,27.0,316,996.2,2
1,2026-09-07T19:00:00+00:00,2026-09-10T22:00:00+00:00,19.1,0.0,78,57,31620.0,10.8,29.0,29.2,323,996.7,61
1,2026-09-07T19:00:00+00:00,2026-09-10T23:00:00+00:00,18.4,0.0,88,76,29120.0,9.4,24.5,31.0,328,997.2,61
1,2026-09-07T19:00:00+00:00,2026-09-11T00:00:00+00:00,17.7,0.0,98,96,26600.0,8.4,20.8,31.3,329,997.7,61
1,2026-09-07T19:00:00+00:00,2026-09-11T01:00:00+00:00,16.7,0.0,98,86,26380.0,7.9,20.5,29.2,321,998.1,3
1,2026-09-07T19:00:00+00:00,2026-09-11T02:00:00+00:00,15.7,0.0,99,76,26180.0,7.7,21.0,25.2,307,998.6,3
1,2026-09-07T19:00:00+00:00,2026-09-11T03:00:00+00:00,15.1,0.0,99,66,25960.0,7.9,21.4,22.7,300,999.0,3
1,2026-09-07T19:00:00+00:00,2026-09-11T04:00:00+00:00,15.1,0.0,97,67,25680.0,8.1,20.1,22.3,302,999.5,3
1,2026-09-07T19:00:00+00:00,2026-09-11T05:00:00+00:00,15.3,0.0,96,69,25420.0,8.2,18.0,22.7,308,999.9,3
1,2026-09-07T19:00:00+00:00,2026-09-11T06:00:00+00:00,15.9,0.0,94,70,25140.0,8.4,16.0,23.0,313,1000.3,3
1,2026-09-07T19:00:00+00:00,2026-09-11T07:00:00+00:00,16.7,0.0,96,67,29300.0,8.1,14.2,22.7,315,1000.7,3
1,2026-09-07T19:00:00+00:00,2026-09-11T08:00:00+00:00,17.8,0.0,97,65,33480.0,7.4,12.2,22.3,317,1001.0,3
1,2026-09-07T19:00:00+00:00,2026-09-11T09:00:00+00:00,18.8,0.0,99,62,37640.0,6.9,10.7,21.6,317,1001.2,3
1,2026-09-07T19:00:00+00:00,2026-09-11T10:00:00+00:00,19.7,0.0,93,60,38800.0,6.6,10.0,21.2,319,1001.2,2
1,2026-09-07T19:00:00+00:00,2026-09-11T11:00:00+00:00,20.7,0.0,86,58,39980.0,6.4,9.5,20.5,322,1001.0,2
1,2026-09-07T19:00:00+00:00,2026-09-11T12:00:00+00:00,21.2,0.0,80,56,41140.0,6.2,9.0,20.2,324,1001.0,2
1,2026-09-07T19:00:00+00:00,2026-09-11T13:00:00+00:00,21.2,0.0,84,54,41220.0,6.1,8.9,19.8,332,1000.9,3
1,2026-09-07T19:00:00+00:00,2026-09-11T14:00:00+00:00,20.9,0.0,87,53,41300.0,5.7,9.1,19.4,342,1000.8,3
1,2026-09-07T19:00:00+00:00,2026-09-11T15:00:00+00:00,20.3,0.0,91,51,41380.0,5.5,8.9,18.0,349,1000.9,3
1,2026-09-07T19:00:00+00:00,2026-09-11T16:00:00+00:00,19.6,0.0,93,46,40920.0,4.4,8.2,14.0,351,1001.1,3
1,2026-09-07T19:00:00+00:00,2026-09-11T17:00:00+00:00,18.8,0.0,94,42,40440.0,3.2,7.9,9.4,360,1001.2,3
1,2026-09-07T19:00:00+00:00,2026-09-11T18:00:00+00:00,18.0,0.0,96,37,39980.0,2.2,8.4,6.5,9,1001.5,3
1,2026-09-07T19:00:00+00:00,2026-09-11T19:00:00+00:00,17.4,0.0,96,26,39980.0,2.4,10.5,7.6,27,1001.6,3
1,2026-09-07T19:00:00+00:00,2026-09-11T20:00:00+00:00,16.7,0.0,96,14,40000.0,3.3,13.7,10.4,41,1001.8,3
1,2026-09-07T19:00:00+00:00,2026-09-11T21:00:00+00:00,16.2,0.0,96,3,40000.0,3.8,15.8,13.0,49,1001.9,3
1,2026-09-07T19:00:00+00:00,2026-09-11T22:00:00+00:00,15.9,0.0,97,26,39860.0,3.9,16.3,13.7,56,1002.0,3
1,2026-09-07T19:00:00+00:00,2026-09-11T23:00:00+00:00,15.6,0.0,99,49,39720.0,4.0,16.2,13.7,63,1002.0,3
1,2026-09-07T19:00:00+00:00,2026-09-12T00:00:00+00:00,15.3,0.0,100,72,39580.0,4.2,16.1,13.7,70,1002.0,3
1,2026-09-07T19:00:00+00:00,2026-09-12T01:00:00+00:00,14.9,0.1,100,74,38580.0,4.5,16.5,14.0,76,1001.7,61
1,2026-09-07T19:00:00+00:00,2026-09-12T02:00:00+00:00,14.5,0.1,100,76,37560.0,4.7,17.3,14.4,81,1001.5,61
1,2026-09-07T19:00:00+00:00,2026-09-12T03:00:00+00:00,14.1,0.1,100,78,36560.0,5.1,17.7,14.8,86,1001.4,61
1,2026-09-07T19:00:00+00:00,2026-09-12T04:00:00+00:00,13.8,0.7,100,77,25920.0,4.7,16.4,14.4,86,1001.6,61
1,2026-09-07T19:00:00+00:00,2026-09-12T05:00:00+00:00,13.6,0.7,100,77,15300.0,4.4,14.4,14.0,81,1002.0,61
1,2026-09-07T19:00:00+00:00,2026-09-12T06:00:00+00:00,13.5,0.7,100,76,4660.0,4.5,12.9,14.4,76,1002.1,61
1,2026-09-07T19:00:00+00:00,2026-09-12T07:00:00+00:00,13.4,2.3,100,79,4260.0,4.9,12.7,16.6,73,1002.0,63
1,2026-09-07T19:00:00+00:00,2026-09-12T08:00:00+00:00,13.4,2.3,100,81,3840.0,5.7,13.1,19.8,72,1001.8,63
1,2026-09-07T19:00:00+00:00,2026-09-12T09:00:00+00:00,13.4,2.3,100,84,3440.0,6.2,13.8,22.0,69,1001.6,63
1,2026-09-07T19:00:00+00:00,2026-09-12T10:00:00+00:00,13.4,2.1,100,89,17635.0,6.6,14.7,21.9,60,1001.5,61
1,2026-09-07T19:00:00+00:00,2026-09-12T11:00:00+00:00,13.3,2.1,100,95,29760.0,7.2,15.8,21.1,51,1001.4,61
1,2026-09-07T19:00:00+00:00,2026-09-12T12:00:00+00:00,13.2,2.1,100,100,39790.0,8.0,17.5,20.5,45,1001.4,61
1,2026-09-07T19:00:00+00:00,2026-09-12T13:00:00+00:00,13.0,0.3,100,100,33400.0,8.7,19.4,22.0,48,1001.3,51
1,2026-09-07T19:00:00+00:00,2026-09-12T14:00:00+00:00,13.0,0.3,100,100,19040.0,8.5,20.0,23.0,54,1001.3,51
1,2026-09-07T19:00:00+00:00,2026-09-12T15:00:00+00:00,13.0,0.3,100,100,4700.0,8.3,20.2,23.4,56,1001.3,51
1,2026-09-07T19:00:00+00:00,2026-09-12T16:00:00+00:00,13.1,0.0,100,100,15720.0,7.7,19.4,21.2,53,1001.5,51
1,2026-09-07T19:00:00+00:00,2026-09-12T17:00:00+00:00,13.1,0.0,100,99,26720.0,6.9,17.7,18.0,47,1001.8,51
1,2026-09-07T19:00:00+00:00,2026-09-12T18:00:00+00:00,13.1,0.0,100,99,37740.0,6.1,16.2,15.5,40,1002.0,51
1,2026-09-07T19:00:00+00:00,2026-09-12T19:00:00+00:00,13.0,0.0,100,96,26300.0,5.8,14.7,14.8,30,1002.2,3
1,2026-09-07T19:00:00+00:00,2026-09-12T20:00:00+00:00,12.9,0.0,100,93,14840.0,6.5,14.0,15.1,19,1002.3,3
1,2026-09-07T19:00:00+00:00,2026-09-12T21:00:00+00:00,12.8,0.0,100,90,3400.0,6.6,14.4,15.5,13,1002.5,3
1,2026-09-07T19:00:00+00:00,2026-09-12T22:00:00+00:00,12.6,0.0,100,89,3080.0,6.9,15.1,15.5,9,1002.6,3
1,2026-09-07T19:00:00+00:00,2026-09-12T23:00:00+00:00,12.5,0.0,99,87,2760.0,6.9,16.1,15.5,6,1002.8,3
1,2026-09-07T19:00:00+00:00,2026-09-13T00:00:00+00:00,12.3,0.0,99,86,2440.0,6.5,16.2,15.5,6,1002.9,3
1,2026-09-07T19:00:00+00:00,2026-09-13T01:00:00+00:00,12.1,0.0,98,78,10140.0,5.8,15.0,14.8,7,1002.8,3
1,2026-09-07T19:00:00+00:00,2026-09-13T02:00:00+00:00,11.8,0.0,97,70,17840.0,4.8,13.4,13.7,13,1002.9,3
1,2026-09-07T19:00:00+00:00,2026-09-13T03:00:00+00:00,11.7,0.0,96,62,25540.0,4.1,12.0,13.3,15,1003.0,3
1,2026-09-07T19:00:00+00:00,2026-09-13T04:00:00+00:00,11.8,0.0,96,62,26140.0,4.5,11.5,14.0,14,1003.3,3
1,2026-09-07T19:00:00+00:00,2026-09-13T05:00:00+00:00,12.0,0.0,96,61,26740.0,5.4,11.4,15.5,8,1003.8,3
1,2026-09-07T19:00:00+00:00,2026-09-13T06:00:00+00:00,12.4,0.0,96,61,27340.0,6.2,11.4,16.6,7,1004.1,3
1,2026-09-07T19:00:00+00:00,2026-09-13T07:00:00+00:00,13.2,0.0,90,51,29620.0,6.5,10.6,16.9,3,1004.3,2
1,2026-09-07T19:00:00+00:00,2026-09-13T08:00:00+00:00,14.2,0.0,84,41,31920.0,6.5,9.9,16.9,3,1004.5,2
1,2026-09-07T19:00:00+00:00,2026-09-13T09:00:00+00:00,15.2,0.0,78,31,34200.0,6.1,8.8,16.9,360,1004.4,2
1,2026-09-07T19:00:00+00:00,2026-09-13T10:00:00+00:00,16.1,0.0,80,21,26660.0,5.8,7.8,16.6,360,1004.4,3
1,2026-09-07T19:00:00+00:00,2026-09-13T11:00:00+00:00,16.9,0.0,83,10,19140.0,5.0,6.7,15.5,360,1004.1,3
1,2026-09-07T19:00:00+00:00,2026-09-13T12:00:00+00:00,17.5,0.0,85,0,11600.0,4.7,6.0,14.8,360,1004.0,3
1,2026-09-07T19:00:00+00:00,2026-09-13T13:00:00+00:00,17.7,0.0,73,7,13920.0,4.3,5.3,14.0,5,1003.7,2
1,2026-09-07T19:00:00+00:00,2026-09-13T14:00:00+00:00,17.6,0.0,62,14,16260.0,3.7,5.0,13.3,11,1003.4,2
1,2026-09-07T19:00:00+00:00,2026-09-13T15:00:00+00:00,17.3,0.0,50,21,18580.0,3.3,5.0,12.2,13,1003.2,2
1,2026-09-07T19:00:00+00:00,2026-09-13T16:00:00+00:00,16.7,0.0,46,26,20900.0,3.0,5.6,9.7,14,1003.2,1
1,2026-09-07T19:00:00+00:00,2026-09-13T17:00:00+00:00,15.8,0.0,41,32,23240.0,2.5,6.8,6.8,8,1003.4,1
1,2026-09-07T19:00:00+00:00,2026-09-13T18:00:00+00:00,15.1,0.0,37,37,25560.0,2.2,6.9,4.3,360,1003.4,1
1,2026-09-07T19:00:00+00:00,2026-09-13T19:00:00+00:00,14.7,0.0,46,43,21340.0,1.8,6.0,3.2,349,1003.4,2
1,2026-09-07T19:00:00+00:00,2026-09-13T20:00:00+00:00,14.5,0.0,54,49,17100.0,1.5,4.3,2.5,315,1003.3,2
1,2026-09-07T19:00:00+00:00,2026-09-13T21:00:00+00:00,14.3,0.0,63,55,12880.0,1.6,3.3,2.2,297,1003.2,2
1,2026-09-07T19:00:00+00:00,2026-09-13T22:00:00+00:00,14.0,0.0,70,61,8640.0,1.6,3.3,2.2,297,1003.1,3
1,2026-09-07T19:00:00+00:00,2026-09-13T23:00:00+00:00,13.7,0.0,77,67,4420.0,1.8,4.0,2.2,323,1002.8,3
1,2026-09-07T20:00:00+00:00,2026-09-07T00:00:00+00:00,12.6,0.0,51,51,21480.0,11.6,31.9,31.0,292,1001.3,2
1,2026-09-07T20:00:00+00:00,2026-09-07T01:00:00+00:00,12.4,0.0,63,63,18040.0,12.2,33.2,31.7,294,1001.8,2
1,2026-09-07T20:00:00+00:00,2026-09-07T02:00:00+00:00,12.4,0.0,67,67,18440.0,12.6,31.7,32.4,297,1002.3,2
1,2026-09-07T20:00:00+00:00,2026-09-07T03:00:00+00:00,11.9,0.0,64,64,18740.0,11.2,28.9,32.8,303,1002.9,2
1,2026-09-07T20:00:00+00:00,2026-09-07T04:00:00+00:00,11.7,0.0,64,64,17560.0,11.0,27.9,29.9,302,1003.2,2
1,2026-09-07T20:00:00+00:00,2026-09-07T05:00:00+00:00,12.3,0.0,55,55,21780.0,10.8,25.1,32.4,300,1003.9,2
1,2026-09-07T20:00:00+00:00,2026-09-07T06:00:00+00:00,13.3,0.0,47,47,26320.0,11.1,21.2,29.2,299,1003.7,1
1,2026-09-07T20:00:00+00:00,2026-09-07T07:00:00+00:00,15.3,0.0,54,54,34640.0,11.3,20.6,31.7,301,1004.2,2
1,2026-09-07T20:00:00+00:00,2026-09-07T08:00:00+00:00,16.6,0.0,62,45,38680.0,12.4,23.4,34.9,306,1004.0,2
1,2026-09-07T20:00:00+00:00,2026-09-07T09:00:00+00:00,17.3,0.0,74,53,37680.0,12.5,22.6,36.7,303,1004.6,2
1,2026-09-07T20:00:00+00:00,2026-09-07T10:00:00+00:00,18.7,0.0,74,34,40440.0,13.0,24.2,36.0,304,1004.0,2
1,2026-09-07T20:00:00+00:00,2026-09-07T11:00:00+00:00,18.7,0.0,76,57,40060.0,14.1,26.1,43.9,302,1004.3,2
1,2026-09-07T20:00:00+00:00,2026-09-07T12:00:00+00:00,18.6,0.0,70,50,40120.0,13.9,26.9,44.6,307,1004.6,2
1,2026-09-07T20:00:00+00:00,2026-09-07T13:00:00+00:00,19.2,0.0,79,53,40960.0,13.3,26.0,42.5,311,1004.2,2
1,2026-09-07T20:00:00+00:00,2026-09-07T14:00:00+00:00,19.3,0.0,46,43,41380.0,13.2,27.2,37.1,315,1004.0,1
1,2026-09-07T20:00:00+00:00,2026-09-07T15:00:00+00:00,19.6,0.0,27,27,42080.0,10.8,24.2,35.6,323,1004.0,2
1,2026-09-07T20:00:00+00:00,2026-09-07T16:00:00+00:00,18.7,0.0,23,22,41580.0,8.7,21.2,28.8,322,1004.1,1
1,2026-09-07T20:00:00+00:00,2026-09-07T17:00:00+00:00,17.3,0.0,27,27,40740.0,5.5,21.5,22.0,302,1004.5,1
1,2026-09-07T20:00:00+00:00,2026-09-07T18:00:00+00:00,16.2,0.0,2,2,40100.0,5.5,23.4,15.5,293,1004.2,0
1,2026-09-07T20:00:00+00:00,2026-09-07T19:00:00+00:00,15.3,0.0,0,0,39360.0,5.0,23.0,14.8,291,1004.3,0
1,2026-09-07T20:00:00+00:00,2026-09-07T20:00:00+00:00,14.5,0.0,6,6,38240.0,4.8,21.7,12.6,283,1004.3,1
1,2026-09-07T20:00:00+00:00,2026-09-07T21:00:00+00:00,13.8,0.0,0,0,37200.0,4.7,21.9,12.2,279,1004.8,0
1,2026-09-07T20:00:00+00:00,2026-09-07T22:00:00+00:00,13.2,0.0,0,0,35240.0,4.4,21.5,12.2,279,1004.6,0
1,2026-09-07T20:00:00+00:00,2026-09-07T23:00:00+00:00,12.7,0.0,0,0,33280.0,4.3,20.2,11.5,275,1004.7,0
1,2026-09-07T20:00:00+00:00,2026-09-08T00:00:00+00:00,12.3,0.0,1,0,31720.0,4.3,19.5,11.5,275,1004.9,0
1,2026-09-07T20:00:00+00:00,2026-09-08T01:00:00+00:00,12.1,0.0,12,0,30860.0,3.6,17.3,12.2,264,1004.8,1
1,2026-09-07T20:00:00+00:00,2026-09-08T02:00:00+00:00,11.7,0.0,16,0,28500.0,3.7,16.0,10.4,259,1004.7,1
1,2026-09-07T20:00:00+00:00,2026-09-08T03:00:00+00:00,11.2,0.0,11,0,24940.0,3.3,14.2,10.1,257,1004.5,1
1,2026-09-07T20:00:00+00:00,2026-09-08T04:00:00+00:00,11.0,0.0,19,0,21900.0,3.1,12.3,9.4,249,1004.5,1
1,2026-09-07T20:00:00+00:00,2026-09-08T05:00:00+00:00,12.3,0.0,31,4,26520.0,2.7,12.1,9.4,247,1004.6,1
1,2026-09-07T20:00:00+00:00,2026-09-08T06:00:00+00:00,14.6,0.0,100,19,33920.0,3.4,11.6,11.5,252,1004.3,3
1,2026-09-07T20:00:00+00:00,2026-09-08T07:00:00+00:00,16.5,0.0,100,26,37480.0,4.0,5.3,13.7,270,1004.3,3
1,2026-09-07T20:00:00+00:00,2026-09-08T08:00:00+00:00,18.2,0.0,81,22,39600.0,4.5,6.2,14.8,256,1003.9,3
1,2026-09-07T20:00:00+00:00,2026-09-08T09:00:00+00:00,19.9,0.0,36,34,41240.0,6.5,10.3,20.5,264,1003.5,1
1,2026-09-07T20:00:00+00:00,2026-09-08T10:00:00+00:00,20.5,0.0,54,54,41420.0,6.5,9.5,20.9,267,1002.8,2
1,2026-09-07T20:00:00+00:00,2026-09-08T11:00:00+00:00,20.9,0.0,64,63,41580.0,6.0,9.2,20.2,253,1002.2,2
1,2026-09-07T20:00:00+00:00,2026-09-08T12:00:00+00:00,21.3,0.0,58,58,41740.0,5.6,8.5,19.4,243,1001.4,2
1,2026-09-07T20:00:00+00:00,2026-09-08T13:00:00+00:00,21.4,0.0,58,58,41660.0,5.6,8.5,18.4,243,1000.8,2
1,2026-09-07T20:00:00+00:00,2026-09-08T14:00:00+00:00,21.4,0.0,52,52,41840.0,5.7,9.3,17.6,252,1000.3,2
1,2026-09-07T20:00:00+00:00,2026-09-08T15:00:00+00:00,21.1,0.0,34,33,42020.0,4.9,8.1,17.6,253,999.9,1
1,2026-09-07T20:00:00+00:00,2026-09-08T16:00:00+00:00,20.4,0.0,77,12,42100.0,3.0,6.6,14.4,256,999.7,2
1,2026-09-07T20:00:00+00:00,2026-09-08T17:00:00+00:00,19.5,0.0,99,0,41720.0,2.2,3.7,7.6,171,999.6,3
1,2026-09-07T20:00:00+00:00,2026-09-08T18:00:00+00:00,18.6,0.0,4,0,41240.0,3.1,6.5,6.1,159,999.4,0
1,2026-09-07T20:00:00+00:00,2026-09-08T19:00:00+00:00,17.5,0.0,5,0,40460.0,3.4,13.3,7.9,162,999.0,0
1,2026-09-07T20:00:00+00:00,2026-09-08T20:00:00+00:00,16.9,0.0,34,0,40140.0,3.4,16.4,7.9,162,998.8,1
1,2026-09-07T20:00:00+00:00,2026-09-08T21:00:00+00:00,16.4,0.0,29,0,39440.0,3.5,17.5,8.6,156,998.7,1
1,2026-09-07T20:00:00+00:00,2026-09-08T22:00:00+00:00,15.4,0.0,18,0,38280.0,4.2,20.2,10.1,160,998.8,1
1,2026-09-07T20:00:00+00:00,2026-09-08T23:00:00+00:00,15.1,0.0,6,0,37660.0,3.8,21.1,10.1,163,998.7,0
1,2026-09-07T20:00:00+00:00,2026-09-09T00:00:00+00:00,14.9,0.0,68,0,37660.0,4.4,22.9,10.8,171,998.4,2
1,2026-09-07T20:00:00+00:00,2026-09-09T01:00:00+00:00,14.8,0.0,5,0,38260.0,4.3,23.0,11.9,175,998.4,0
1,2026-09-07T20:00:00+00:00,2026-09-09T02:00:00+00:00,14.5,0.0,22,0,38280.0,4.7,24.1,13.0,180,998.2,1
1,2026-09-07T20:00:00+00:00,2026-09-09T03:00:00+00:00,14.3,0.0,100,0,36400.0,4.0,21.9,13.0,170,998.0,3
1,2026-09-07T20:00:00+00:00,2026-09-09T04:00:00+00:00,14.2,0.0,100,0,32740.0,3.4,18.1,10.8,162,998.1,3
1,2026-09-07T20:00:00+00:00,2026-09-09T05:00:00+00:00,14.7,0.0,100,0,31380.0,3.3,16.5,10.4,167,998.0,3
1,2026-09-07T20:00:00+00:00,2026-09-09T06:00:00+00:00,16.4,0.0,100,0,34320.0,4.4,15.9,14.4,171,998.0,3
1,2026-09-07T20:00:00+00:00,2026-09-09T07:00:00+00:00,18.5,0.0,100,0,40240.0,6.6,11.6,19.1,171,997.9,3
1,2026-09-07T20:00:00+00:00,2026-09-09T08:00:00+00:00,20.6,0.0,100,0,40760.0,6.6,11.4,20.2,167,998.0,3
1,2026-09-07T20:00:00+00:00,2026-09-09T09:00:00+00:00,22.6,0.0,58,0,41400.0,8.0,13.4,23.4,175,997.7,2
1,2026-09-07T20:00:00+00:00,2026-09-09T10:00:00+00:00,24.3,0.0,4,0,42320.0,10.1,18.1,29.2,184,997.4,0
1,2026-09-07T20:00:00+00:00,2026-09-09T11:00:00+00:00,25.3,0.0,51,0,43480.0,10.7,19.9,31.0,192,997.0,1
1,2026-09-07T20:00:00+00:00,2026-09-09T12:00:00+00:00,25.9,0.0,98,0,44240.0,10.0,18.7,30.6,195,996.5,3
1,2026-09-07T20:00:00+00:00,2026-09-09T13:00:00+00:00,26.2,0.0,16,0,44060.0,9.2,17.4,28.4,191,996.2,1
1,2026-09-07T20:00:00+00:00,2026-09-09T14:00:00+00:00,26.2,0.0,100,0,45040.0,8.7,17.3,26.3,197,995.9,3
1,2026-09-07T20:00:00+00:00,2026-09-09T15:00:00+00:00,25.6,0.0,100,0,44820.0,7.5,17.2,24.5,197,995.6,3
1,2026-09-07T20:00:00+00:00,2026-09-09T16:00:00+00:00,24.3,0.0,100,0,43380.0,4.3,17.0,20.2,180,995.5,3
1,2026-09-07T20:00:00+00:00,2026-09-09T17:00:00+00:00,22.8,0.0,19,0,42120.0,4.0,18.9,11.9,175,995.6,1
1,2026-09-07T20:00:00+00:00,2026-09-09T18:00:00+00:00,21.9,0.0,17,0,41720.0,4.3,22.0,11.5,175,995.6,1
1,2026-09-07T20:00:00+00:00,2026-09-09T19:00:00+00:00,21.2,0.0,52,0,41540.0,5.4,26.2,14.4,180,995.6,2
1,2026-09-07T20:00:00+00:00,2026-09-09T20:00:00+00:00,20.5,0.0,96,0,41280.0,6.6,30.9,18.4,189,995.5,3
1,2026-09-07T20:00:00+00:00,2026-09-09T21:00:00+00:00,20.0,0.0,64,0,41020.0,7.4,34.9,20.9,203,995.6,2
1,2026-09-07T20:00:00+00:00,2026-09-09T22:00:00+00:00,19.5,0.0,57,0,40780.0,7.1,34.4,21.2,210,995.7,2
1,2026-09-07T20:00:00+00:00,2026-09-09T23:00:00+00:00,19.0,0.0,32,0,40480.0,6.5,32.3,19.8,214,995.7,1
1,2026-09-07T20:00:00+00:00,2026-09-10T00:00:00+00:00,18.5,0.0,62,0,39560.0,6.0,30.2,17.6,213,995.9,2
1,2026-09-07T20:00:00+00:00,2026-09-10T01:00:00+00:00,18.0,0.0,22,0,37840.0,6.4,30.6,17.6,207,995.9,1
1,2026-09-07T20:00:00+00:00,2026-09-10T02:00:00+00:00,17.5,0.0,0,0,34180.0,7.0,31.2,19.8,201,995.7,0
1,2026-09-07T20:00:00+00:00,2026-09-10T03:00:00+00:00,16.9,0.0,1,0,30960.0,7.4,32.1,20.5,203,995.7,0
1,2026-09-07T20:00:00+00:00,2026-09-10T04:00:00+00:00,16.5,0.0,0,0,29360.0,7.3,32.3,20.9,200,995.9,0
1,2026-09-07T20:00:00+00:00,2026-09-10T05:00:00+00:00,17.0,0.0,0,0,28860.0,7.9,31.2,21.2,196,996.1,0
1,2026-09-07T20:00:00+00:00,2026-09-10T06:00:00+00:00,18.6,0.0,0,0,37200.0,9.7,21.6,26.3,195,996.3,0
1,2026-09-07T20:00:00+00:00,2026-09-10T07:00:00+00:00,20.7,0.0,0,0,39560.0,10.4,20.5,29.2,194,996.5,0
1,2026-09-07T20:00:00+00:00,2026-09-10T08:00:00+00:00,22.7,0.0,3,0,40460.0,11.3,21.9,32.0,189,996.4,0
1,2026-09-07T20:00:00+00:00,2026-09-10T09:00:00+00:00,24.5,0.0,4,0,41280.0,13.8,27.3,37.8,195,996.1,0
1,2026-09-07T20:00:00+00:00,2026-09-10T10:00:00+00:00,25.8,0.0,0,0,42280.0,14.3,28.6,39.2,190,995.7,0
1,2026-09-07T20:00:00+00:00,2026-09-10T11:00:00+00:00,26.8,0.0,0,0,43140.0,14.0,27.9,39.2,192,995.4,0
1,2026-09-07T20:00:00+00:00,2026-09-10T12:00:00+00:00,27.5,0.0,0,0,43900.0,13.8,28.4,38.5,189,994.9,0
1,2026-09-07T20:00:00+00:00,2026-09-10T13:00:00+00:00,27.8,0.0,0,0,44580.0,13.4,28.0,38.5,200,994.6,0
1,2026-09-07T20:00:00+00:00,2026-09-10T14:00:00+00:00,27.7,0.0,0,0,44140.0,12.2,26.8,36.4,204,994.6,0
1,2026-09-07T20:00:00+00:00,2026-09-10T15:00:00+00:00,27.1,0.0,0,0,43380.0,11.1,26.5,33.5,205,994.4,0
1,2026-09-07T20:00:00+00:00,2026-09-10T16:00:00+00:00,25.8,0.0,0,0,42460.0,8.1,25.7,29.2,193,994.5,0
1,2026-09-07T20:00:00+00:00,2026-09-10T17:00:00+00:00,24.2,0.0,0,0,41780.0,6.9,29.2,21.2,189,994.6,0
1,2026-09-07T20:00:00+00:00,2026-09-10T18:00:00+00:00,23.1,0.0,0,0,41380.0,7.4,32.2,20.2,194,994.8,0
1,2026-09-07T20:00:00+00:00,2026-09-10T19:00:00+00:00,22.0,0.0,23,12,38960.0,4.1,19.5,20.9,232,995.2,2
1,2026-09-07T20:00:00+00:00,2026-09-10T20:00:00+00:00,20.9,0.0,45,25,36560.0,6.6,16.2,24.1,299,995.6,2
1,2026-09-07T20:00:00+00:00,2026-09-10T21:00:00+00:00,19.9,0.0,68,37,34140.0,10.4,27.5,27.0,316,996.2,2
1,2026-09-07T20:00:00+00:00,2026-09-10T22:00:00+00:00,19.1,0.0,78,57,31620.0,10.8,29.0,29.2,323,996.7,61
1,2026-09-07T20:00:00+00:00,2026-09-10T23:00:00+00:00,18.4,0.0,88,76,29120.0,9.4,24.5,31.0,328,997.2,61
1,2026-09-07T20:00:00+00:00,2026-09-11T00:00:00+00:00,17.7,0.0,98,96,26600.0,8.4,20.8,31.3,329,997.7,61
1,2026-09-07T20:00:00+00:00,2026-09-11T01:00:00+00:00,16.7,0.0,98,86,26380.0,7.9,20.5,29.2,321,998.1,3
1,2026-09-07T20:00:00+00:00,2026-09-11T02:00:00+00:00,15.7,0.0,99,76,26180.0,7.7,21.0,25.2,307,998.6,3
1,2026-09-07T20:00:00+00:00,2026-09-11T03:00:00+00:00,15.1,0.0,99,66,25960.0,7.9,21.4,22.7,300,999.0,3
1,2026-09-07T20:00:00+00:00,2026-09-11T04:00:00+00:00,15.1,0.0,97,67,25680.0,8.1,20.1,22.3,302,999.5,3
1,2026-09-07T20:00:00+00:00,2026-09-11T05:00:00+00:00,15.3,0.0,96,69,25420.0,8.2,18.0,22.7,308,999.9,3
1,2026-09-07T20:00:00+00:00,2026-09-11T06:00:00+00:00,15.9,0.0,94,70,25140.0,8.4,16.0,23.0,313,1000.3,3
1,2026-09-07T20:00:00+00:00,2026-09-11T07:00:00+00:00,16.7,0.0,96,67,29300.0,8.1,14.2,22.7,315,1000.7,3
1,2026-09-07T20:00:00+00:00,2026-09-11T08:00:00+00:00,17.8,0.0,97,65,33480.0,7.4,12.2,22.3,317,1001.0,3
1,2026-09-07T20:00:00+00:00,2026-09-11T09:00:00+00:00,18.8,0.0,99,62,37640.0,6.9,10.7,21.6,317,1001.2,3
1,2026-09-07T20:00:00+00:00,2026-09-11T10:00:00+00:00,19.7,0.0,93,60,38800.0,6.6,10.0,21.2,319,1001.2,2
1,2026-09-07T20:00:00+00:00,2026-09-11T11:00:00+00:00,20.7,0.0,86,58,39980.0,6.4,9.5,20.5,322,1001.0,2
1,2026-09-07T20:00:00+00:00,2026-09-11T12:00:00+00:00,21.2,0.0,80,56,41140.0,6.2,9.0,20.2,324,1001.0,2
1,2026-09-07T20:00:00+00:00,2026-09-11T13:00:00+00:00,21.2,0.0,84,54,41220.0,6.1,8.9,19.8,332,1000.9,3
1,2026-09-07T20:00:00+00:00,2026-09-11T14:00:00+00:00,20.9,0.0,87,53,41300.0,5.7,9.1,19.4,342,1000.8,3
1,2026-09-07T20:00:00+00:00,2026-09-11T15:00:00+00:00,20.3,0.0,91,51,41380.0,5.5,8.9,18.0,349,1000.9,3
1,2026-09-07T20:00:00+00:00,2026-09-11T16:00:00+00:00,19.6,0.0,93,46,40920.0,4.4,8.2,14.0,351,1001.1,3
1,2026-09-07T20:00:00+00:00,2026-09-11T17:00:00+00:00,18.8,0.0,94,42,40440.0,3.2,7.9,9.4,360,1001.2,3
1,2026-09-07T20:00:00+00:00,2026-09-11T18:00:00+00:00,18.0,0.0,96,37,39980.0,2.2,8.4,6.5,9,1001.5,3
1,2026-09-07T20:00:00+00:00,2026-09-11T19:00:00+00:00,17.4,0.0,96,26,39980.0,2.4,10.5,7.6,27,1001.6,3
1,2026-09-07T20:00:00+00:00,2026-09-11T20:00:00+00:00,16.7,0.0,96,14,40000.0,3.3,13.7,10.4,41,1001.8,3
1,2026-09-07T20:00:00+00:00,2026-09-11T21:00:00+00:00,16.2,0.0,96,3,40000.0,3.8,15.8,13.0,49,1001.9,3
1,2026-09-07T20:00:00+00:00,2026-09-11T22:00:00+00:00,15.9,0.0,97,26,39860.0,3.9,16.3,13.7,56,1002.0,3
1,2026-09-07T20:00:00+00:00,2026-09-11T23:00:00+00:00,15.6,0.0,99,49,39720.0,4.0,16.2,13.7,63,1002.0,3
1,2026-09-07T20:00:00+00:00,2026-09-12T00:00:00+00:00,15.3,0.0,100,72,39580.0,4.2,16.1,13.7,70,1002.0,3
1,2026-09-07T20:00:00+00:00,2026-09-12T01:00:00+00:00,14.9,0.1,100,74,38580.0,4.5,16.5,14.0,76,1001.7,61
1,2026-09-07T20:00:00+00:00,2026-09-12T02:00:00+00:00,14.5,0.1,100,76,37560.0,4.7,17.3,14.4,81,1001.5,61
1,2026-09-07T20:00:00+00:00,2026-09-12T03:00:00+00:00,14.1,0.1,100,78,36560.0,5.1,17.7,14.8,86,1001.4,61
1,2026-09-07T20:00:00+00:00,2026-09-12T04:00:00+00:00,13.8,0.7,100,77,25920.0,4.7,16.4,14.4,86,1001.6,61
1,2026-09-07T20:00:00+00:00,2026-09-12T05:00:00+00:00,13.6,0.7,100,77,15300.0,4.4,14.4,14.0,81,1002.0,61
1,2026-09-07T20:00:00+00:00,2026-09-12T06:00:00+00:00,13.5,0.7,100,76,4660.0,4.5,12.9,14.4,76,1002.1,61
1,2026-09-07T20:00:00+00:00,2026-09-12T07:00:00+00:00,13.4,2.3,100,79,4260.0,4.9,12.7,16.6,73,1002.0,63
1,2026-09-07T20:00:00+00:00,2026-09-12T08:00:00+00:00,13.4,2.3,100,81,3840.0,5.7,13.1,19.8,72,1001.8,63
1,2026-09-07T20:00:00+00:00,2026-09-12T09:00:00+00:00,13.4,2.3,100,84,3440.0,6.2,13.8,22.0,69,1001.6,63
1,2026-09-07T20:00:00+00:00,2026-09-12T10:00:00+00:00,13.4,2.1,100,89,17635.0,6.6,14.7,21.9,60,1001.5,61
1,2026-09-07T20:00:00+00:00,2026-09-12T11:00:00+00:00,13.3,2.1,100,95,29760.0,7.2,15.8,21.1,51,1001.4,61
1,2026-09-07T20:00:00+00:00,2026-09-12T12:00:00+00:00,13.2,2.1,100,100,39790.0,8.0,17.5,20.5,45,1001.4,61
1,2026-09-07T20:00:00+00:00,2026-09-12T13:00:00+00:00,13.0,0.3,100,100,33400.0,8.7,19.4,22.0,48,1001.3,51
1,2026-09-07T20:00:00+00:00,2026-09-12T14:00:00+00:00,13.0,0.3,100,100,19040.0,8.5,20.0,23.0,54,1001.3,51
1,2026-09-07T20:00:00+00:00,2026-09-12T15:00:00+00:00,13.0,0.3,100,100,4700.0,8.3,20.2,23.4,56,1001.3,51
1,2026-09-07T20:00:00+00:00,2026-09-12T16:00:00+00:00,13.1,0.0,100,100,15720.0,7.7,19.4,21.2,53,1001.5,51
1,2026-09-07T20:00:00+00:00,2026-09-12T17:00:00+00:00,13.1,0.0,100,99,26720.0,6.9,17.7,18.0,47,1001.8,51
1,2026-09-07T20:00:00+00:00,2026-09-12T18:00:00+00:00,13.1,0.0,100,99,37740.0,6.1,16.2,15.5,40,1002.0,51
1,2026-09-07T20:00:00+00:00,2026-09-12T19:00:00+00:00,13.0,0.0,100,96,26300.0,5.8,14.7,14.8,30,1002.2,3
1,2026-09-07T20:00:00+00:00,2026-09-12T20:00:00+00:00,12.9,0.0,100,93,14840.0,6.5,14.0,15.1,19,1002.3,3
1,2026-09-07T20:00:00+00:00,2026-09-12T21:00:00+00:00,12.8,0.0,100,90,3400.0,6.6,14.4,15.5,13,1002.5,3
1,2026-09-07T20:00:00+00:00,2026-09-12T22:00:00+00:00,12.6,0.0,100,89,3080.0,6.9,15.1,15.5,9,1002.6,3
1,2026-09-07T20:00:00+00:00,2026-09-12T23:00:00+00:00,12.5,0.0,99,87,2760.0,6.9,16.1,15.5,6,1002.8,3
1,2026-09-07T20:00:00+00:00,2026-09-13T00:00:00+00:00,12.3,0.0,99,86,2440.0,6.5,16.2,15.5,6,1002.9,3
1,2026-09-07T20:00:00+00:00,2026-09-13T01:00:00+00:00,12.1,0.0,98,78,10140.0,5.8,15.0,14.8,7,1002.8,3
1,2026-09-07T20:00:00+00:00,2026-09-13T02:00:00+00:00,11.8,0.0,97,70,17840.0,4.8,13.4,13.7,13,1002.9,3
1,2026-09-07T20:00:00+00:00,2026-09-13T03:00:00+00:00,11.7,0.0,96,62,25540.0,4.1,12.0,13.3,15,1003.0,3
1,2026-09-07T20:00:00+00:00,2026-09-13T04:00:00+00:00,11.8,0.0,96,62,26140.0,4.5,11.5,14.0,14,1003.3,3
1,2026-09-07T20:00:00+00:00,2026-09-13T05:00:00+00:00,12.0,0.0,96,61,26740.0,5.4,11.4,15.5,8,1003.8,3
1,2026-09-07T20:00:00+00:00,2026-09-13T06:00:00+00:00,12.4,0.0,96,61,27340.0,6.2,11.4,16.6,7,1004.1,3
1,2026-09-07T20:00:00+00:00,2026-09-13T07:00:00+00:00,13.2,0.0,90,51,29620.0,6.5,10.6,16.9,3,1004.3,2
1,2026-09-07T20:00:00+00:00,2026-09-13T08:00:00+00:00,14.2,0.0,84,41,31920.0,6.5,9.9,16.9,3,1004.5,2
1,2026-09-07T20:00:00+00:00,2026-09-13T09:00:00+00:00,15.2,0.0,78,31,34200.0,6.1,8.8,16.9,360,1004.4,2
1,2026-09-07T20:00:00+00:00,2026-09-13T10:00:00+00:00,16.1,0.0,80,21,26660.0,5.8,7.8,16.6,360,1004.4,3
1,2026-09-07T20:00:00+00:00,2026-09-13T11:00:00+00:00,16.9,0.0,83,10,19140.0,5.0,6.7,15.5,360,1004.1,3
1,2026-09-07T20:00:00+00:00,2026-09-13T12:00:00+00:00,17.5,0.0,85,0,11600.0,4.7,6.0,14.8,360,1004.0,3
1,2026-09-07T20:00:00+00:00,2026-09-13T13:00:00+00:00,17.7,0.0,73,7,13920.0,4.3,5.3,14.0,5,1003.7,2
1,2026-09-07T20:00:00+00:00,2026-09-13T14:00:00+00:00,17.6,0.0,62,14,16260.0,3.7,5.0,13.3,11,1003.4,2
1,2026-09-07T20:00:00+00:00,2026-09-13T15:00:00+00:00,17.3,0.0,50,21,18580.0,3.3,5.0,12.2,13,1003.2,2
1,2026-09-07T20:00:00+00:00,2026-09-13T16:00:00+00:00,16.7,0.0,46,26,20900.0,3.0,5.6,9.7,14,1003.2,1
1,2026-09-07T20:00:00+00:00,2026-09-13T17:00:00+00:00,15.8,0.0,41,32,23240.0,2.5,6.8,6.8,8,1003.4,1
1,2026-09-07T20:00:00+00:00,2026-09-13T18:00:00+00:00,15.1,0.0,37,37,25560.0,2.2,6.9,4.3,360,1003.4,1
1,2026-09-07T20:00:00+00:00,2026-09-13T19:00:00+00:00,14.7,0.0,46,43,21340.0,1.8,6.0,3.2,349,1003.4,2
1,2026-09-07T20:00:00+00:00,2026-09-13T20:00:00+00:00,14.5,0.0,54,49,17100.0,1.5,4.3,2.5,315,1003.3,2
1,2026-09-07T20:00:00+00:00,2026-09-13T21:00:00+00:00,14.3,0.0,63,55,12880.0,1.6,3.3,2.2,297,1003.2,2
1,2026-09-07T20:00:00+00:00,2026-09-13T22:00:00+00:00,14.0,0.0,70,61,8640.0,1.6,3.3,2.2,297,1003.1,3
1,2026-09-07T20:00:00+00:00,2026-09-13T23:00:00+00:00,13.7,0.0,77,67,4420.0,1.8,4.0,2.2,323,1002.8,3
1,2026-09-07T21:00:00+00:00,2026-09-07T00:00:00+00:00,12.6,0.0,51,51,21480.0,11.6,31.9,31.0,292,1001.3,2
1,2026-09-07T21:00:00+00:00,2026-09-07T01:00:00+00:00,12.4,0.0,63,63,18040.0,12.2,33.2,31.7,294,1001.8,2
1,2026-09-07T21:00:00+00:00,2026-09-07T02:00:00+00:00,12.4,0.0,67,67,18440.0,12.6,31.7,32.4,297,1002.3,2
1,2026-09-07T21:00:00+00:00,2026-09-07T03:00:00+00:00,11.9,0.0,64,64,18740.0,11.2,28.9,32.8,303,1002.9,2
1,2026-09-07T21:00:00+00:00,2026-09-07T04:00:00+00:00,11.7,0.0,64,64,17560.0,11.0,27.9,29.9,302,1003.2,2
1,2026-09-07T21:00:00+00:00,2026-09-07T05:00:00+00:00,12.3,0.0,55,55,21780.0,10.8,25.1,32.4,300,1003.9,2
1,2026-09-07T21:00:00+00:00,2026-09-07T06:00:00+00:00,13.3,0.0,47,47,26320.0,11.1,21.2,29.2,299,1003.7,1
1,2026-09-07T21:00:00+00:00,2026-09-07T07:00:00+00:00,15.3,0.0,54,54,34640.0,11.3,20.6,31.7,301,1004.2,2
1,2026-09-07T21:00:00+00:00,2026-09-07T08:00:00+00:00,16.6,0.0,62,45,38680.0,12.4,23.4,34.9,306,1004.0,2
1,2026-09-07T21:00:00+00:00,2026-09-07T09:00:00+00:00,17.3,0.0,74,53,37680.0,12.5,22.6,36.7,303,1004.6,2
1,2026-09-07T21:00:00+00:00,2026-09-07T10:00:00+00:00,18.7,0.0,74,34,40440.0,13.0,24.2,36.0,304,1004.0,2
1,2026-09-07T21:00:00+00:00,2026-09-07T11:00:00+00:00,18.7,0.0,76,57,40060.0,14.1,26.1,43.9,302,1004.3,2
1,2026-09-07T21:00:00+00:00,2026-09-07T12:00:00+00:00,18.6,0.0,70,50,40120.0,13.9,26.9,44.6,307,1004.6,2
1,2026-09-07T21:00:00+00:00,2026-09-07T13:00:00+00:00,19.2,0.0,79,53,40960.0,13.3,26.0,42.5,311,1004.2,2
1,2026-09-07T21:00:00+00:00,2026-09-07T14:00:00+00:00,19.3,0.0,46,43,41380.0,13.2,27.2,37.1,315,1004.0,1
1,2026-09-07T21:00:00+00:00,2026-09-07T15:00:00+00:00,19.6,0.0,27,27,42080.0,10.8,24.2,35.6,323,1004.0,2
1,2026-09-07T21:00:00+00:00,2026-09-07T16:00:00+00:00,18.7,0.0,23,22,41580.0,8.7,21.2,28.8,322,1004.1,1
1,2026-09-07T21:00:00+00:00,2026-09-07T17:00:00+00:00,17.3,0.0,27,27,40740.0,5.5,21.5,22.0,302,1004.5,1
1,2026-09-07T21:00:00+00:00,2026-09-07T18:00:00+00:00,16.2,0.0,2,2,40100.0,5.5,23.4,15.5,293,1004.2,0
1,2026-09-07T21:00:00+00:00,2026-09-07T19:00:00+00:00,15.3,0.0,0,0,39360.0,5.0,23.0,14.8,291,1004.3,0
1,2026-09-07T21:00:00+00:00,2026-09-07T20:00:00+00:00,14.5,0.0,6,6,38240.0,4.8,21.7,12.6,283,1004.3,1
1,2026-09-07T21:00:00+00:00,2026-09-07T21:00:00+00:00,13.8,0.0,0,0,37200.0,4.7,21.9,12.2,279,1004.8,0
1,2026-09-07T21:00:00+00:00,2026-09-07T22:00:00+00:00,13.2,0.0,0,0,35240.0,4.4,21.5,12.2,279,1004.6,0
1,2026-09-07T21:00:00+00:00,2026-09-07T23:00:00+00:00,12.7,0.0,0,0,33280.0,4.3,20.2,11.5,275,1004.7,0
1,2026-09-07T21:00:00+00:00,2026-09-08T00:00:00+00:00,12.3,0.0,1,0,31720.0,4.3,19.5,11.5,275,1004.9,0
1,2026-09-07T21:00:00+00:00,2026-09-08T01:00:00+00:00,12.1,0.0,12,0,30860.0,3.6,17.3,12.2,264,1004.8,1
1,2026-09-07T21:00:00+00:00,2026-09-08T02:00:00+00:00,11.7,0.0,16,0,28500.0,3.7,16.0,10.4,259,1004.7,1
1,2026-09-07T21:00:00+00:00,2026-09-08T03:00:00+00:00,11.2,0.0,11,0,24940.0,3.3,14.2,10.1,257,1004.5,1
1,2026-09-07T21:00:00+00:00,2026-09-08T04:00:00+00:00,11.0,0.0,19,0,21900.0,3.1,12.3,9.4,249,1004.5,1
1,2026-09-07T21:00:00+00:00,2026-09-08T05:00:00+00:00,12.3,0.0,31,4,26520.0,2.7,12.1,9.4,247,1004.6,1
1,2026-09-07T21:00:00+00:00,2026-09-08T06:00:00+00:00,14.6,0.0,100,19,33920.0,3.4,11.6,11.5,252,1004.3,3
1,2026-09-07T21:00:00+00:00,2026-09-08T07:00:00+00:00,16.5,0.0,100,26,37480.0,4.0,5.3,13.7,270,1004.3,3
1,2026-09-07T21:00:00+00:00,2026-09-08T08:00:00+00:00,18.2,0.0,81,22,39600.0,4.5,6.2,14.8,256,1003.9,3
1,2026-09-07T21:00:00+00:00,2026-09-08T09:00:00+00:00,19.9,0.0,36,34,41240.0,6.5,10.3,20.5,264,1003.5,1
1,2026-09-07T21:00:00+00:00,2026-09-08T10:00:00+00:00,20.5,0.0,54,54,41420.0,6.5,9.5,20.9,267,1002.8,2
1,2026-09-07T21:00:00+00:00,2026-09-08T11:00:00+00:00,20.9,0.0,64,63,41580.0,6.0,9.2,20.2,253,1002.2,2
1,2026-09-07T21:00:00+00:00,2026-09-08T12:00:00+00:00,21.3,0.0,58,58,41740.0,5.6,8.5,19.4,243,1001.4,2
1,2026-09-07T21:00:00+00:00,2026-09-08T13:00:00+00:00,21.4,0.0,58,58,41660.0,5.6,8.5,18.4,243,1000.8,2
1,2026-09-07T21:00:00+00:00,2026-09-08T14:00:00+00:00,21.4,0.0,52,52,41840.0,5.7,9.3,17.6,252,1000.3,2
1,2026-09-07T21:00:00+00:00,2026-09-08T15:00:00+00:00,21.1,0.0,34,33,42020.0,4.9,8.1,17.6,253,999.9,1
1,2026-09-07T21:00:00+00:00,2026-09-08T16:00:00+00:00,20.4,0.0,77,12,42100.0,3.0,6.6,14.4,256,999.7,2
1,2026-09-07T21:00:00+00:00,2026-09-08T17:00:00+00:00,19.5,0.0,99,0,41720.0,2.2,3.7,7.6,171,999.6,3
1,2026-09-07T21:00:00+00:00,2026-09-08T18:00:00+00:00,18.6,0.0,4,0,41240.0,3.1,6.5,6.1,159,999.4,0
1,2026-09-07T21:00:00+00:00,2026-09-08T19:00:00+00:00,17.5,0.0,5,0,40460.0,3.4,13.3,7.9,162,999.0,0
1,2026-09-07T21:00:00+00:00,2026-09-08T20:00:00+00:00,16.9,0.0,34,0,40140.0,3.4,16.4,7.9,162,998.8,1
1,2026-09-07T21:00:00+00:00,2026-09-08T21:00:00+00:00,16.4,0.0,29,0,39440.0,3.5,17.5,8.6,156,998.7,1
1,2026-09-07T21:00:00+00:00,2026-09-08T22:00:00+00:00,15.4,0.0,18,0,38280.0,4.2,20.2,10.1,160,998.8,1
1,2026-09-07T21:00:00+00:00,2026-09-08T23:00:00+00:00,15.1,0.0,6,0,37660.0,3.8,21.1,10.1,163,998.7,0
1,2026-09-07T21:00:00+00:00,2026-09-09T00:00:00+00:00,14.9,0.0,68,0,37660.0,4.4,22.9,10.8,171,998.4,2
1,2026-09-07T21:00:00+00:00,2026-09-09T01:00:00+00:00,14.8,0.0,5,0,38260.0,4.3,23.0,11.9,175,998.4,0
1,2026-09-07T21:00:00+00:00,2026-09-09T02:00:00+00:00,14.5,0.0,22,0,38280.0,4.7,24.1,13.0,180,998.2,1
1,2026-09-07T21:00:00+00:00,2026-09-09T03:00:00+00:00,14.3,0.0,100,0,36400.0,4.0,21.9,13.0,170,998.0,3
1,2026-09-07T21:00:00+00:00,2026-09-09T04:00:00+00:00,14.2,0.0,100,0,32740.0,3.4,18.1,10.8,162,998.1,3
1,2026-09-07T21:00:00+00:00,2026-09-09T05:00:00+00:00,14.7,0.0,100,0,31380.0,3.3,16.5,10.4,167,998.0,3
1,2026-09-07T21:00:00+00:00,2026-09-09T06:00:00+00:00,16.4,0.0,100,0,34320.0,4.4,15.9,14.4,171,998.0,3
1,2026-09-07T21:00:00+00:00,2026-09-09T07:00:00+00:00,18.5,0.0,100,0,40240.0,6.6,11.6,19.1,171,997.9,3
1,2026-09-07T21:00:00+00:00,2026-09-09T08:00:00+00:00,20.6,0.0,100,0,40760.0,6.6,11.4,20.2,167,998.0,3
1,2026-09-07T21:00:00+00:00,2026-09-09T09:00:00+00:00,22.6,0.0,58,0,41400.0,8.0,13.4,23.4,175,997.7,2
1,2026-09-07T21:00:00+00:00,2026-09-09T10:00:00+00:00,24.3,0.0,4,0,42320.0,10.1,18.1,29.2,184,997.4,0
1,2026-09-07T21:00:00+00:00,2026-09-09T11:00:00+00:00,25.3,0.0,51,0,43480.0,10.7,19.9,31.0,192,997.0,1
1,2026-09-07T21:00:00+00:00,2026-09-09T12:00:00+00:00,25.9,0.0,98,0,44240.0,10.0,18.7,30.6,195,996.5,3
1,2026-09-07T21:00:00+00:00,2026-09-09T13:00:00+00:00,26.2,0.0,16,0,44060.0,9.2,17.4,28.4,191,996.2,1
1,2026-09-07T21:00:00+00:00,2026-09-09T14:00:00+00:00,26.2,0.0,100,0,45040.0,8.7,17.3,26.3,197,995.9,3
1,2026-09-07T21:00:00+00:00,2026-09-09T15:00:00+00:00,25.6,0.0,100,0,44820.0,7.5,17.2,24.5,197,995.6,3
1,2026-09-07T21:00:00+00:00,2026-09-09T16:00:00+00:00,24.3,0.0,100,0,43380.0,4.3,17.0,20.2,180,995.5,3
1,2026-09-07T21:00:00+00:00,2026-09-09T17:00:00+00:00,22.8,0.0,19,0,42120.0,4.0,18.9,11.9,175,995.6,1
1,2026-09-07T21:00:00+00:00,2026-09-09T18:00:00+00:00,21.9,0.0,17,0,41720.0,4.3,22.0,11.5,175,995.6,1
1,2026-09-07T21:00:00+00:00,2026-09-09T19:00:00+00:00,21.2,0.0,52,0,41540.0,5.4,26.2,14.4,180,995.6,2
1,2026-09-07T21:00:00+00:00,2026-09-09T20:00:00+00:00,20.5,0.0,96,0,41280.0,6.6,30.9,18.4,189,995.5,3
1,2026-09-07T21:00:00+00:00,2026-09-09T21:00:00+00:00,20.0,0.0,64,0,41020.0,7.4,34.9,20.9,203,995.6,2
1,2026-09-07T21:00:00+00:00,2026-09-09T22:00:00+00:00,19.5,0.0,57,0,40780.0,7.1,34.4,21.2,210,995.7,2
1,2026-09-07T21:00:00+00:00,2026-09-09T23:00:00+00:00,19.0,0.0,32,0,40480.0,6.5,32.3,19.8,214,995.7,1
1,2026-09-07T21:00:00+00:00,2026-09-10T00:00:00+00:00,18.5,0.0,62,0,39560.0,6.0,30.2,17.6,213,995.9,2
1,2026-09-07T21:00:00+00:00,2026-09-10T01:00:00+00:00,18.0,0.0,22,0,37840.0,6.4,30.6,17.6,207,995.9,1
1,2026-09-07T21:00:00+00:00,2026-09-10T02:00:00+00:00,17.5,0.0,0,0,34180.0,7.0,31.2,19.8,201,995.7,0
1,2026-09-07T21:00:00+00:00,2026-09-10T03:00:00+00:00,16.9,0.0,1,0,30960.0,7.4,32.1,20.5,203,995.7,0
1,2026-09-07T21:00:00+00:00,2026-09-10T04:00:00+00:00,16.5,0.0,0,0,29360.0,7.3,32.3,20.9,200,995.9,0
1,2026-09-07T21:00:00+00:00,2026-09-10T05:00:00+00:00,17.0,0.0,0,0,28860.0,7.9,31.2,21.2,196,996.1,0
1,2026-09-07T21:00:00+00:00,2026-09-10T06:00:00+00:00,18.6,0.0,0,0,37200.0,9.7,21.6,26.3,195,996.3,0
1,2026-09-07T21:00:00+00:00,2026-09-10T07:00:00+00:00,20.7,0.0,0,0,39560.0,10.4,20.5,29.2,194,996.5,0
1,2026-09-07T21:00:00+00:00,2026-09-10T08:00:00+00:00,22.7,0.0,3,0,40460.0,11.3,21.9,32.0,189,996.4,0
1,2026-09-07T21:00:00+00:00,2026-09-10T09:00:00+00:00,24.5,0.0,4,0,41280.0,13.8,27.3,37.8,195,996.1,0
1,2026-09-07T21:00:00+00:00,2026-09-10T10:00:00+00:00,25.8,0.0,0,0,42280.0,14.3,28.6,39.2,190,995.7,0
1,2026-09-07T21:00:00+00:00,2026-09-10T11:00:00+00:00,26.8,0.0,0,0,43140.0,14.0,27.9,39.2,192,995.4,0
1,2026-09-07T21:00:00+00:00,2026-09-10T12:00:00+00:00,27.5,0.0,0,0,43900.0,13.8,28.4,38.5,189,994.9,0
1,2026-09-07T21:00:00+00:00,2026-09-10T13:00:00+00:00,27.8,0.0,0,0,44580.0,13.4,28.0,38.5,200,994.6,0
1,2026-09-07T21:00:00+00:00,2026-09-10T14:00:00+00:00,27.7,0.0,0,0,44140.0,12.2,26.8,36.4,204,994.6,0
1,2026-09-07T21:00:00+00:00,2026-09-10T15:00:00+00:00,27.1,0.0,0,0,43380.0,11.1,26.5,33.5,205,994.4,0
1,2026-09-07T21:00:00+00:00,2026-09-10T16:00:00+00:00,25.8,0.0,0,0,42460.0,8.1,25.7,29.2,193,994.5,0
1,2026-09-07T21:00:00+00:00,2026-09-10T17:00:00+00:00,24.2,0.0,0,0,41780.0,6.9,29.2,21.2,189,994.6,0
1,2026-09-07T21:00:00+00:00,2026-09-10T18:00:00+00:00,23.1,0.0,0,0,41380.0,7.4,32.2,20.2,194,994.8,0
1,2026-09-07T21:00:00+00:00,2026-09-10T19:00:00+00:00,22.0,0.0,23,12,38960.0,4.1,19.5,20.9,232,995.2,2
1,2026-09-07T21:00:00+00:00,2026-09-10T20:00:00+00:00,20.9,0.0,45,25,36560.0,6.6,16.2,24.1,299,995.6,2
1,2026-09-07T21:00:00+00:00,2026-09-10T21:00:00+00:00,19.9,0.0,68,37,34140.0,10.4,27.5,27.0,316,996.2,2
1,2026-09-07T21:00:00+00:00,2026-09-10T22:00:00+00:00,19.1,0.0,78,57,31620.0,10.8,29.0,29.2,323,996.7,61
1,2026-09-07T21:00:00+00:00,2026-09-10T23:00:00+00:00,18.4,0.0,88,76,29120.0,9.4,24.5,31.0,328,997.2,61
1,2026-09-07T21:00:00+00:00,2026-09-11T00:00:00+00:00,17.7,0.0,98,96,26600.0,8.4,20.8,31.3,329,997.7,61
1,2026-09-07T21:00:00+00:00,2026-09-11T01:00:00+00:00,16.7,0.0,98,86,26380.0,7.9,20.5,29.2,321,998.1,3
1,2026-09-07T21:00:00+00:00,2026-09-11T02:00:00+00:00,15.7,0.0,99,76,26180.0,7.7,21.0,25.2,307,998.6,3
1,2026-09-07T21:00:00+00:00,2026-09-11T03:00:00+00:00,15.1,0.0,99,66,25960.0,7.9,21.4,22.7,300,999.0,3
1,2026-09-07T21:00:00+00:00,2026-09-11T04:00:00+00:00,15.1,0.0,97,67,25680.0,8.1,20.1,22.3,302,999.5,3
1,2026-09-07T21:00:00+00:00,2026-09-11T05:00:00+00:00,15.3,0.0,96,69,25420.0,8.2,18.0,22.7,308,999.9,3
1,2026-09-07T21:00:00+00:00,2026-09-11T06:00:00+00:00,15.9,0.0,94,70,25140.0,8.4,16.0,23.0,313,1000.3,3
1,2026-09-07T21:00:00+00:00,2026-09-11T07:00:00+00:00,16.7,0.0,96,67,29300.0,8.1,14.2,22.7,315,1000.7,3
1,2026-09-07T21:00:00+00:00,2026-09-11T08:00:00+00:00,17.8,0.0,97,65,33480.0,7.4,12.2,22.3,317,1001.0,3
1,2026-09-07T21:00:00+00:00,2026-09-11T09:00:00+00:00,18.8,0.0,99,62,37640.0,6.9,10.7,21.6,317,1001.2,3
1,2026-09-07T21:00:00+00:00,2026-09-11T10:00:00+00:00,19.7,0.0,93,60,38800.0,6.6,10.0,21.2,319,1001.2,2
1,2026-09-07T21:00:00+00:00,2026-09-11T11:00:00+00:00,20.7,0.0,86,58,39980.0,6.4,9.5,20.5,322,1001.0,2
1,2026-09-07T21:00:00+00:00,2026-09-11T12:00:00+00:00,21.2,0.0,80,56,41140.0,6.2,9.0,20.2,324,1001.0,2
1,2026-09-07T21:00:00+00:00,2026-09-11T13:00:00+00:00,21.2,0.0,84,54,41220.0,6.1,8.9,19.8,332,1000.9,3
1,2026-09-07T21:00:00+00:00,2026-09-11T14:00:00+00:00,20.9,0.0,87,53,41300.0,5.7,9.1,19.4,342,1000.8,3
1,2026-09-07T21:00:00+00:00,2026-09-11T15:00:00+00:00,20.3,0.0,91,51,41380.0,5.5,8.9,18.0,349,1000.9,3
1,2026-09-07T21:00:00+00:00,2026-09-11T16:00:00+00:00,19.6,0.0,93,46,40920.0,4.4,8.2,14.0,351,1001.1,3
1,2026-09-07T21:00:00+00:00,2026-09-11T17:00:00+00:00,18.8,0.0,94,42,40440.0,3.2,7.9,9.4,360,1001.2,3
1,2026-09-07T21:00:00+00:00,2026-09-11T18:00:00+00:00,18.0,0.0,96,37,39980.0,2.2,8.4,6.5,9,1001.5,3
1,2026-09-07T21:00:00+00:00,2026-09-11T19:00:00+00:00,17.4,0.0,96,26,39980.0,2.4,10.5,7.6,27,1001.6,3
1,2026-09-07T21:00:00+00:00,2026-09-11T20:00:00+00:00,16.7,0.0,96,14,40000.0,3.3,13.7,10.4,41,1001.8,3
1,2026-09-07T21:00:00+00:00,2026-09-11T21:00:00+00:00,16.2,0.0,96,3,40000.0,3.8,15.8,13.0,49,1001.9,3
1,2026-09-07T21:00:00+00:00,2026-09-11T22:00:00+00:00,15.9,0.0,97,26,39860.0,3.9,16.3,13.7,56,1002.0,3
1,2026-09-07T21:00:00+00:00,2026-09-11T23:00:00+00:00,15.6,0.0,99,49,39720.0,4.0,16.2,13.7,63,1002.0,3
1,2026-09-07T21:00:00+00:00,2026-09-12T00:00:00+00:00,15.3,0.0,100,72,39580.0,4.2,16.1,13.7,70,1002.0,3
1,2026-09-07T21:00:00+00:00,2026-09-12T01:00:00+00:00,14.9,0.1,100,74,38580.0,4.5,16.5,14.0,76,1001.7,61
1,2026-09-07T21:00:00+00:00,2026-09-12T02:00:00+00:00,14.5,0.1,100,76,37560.0,4.7,17.3,14.4,81,1001.5,61
1,2026-09-07T21:00:00+00:00,2026-09-12T03:00:00+00:00,14.1,0.1,100,78,36560.0,5.1,17.7,14.8,86,1001.4,61
1,2026-09-07T21:00:00+00:00,2026-09-12T04:00:00+00:00,13.8,0.7,100,77,25920.0,4.7,16.4,14.4,86,1001.6,61
1,2026-09-07T21:00:00+00:00,2026-09-12T05:00:00+00:00,13.6,0.7,100,77,15300.0,4.4,14.4,14.0,81,1002.0,61
1,2026-09-07T21:00:00+00:00,2026-09-12T06:00:00+00:00,13.5,0.7,100,76,4660.0,4.5,12.9,14.4,76,1002.1,61
1,2026-09-07T21:00:00+00:00,2026-09-12T07:00:00+00:00,13.4,2.3,100,79,4260.0,4.9,12.7,16.6,73,1002.0,63
1,2026-09-07T21:00:00+00:00,2026-09-12T08:00:00+00:00,13.4,2.3,100,81,3840.0,5.7,13.1,19.8,72,1001.8,63
1,2026-09-07T21:00:00+00:00,2026-09-12T09:00:00+00:00,13.4,2.3,100,84,3440.0,6.2,13.8,22.0,69,1001.6,63
1,2026-09-07T21:00:00+00:00,2026-09-12T10:00:00+00:00,13.4,2.1,100,89,17635.0,6.6,14.7,21.9,60,1001.5,61
1,2026-09-07T21:00:00+00:00,2026-09-12T11:00:00+00:00,13.3,2.1,100,95,29760.0,7.2,15.8,21.1,51,1001.4,61
1,2026-09-07T21:00:00+00:00,2026-09-12T12:00:00+00:00,13.2,2.1,100,100,39790.0,8.0,17.5,20.5,45,1001.4,61
1,2026-09-07T21:00:00+00:00,2026-09-12T13:00:00+00:00,13.0,0.3,100,100,33400.0,8.7,19.4,22.0,48,1001.3,51
1,2026-09-07T21:00:00+00:00,2026-09-12T14:00:00+00:00,13.0,0.3,100,100,19040.0,8.5,20.0,23.0,54,1001.3,51
1,2026-09-07T21:00:00+00:00,2026-09-12T15:00:00+00:00,13.0,0.3,100,100,4700.0,8.3,20.2,23.4,56,1001.3,51
1,2026-09-07T21:00:00+00:00,2026-09-12T16:00:00+00:00,13.1,0.0,100,100,15720.0,7.7,19.4,21.2,53,1001.5,51
1,2026-09-07T21:00:00+00:00,2026-09-12T17:00:00+00:00,13.1,0.0,100,99,26720.0,6.9,17.7,18.0,47,1001.8,51
1,2026-09-07T21:00:00+00:00,2026-09-12T18:00:00+00:00,13.1,0.0,100,99,37740.0,6.1,16.2,15.5,40,1002.0,51
1,2026-09-07T21:00:00+00:00,2026-09-12T19:00:00+00:00,13.0,0.0,100,96,26300.0,5.8,14.7,14.8,30,1002.2,3
1,2026-09-07T21:00:00+00:00,2026-09-12T20:00:00+00:00,12.9,0.0,100,93,14840.0,6.5,14.0,15.1,19,1002.3,3
1,2026-09-07T21:00:00+00:00,2026-09-12T21:00:00+00:00,12.8,0.0,100,90,3400.0,6.6,14.4,15.5,13,1002.5,3
1,2026-09-07T21:00:00+00:00,2026-09-12T22:00:00+00:00,12.6,0.0,100,89,3080.0,6.9,15.1,15.5,9,1002.6,3
1,2026-09-07T21:00:00+00:00,2026-09-12T23:00:00+00:00,12.5,0.0,99,87,2760.0,6.9,16.1,15.5,6,1002.8,3
1,2026-09-07T21:00:00+00:00,2026-09-13T00:00:00+00:00,12.3,0.0,99,86,2440.0,6.5,16.2,15.5,6,1002.9,3
1,2026-09-07T21:00:00+00:00,2026-09-13T01:00:00+00:00,12.1,0.0,98,78,10140.0,5.8,15.0,14.8,7,1002.8,3
1,2026-09-07T21:00:00+00:00,2026-09-13T02:00:00+00:00,11.8,0.0,97,70,17840.0,4.8,13.4,13.7,13,1002.9,3
1,2026-09-07T21:00:00+00:00,2026-09-13T03:00:00+00:00,11.7,0.0,96,62,25540.0,4.1,12.0,13.3,15,1003.0,3
1,2026-09-07T21:00:00+00:00,2026-09-13T04:00:00+00:00,11.8,0.0,96,62,26140.0,4.5,11.5,14.0,14,1003.3,3
1,2026-09-07T21:00:00+00:00,2026-09-13T05:00:00+00:00,12.0,0.0,96,61,26740.0,5.4,11.4,15.5,8,1003.8,3
1,2026-09-07T21:00:00+00:00,2026-09-13T06:00:00+00:00,12.4,0.0,96,61,27340.0,6.2,11.4,16.6,7,1004.1,3
1,2026-09-07T21:00:00+00:00,2026-09-13T07:00:00+00:00,13.2,0.0,90,51,29620.0,6.5,10.6,16.9,3,1004.3,2
1,2026-09-07T21:00:00+00:00,2026-09-13T08:00:00+00:00,14.2,0.0,84,41,31920.0,6.5,9.9,16.9,3,1004.5,2
1,2026-09-07T21:00:00+00:00,2026-09-13T09:00:00+00:00,15.2,0.0,78,31,34200.0,6.1,8.8,16.9,360,1004.4,2
1,2026-09-07T21:00:00+00:00,2026-09-13T10:00:00+00:00,16.1,0.0,80,21,26660.0,5.8,7.8,16.6,360,1004.4,3
1,2026-09-07T21:00:00+00:00,2026-09-13T11:00:00+00:00,16.9,0.0,83,10,19140.0,5.0,6.7,15.5,360,1004.1,3
1,2026-09-07T21:00:00+00:00,2026-09-13T12:00:00+00:00,17.5,0.0,85,0,11600.0,4.7,6.0,14.8,360,1004.0,3
1,2026-09-07T21:00:00+00:00,2026-09-13T13:00:00+00:00,17.7,0.0,73,7,13920.0,4.3,5.3,14.0,5,1003.7,2
1,2026-09-07T21:00:00+00:00,2026-09-13T14:00:00+00:00,17.6,0.0,62,14,16260.0,3.7,5.0,13.3,11,1003.4,2
1,2026-09-07T21:00:00+00:00,2026-09-13T15:00:00+00:00,17.3,0.0,50,21,18580.0,3.3,5.0,12.2,13,1003.2,2
1,2026-09-07T21:00:00+00:00,2026-09-13T16:00:00+00:00,16.7,0.0,46,26,20900.0,3.0,5.6,9.7,14,1003.2,1
1,2026-09-07T21:00:00+00:00,2026-09-13T17:00:00+00:00,15.8,0.0,41,32,23240.0,2.5,6.8,6.8,8,1003.4,1
1,2026-09-07T21:00:00+00:00,2026-09-13T18:00:00+00:00,15.1,0.0,37,37,25560.0,2.2,6.9,4.3,360,1003.4,1
1,2026-09-07T21:00:00+00:00,2026-09-13T19:00:00+00:00,14.7,0.0,46,43,21340.0,1.8,6.0,3.2,349,1003.4,2
1,2026-09-07T21:00:00+00:00,2026-09-13T20:00:00+00:00,14.5,0.0,54,49,17100.0,1.5,4.3,2.5,315,1003.3,2
1,2026-09-07T21:00:00+00:00,2026-09-13T21:00:00+00:00,14.3,0.0,63,55,12880.0,1.6,3.3,2.2,297,1003.2,2
1,2026-09-07T21:00:00+00:00,2026-09-13T22:00:00+00:00,14.0,0.0,70,61,8640.0,1.6,3.3,2.2,297,1003.1,3
1,2026-09-07T21:00:00+00:00,2026-09-13T23:00:00+00:00,13.7,0.0,77,67,4420.0,1.8,4.0,2.2,323,1002.8,3
1,2026-09-07T22:00:00+00:00,2026-09-07T00:00:00+00:00,12.6,0.0,51,51,21480.0,11.6,31.9,31.0,292,1001.3,2
1,2026-09-07T22:00:00+00:00,2026-09-07T01:00:00+00:00,12.4,0.0,63,63,18040.0,12.2,33.2,31.7,294,1001.8,2
1,2026-09-07T22:00:00+00:00,2026-09-07T02:00:00+00:00,12.4,0.0,67,67,18440.0,12.6,31.7,32.4,297,1002.3,2
1,2026-09-07T22:00:00+00:00,2026-09-07T03:00:00+00:00,11.9,0.0,64,64,18740.0,11.2,28.9,32.8,303,1002.9,2
1,2026-09-07T22:00:00+00:00,2026-09-07T04:00:00+00:00,11.7,0.0,64,64,17560.0,11.0,27.9,29.9,302,1003.2,2
1,2026-09-07T22:00:00+00:00,2026-09-07T05:00:00+00:00,12.3,0.0,55,55,21780.0,10.8,25.1,32.4,300,1003.9,2
1,2026-09-07T22:00:00+00:00,2026-09-07T06:00:00+00:00,13.3,0.0,47,47,26320.0,11.1,21.2,29.2,299,1003.7,1
1,2026-09-07T22:00:00+00:00,2026-09-07T07:00:00+00:00,15.3,0.0,54,54,34640.0,11.3,20.6,31.7,301,1004.2,2
1,2026-09-07T22:00:00+00:00,2026-09-07T08:00:00+00:00,16.6,0.0,62,45,38680.0,12.4,23.4,34.9,306,1004.0,2
1,2026-09-07T22:00:00+00:00,2026-09-07T09:00:00+00:00,17.3,0.0,74,53,37680.0,12.5,22.6,36.7,303,1004.6,2
1,2026-09-07T22:00:00+00:00,2026-09-07T10:00:00+00:00,18.7,0.0,74,34,40440.0,13.0,24.2,36.0,304,1004.0,2
1,2026-09-07T22:00:00+00:00,2026-09-07T11:00:00+00:00,18.7,0.0,76,57,40060.0,14.1,26.1,43.9,302,1004.3,2
1,2026-09-07T22:00:00+00:00,2026-09-07T12:00:00+00:00,18.6,0.0,70,50,40120.0,13.9,26.9,44.6,307,1004.6,2
1,2026-09-07T22:00:00+00:00,2026-09-07T13:00:00+00:00,19.2,0.0,79,53,40960.0,13.3,26.0,42.5,311,1004.2,2
1,2026-09-07T22:00:00+00:00,2026-09-07T14:00:00+00:00,19.3,0.0,46,43,41380.0,13.2,27.2,37.1,315,1004.0,1
1,2026-09-07T22:00:00+00:00,2026-09-07T15:00:00+00:00,19.6,0.0,27,27,42080.0,10.8,24.2,35.6,323,1004.0,2
1,2026-09-07T22:00:00+00:00,2026-09-07T16:00:00+00:00,18.7,0.0,23,22,41580.0,8.7,21.2,28.8,322,1004.1,1
1,2026-09-07T22:00:00+00:00,2026-09-07T17:00:00+00:00,17.3,0.0,27,27,40740.0,5.5,21.5,22.0,302,1004.5,1
1,2026-09-07T22:00:00+00:00,2026-09-07T18:00:00+00:00,15.9,0.0,1,1,39820.0,5.5,23.4,15.5,293,1004.7,0
1,2026-09-07T22:00:00+00:00,2026-09-07T19:00:00+00:00,15.0,0.0,0,0,38800.0,5.0,23.2,14.8,291,1004.5,0
1,2026-09-07T22:00:00+00:00,2026-09-07T20:00:00+00:00,14.2,0.0,0,0,37460.0,4.8,22.0,13.3,283,1004.3,0
1,2026-09-07T22:00:00+00:00,2026-09-07T21:00:00+00:00,13.5,0.0,0,0,35960.0,4.7,21.9,12.6,279,1004.6,0
1,2026-09-07T22:00:00+00:00,2026-09-07T22:00:00+00:00,12.9,0.0,0,0,33900.0,4.3,21.5,12.2,275,1004.5,0
1,2026-09-07T22:00:00+00:00,2026-09-07T23:00:00+00:00,12.4,0.0,0,0,31800.0,4.7,20.5,11.9,274,1004.6,0
1,2026-09-07T22:00:00+00:00,2026-09-08T00:00:00+00:00,12.1,0.0,0,0,30340.0,4.3,19.8,11.9,270,1004.9,0
1,2026-09-07T22:00:00+00:00,2026-09-08T01:00:00+00:00,11.7,0.0,2,0,28940.0,4.0,18.8,12.6,265,1004.8,0
1,2026-09-07T22:00:00+00:00,2026-09-08T02:00:00+00:00,11.4,0.0,11,0,26660.0,3.7,17.0,11.9,259,1004.5,1
1,2026-09-07T22:00:00+00:00,2026-09-08T03:00:00+00:00,11.0,0.0,5,3,22560.0,3.4,15.3,10.4,252,1004.2,0
1,2026-09-07T22:00:00+00:00,2026-09-08T04:00:00+00:00,10.8,0.0,19,0,19300.0,3.4,13.4,10.1,252,1004.2,1
1,2026-09-07T22:00:00+00:00,2026-09-08T05:00:00+00:00,12.1,0.0,89,16,25000.0,2.7,13.2,9.7,247,1004.4,3
1,2026-09-07T22:00:00+00:00,2026-09-08T06:00:00+00:00,14.1,0.0,100,12,32720.0,4.7,14.1,14.0,261,1004.2,3
1,2026-09-07T22:00:00+00:00,2026-09-08T07:00:00+00:00,15.7,0.0,100,32,36540.0,4.7,6.8,16.6,261,1004.3,3
1,2026-09-07T22:00:00+00:00,2026-09-08T08:00:00+00:00,17.6,0.0,100,8,39240.0,4.6,6.6,14.4,252,1003.9,3
1,2026-09-07T22:00:00+00:00,2026-09-08T09:00:00+00:00,19.2,0.0,50,43,40220.0,6.2,10.0,19.8,260,1003.6,2
1,2026-09-07T22:00:00+00:00,2026-09-08T10:00:00+00:00,19.9,0.0,66,66,40980.0,6.2,9.5,20.9,263,1002.7,2
1,2026-09-07T22:00:00+00:00,2026-09-08T11:00:00+00:00,20.6,0.0,67,64,41460.0,5.9,8.9,19.8,259,1002.1,2
1,2026-09-07T22:00:00+00:00,2026-09-08T12:00:00+00:00,21.0,0.0,51,51,41880.0,6.2,9.3,19.4,249,1001.1,2
1,2026-09-07T22:00:00+00:00,2026-09-08T13:00:00+00:00,21.3,0.0,48,48,42180.0,6.0,9.6,19.1,253,1000.7,2
1,2026-09-07T22:00:00+00:00,2026-09-08T14:00:00+00:00,21.2,0.0,53,42,42420.0,6.3,10.1,19.1,257,1000.2,2
1,2026-09-07T22:00:00+00:00,2026-09-08T15:00:00+00:00,20.9,0.0,43,43,42320.0,5.4,9.9,18.7,266,999.8,1
1,2026-09-07T22:00:00+00:00,2026-09-08T16:00:00+00:00,20.3,0.0,34,34,41680.0,3.2,7.4,15.8,270,999.4,1
1,2026-09-07T22:00:00+00:00,2026-09-08T17:00:00+00:00,19.2,0.0,100,0,41160.0,1.8,4.5,7.9,169,999.3,3
1,2026-09-07T22:00:00+00:00,2026-09-08T18:00:00+00:00,18.2,0.0,17,0,40800.0,3.1,6.4,6.5,159,999.2,1
1,2026-09-07T22:00:00+00:00,2026-09-08T19:00:00+00:00,17.3,0.0,32,0,40140.0,3.4,11.6,7.6,162,998.9,1
1,2026-09-07T22:00:00+00:00,2026-09-08T20:00:00+00:00,16.7,0.0,34,0,39800.0,3.2,14.1,8.3,153,998.7,1
1,2026-09-07T22:00:00+00:00,2026-09-08T21:00:00+00:00,16.2,0.0,36,0,39420.0,3.2,15.8,9.0,153,998.7,1
1,2026-09-07T22:00:00+00:00,2026-09-08T22:00:00+00:00,15.7,0.0,36,0,38960.0,3.4,16.8,8.6,162,998.6,1
1,2026-09-07T22:00:00+00:00,2026-09-08T23:00:00+00:00,15.3,0.0,21,0,38740.0,3.3,17.3,9.4,167,998.4,1
1,2026-09-07T22:00:00+00:00,2026-09-09T00:00:00+00:00,15.1,0.0,7,0,38820.0,3.6,19.2,9.7,174,998.0,0
1,2026-09-07T22:00:00+00:00,2026-09-09T01:00:00+00:00,14.7,0.0,10,0,38420.0,4.0,20.0,10.4,170,997.8,1
1,2026-09-07T22:00:00+00:00,2026-09-09T02:00:00+00:00,14.4,0.0,4,0,37920.0,3.9,19.9,10.1,158,997.6,0
1,2026-09-07T22:00:00+00:00,2026-09-09T03:00:00+00:00,14.3,0.0,100,0,37600.0,4.0,18.9,10.1,170,997.6,3
1,2026-09-07T22:00:00+00:00,2026-09-09T04:00:00+00:00,14.3,0.0,83,0,34780.0,3.4,18.3,10.8,162,997.7,3
1,2026-09-07T22:00:00+00:00,2026-09-09T05:00:00+00:00,15.0,0.0,2,0,33120.0,3.8,18.2,11.5,163,997.6,0
1,2026-09-07T22:00:00+00:00,2026-09-09T06:00:00+00:00,17.0,0.0,4,0,36420.0,5.9,17.8,16.9,169,997.9,0
1,2026-09-07T22:00:00+00:00,2026-09-09T07:00:00+00:00,19.2,0.0,0,0,40360.0,5.8,9.2,18.7,173,997.9,0
1,2026-09-07T22:00:00+00:00,2026-09-09T08:00:00+00:00,21.5,0.0,0,0,40920.0,6.5,10.2,20.2,174,997.9,0
1,2026-09-07T22:00:00+00:00,2026-09-09T09:00:00+00:00,23.5,0.0,22,0,41560.0,7.9,13.1,23.8,183,997.7,1
1,2026-09-07T22:00:00+00:00,2026-09-09T10:00:00+00:00,24.8,0.0,5,0,42460.0,9.8,17.4,28.8,186,997.3,0
1,2026-09-07T22:00:00+00:00,2026-09-09T11:00:00+00:00,25.7,0.0,97,0,43720.0,10.2,18.3,29.9,188,996.8,3
1,2026-09-07T22:00:00+00:00,2026-09-09T12:00:00+00:00,26.0,0.0,93,0,44420.0,9.5,17.3,29.5,191,996.4,3
1,2026-09-07T22:00:00+00:00,2026-09-09T13:00:00+00:00,26.5,0.0,64,0,45120.0,9.4,17.1,27.4,198,996.1,2
1,2026-09-07T22:00:00+00:00,2026-09-09T14:00:00+00:00,26.4,0.0,72,0,45040.0,8.8,16.6,26.6,199,995.7,2
1,2026-09-07T22:00:00+00:00,2026-09-09T15:00:00+00:00,25.8,0.0,22,0,44600.0,7.6,16.2,24.5,199,995.3,1
1,2026-09-07T22:00:00+00:00,2026-09-09T16:00:00+00:00,24.5,0.0,1,0,43300.0,4.3,16.3,20.5,180,995.2,0
1,2026-09-07T22:00:00+00:00,2026-09-09T17:00:00+00:00,22.9,0.0,0,0,42120.0,3.6,17.2,11.9,174,995.4,0
1,2026-09-07T22:00:00+00:00,2026-09-09T18:00:00+00:00,21.9,0.0,0,0,41700.0,3.6,18.3,8.3,180,995.6,0
1,2026-09-07T22:00:00+00:00,2026-09-09T19:00:00+00:00,21.2,0.0,0,0,41420.0,4.0,20.0,9.4,175,995.6,0
1,2026-09-07T22:00:00+00:00,2026-09-09T20:00:00+00:00,20.5,0.0,0,0,41100.0,4.7,23.3,10.8,176,995.5,0
1,2026-09-07T22:00:00+00:00,2026-09-09T21:00:00+00:00,20.1,0.0,0,0,41000.0,5.4,27.6,14.0,184,995.6,0
1,2026-09-07T22:00:00+00:00,2026-09-09T22:00:00+00:00,19.6,0.0,0,0,40820.0,6.4,30.8,17.6,196,995.7,0
1,2026-09-07T22:00:00+00:00,2026-09-09T23:00:00+00:00,19.1,0.0,0,0,40080.0,6.8,33.1,19.1,212,995.6,0
1,2026-09-07T22:00:00+00:00,2026-09-10T00:00:00+00:00,18.6,0.0,0,0,37300.0,6.8,32.7,19.4,212,995.5,0
1,2026-09-07T22:00:00+00:00,2026-09-10T01:00:00+00:00,18.1,0.0,0,0,35120.0,7.4,33.4,21.2,209,995.6,0
1,2026-09-07T22:00:00+00:00,2026-09-10T02:00:00+00:00,17.6,0.0,0,0,31980.0,7.9,34.2,22.3,210,995.6,0
1,2026-09-07T22:00:00+00:00,2026-09-10T03:00:00+00:00,17.2,0.0,0,0,30940.0,7.6,33.8,22.0,211,995.7,0
1,2026-09-07T22:00:00+00:00,2026-09-10T04:00:00+00:00,16.8,0.0,0,0,28900.0,7.6,32.3,21.6,205,995.9,0
1,2026-09-07T22:00:00+00:00,2026-09-10T05:00:00+00:00,17.2,0.0,0,0,27880.0,8.3,32.9,23.0,198,996.1,0
1,2026-09-07T22:00:00+00:00,2026-09-10T06:00:00+00:00,18.9,0.0,0,0,33620.0,10.0,22.8,27.4,195,996.2,0
1,2026-09-07T22:00:00+00:00,2026-09-10T07:00:00+00:00,21.0,0.0,0,0,39620.0,10.8,21.4,29.9,195,996.3,0
1,2026-09-07T22:00:00+00:00,2026-09-10T08:00:00+00:00,23.1,0.0,0,0,40460.0,11.4,21.7,32.0,191,996.4,0
1,2026-09-07T22:00:00+00:00,2026-09-10T09:00:00+00:00,24.8,0.0,0,0,41080.0,13.3,26.0,36.7,193,996.1,0
1,2026-09-07T22:00:00+00:00,2026-09-10T10:00:00+00:00,26.1,0.0,0,0,41680.0,13.8,26.9,38.2,195,995.9,0
1,2026-09-07T22:00:00+00:00,2026-09-10T11:00:00+00:00,27.1,0.0,0,0,42260.0,13.8,26.9,38.2,195,995.5,0
1,2026-09-07T22:00:00+00:00,2026-09-10T12:00:00+00:00,27.7,0.0,0,0,42660.0,14.2,28.5,39.2,187,994.9,0
1,2026-09-07T22:00:00+00:00,2026-09-10T13:00:00+00:00,28.1,0.0,0,0,43240.0,13.4,28.2,39.2,194,994.5,0
1,2026-09-07T22:00:00+00:00,2026-09-10T14:00:00+00:00,28.1,0.0,0,0,43680.0,12.4,27.2,36.7,210,994.5,0
1,2026-09-07T22:00:00+00:00,2026-09-10T15:00:00+00:00,27.5,0.0,0,0,43420.0,11.3,26.8,33.8,202,994.3,0
1,2026-09-07T22:00:00+00:00,2026-09-10T16:00:00+00:00,26.1,0.0,0,0,42620.0,8.4,26.3,30.2,200,994.4,0
1,2026-09-07T22:00:00+00:00,2026-09-10T17:00:00+00:00,24.5,0.0,0,0,42120.0,7.3,30.3,22.0,191,994.4,0
1,2026-09-07T22:00:00+00:00,2026-09-10T18:00:00+00:00,23.3,0.0,0,0,42100.0,7.9,33.8,21.2,196,994.4,0
1,2026-09-07T22:00:00+00:00,2026-09-10T19:00:00+00:00,22.5,0.0,96,0,41860.0,9.0,37.9,23.8,203,994.4,3
1,2026-09-07T22:00:00+00:00,2026-09-10T20:00:00+00:00,21.7,0.0,1,0,41220.0,9.7,40.4,26.3,211,994.4,0
1,2026-09-07T22:00:00+00:00,2026-09-10T21:00:00+00:00,20.6,0.0,2,0,40540.0,9.6,35.2,26.6,250,995.0,0
1,2026-09-07T22:00:00+00:00,2026-09-10T22:00:00+00:00,18.8,0.0,56,29,34940.0,13.0,31.7,34.9,321,995.9,2
1,2026-09-07T22:00:00+00:00,2026-09-10T23:00:00+00:00,17.7,0.0,88,44,33980.0,12.0,29.0,34.2,314,996.5,3
1,2026-09-07T22:00:00+00:00,2026-09-11T00:00:00+00:00,17.1,0.0,97,74,29780.0,11.3,27.6,33.8,323,997.2,3
1,2026-09-07T22:00:00+00:00,2026-09-11T01:00:00+00:00,15.8,0.2,98,68,28920.0,11.0,26.6,32.4,322,997.8,61
1,2026-09-07T22:00:00+00:00,2026-09-11T02:00:00+00:00,14.6,0.2,99,62,28080.0,9.4,22.6,29.5,313,998.2,61
1,2026-09-07T22:00:00+00:00,2026-09-11T03:00:00+00:00,13.8,0.2,100,56,27220.0,8.8,20.2,27.4,305,998.7,61
1,2026-09-07T22:00:00+00:00,2026-09-11T04:00:00+00:00,13.8,0.0,99,64,25280.0,9.0,20.2,27.0,307,999.3,3
1,2026-09-07T22:00:00+00:00,2026-09-11T05:00:00+00:00,14.3,0.0,99,71,23340.0,10.0,20.9,27.0,311,999.9,3
1,2026-09-07T22:00:00+00:00,2026-09-11T06:00:00+00:00,15.1,0.0,98,79,21400.0,10.4,21.7,27.7,314,1000.4,3
1,2026-09-07T22:00:00+00:00,2026-09-11T07:00:00+00:00,16.1,0.0,99,77,26900.0,10.9,21.2,28.8,316,1000.7,3
1,2026-09-07T22:00:00+00:00,2026-09-11T08:00:00+00:00,17.4,0.0,99,74,32420.0,11.2,20.2,30.6,318,1000.9,3
1,2026-09-07T22:00:00+00:00,2026-09-11T09:00:00+00:00,18.5,0.0,100,72,37920.0,11.5,19.5,31.7,319,1001.1,3
1,2026-09-07T22:00:00+00:00,2026-09-11T10:00:00+00:00,19.3,0.0,100,57,39100.0,11.0,18.5,32.0,319,1001.2,3
1,2026-09-07T22:00:00+00:00,2026-09-11T11:00:00+00:00,19.8,0.0,100,41,40300.0,10.5,17.5,31.7,319,1001.3,3
1,2026-09-07T22:00:00+00:00,2026-09-11T12:00:00+00:00,20.0,0.0,100,26,41480.0,10.0,17.0,31.0,319,1001.4,3
1,2026-09-07T22:00:00+00:00,2026-09-11T13:00:00+00:00,20.0,0.0,100,28,41860.0,9.7,16.8,29.9,321,1001.4,3
1,2026-09-07T22:00:00+00:00,2026-09-11T14:00:00+00:00,19.8,0.0,100,29,42220.0,9.5,17.4,28.4,323,1001.5,3
1,2026-09-07T22:00:00+00:00,2026-09-11T15:00:00+00:00,19.3,0.0,100,31,42600.0,9.0,17.4,25.9,323,1001.5,3
1,2026-09-07T22:00:00+00:00,2026-09-11T16:00:00+00:00,18.2,0.0,100,27,42140.0,7.4,17.7,21.6,321,1001.8,3
1,2026-09-07T22:00:00+00:00,2026-09-11T17:00:00+00:00,16.9,0.0,100,23,41700.0,5.6,18.0,16.2,310,1002.2,3
1,2026-09-07T22:00:00+00:00,2026-09-11T18:00:00+00:00,15.8,0.0,100,19,41240.0,4.0,17.4,11.9,297,1002.5,3
1,2026-09-07T22:00:00+00:00,2026-09-11T19:00:00+00:00,15.0,0.0,95,13,40400.0,3.4,15.6,9.7,288,1002.7,3
1,2026-09-07T22:00:00+00:00,2026-09-11T20:00:00+00:00,14.5,0.0,90,8,39580.0,3.1,13.8,8.3,291,1002.9,3
1,2026-09-07T22:00:00+00:00,2026-09-11T21:00:00+00:00,14.1,0.0,85,2,38740.0,2.7,12.7,7.6,293,1003.0,3
1,2026-09-07T22:00:00+00:00,2026-09-11T22:00:00+00:00,13.8,0.0,87,13,38800.0,2.4,12.7,7.6,297,1003.0,3
1,2026-09-07T22:00:00+00:00,2026-09-11T23:00:00+00:00,13.6,0.0,90,23,38880.0,2.6,13.4,7.9,304,1003.0,3
1,2026-09-07T22:00:00+00:00,2026-09-12T00:00:00+00:00,13.4,0.0,92,34,38940.0,2.5,13.1,7.9,315,1003.0,3
1,2026-09-07T22:00:00+00:00,2026-09-12T01:00:00+00:00,13.2,0.0,93,23,38780.0,2.4,11.8,7.2,333,1002.9,3
1,2026-09-07T22:00:00+00:00,2026-09-12T02:00:00+00:00,13.1,0.0,93,12,38600.0,2.2,10.9,6.5,351,1002.8,3
1,2026-09-07T22:00:00+00:00,2026-09-12T03:00:00+00:00,13.1,0.0,94,1,38440.0,2.2,10.3,6.1,9,1002.9,3
1,2026-09-07T22:00:00+00:00,2026-09-12T04:00:00+00:00,13.3,0.0,96,3,37420.0,2.4,9.5,6.8,27,1003.3,3
1,2026-09-07T22:00:00+00:00,2026-09-12T05:00:00+00:00,13.7,0.0,98,6,36420.0,2.5,8.7,8.3,45,1003.8,3
1,2026-09-07T22:00:00+00:00,2026-09-12T06:00:00+00:00,14.2,0.0,100,8,35400.0,2.9,7.8,9.7,60,1004.2,3
1,2026-09-07T22:00:00+00:00,2026-09-12T07:00:00+00:00,15.0,0.0,100,5,36620.0,3.0,6.8,10.8,76,1004.2,3
1,2026-09-07T22:00:00+00:00,2026-09-12T08:00:00+00:00,15.9,0.0,99,3,37840.0,2.9,5.3,12.2,83,1004.2,3
1,2026-09-07T22:00:00+00:00,2026-09-12T09:00:00+00:00,16.7,0.0,99,0,39060.0,2.9,4.2,13.0,90,1004.1,3
1,2026-09-07T22:00:00+00:00,2026-09-12T10:00:00+00:00,17.1,0.0,97,13,39440.0,3.0,3.9,13.0,76,1004.0,61
1,2026-09-07T22:00:00+00:00,2026-09-12T11:00:00+00:00,17.5,0.0,95,27,39800.0,3.1,4.1,13.0,54,1003.9,61
1,2026-09-07T22:00:00+00:00,2026-09-12T12:00:00+00:00,17.7,0.0,93,40,40180.0,3.6,4.7,12.6,45,1003.8,61
1,2026-09-07T22:00:00+00:00,2026-09-12T13:00:00+00:00,17.9,0.0,95,42,40400.0,3.8,5.0,12.2,49,1003.6,3
1,2026-09-07T22:00:00+00:00,2026-09-12T14:00:00+00:00,18.0,0.0,96,45,40640.0,3.6,5.4,11.9,53,1003.5,3
1,2026-09-07T22:00:00+00:00,2026-09-12T15:00:00+00:00,17.9,0.0,98,47,40860.0,2.9,4.3,11.5,60,1003.4,3
1,2026-09-07T22:00:00+00:00,2026-09-12T16:00:00+00:00,17.1,0.0,97,37,33855.0,1.3,2.7,10.5,36,1003.6,3
1,2026-09-07T22:00:00+00:00,2026-09-12T17:00:00+00:00,15.9,0.0,96,33,32830.0,1.7,4.9,8.1,283,1003.8,3
1,2026-09-07T22:00:00+00:00,2026-09-12T18:00:00+00:00,14.8,0.0,92,34,37800.0,2.8,6.0,5.2,261,1003.9,3
1,2026-09-07T22:00:00+00:00,2026-09-12T19:00:00+00:00,13.0,0.0,100,96,26300.0,5.8,14.7,14.8,30,1002.2,3
1,2026-09-07T22:00:00+00:00,2026-09-12T20:00:00+00:00,12.9,0.0,100,93,14840.0,6.5,14.0,15.1,19,1002.3,3
1,2026-09-07T22:00:00+00:00,2026-09-12T21:00:00+00:00,12.8,0.0,100,90,3400.0,6.6,14.4,15.5,13,1002.5,3
1,2026-09-07T22:00:00+00:00,2026-09-12T22:00:00+00:00,12.6,0.0,100,89,3080.0,6.9,15.1,15.5,9,1002.6,3
1,2026-09-07T22:00:00+00:00,2026-09-12T23:00:00+00:00,12.5,0.0,99,87,2760.0,6.9,16.1,15.5,6,1002.8,3
1,2026-09-07T22:00:00+00:00,2026-09-13T00:00:00+00:00,12.3,0.0,99,86,2440.0,6.5,16.2,15.5,6,1002.9,3
1,2026-09-07T22:00:00+00:00,2026-09-13T01:00:00+00:00,12.1,0.0,98,78,10140.0,5.8,15.0,14.8,7,1002.8,3
1,2026-09-07T22:00:00+00:00,2026-09-13T02:00:00+00:00,11.8,0.0,97,70,17840.0,4.8,13.4,13.7,13,1002.9,3
1,2026-09-07T22:00:00+00:00,2026-09-13T03:00:00+00:00,11.7,0.0,96,62,25540.0,4.1,12.0,13.3,15,1003.0,3
1,2026-09-07T22:00:00+00:00,2026-09-13T04:00:00+00:00,11.8,0.0,96,62,26140.0,4.5,11.5,14.0,14,1003.3,3
1,2026-09-07T22:00:00+00:00,2026-09-13T05:00:00+00:00,12.0,0.0,96,61,26740.0,5.4,11.4,15.5,8,1003.8,3
1,2026-09-07T22:00:00+00:00,2026-09-13T06:00:00+00:00,12.4,0.0,96,61,27340.0,6.2,11.4,16.6,7,1004.1,3
1,2026-09-07T22:00:00+00:00,2026-09-13T07:00:00+00:00,13.2,0.0,90,51,29620.0,6.5,10.6,16.9,3,1004.3,2
1,2026-09-07T22:00:00+00:00,2026-09-13T08:00:00+00:00,14.2,0.0,84,41,31920.0,6.5,9.9,16.9,3,1004.5,2
1,2026-09-07T22:00:00+00:00,2026-09-13T09:00:00+00:00,15.2,0.0,78,31,34200.0,6.1,8.8,16.9,360,1004.4,2
1,2026-09-07T22:00:00+00:00,2026-09-13T10:00:00+00:00,16.1,0.0,80,21,26660.0,5.8,7.8,16.6,360,1004.4,3
1,2026-09-07T22:00:00+00:00,2026-09-13T11:00:00+00:00,16.9,0.0,83,10,19140.0,5.0,6.7,15.5,360,1004.1,3
1,2026-09-07T22:00:00+00:00,2026-09-13T12:00:00+00:00,17.5,0.0,85,0,11600.0,4.7,6.0,14.8,360,1004.0,3
1,2026-09-07T22:00:00+00:00,2026-09-13T13:00:00+00:00,17.7,0.0,73,7,13920.0,4.3,5.3,14.0,5,1003.7,2
1,2026-09-07T22:00:00+00:00,2026-09-13T14:00:00+00:00,17.6,0.0,62,14,16260.0,3.7,5.0,13.3,11,1003.4,2
1,2026-09-07T22:00:00+00:00,2026-09-13T15:00:00+00:00,17.3,0.0,50,21,18580.0,3.3,5.0,12.2,13,1003.2,2
1,2026-09-07T22:00:00+00:00,2026-09-13T16:00:00+00:00,16.7,0.0,46,26,20900.0,3.0,5.6,9.7,14,1003.2,1
1,2026-09-07T22:00:00+00:00,2026-09-13T17:00:00+00:00,15.8,0.0,41,32,23240.0,2.5,6.8,6.8,8,1003.4,1
1,2026-09-07T22:00:00+00:00,2026-09-13T18:00:00+00:00,15.1,0.0,37,37,25560.0,2.2,6.9,4.3,360,1003.4,1
1,2026-09-07T22:00:00+00:00,2026-09-13T19:00:00+00:00,14.7,0.0,46,43,21340.0,1.8,6.0,3.2,349,1003.4,2
1,2026-09-07T22:00:00+00:00,2026-09-13T20:00:00+00:00,14.5,0.0,54,49,17100.0,1.5,4.3,2.5,315,1003.3,2
1,2026-09-07T22:00:00+00:00,2026-09-13T21:00:00+00:00,14.3,0.0,63,55,12880.0,1.6,3.3,2.2,297,1003.2,2
1,2026-09-07T22:00:00+00:00,2026-09-13T22:00:00+00:00,14.0,0.0,70,61,8640.0,1.6,3.3,2.2,297,1003.1,3
1,2026-09-07T22:00:00+00:00,2026-09-13T23:00:00+00:00,13.7,0.0,77,67,4420.0,1.8,4.0,2.2,323,1002.8,3
1,2026-09-07T23:00:00+00:00,2026-09-07T00:00:00+00:00,12.6,0.0,51,51,21480.0,11.6,31.9,31.0,292,1001.3,2
1,2026-09-07T23:00:00+00:00,2026-09-07T01:00:00+00:00,12.4,0.0,63,63,18040.0,12.2,33.2,31.7,294,1001.8,2
1,2026-09-07T23:00:00+00:00,2026-09-07T02:00:00+00:00,12.4,0.0,67,67,18440.0,12.6,31.7,32.4,297,1002.3,2
1,2026-09-07T23:00:00+00:00,2026-09-07T03:00:00+00:00,11.9,0.0,64,64,18740.0,11.2,28.9,32.8,303,1002.9,2
1,2026-09-07T23:00:00+00:00,2026-09-07T04:00:00+00:00,11.7,0.0,64,64,17560.0,11.0,27.9,29.9,302,1003.2,2
1,2026-09-07T23:00:00+00:00,2026-09-07T05:00:00+00:00,12.3,0.0,55,55,21780.0,10.8,25.1,32.4,300,1003.9,2
1,2026-09-07T23:00:00+00:00,2026-09-07T06:00:00+00:00,13.3,0.0,47,47,26320.0,11.1,21.2,29.2,299,1003.7,1
1,2026-09-07T23:00:00+00:00,2026-09-07T07:00:00+00:00,15.3,0.0,54,54,34640.0,11.3,20.6,31.7,301,1004.2,2
1,2026-09-07T23:00:00+00:00,2026-09-07T08:00:00+00:00,16.6,0.0,62,45,38680.0,12.4,23.4,34.9,306,1004.0,2
1,2026-09-07T23:00:00+00:00,2026-09-07T09:00:00+00:00,17.3,0.0,74,53,37680.0,12.5,22.6,36.7,303,1004.6,2
1,2026-09-07T23:00:00+00:00,2026-09-07T10:00:00+00:00,18.7,0.0,74,34,40440.0,13.0,24.2,36.0,304,1004.0,2
1,2026-09-07T23:00:00+00:00,2026-09-07T11:00:00+00:00,18.7,0.0,76,57,40060.0,14.1,26.1,43.9,302,1004.3,2
1,2026-09-07T23:00:00+00:00,2026-09-07T12:00:00+00:00,18.6,0.0,70,50,40120.0,13.9,26.9,44.6,307,1004.6,2
1,2026-09-07T23:00:00+00:00,2026-09-07T13:00:00+00:00,19.2,0.0,79,53,40960.0,13.3,26.0,42.5,311,1004.2,2
1,2026-09-07T23:00:00+00:00,2026-09-07T14:00:00+00:00,19.3,0.0,46,43,41380.0,13.2,27.2,37.1,315,1004.0,1
1,2026-09-07T23:00:00+00:00,2026-09-07T15:00:00+00:00,19.6,0.0,27,27,42080.0,10.8,24.2,35.6,323,1004.0,2
1,2026-09-07T23:00:00+00:00,2026-09-07T16:00:00+00:00,18.7,0.0,23,22,41580.0,8.7,21.2,28.8,322,1004.1,1
1,2026-09-07T23:00:00+00:00,2026-09-07T17:00:00+00:00,17.3,0.0,27,27,40740.0,5.5,21.5,22.0,302,1004.5,1
1,2026-09-07T23:00:00+00:00,2026-09-07T18:00:00+00:00,15.9,0.0,1,1,39820.0,5.5,23.4,15.5,293,1004.7,0
1,2026-09-07T23:00:00+00:00,2026-09-07T19:00:00+00:00,15.0,0.0,0,0,38800.0,5.0,23.2,14.8,291,1004.5,0
1,2026-09-07T23:00:00+00:00,2026-09-07T20:00:00+00:00,14.2,0.0,0,0,37460.0,4.8,22.0,13.3,283,1004.3,0
1,2026-09-07T23:00:00+00:00,2026-09-07T21:00:00+00:00,13.5,0.0,0,0,35960.0,4.7,21.9,12.6,279,1004.6,0
1,2026-09-07T23:00:00+00:00,2026-09-07T22:00:00+00:00,12.9,0.0,0,0,33900.0,4.3,21.5,12.2,275,1004.5,0
1,2026-09-07T23:00:00+00:00,2026-09-07T23:00:00+00:00,12.4,0.0,0,0,31800.0,4.7,20.5,11.9,274,1004.6,0
1,2026-09-07T23:00:00+00:00,2026-09-08T00:00:00+00:00,12.1,0.0,0,0,30340.0,4.3,19.8,11.9,270,1004.9,0
1,2026-09-07T23:00:00+00:00,2026-09-08T01:00:00+00:00,11.7,0.0,2,0,28940.0,4.0,18.8,12.6,265,1004.8,0
1,2026-09-07T23:00:00+00:00,2026-09-08T02:00:00+00:00,11.4,0.0,11,0,26660.0,3.7,17.0,11.9,259,1004.5,1
1,2026-09-07T23:00:00+00:00,2026-09-08T03:00:00+00:00,11.0,0.0,5,3,22560.0,3.4,15.3,10.4,252,1004.2,0
1,2026-09-07T23:00:00+00:00,2026-09-08T04:00:00+00:00,10.8,0.0,19,0,19300.0,3.4,13.4,10.1,252,1004.2,1
1,2026-09-07T23:00:00+00:00,2026-09-08T05:00:00+00:00,12.1,0.0,89,16,25000.0,2.7,13.2,9.7,247,1004.4,3
1,2026-09-07T23:00:00+00:00,2026-09-08T06:00:00+00:00,14.1,0.0,100,12,32720.0,4.7,14.1,14.0,261,1004.2,3
1,2026-09-07T23:00:00+00:00,2026-09-08T07:00:00+00:00,15.7,0.0,100,32,36540.0,4.7,6.8,16.6,261,1004.3,3
1,2026-09-07T23:00:00+00:00,2026-09-08T08:00:00+00:00,17.6,0.0,100,8,39240.0,4.6,6.6,14.4,252,1003.9,3
1,2026-09-07T23:00:00+00:00,2026-09-08T09:00:00+00:00,19.2,0.0,50,43,40220.0,6.2,10.0,19.8,260,1003.6,2
1,2026-09-07T23:00:00+00:00,2026-09-08T10:00:00+00:00,19.9,0.0,66,66,40980.0,6.2,9.5,20.9,263,1002.7,2
1,2026-09-07T23:00:00+00:00,2026-09-08T11:00:00+00:00,20.6,0.0,67,64,41460.0,5.9,8.9,19.8,259,1002.1,2
1,2026-09-07T23:00:00+00:00,2026-09-08T12:00:00+00:00,21.0,0.0,51,51,41880.0,6.2,9.3,19.4,249,1001.1,2
1,2026-09-07T23:00:00+00:00,2026-09-08T13:00:00+00:00,21.3,0.0,48,48,42180.0,6.0,9.6,19.1,253,1000.7,2
1,2026-09-07T23:00:00+00:00,2026-09-08T14:00:00+00:00,21.2,0.0,53,42,42420.0,6.3,10.1,19.1,257,1000.2,2
1,2026-09-07T23:00:00+00:00,2026-09-08T15:00:00+00:00,20.9,0.0,43,43,42320.0,5.4,9.9,18.7,266,999.8,1
1,2026-09-07T23:00:00+00:00,2026-09-08T16:00:00+00:00,20.3,0.0,34,34,41680.0,3.2,7.4,15.8,270,999.4,1
1,2026-09-07T23:00:00+00:00,2026-09-08T17:00:00+00:00,19.2,0.0,100,0,41160.0,1.8,4.5,7.9,169,999.3,3
1,2026-09-07T23:00:00+00:00,2026-09-08T18:00:00+00:00,18.2,0.0,17,0,40800.0,3.1,6.4,6.5,159,999.2,1
1,2026-09-07T23:00:00+00:00,2026-09-08T19:00:00+00:00,17.3,0.0,32,0,40140.0,3.4,11.6,7.6,162,998.9,1
1,2026-09-07T23:00:00+00:00,2026-09-08T20:00:00+00:00,16.7,0.0,34,0,39800.0,3.2,14.1,8.3,153,998.7,1
1,2026-09-07T23:00:00+00:00,2026-09-08T21:00:00+00:00,16.2,0.0,36,0,39420.0,3.2,15.8,9.0,153,998.7,1
1,2026-09-07T23:00:00+00:00,2026-09-08T22:00:00+00:00,15.7,0.0,36,0,38960.0,3.4,16.8,8.6,162,998.6,1
1,2026-09-07T23:00:00+00:00,2026-09-08T23:00:00+00:00,15.3,0.0,21,0,38740.0,3.3,17.3,9.4,167,998.4,1
1,2026-09-07T23:00:00+00:00,2026-09-09T00:00:00+00:00,15.1,0.0,7,0,38820.0,3.6,19.2,9.7,174,998.0,0
1,2026-09-07T23:00:00+00:00,2026-09-09T01:00:00+00:00,14.7,0.0,10,0,38420.0,4.0,20.0,10.4,170,997.8,1
1,2026-09-07T23:00:00+00:00,2026-09-09T02:00:00+00:00,14.4,0.0,4,0,37920.0,3.9,19.9,10.1,158,997.6,0
1,2026-09-07T23:00:00+00:00,2026-09-09T03:00:00+00:00,14.3,0.0,100,0,37600.0,4.0,18.9,10.1,170,997.6,3
1,2026-09-07T23:00:00+00:00,2026-09-09T04:00:00+00:00,14.3,0.0,83,0,34780.0,3.4,18.3,10.8,162,997.7,3
1,2026-09-07T23:00:00+00:00,2026-09-09T05:00:00+00:00,15.0,0.0,2,0,33120.0,3.8,18.2,11.5,163,997.6,0
1,2026-09-07T23:00:00+00:00,2026-09-09T06:00:00+00:00,17.0,0.0,4,0,36420.0,5.9,17.8,16.9,169,997.9,0
1,2026-09-07T23:00:00+00:00,2026-09-09T07:00:00+00:00,19.2,0.0,0,0,40360.0,5.8,9.2,18.7,173,997.9,0
1,2026-09-07T23:00:00+00:00,2026-09-09T08:00:00+00:00,21.5,0.0,0,0,40920.0,6.5,10.2,20.2,174,997.9,0
1,2026-09-07T23:00:00+00:00,2026-09-09T09:00:00+00:00,23.5,0.0,22,0,41560.0,7.9,13.1,23.8,183,997.7,1
1,2026-09-07T23:00:00+00:00,2026-09-09T10:00:00+00:00,24.8,0.0,5,0,42460.0,9.8,17.4,28.8,186,997.3,0
1,2026-09-07T23:00:00+00:00,2026-09-09T11:00:00+00:00,25.7,0.0,97,0,43720.0,10.2,18.3,29.9,188,996.8,3
1,2026-09-07T23:00:00+00:00,2026-09-09T12:00:00+00:00,26.0,0.0,93,0,44420.0,9.5,17.3,29.5,191,996.4,3
1,2026-09-07T23:00:00+00:00,2026-09-09T13:00:00+00:00,26.5,0.0,64,0,45120.0,9.4,17.1,27.4,198,996.1,2
1,2026-09-07T23:00:00+00:00,2026-09-09T14:00:00+00:00,26.4,0.0,72,0,45040.0,8.8,16.6,26.6,199,995.7,2
1,2026-09-07T23:00:00+00:00,2026-09-09T15:00:00+00:00,25.8,0.0,22,0,44600.0,7.6,16.2,24.5,199,995.3,1
1,2026-09-07T23:00:00+00:00,2026-09-09T16:00:00+00:00,24.5,0.0,1,0,43300.0,4.3,16.3,20.5,180,995.2,0
1,2026-09-07T23:00:00+00:00,2026-09-09T17:00:00+00:00,22.9,0.0,0,0,42120.0,3.6,17.2,11.9,174,995.4,0
1,2026-09-07T23:00:00+00:00,2026-09-09T18:00:00+00:00,21.9,0.0,0,0,41700.0,3.6,18.3,8.3,180,995.6,0
1,2026-09-07T23:00:00+00:00,2026-09-09T19:00:00+00:00,21.2,0.0,0,0,41420.0,4.0,20.0,9.4,175,995.6,0
1,2026-09-07T23:00:00+00:00,2026-09-09T20:00:00+00:00,20.5,0.0,0,0,41100.0,4.7,23.3,10.8,176,995.5,0
1,2026-09-07T23:00:00+00:00,2026-09-09T21:00:00+00:00,20.1,0.0,0,0,41000.0,5.4,27.6,14.0,184,995.6,0
1,2026-09-07T23:00:00+00:00,2026-09-09T22:00:00+00:00,19.6,0.0,0,0,40820.0,6.4,30.8,17.6,196,995.7,0
1,2026-09-07T23:00:00+00:00,2026-09-09T23:00:00+00:00,19.1,0.0,0,0,40080.0,6.8,33.1,19.1,212,995.6,0
1,2026-09-07T23:00:00+00:00,2026-09-10T00:00:00+00:00,18.6,0.0,0,0,37300.0,6.8,32.7,19.4,212,995.5,0
1,2026-09-07T23:00:00+00:00,2026-09-10T01:00:00+00:00,18.1,0.0,0,0,35120.0,7.4,33.4,21.2,209,995.6,0
1,2026-09-07T23:00:00+00:00,2026-09-10T02:00:00+00:00,17.6,0.0,0,0,31980.0,7.9,34.2,22.3,210,995.6,0
1,2026-09-07T23:00:00+00:00,2026-09-10T03:00:00+00:00,17.2,0.0,0,0,30940.0,7.6,33.8,22.0,211,995.7,0
1,2026-09-07T23:00:00+00:00,2026-09-10T04:00:00+00:00,16.8,0.0,0,0,28900.0,7.6,32.3,21.6,205,995.9,0
1,2026-09-07T23:00:00+00:00,2026-09-10T05:00:00+00:00,17.2,0.0,0,0,27880.0,8.3,32.9,23.0,198,996.1,0
1,2026-09-07T23:00:00+00:00,2026-09-10T06:00:00+00:00,18.9,0.0,0,0,33620.0,10.0,22.8,27.4,195,996.2,0
1,2026-09-07T23:00:00+00:00,2026-09-10T07:00:00+00:00,21.0,0.0,0,0,39620.0,10.8,21.4,29.9,195,996.3,0
1,2026-09-07T23:00:00+00:00,2026-09-10T08:00:00+00:00,23.1,0.0,0,0,40460.0,11.4,21.7,32.0,191,996.4,0
1,2026-09-07T23:00:00+00:00,2026-09-10T09:00:00+00:00,24.8,0.0,0,0,41080.0,13.3,26.0,36.7,193,996.1,0
1,2026-09-07T23:00:00+00:00,2026-09-10T10:00:00+00:00,26.1,0.0,0,0,41680.0,13.8,26.9,38.2,195,995.9,0
1,2026-09-07T23:00:00+00:00,2026-09-10T11:00:00+00:00,27.1,0.0,0,0,42260.0,13.8,26.9,38.2,195,995.5,0
1,2026-09-07T23:00:00+00:00,2026-09-10T12:00:00+00:00,27.7,0.0,0,0,42660.0,14.2,28.5,39.2,187,994.9,0
1,2026-09-07T23:00:00+00:00,2026-09-10T13:00:00+00:00,28.1,0.0,0,0,43240.0,13.4,28.2,39.2,194,994.5,0
1,2026-09-07T23:00:00+00:00,2026-09-10T14:00:00+00:00,28.1,0.0,0,0,43680.0,12.4,27.2,36.7,210,994.5,0
1,2026-09-07T23:00:00+00:00,2026-09-10T15:00:00+00:00,27.5,0.0,0,0,43420.0,11.3,26.8,33.8,202,994.3,0
1,2026-09-07T23:00:00+00:00,2026-09-10T16:00:00+00:00,26.1,0.0,0,0,42620.0,8.4,26.3,30.2,200,994.4,0
1,2026-09-07T23:00:00+00:00,2026-09-10T17:00:00+00:00,24.5,0.0,0,0,42120.0,7.3,30.3,22.0,191,994.4,0
1,2026-09-07T23:00:00+00:00,2026-09-10T18:00:00+00:00,23.3,0.0,0,0,42100.0,7.9,33.8,21.2,196,994.4,0
1,2026-09-07T23:00:00+00:00,2026-09-10T19:00:00+00:00,22.5,0.0,96,0,41860.0,9.0,37.9,23.8,203,994.4,3
1,2026-09-07T23:00:00+00:00,2026-09-10T20:00:00+00:00,21.7,0.0,1,0,41220.0,9.7,40.4,26.3,211,994.4,0
1,2026-09-07T23:00:00+00:00,2026-09-10T21:00:00+00:00,20.6,0.0,2,0,40540.0,9.6,35.2,26.6,250,995.0,0
1,2026-09-07T23:00:00+00:00,2026-09-10T22:00:00+00:00,18.8,0.0,56,29,34940.0,13.0,31.7,34.9,321,995.9,2
1,2026-09-07T23:00:00+00:00,2026-09-10T23:00:00+00:00,17.7,0.0,88,44,33980.0,12.0,29.0,34.2,314,996.5,3
1,2026-09-07T23:00:00+00:00,2026-09-11T00:00:00+00:00,17.1,0.0,97,74,29780.0,11.3,27.6,33.8,323,997.2,3
1,2026-09-07T23:00:00+00:00,2026-09-11T01:00:00+00:00,15.8,0.2,98,68,28920.0,11.0,26.6,32.4,322,997.8,61
1,2026-09-07T23:00:00+00:00,2026-09-11T02:00:00+00:00,14.6,0.2,99,62,28080.0,9.4,22.6,29.5,313,998.2,61
1,2026-09-07T23:00:00+00:00,2026-09-11T03:00:00+00:00,13.8,0.2,100,56,27220.0,8.8,20.2,27.4,305,998.7,61
1,2026-09-07T23:00:00+00:00,2026-09-11T04:00:00+00:00,13.8,0.0,99,64,25280.0,9.0,20.2,27.0,307,999.3,3
1,2026-09-07T23:00:00+00:00,2026-09-11T05:00:00+00:00,14.3,0.0,99,71,23340.0,10.0,20.9,27.0,311,999.9,3
1,2026-09-07T23:00:00+00:00,2026-09-11T06:00:00+00:00,15.1,0.0,98,79,21400.0,10.4,21.7,27.7,314,1000.4,3
1,2026-09-07T23:00:00+00:00,2026-09-11T07:00:00+00:00,16.1,0.0,99,77,26900.0,10.9,21.2,28.8,316,1000.7,3
1,2026-09-07T23:00:00+00:00,2026-09-11T08:00:00+00:00,17.4,0.0,99,74,32420.0,11.2,20.2,30.6,318,1000.9,3
1,2026-09-07T23:00:00+00:00,2026-09-11T09:00:00+00:00,18.5,0.0,100,72,37920.0,11.5,19.5,31.7,319,1001.1,3
1,2026-09-07T23:00:00+00:00,2026-09-11T10:00:00+00:00,19.3,0.0,100,57,39100.0,11.0,18.5,32.0,319,1001.2,3
1,2026-09-07T23:00:00+00:00,2026-09-11T11:00:00+00:00,19.8,0.0,100,41,40300.0,10.5,17.5,31.7,319,1001.3,3
1,2026-09-07T23:00:00+00:00,2026-09-11T12:00:00+00:00,20.0,0.0,100,26,41480.0,10.0,17.0,31.0,319,1001.4,3
1,2026-09-07T23:00:00+00:00,2026-09-11T13:00:00+00:00,20.0,0.0,100,28,41860.0,9.7,16.8,29.9,321,1001.4,3
1,2026-09-07T23:00:00+00:00,2026-09-11T14:00:00+00:00,19.8,0.0,100,29,42220.0,9.5,17.4,28.4,323,1001.5,3
1,2026-09-07T23:00:00+00:00,2026-09-11T15:00:00+00:00,19.3,0.0,100,31,42600.0,9.0,17.4,25.9,323,1001.5,3
1,2026-09-07T23:00:00+00:00,2026-09-11T16:00:00+00:00,18.2,0.0,100,27,42140.0,7.4,17.7,21.6,321,1001.8,3
1,2026-09-07T23:00:00+00:00,2026-09-11T17:00:00+00:00,16.9,0.0,100,23,41700.0,5.6,18.0,16.2,310,1002.2,3
1,2026-09-07T23:00:00+00:00,2026-09-11T18:00:00+00:00,15.8,0.0,100,19,41240.0,4.0,17.4,11.9,297,1002.5,3
1,2026-09-07T23:00:00+00:00,2026-09-11T19:00:00+00:00,15.0,0.0,95,13,40400.0,3.4,15.6,9.7,288,1002.7,3
1,2026-09-07T23:00:00+00:00,2026-09-11T20:00:00+00:00,14.5,0.0,90,8,39580.0,3.1,13.8,8.3,291,1002.9,3
1,2026-09-07T23:00:00+00:00,2026-09-11T21:00:00+00:00,14.1,0.0,85,2,38740.0,2.7,12.7,7.6,293,1003.0,3
1,2026-09-07T23:00:00+00:00,2026-09-11T22:00:00+00:00,13.8,0.0,87,13,38800.0,2.4,12.7,7.6,297,1003.0,3
1,2026-09-07T23:00:00+00:00,2026-09-11T23:00:00+00:00,13.6,0.0,90,23,38880.0,2.6,13.4,7.9,304,1003.0,3
1,2026-09-07T23:00:00+00:00,2026-09-12T00:00:00+00:00,13.4,0.0,92,34,38940.0,2.5,13.1,7.9,315,1003.0,3
1,2026-09-07T23:00:00+00:00,2026-09-12T01:00:00+00:00,13.2,0.0,93,23,38780.0,2.4,11.8,7.2,333,1002.9,3
1,2026-09-07T23:00:00+00:00,2026-09-12T02:00:00+00:00,13.1,0.0,93,12,38600.0,2.2,10.9,6.5,351,1002.8,3
1,2026-09-07T23:00:00+00:00,2026-09-12T03:00:00+00:00,13.1,0.0,94,1,38440.0,2.2,10.3,6.1,9,1002.9,3
1,2026-09-07T23:00:00+00:00,2026-09-12T04:00:00+00:00,13.3,0.0,96,3,37420.0,2.4,9.5,6.8,27,1003.3,3
1,2026-09-07T23:00:00+00:00,2026-09-12T05:00:00+00:00,13.7,0.0,98,6,36420.0,2.5,8.7,8.3,45,1003.8,3
1,2026-09-07T23:00:00+00:00,2026-09-12T06:00:00+00:00,14.2,0.0,100,8,35400.0,2.9,7.8,9.7,60,1004.2,3
1,2026-09-07T23:00:00+00:00,2026-09-12T07:00:00+00:00,15.0,0.0,100,5,36620.0,3.0,6.8,10.8,76,1004.2,3
1,2026-09-07T23:00:00+00:00,2026-09-12T08:00:00+00:00,15.9,0.0,99,3,37840.0,2.9,5.3,12.2,83,1004.2,3
1,2026-09-07T23:00:00+00:00,2026-09-12T09:00:00+00:00,16.7,0.0,99,0,39060.0,2.9,4.2,13.0,90,1004.1,3
1,2026-09-07T23:00:00+00:00,2026-09-12T10:00:00+00:00,17.1,0.0,97,13,39440.0,3.0,3.9,13.0,76,1004.0,61
1,2026-09-07T23:00:00+00:00,2026-09-12T11:00:00+00:00,17.5,0.0,95,27,39800.0,3.1,4.1,13.0,54,1003.9,61
1,2026-09-07T23:00:00+00:00,2026-09-12T12:00:00+00:00,17.7,0.0,93,40,40180.0,3.6,4.7,12.6,45,1003.8,61
1,2026-09-07T23:00:00+00:00,2026-09-12T13:00:00+00:00,17.9,0.0,95,42,40400.0,3.8,5.0,12.2,49,1003.6,3
1,2026-09-07T23:00:00+00:00,2026-09-12T14:00:00+00:00,18.0,0.0,96,45,40640.0,3.6,5.4,11.9,53,1003.5,3
1,2026-09-07T23:00:00+00:00,2026-09-12T15:00:00+00:00,17.9,0.0,98,47,40860.0,2.9,4.3,11.5,60,1003.4,3
1,2026-09-07T23:00:00+00:00,2026-09-12T16:00:00+00:00,17.1,0.0,97,37,33855.0,1.3,2.7,10.5,36,1003.6,3
1,2026-09-07T23:00:00+00:00,2026-09-12T17:00:00+00:00,15.9,0.0,96,33,32830.0,1.7,4.9,8.1,283,1003.8,3
1,2026-09-07T23:00:00+00:00,2026-09-12T18:00:00+00:00,14.8,0.0,92,34,37800.0,2.8,6.0,5.2,261,1003.9,3
1,2026-09-07T23:00:00+00:00,2026-09-12T19:00:00+00:00,13.0,0.0,100,96,26300.0,5.8,14.7,14.8,30,1002.2,3
1,2026-09-07T23:00:00+00:00,2026-09-12T20:00:00+00:00,12.9,0.0,100,93,14840.0,6.5,14.0,15.1,19,1002.3,3
1,2026-09-07T23:00:00+00:00,2026-09-12T21:00:00+00:00,12.8,0.0,100,90,3400.0,6.6,14.4,15.5,13,1002.5,3
1,2026-09-07T23:00:00+00:00,2026-09-12T22:00:00+00:00,12.6,0.0,100,89,3080.0,6.9,15.1,15.5,9,1002.6,3
1,2026-09-07T23:00:00+00:00,2026-09-12T23:00:00+00:00,12.5,0.0,99,87,2760.0,6.9,16.1,15.5,6,1002.8,3
1,2026-09-07T23:00:00+00:00,2026-09-13T00:00:00+00:00,12.3,0.0,99,86,2440.0,6.5,16.2,15.5,6,1002.9,3
1,2026-09-07T23:00:00+00:00,2026-09-13T01:00:00+00:00,12.1,0.0,98,78,10140.0,5.8,15.0,14.8,7,1002.8,3
1,2026-09-07T23:00:00+00:00,2026-09-13T02:00:00+00:00,11.8,0.0,97,70,17840.0,4.8,13.4,13.7,13,1002.9,3
1,2026-09-07T23:00:00+00:00,2026-09-13T03:00:00+00:00,11.7,0.0,96,62,25540.0,4.1,12.0,13.3,15,1003.0,3
1,2026-09-07T23:00:00+00:00,2026-09-13T04:00:00+00:00,11.8,0.0,96,62,26140.0,4.5,11.5,14.0,14,1003.3,3
1,2026-09-07T23:00:00+00:00,2026-09-13T05:00:00+00:00,12.0,0.0,96,61,26740.0,5.4,11.4,15.5,8,1003.8,3
1,2026-09-07T23:00:00+00:00,2026-09-13T06:00:00+00:00,12.4,0.0,96,61,27340.0,6.2,11.4,16.6,7,1004.1,3
1,2026-09-07T23:00:00+00:00,2026-09-13T07:00:00+00:00,13.2,0.0,90,51,29620.0,6.5,10.6,16.9,3,1004.3,2
1,2026-09-07T23:00:00+00:00,2026-09-13T08:00:00+00:00,14.2,0.0,84,41,31920.0,6.5,9.9,16.9,3,1004.5,2
1,2026-09-07T23:00:00+00:00,2026-09-13T09:00:00+00:00,15.2,0.0,78,31,34200.0,6.1,8.8,16.9,360,1004.4,2
1,2026-09-07T23:00:00+00:00,2026-09-13T10:00:00+00:00,16.1,0.0,80,21,26660.0,5.8,7.8,16.6,360,1004.4,3
1,2026-09-07T23:00:00+00:00,2026-09-13T11:00:00+00:00,16.9,0.0,83,10,19140.0,5.0,6.7,15.5,360,1004.1,3
1,2026-09-07T23:00:00+00:00,2026-09-13T12:00:00+00:00,17.5,0.0,85,0,11600.0,4.7,6.0,14.8,360,1004.0,3
1,2026-09-07T23:00:00+00:00,2026-09-13T13:00:00+00:00,17.7,0.0,73,7,13920.0,4.3,5.3,14.0,5,1003.7,2
1,2026-09-07T23:00:00+00:00,2026-09-13T14:00:00+00:00,17.6,0.0,62,14,16260.0,3.7,5.0,13.3,11,1003.4,2
1,2026-09-07T23:00:00+00:00,2026-09-13T15:00:00+00:00,17.3,0.0,50,21,18580.0,3.3,5.0,12.2,13,1003.2,2
1,2026-09-07T23:00:00+00:00,2026-09-13T16:00:00+00:00,16.7,0.0,46,26,20900.0,3.0,5.6,9.7,14,1003.2,1
1,2026-09-07T23:00:00+00:00,2026-09-13T17:00:00+00:00,15.8,0.0,41,32,23240.0,2.5,6.8,6.8,8,1003.4,1
1,2026-09-07T23:00:00+00:00,2026-09-13T18:00:00+00:00,15.1,0.0,37,37,25560.0,2.2,6.9,4.3,360,1003.4,1
1,2026-09-07T23:00:00+00:00,2026-09-13T19:00:00+00:00,14.7,0.0,46,43,21340.0,1.8,6.0,3.2,349,1003.4,2
1,2026-09-07T23:00:00+00:00,2026-09-13T20:00:00+00:00,14.5,0.0,54,49,17100.0,1.5,4.3,2.5,315,1003.3,2
1,2026-09-07T23:00:00+00:00,2026-09-13T21:00:00+00:00,14.3,0.0,63,55,12880.0,1.6,3.3,2.2,297,1003.2,2
1,2026-09-07T23:00:00+00:00,2026-09-13T22:00:00+00:00,14.0,0.0,70,61,8640.0,1.6,3.3,2.2,297,1003.1,3
1,2026-09-07T23:00:00+00:00,2026-09-13T23:00:00+00:00,13.7,0.0,77,67,4420.0,1.8,4.0,2.2,323,1002.8,3
1,2026-09-08T00:00:00+00:00,2026-09-08T00:00:00+00:00,11.7,0.0,0,0,29200.0,4.7,19.8,12.2,274,1004.8,0
1,2026-09-08T00:00:00+00:00,2026-09-08T01:00:00+00:00,11.4,0.0,0,0,27120.0,4.3,18.8,12.2,270,1004.8,0
1,2026-09-08T00:00:00+00:00,2026-09-08T02:00:00+00:00,11.1,0.0,5,0,26100.0,3.7,17.0,13.0,259,1004.4,0
1,2026-09-08T00:00:00+00:00,2026-09-08T03:00:00+00:00,10.7,0.0,9,0,21960.0,3.8,15.3,11.2,253,1004.2,1
1,2026-09-08T00:00:00+00:00,2026-09-08T04:00:00+00:00,10.4,0.0,5,5,17800.0,3.4,13.4,10.4,252,1004.2,0
1,2026-09-08T00:00:00+00:00,2026-09-08T05:00:00+00:00,11.8,0.0,60,0,24880.0,3.1,13.2,10.4,249,1004.4,2
1,2026-09-08T00:00:00+00:00,2026-09-08T06:00:00+00:00,13.9,0.0,100,0,32520.0,4.7,14.1,14.8,261,1004.2,3
1,2026-09-08T00:00:00+00:00,2026-09-08T07:00:00+00:00,15.6,0.0,100,0,36700.0,4.7,6.8,16.6,266,1004.2,3
1,2026-09-08T00:00:00+00:00,2026-09-08T08:00:00+00:00,17.3,0.0,100,13,39420.0,5.1,6.6,16.2,262,1003.9,3
1,2026-09-08T00:00:00+00:00,2026-09-08T09:00:00+00:00,18.8,0.0,70,47,40460.0,6.1,10.0,19.4,267,1003.7,2
1,2026-09-08T00:00:00+00:00,2026-09-08T10:00:00+00:00,19.7,0.0,63,63,40960.0,6.2,9.5,20.2,263,1002.8,2
1,2026-09-08T00:00:00+00:00,2026-09-08T11:00:00+00:00,20.2,0.0,61,60,41140.0,6.0,8.9,19.4,253,1002.4,2
1,2026-09-08T00:00:00+00:00,2026-09-08T12:00:00+00:00,20.5,0.0,70,55,41160.0,6.0,9.3,19.4,245,1001.4,2
1,2026-09-08T00:00:00+00:00,2026-09-08T13:00:00+00:00,20.8,0.0,49,48,41360.0,6.0,9.6,19.1,245,1000.8,2
1,2026-09-08T00:00:00+00:00,2026-09-08T14:00:00+00:00,20.8,0.0,46,46,41500.0,6.2,10.1,18.7,249,1000.3,2
1,2026-09-08T00:00:00+00:00,2026-09-08T15:00:00+00:00,20.5,0.0,44,44,41420.0,5.4,9.9,18.4,262,999.8,2
1,2026-09-08T00:00:00+00:00,2026-09-08T16:00:00+00:00,19.9,0.0,49,29,41460.0,3.8,7.4,16.2,253,999.4,2
1,2026-09-08T00:00:00+00:00,2026-09-08T17:00:00+00:00,18.8,0.0,29,0,41060.0,1.5,4.5,9.4,166,999.3,1
1,2026-09-08T00:00:00+00:00,2026-09-08T18:00:00+00:00,18.1,0.0,16,0,40780.0,2.3,6.4,3.6,141,999.4,1
1,2026-09-08T00:00:00+00:00,2026-09-08T19:00:00+00:00,17.1,0.0,23,0,39720.0,3.1,11.6,7.9,159,998.9,1
1,2026-09-08T00:00:00+00:00,2026-09-08T20:00:00+00:00,16.5,0.0,30,0,39180.0,2.9,14.1,9.7,150,998.8,1
1,2026-09-08T00:00:00+00:00,2026-09-08T21:00:00+00:00,16.0,0.0,7,0,39180.0,3.1,15.8,8.6,144,998.8,0
1,2026-09-08T00:00:00+00:00,2026-09-08T22:00:00+00:00,15.3,0.0,12,0,38600.0,3.5,16.8,9.4,156,998.7,1
1,2026-09-08T00:00:00+00:00,2026-09-08T23:00:00+00:00,14.9,0.0,67,0,38220.0,4.3,17.3,10.8,175,998.3,2
1,2026-09-08T00:00:00+00:00,2026-09-09T00:00:00+00:00,14.8,0.0,100,0,38240.0,4.3,19.2,11.5,175,998.0,3
1,2026-09-08T00:00:00+00:00,2026-09-09T01:00:00+00:00,14.8,0.0,57,0,38460.0,3.9,20.0,11.5,158,998.1,2
1,2026-09-08T00:00:00+00:00,2026-09-09T02:00:00+00:00,14.4,0.0,94,0,38000.0,4.1,19.9,11.2,165,997.8,3
1,2026-09-08T00:00:00+00:00,2026-09-09T03:00:00+00:00,14.2,0.0,100,0,35780.0,4.1,18.9,11.2,165,997.7,3
1,2026-09-08T00:00:00+00:00,2026-09-09T04:00:00+00:00,14.3,0.0,83,0,34780.0,3.4,18.3,10.8,162,997.7,3
1,2026-09-08T00:00:00+00:00,2026-09-09T05:00:00+00:00,15.0,0.0,2,0,33120.0,3.8,18.2,11.5,163,997.6,0
1,2026-09-08T00:00:00+00:00,2026-09-09T06:00:00+00:00,17.0,0.0,4,0,36420.0,5.9,17.8,16.9,169,997.9,0
1,2026-09-08T00:00:00+00:00,2026-09-09T07:00:00+00:00,19.2,0.0,0,0,40360.0,5.8,9.2,18.7,173,997.9,0
1,2026-09-08T00:00:00+00:00,2026-09-09T08:00:00+00:00,21.5,0.0,0,0,40920.0,6.5,10.2,20.2,174,997.9,0
1,2026-09-08T00:00:00+00:00,2026-09-09T09:00:00+00:00,23.5,0.0,22,0,41560.0,7.9,13.1,23.8,183,997.7,1
1,2026-09-08T00:00:00+00:00,2026-09-09T10:00:00+00:00,24.8,0.0,5,0,42460.0,9.8,17.4,28.8,186,997.3,0
1,2026-09-08T00:00:00+00:00,2026-09-09T11:00:00+00:00,25.7,0.0,97,0,43720.0,10.2,18.3,29.9,188,996.8,3
1,2026-09-08T00:00:00+00:00,2026-09-09T12:00:00+00:00,26.0,0.0,93,0,44420.0,9.5,17.3,29.5,191,996.4,3
1,2026-09-08T00:00:00+00:00,2026-09-09T13:00:00+00:00,26.5,0.0,64,0,45120.0,9.4,17.1,27.4,198,996.1,2
1,2026-09-08T00:00:00+00:00,2026-09-09T14:00:00+00:00,26.4,0.0,72,0,45040.0,8.8,16.6,26.6,199,995.7,2
1,2026-09-08T00:00:00+00:00,2026-09-09T15:00:00+00:00,25.8,0.0,22,0,44600.0,7.6,16.2,24.5,199,995.3,1
1,2026-09-08T00:00:00+00:00,2026-09-09T16:00:00+00:00,24.5,0.0,1,0,43300.0,4.3,16.3,20.5,180,995.2,0
1,2026-09-08T00:00:00+00:00,2026-09-09T17:00:00+00:00,22.9,0.0,0,0,42120.0,3.6,17.2,11.9,174,995.4,0
1,2026-09-08T00:00:00+00:00,2026-09-09T18:00:00+00:00,21.9,0.0,0,0,41700.0,3.6,18.3,8.3,180,995.6,0
1,2026-09-08T00:00:00+00:00,2026-09-09T19:00:00+00:00,21.2,0.0,0,0,41420.0,4.0,20.0,9.4,175,995.6,0
1,2026-09-08T00:00:00+00:00,2026-09-09T20:00:00+00:00,20.5,0.0,0,0,41100.0,4.7,23.3,10.8,176,995.5,0
1,2026-09-08T00:00:00+00:00,2026-09-09T21:00:00+00:00,20.1,0.0,0,0,41000.0,5.4,27.6,14.0,184,995.6,0
1,2026-09-08T00:00:00+00:00,2026-09-09T22:00:00+00:00,19.6,0.0,0,0,40820.0,6.4,30.8,17.6,196,995.7,0
1,2026-09-08T00:00:00+00:00,2026-09-09T23:00:00+00:00,19.1,0.0,0,0,40080.0,6.8,33.1,19.1,212,995.6,0
1,2026-09-08T00:00:00+00:00,2026-09-10T00:00:00+00:00,18.6,0.0,0,0,37300.0,6.8,32.7,19.4,212,995.5,0
1,2026-09-08T00:00:00+00:00,2026-09-10T01:00:00+00:00,18.1,0.0,0,0,35120.0,7.4,33.4,21.2,209,995.6,0
1,2026-09-08T00:00:00+00:00,2026-09-10T02:00:00+00:00,17.6,0.0,0,0,31980.0,7.9,34.2,22.3,210,995.6,0
1,2026-09-08T00:00:00+00:00,2026-09-10T03:00:00+00:00,17.2,0.0,0,0,30940.0,7.6,33.8,22.0,211,995.7,0
1,2026-09-08T00:00:00+00:00,2026-09-10T04:00:00+00:00,16.8,0.0,0,0,28900.0,7.6,32.3,21.6,205,995.9,0
1,2026-09-08T00:00:00+00:00,2026-09-10T05:00:00+00:00,17.2,0.0,0,0,27880.0,8.3,32.9,23.0,198,996.1,0
1,2026-09-08T00:00:00+00:00,2026-09-10T06:00:00+00:00,18.9,0.0,0,0,33620.0,10.0,22.8,27.4,195,996.2,0
1,2026-09-08T00:00:00+00:00,2026-09-10T07:00:00+00:00,21.0,0.0,0,0,39620.0,10.8,21.4,29.9,195,996.3,0
1,2026-09-08T00:00:00+00:00,2026-09-10T08:00:00+00:00,23.1,0.0,0,0,40460.0,11.4,21.7,32.0,191,996.4,0
1,2026-09-08T00:00:00+00:00,2026-09-10T09:00:00+00:00,24.8,0.0,0,0,41080.0,13.3,26.0,36.7,193,996.1,0
1,2026-09-08T00:00:00+00:00,2026-09-10T10:00:00+00:00,26.1,0.0,0,0,41680.0,13.8,26.9,38.2,195,995.9,0
1,2026-09-08T00:00:00+00:00,2026-09-10T11:00:00+00:00,27.1,0.0,0,0,42260.0,13.8,26.9,38.2,195,995.5,0
1,2026-09-08T00:00:00+00:00,2026-09-10T12:00:00+00:00,27.7,0.0,0,0,42660.0,14.2,28.5,39.2,187,994.9,0
1,2026-09-08T00:00:00+00:00,2026-09-10T13:00:00+00:00,28.1,0.0,0,0,43240.0,13.4,28.2,39.2,194,994.5,0
1,2026-09-08T00:00:00+00:00,2026-09-10T14:00:00+00:00,28.1,0.0,0,0,43680.0,12.4,27.2,36.7,210,994.5,0
1,2026-09-08T00:00:00+00:00,2026-09-10T15:00:00+00:00,27.5,0.0,0,0,43420.0,11.3,26.8,33.8,202,994.3,0
1,2026-09-08T00:00:00+00:00,2026-09-10T16:00:00+00:00,26.1,0.0,0,0,42620.0,8.4,26.3,30.2,200,994.4,0
1,2026-09-08T00:00:00+00:00,2026-09-10T17:00:00+00:00,24.5,0.0,0,0,42120.0,7.3,30.3,22.0,191,994.4,0
1,2026-09-08T00:00:00+00:00,2026-09-10T18:00:00+00:00,23.3,0.0,0,0,42100.0,7.9,33.8,21.2,196,994.4,0
1,2026-09-08T00:00:00+00:00,2026-09-10T19:00:00+00:00,22.5,0.0,96,0,41860.0,9.0,37.9,23.8,203,994.4,3
1,2026-09-08T00:00:00+00:00,2026-09-10T20:00:00+00:00,21.7,0.0,1,0,41220.0,9.7,40.4,26.3,211,994.4,0
1,2026-09-08T00:00:00+00:00,2026-09-10T21:00:00+00:00,20.6,0.0,2,0,40540.0,9.6,35.2,26.6,250,995.0,0
1,2026-09-08T00:00:00+00:00,2026-09-10T22:00:00+00:00,18.8,0.0,56,29,34940.0,13.0,31.7,34.9,321,995.9,2
1,2026-09-08T00:00:00+00:00,2026-09-10T23:00:00+00:00,17.7,0.0,88,44,33980.0,12.0,29.0,34.2,314,996.5,3
1,2026-09-08T00:00:00+00:00,2026-09-11T00:00:00+00:00,17.1,0.0,97,74,29780.0,11.3,27.6,33.8,323,997.2,3
1,2026-09-08T00:00:00+00:00,2026-09-11T01:00:00+00:00,15.8,0.2,98,68,28920.0,11.0,26.6,32.4,322,997.8,61
1,2026-09-08T00:00:00+00:00,2026-09-11T02:00:00+00:00,14.6,0.2,99,62,28080.0,9.4,22.6,29.5,313,998.2,61
1,2026-09-08T00:00:00+00:00,2026-09-11T03:00:00+00:00,13.8,0.2,100,56,27220.0,8.8,20.2,27.4,305,998.7,61
1,2026-09-08T00:00:00+00:00,2026-09-11T04:00:00+00:00,13.8,0.0,99,64,25280.0,9.0,20.2,27.0,307,999.3,3
1,2026-09-08T00:00:00+00:00,2026-09-11T05:00:00+00:00,14.3,0.0,99,71,23340.0,10.0,20.9,27.0,311,999.9,3
1,2026-09-08T00:00:00+00:00,2026-09-11T06:00:00+00:00,15.1,0.0,98,79,21400.0,10.4,21.7,27.7,314,1000.4,3
1,2026-09-08T00:00:00+00:00,2026-09-11T07:00:00+00:00,16.1,0.0,99,77,26900.0,10.9,21.2,28.8,316,1000.7,3
1,2026-09-08T00:00:00+00:00,2026-09-11T08:00:00+00:00,17.4,0.0,99,74,32420.0,11.2,20.2,30.6,318,1000.9,3
1,2026-09-08T00:00:00+00:00,2026-09-11T09:00:00+00:00,18.5,0.0,100,72,37920.0,11.5,19.5,31.7,319,1001.1,3
1,2026-09-08T00:00:00+00:00,2026-09-11T10:00:00+00:00,19.3,0.0,100,57,39100.0,11.0,18.5,32.0,319,1001.2,3
1,2026-09-08T00:00:00+00:00,2026-09-11T11:00:00+00:00,19.8,0.0,100,41,40300.0,10.5,17.5,31.7,319,1001.3,3
1,2026-09-08T00:00:00+00:00,2026-09-11T12:00:00+00:00,20.0,0.0,100,26,41480.0,10.0,17.0,31.0,319,1001.4,3
1,2026-09-08T00:00:00+00:00,2026-09-11T13:00:00+00:00,20.0,0.0,100,28,41860.0,9.7,16.8,29.9,321,1001.4,3
1,2026-09-08T00:00:00+00:00,2026-09-11T14:00:00+00:00,19.8,0.0,100,29,42220.0,9.5,17.4,28.4,323,1001.5,3
1,2026-09-08T00:00:00+00:00,2026-09-11T15:00:00+00:00,19.3,0.0,100,31,42600.0,9.0,17.4,25.9,323,1001.5,3
1,2026-09-08T00:00:00+00:00,2026-09-11T16:00:00+00:00,18.2,0.0,100,27,42140.0,7.4,17.7,21.6,321,1001.8,3
1,2026-09-08T00:00:00+00:00,2026-09-11T17:00:00+00:00,16.9,0.0,100,23,41700.0,5.6,18.0,16.2,310,1002.2,3
1,2026-09-08T00:00:00+00:00,2026-09-11T18:00:00+00:00,15.8,0.0,100,19,41240.0,4.0,17.4,11.9,297,1002.5,3
1,2026-09-08T00:00:00+00:00,2026-09-11T19:00:00+00:00,15.0,0.0,95,13,40400.0,3.4,15.6,9.7,288,1002.7,3
1,2026-09-08T00:00:00+00:00,2026-09-11T20:00:00+00:00,14.5,0.0,90,8,39580.0,3.1,13.8,8.3,291,1002.9,3
1,2026-09-08T00:00:00+00:00,2026-09-11T21:00:00+00:00,14.1,0.0,85,2,38740.0,2.7,12.7,7.6,293,1003.0,3
1,2026-09-08T00:00:00+00:00,2026-09-11T22:00:00+00:00,13.8,0.0,87,13,38800.0,2.4,12.7,7.6,297,1003.0,3
1,2026-09-08T00:00:00+00:00,2026-09-11T23:00:00+00:00,13.6,0.0,90,23,38880.0,2.6,13.4,7.9,304,1003.0,3
1,2026-09-08T00:00:00+00:00,2026-09-12T00:00:00+00:00,13.4,0.0,92,34,38940.0,2.5,13.1,7.9,315,1003.0,3
1,2026-09-08T00:00:00+00:00,2026-09-12T01:00:00+00:00,13.2,0.0,93,23,38780.0,2.4,11.8,7.2,333,1002.9,3
1,2026-09-08T00:00:00+00:00,2026-09-12T02:00:00+00:00,13.1,0.0,93,12,38600.0,2.2,10.9,6.5,351,1002.8,3
1,2026-09-08T00:00:00+00:00,2026-09-12T03:00:00+00:00,13.1,0.0,94,1,38440.0,2.2,10.3,6.1,9,1002.9,3
1,2026-09-08T00:00:00+00:00,2026-09-12T04:00:00+00:00,13.3,0.0,96,3,37420.0,2.4,9.5,6.8,27,1003.3,3
1,2026-09-08T00:00:00+00:00,2026-09-12T05:00:00+00:00,13.7,0.0,98,6,36420.0,2.5,8.7,8.3,45,1003.8,3
1,2026-09-08T00:00:00+00:00,2026-09-12T06:00:00+00:00,14.2,0.0,100,8,35400.0,2.9,7.8,9.7,60,1004.2,3
1,2026-09-08T00:00:00+00:00,2026-09-12T07:00:00+00:00,15.0,0.0,100,5,36620.0,3.0,6.8,10.8,76,1004.2,3
1,2026-09-08T00:00:00+00:00,2026-09-12T08:00:00+00:00,15.9,0.0,99,3,37840.0,2.9,5.3,12.2,83,1004.2,3
1,2026-09-08T00:00:00+00:00,2026-09-12T09:00:00+00:00,16.7,0.0,99,0,39060.0,2.9,4.2,13.0,90,1004.1,3
1,2026-09-08T00:00:00+00:00,2026-09-12T10:00:00+00:00,17.1,0.0,97,13,39440.0,3.0,3.9,13.0,76,1004.0,61
1,2026-09-08T00:00:00+00:00,2026-09-12T11:00:00+00:00,17.5,0.0,95,27,39800.0,3.1,4.1,13.0,54,1003.9,61
1,2026-09-08T00:00:00+00:00,2026-09-12T12:00:00+00:00,17.7,0.0,93,40,40180.0,3.6,4.7,12.6,45,1003.8,61
1,2026-09-08T00:00:00+00:00,2026-09-12T13:00:00+00:00,17.9,0.0,95,42,40400.0,3.8,5.0,12.2,49,1003.6,3
1,2026-09-08T00:00:00+00:00,2026-09-12T14:00:00+00:00,18.0,0.0,96,45,40640.0,3.6,5.4,11.9,53,1003.5,3
1,2026-09-08T00:00:00+00:00,2026-09-12T15:00:00+00:00,17.9,0.0,98,47,40860.0,2.9,4.3,11.5,60,1003.4,3
1,2026-09-08T00:00:00+00:00,2026-09-12T16:00:00+00:00,17.1,0.0,97,37,33855.0,1.3,2.7,10.5,36,1003.6,3
1,2026-09-08T00:00:00+00:00,2026-09-12T17:00:00+00:00,15.9,0.0,96,33,32830.0,1.7,4.9,8.1,283,1003.8,3
1,2026-09-08T00:00:00+00:00,2026-09-12T18:00:00+00:00,14.8,0.0,92,34,37800.0,2.8,6.0,5.2,261,1003.9,3
1,2026-09-08T00:00:00+00:00,2026-09-12T19:00:00+00:00,13.0,0.0,100,96,26300.0,5.8,14.7,14.8,30,1002.2,3
1,2026-09-08T00:00:00+00:00,2026-09-12T20:00:00+00:00,12.9,0.0,100,93,14840.0,6.5,14.0,15.1,19,1002.3,3
1,2026-09-08T00:00:00+00:00,2026-09-12T21:00:00+00:00,12.8,0.0,100,90,3400.0,6.6,14.4,15.5,13,1002.5,3
1,2026-09-08T00:00:00+00:00,2026-09-12T22:00:00+00:00,12.6,0.0,100,89,3080.0,6.9,15.1,15.5,9,1002.6,3
1,2026-09-08T00:00:00+00:00,2026-09-12T23:00:00+00:00,12.5,0.0,99,87,2760.0,6.9,16.1,15.5,6,1002.8,3
1,2026-09-08T00:00:00+00:00,2026-09-13T00:00:00+00:00,12.3,0.0,99,86,2440.0,6.5,16.2,15.5,6,1002.9,3
1,2026-09-08T00:00:00+00:00,2026-09-13T01:00:00+00:00,12.1,0.0,98,78,10140.0,5.8,15.0,14.8,7,1002.8,3
1,2026-09-08T00:00:00+00:00,2026-09-13T02:00:00+00:00,11.8,0.0,97,70,17840.0,4.8,13.4,13.7,13,1002.9,3
1,2026-09-08T00:00:00+00:00,2026-09-13T03:00:00+00:00,11.7,0.0,96,62,25540.0,4.1,12.0,13.3,15,1003.0,3
1,2026-09-08T00:00:00+00:00,2026-09-13T04:00:00+00:00,11.8,0.0,96,62,26140.0,4.5,11.5,14.0,14,1003.3,3
1,2026-09-08T00:00:00+00:00,2026-09-13T05:00:00+00:00,12.0,0.0,96,61,26740.0,5.4,11.4,15.5,8,1003.8,3
1,2026-09-08T00:00:00+00:00,2026-09-13T06:00:00+00:00,12.4,0.0,96,61,27340.0,6.2,11.4,16.6,7,1004.1,3
1,2026-09-08T00:00:00+00:00,2026-09-13T07:00:00+00:00,13.2,0.0,90,51,29620.0,6.5,10.6,16.9,3,1004.3,2
1,2026-09-08T00:00:00+00:00,2026-09-13T08:00:00+00:00,14.2,0.0,84,41,31920.0,6.5,9.9,16.9,3,1004.5,2
1,2026-09-08T00:00:00+00:00,2026-09-13T09:00:00+00:00,15.2,0.0,78,31,34200.0,6.1,8.8,16.9,360,1004.4,2
1,2026-09-08T00:00:00+00:00,2026-09-13T10:00:00+00:00,16.1,0.0,80,21,26660.0,5.8,7.8,16.6,360,1004.4,3
1,2026-09-08T00:00:00+00:00,2026-09-13T11:00:00+00:00,16.9,0.0,83,10,19140.0,5.0,6.7,15.5,360,1004.1,3
1,2026-09-08T00:00:00+00:00,2026-09-13T12:00:00+00:00,17.5,0.0,85,0,11600.0,4.7,6.0,14.8,360,1004.0,3
1,2026-09-08T00:00:00+00:00,2026-09-13T13:00:00+00:00,17.7,0.0,73,7,13920.0,4.3,5.3,14.0,5,1003.7,2
1,2026-09-08T00:00:00+00:00,2026-09-13T14:00:00+00:00,17.6,0.0,62,14,16260.0,3.7,5.0,13.3,11,1003.4,2
1,2026-09-08T00:00:00+00:00,2026-09-13T15:00:00+00:00,17.3,0.0,50,21,18580.0,3.3,5.0,12.2,13,1003.2,2
1,2026-09-08T00:00:00+00:00,2026-09-13T16:00:00+00:00,16.7,0.0,46,26,20900.0,3.0,5.6,9.7,14,1003.2,1
1,2026-09-08T00:00:00+00:00,2026-09-13T17:00:00+00:00,15.8,0.0,41,32,23240.0,2.5,6.8,6.8,8,1003.4,1
1,2026-09-08T00:00:00+00:00,2026-09-13T18:00:00+00:00,15.1,0.0,37,37,25560.0,2.2,6.9,4.3,360,1003.4,1
1,2026-09-08T00:00:00+00:00,2026-09-13T19:00:00+00:00,14.7,0.0,46,43,21340.0,1.8,6.0,3.2,349,1003.4,2
1,2026-09-08T00:00:00+00:00,2026-09-13T20:00:00+00:00,14.5,0.0,54,49,17100.0,1.5,4.3,2.5,315,1003.3,2
1,2026-09-08T00:00:00+00:00,2026-09-13T21:00:00+00:00,14.3,0.0,63,55,12880.0,1.6,3.3,2.2,297,1003.2,2
1,2026-09-08T00:00:00+00:00,2026-09-13T22:00:00+00:00,14.0,0.0,70,61,8640.0,1.6,3.3,2.2,297,1003.1,3
1,2026-09-08T00:00:00+00:00,2026-09-13T23:00:00+00:00,13.7,0.0,77,67,4420.0,1.8,4.0,2.2,323,1002.8,3
1,2026-09-08T00:00:00+00:00,2026-09-14T00:00:00+00:00,13.5,0.0,84,73,180.0,1.8,4.2,2.2,323,1002.7,3
1,2026-09-08T00:00:00+00:00,2026-09-14T01:00:00+00:00,13.4,0.0,87,78,180.0,1.5,3.5,1.8,315,1002.6,3
1,2026-09-08T00:00:00+00:00,2026-09-14T02:00:00+00:00,13.5,0.0,90,82,180.0,1.1,3.3,1.1,288,1002.6,3
1,2026-09-08T00:00:00+00:00,2026-09-14T03:00:00+00:00,13.7,0.0,93,87,200.0,1.1,3.3,1.1,270,1002.7,3
1,2026-09-08T00:00:00+00:00,2026-09-14T04:00:00+00:00,14.1,0.0,90,85,200.0,0.4,3.5,2.2,270,1002.7,3
1,2026-09-08T00:00:00+00:00,2026-09-14T05:00:00+00:00,14.7,0.0,88,82,200.0,0.7,3.8,3.2,90,1002.7,3
1,2026-09-08T00:00:00+00:00,2026-09-14T06:00:00+00:00,15.4,0.0,85,80,200.0,1.4,4.0,4.7,90,1002.8,3
1,2026-09-08T00:00:00+00:00,2026-09-14T07:00:00+00:00,16.2,0.0,89,84,5360.0,1.5,3.3,5.8,104,1002.8,3
1,2026-09-08T00:00:00+00:00,2026-09-14T08:00:00+00:00,17.1,0.0,92,89,10540.0,1.6,2.5,6.5,117,1002.9,3
1,2026-09-08T00:00:00+00:00,2026-09-14T09:00:00+00:00,18.1,0.0,96,93,15700.0,1.3,1.5,6.8,124,1002.8,3
1,2026-09-08T00:00:00+00:00,2026-09-14T10:00:00+00:00,19.1,0.0,91,73,20860.0,1.1,0.8,6.8,108,1002.6,2
1,2026-09-08T00:00:00+00:00,2026-09-14T11:00:00+00:00,20.1,0.0,86,54,26040.0,1.0,0.8,6.5,45,1002.2,2
1,2026-09-08T00:00:00+00:00,2026-09-14T12:00:00+00:00,20.8,0.0,81,34,31200.0,1.6,1.6,6.8,27,1001.8,2
1,2026-09-08T00:00:00+00:00,2026-09-14T13:00:00+00:00,21.1,0.0,85,38,30220.0,2.7,2.7,8.3,23,1001.5,3
1,2026-09-08T00:00:00+00:00,2026-09-14T14:00:00+00:00,21.0,0.0,90,41,29220.0,3.5,4.3,9.7,24,1001.2,3
1,2026-09-08T00:00:00+00:00,2026-09-14T15:00:00+00:00,20.6,0.0,94,45,28240.0,4.2,5.7,10.8,20,1001.1,3
1,2026-09-08T00:00:00+00:00,2026-09-14T16:00:00+00:00,19.7,0.0,94,44,27260.0,4.0,7.2,10.4,10,1001.3,3
1,2026-09-08T00:00:00+00:00,2026-09-14T17:00:00+00:00,18.3,0.0,93,44,26260.0,3.7,8.5,9.0,349,1001.5,3
1,2026-09-08T00:00:00+00:00,2026-09-14T18:00:00+00:00,17.3,0.0,93,43,25280.0,3.2,9.2,7.6,333,1001.6,3
1,2026-09-08T00:00:00+00:00,2026-09-14T19:00:00+00:00,17.0,0.0,91,48,24020.0,2.4,7.8,5.4,333,1001.6,3
1,2026-09-08T00:00:00+00:00,2026-09-14T20:00:00+00:00,16.9,0.0,90,53,22780.0,1.1,5.7,2.9,360,1001.6,3
1,2026-09-08T00:00:00+00:00,2026-09-14T21:00:00+00:00,16.8,0.0,88,58,21520.0,0.5,4.8,1.4,45,1001.5,3
1,2026-09-08T00:00:00+00:00,2026-09-14T22:00:00+00:00,16.4,0.0,73,53,20260.0,0.7,5.8,2.2,360,1001.5,1
1,2026-09-08T00:00:00+00:00,2026-09-14T23:00:00+00:00,16.0,0.0,57,47,19020.0,1.6,7.9,4.0,333,1001.3,1
1,2026-09-08T01:00:00+00:00,2026-09-08T00:00:00+00:00,11.7,0.0,0,0,29200.0,4.7,20.0,12.2,274,1004.8,0
1,2026-09-08T01:00:00+00:00,2026-09-08T01:00:00+00:00,11.4,0.0,0,0,27120.0,4.3,19.3,12.2,270,1004.8,0
1,2026-09-08T01:00:00+00:00,2026-09-08T02:00:00+00:00,11.1,0.0,5,0,26100.0,3.7,17.8,13.0,259,1004.4,0
1,2026-09-08T01:00:00+00:00,2026-09-08T03:00:00+00:00,10.7,0.0,9,0,21960.0,3.8,16.2,11.2,253,1004.2,1
1,2026-09-08T01:00:00+00:00,2026-09-08T04:00:00+00:00,10.4,0.0,5,5,17800.0,3.4,14.7,10.4,252,1004.2,0
1,2026-09-08T01:00:00+00:00,2026-09-08T05:00:00+00:00,11.8,0.0,60,0,24880.0,3.1,15.0,10.4,249,1004.4,2
1,2026-09-08T01:00:00+00:00,2026-09-08T06:00:00+00:00,13.9,0.0,100,0,32520.0,4.7,14.1,14.8,261,1004.2,3
1,2026-09-08T01:00:00+00:00,2026-09-08T07:00:00+00:00,15.6,0.0,100,0,36700.0,4.7,6.7,16.6,266,1004.2,3
1,2026-09-08T01:00:00+00:00,2026-09-08T08:00:00+00:00,17.3,0.0,100,13,39420.0,5.1,7.5,16.2,262,1003.9,3
1,2026-09-08T01:00:00+00:00,2026-09-08T09:00:00+00:00,18.8,0.0,70,47,40460.0,6.1,9.5,19.4,267,1003.7,2
1,2026-09-08T01:00:00+00:00,2026-09-08T10:00:00+00:00,19.7,0.0,63,63,40960.0,6.2,9.2,20.2,263,1002.8,2
1,2026-09-08T01:00:00+00:00,2026-09-08T11:00:00+00:00,20.2,0.0,61,60,41140.0,6.0,8.8,19.4,253,1002.4,2
1,2026-09-08T01:00:00+00:00,2026-09-08T12:00:00+00:00,20.5,0.0,70,55,41160.0,6.0,8.8,19.4,245,1001.4,2
1,2026-09-08T01:00:00+00:00,2026-09-08T13:00:00+00:00,20.8,0.0,49,48,41360.0,6.0,9.3,19.1,245,1000.8,2
1,2026-09-08T01:00:00+00:00,2026-09-08T14:00:00+00:00,20.8,0.0,46,46,41500.0,6.2,9.5,18.7,249,1000.3,2
1,2026-09-08T01:00:00+00:00,2026-09-08T15:00:00+00:00,20.5,0.0,44,44,41420.0,5.4,9.7,18.4,262,999.8,2
1,2026-09-08T01:00:00+00:00,2026-09-08T16:00:00+00:00,19.9,0.0,49,29,41460.0,3.8,8.5,16.2,253,999.4,2
1,2026-09-08T01:00:00+00:00,2026-09-08T17:00:00+00:00,18.8,0.0,29,0,41060.0,1.5,4.5,9.4,166,999.3,1
1,2026-09-08T01:00:00+00:00,2026-09-08T18:00:00+00:00,18.1,0.0,16,0,40780.0,2.3,4.7,3.6,141,999.4,1
1,2026-09-08T01:00:00+00:00,2026-09-08T19:00:00+00:00,17.1,0.0,23,0,39720.0,3.1,11.7,7.9,159,998.9,1
1,2026-09-08T01:00:00+00:00,2026-09-08T20:00:00+00:00,16.5,0.0,30,0,39180.0,2.9,15.0,9.7,150,998.8,1
1,2026-09-08T01:00:00+00:00,2026-09-08T21:00:00+00:00,16.0,0.0,7,0,39180.0,3.1,15.2,8.6,144,998.8,0
1,2026-09-08T01:00:00+00:00,2026-09-08T22:00:00+00:00,15.3,0.0,12,0,38600.0,3.5,16.3,9.4,156,998.7,1
1,2026-09-08T01:00:00+00:00,2026-09-08T23:00:00+00:00,14.9,0.0,67,0,38220.0,4.3,20.5,10.8,175,998.3,2
1,2026-09-08T01:00:00+00:00,2026-09-09T00:00:00+00:00,14.8,0.0,100,0,38240.0,4.3,22.0,11.5,175,998.0,3
1,2026-09-08T01:00:00+00:00,2026-09-09T01:00:00+00:00,14.8,0.0,57,0,38460.0,3.9,19.5,11.5,158,998.1,2
1,2026-09-08T01:00:00+00:00,2026-09-09T02:00:00+00:00,14.4,0.0,94,0,38000.0,4.1,20.9,11.2,165,997.8,3
1,2026-09-08T01:00:00+00:00,2026-09-09T03:00:00+00:00,14.2,0.0,100,0,35780.0,4.1,21.3,11.2,165,997.7,3
1,2026-09-08T01:00:00+00:00,2026-09-09T04:00:00+00:00,14.3,0.0,83,0,34780.0,3.4,18.3,10.8,162,997.7,3
1,2026-09-08T01:00:00+00:00,2026-09-09T05:00:00+00:00,15.0,0.0,2,0,33120.0,3.8,18.2,11.5,163,997.6,0
1,2026-09-08T01:00:00+00:00,2026-09-09T06:00:00+00:00,17.0,0.0,4,0,36420.0,5.9,17.8,16.9,169,997.9,0
1,2026-09-08T01:00:00+00:00,2026-09-09T07:00:00+00:00,19.2,0.0,0,0,40360.0,5.8,9.2,18.7,173,997.9,0
1,2026-09-08T01:00:00+00:00,2026-09-09T08:00:00+00:00,21.5,0.0,0,0,40920.0,6.5,10.2,20.2,174,997.9,0
1,2026-09-08T01:00:00+00:00,2026-09-09T09:00:00+00:00,23.5,0.0,22,0,41560.0,7.9,13.1,23.8,183,997.7,1
1,2026-09-08T01:00:00+00:00,2026-09-09T10:00:00+00:00,24.8,0.0,5,0,42460.0,9.8,17.4,28.8,186,997.3,0
1,2026-09-08T01:00:00+00:00,2026-09-09T11:00:00+00:00,25.7,0.0,97,0,43720.0,10.2,18.3,29.9,188,996.8,3
1,2026-09-08T01:00:00+00:00,2026-09-09T12:00:00+00:00,26.0,0.0,93,0,44420.0,9.5,17.3,29.5,191,996.4,3
1,2026-09-08T01:00:00+00:00,2026-09-09T13:00:00+00:00,26.5,0.0,64,0,45120.0,9.4,17.1,27.4,198,996.1,2
1,2026-09-08T01:00:00+00:00,2026-09-09T14:00:00+00:00,26.4,0.0,72,0,45040.0,8.8,16.6,26.6,199,995.7,2
1,2026-09-08T01:00:00+00:00,2026-09-09T15:00:00+00:00,25.8,0.0,22,0,44600.0,7.6,16.2,24.5,199,995.3,1
1,2026-09-08T01:00:00+00:00,2026-09-09T16:00:00+00:00,24.5,0.0,1,0,43300.0,4.3,16.3,20.5,180,995.2,0
1,2026-09-08T01:00:00+00:00,2026-09-09T17:00:00+00:00,22.9,0.0,0,0,42120.0,3.6,17.2,11.9,174,995.4,0
1,2026-09-08T01:00:00+00:00,2026-09-09T18:00:00+00:00,21.9,0.0,0,0,41700.0,3.6,18.3,8.3,180,995.6,0
1,2026-09-08T01:00:00+00:00,2026-09-09T19:00:00+00:00,21.2,0.0,0,0,41420.0,4.0,20.0,9.4,175,995.6,0
1,2026-09-08T01:00:00+00:00,2026-09-09T20:00:00+00:00,20.5,0.0,0,0,41100.0,4.7,23.3,10.8,176,995.5,0
1,2026-09-08T01:00:00+00:00,2026-09-09T21:00:00+00:00,20.1,0.0,0,0,41000.0,5.4,27.6,14.0,184,995.6,0
1,2026-09-08T01:00:00+00:00,2026-09-09T22:00:00+00:00,19.6,0.0,0,0,40820.0,6.4,30.8,17.6,196,995.7,0
1,2026-09-08T01:00:00+00:00,2026-09-09T23:00:00+00:00,19.1,0.0,0,0,40080.0,6.8,33.1,19.1,212,995.6,0
1,2026-09-08T01:00:00+00:00,2026-09-10T00:00:00+00:00,18.6,0.0,0,0,37300.0,6.8,32.7,19.4,212,995.5,0
1,2026-09-08T01:00:00+00:00,2026-09-10T01:00:00+00:00,18.1,0.0,0,0,35120.0,7.4,33.4,21.2,209,995.6,0
1,2026-09-08T01:00:00+00:00,2026-09-10T02:00:00+00:00,17.6,0.0,0,0,31980.0,7.9,34.2,22.3,210,995.6,0
1,2026-09-08T01:00:00+00:00,2026-09-10T03:00:00+00:00,17.2,0.0,0,0,30940.0,7.6,33.8,22.0,211,995.7,0
1,2026-09-08T01:00:00+00:00,2026-09-10T04:00:00+00:00,16.8,0.0,0,0,28900.0,7.6,32.3,21.6,205,995.9,0
1,2026-09-08T01:00:00+00:00,2026-09-10T05:00:00+00:00,17.2,0.0,0,0,27880.0,8.3,32.9,23.0,198,996.1,0
1,2026-09-08T01:00:00+00:00,2026-09-10T06:00:00+00:00,18.9,0.0,0,0,33620.0,10.0,22.8,27.4,195,996.2,0
1,2026-09-08T01:00:00+00:00,2026-09-10T07:00:00+00:00,21.0,0.0,0,0,39620.0,10.8,21.4,29.9,195,996.3,0
1,2026-09-08T01:00:00+00:00,2026-09-10T08:00:00+00:00,23.1,0.0,0,0,40460.0,11.4,21.7,32.0,191,996.4,0
1,2026-09-08T01:00:00+00:00,2026-09-10T09:00:00+00:00,24.8,0.0,0,0,41080.0,13.3,26.0,36.7,193,996.1,0
1,2026-09-08T01:00:00+00:00,2026-09-10T10:00:00+00:00,26.1,0.0,0,0,41680.0,13.8,26.9,38.2,195,995.9,0
1,2026-09-08T01:00:00+00:00,2026-09-10T11:00:00+00:00,27.1,0.0,0,0,42260.0,13.8,26.9,38.2,195,995.5,0
1,2026-09-08T01:00:00+00:00,2026-09-10T12:00:00+00:00,27.7,0.0,0,0,42660.0,14.2,28.5,39.2,187,994.9,0
1,2026-09-08T01:00:00+00:00,2026-09-10T13:00:00+00:00,28.1,0.0,0,0,43240.0,13.4,28.2,39.2,194,994.5,0
1,2026-09-08T01:00:00+00:00,2026-09-10T14:00:00+00:00,28.1,0.0,0,0,43680.0,12.4,27.2,36.7,210,994.5,0
1,2026-09-08T01:00:00+00:00,2026-09-10T15:00:00+00:00,27.5,0.0,0,0,43420.0,11.3,26.8,33.8,202,994.3,0
1,2026-09-08T01:00:00+00:00,2026-09-10T16:00:00+00:00,26.1,0.0,0,0,42620.0,8.4,26.3,30.2,200,994.4,0
1,2026-09-08T01:00:00+00:00,2026-09-10T17:00:00+00:00,24.5,0.0,0,0,42120.0,7.3,30.3,22.0,191,994.4,0
1,2026-09-08T01:00:00+00:00,2026-09-10T18:00:00+00:00,23.3,0.0,0,0,42100.0,7.9,33.8,21.2,196,994.4,0
1,2026-09-08T01:00:00+00:00,2026-09-10T19:00:00+00:00,22.5,0.0,96,0,41860.0,9.0,37.9,23.8,203,994.4,3
1,2026-09-08T01:00:00+00:00,2026-09-10T20:00:00+00:00,21.7,0.0,1,0,41220.0,9.7,40.4,26.3,211,994.4,0
1,2026-09-08T01:00:00+00:00,2026-09-10T21:00:00+00:00,20.6,0.0,2,0,40540.0,9.6,35.2,26.6,250,995.0,0
1,2026-09-08T01:00:00+00:00,2026-09-10T22:00:00+00:00,18.8,0.0,56,29,34940.0,13.0,31.7,34.9,321,995.9,2
1,2026-09-08T01:00:00+00:00,2026-09-10T23:00:00+00:00,17.7,0.0,88,44,33980.0,12.0,29.0,34.2,314,996.5,3
1,2026-09-08T01:00:00+00:00,2026-09-11T00:00:00+00:00,17.1,0.0,97,74,29780.0,11.3,27.6,33.8,323,997.2,3
1,2026-09-08T01:00:00+00:00,2026-09-11T01:00:00+00:00,15.8,0.2,98,68,28920.0,11.0,26.6,32.4,322,997.8,61
1,2026-09-08T01:00:00+00:00,2026-09-11T02:00:00+00:00,14.6,0.2,99,62,28080.0,9.4,22.6,29.5,313,998.2,61
1,2026-09-08T01:00:00+00:00,2026-09-11T03:00:00+00:00,13.8,0.2,100,56,27220.0,8.8,20.2,27.4,305,998.7,61
1,2026-09-08T01:00:00+00:00,2026-09-11T04:00:00+00:00,13.8,0.0,99,64,25280.0,9.0,20.2,27.0,307,999.3,3
1,2026-09-08T01:00:00+00:00,2026-09-11T05:00:00+00:00,14.3,0.0,99,71,23340.0,10.0,20.9,27.0,311,999.9,3
1,2026-09-08T01:00:00+00:00,2026-09-11T06:00:00+00:00,15.1,0.0,98,79,21400.0,10.4,21.7,27.7,314,1000.4,3
1,2026-09-08T01:00:00+00:00,2026-09-11T07:00:00+00:00,16.1,0.0,99,77,26900.0,10.9,21.2,28.8,316,1000.7,3
1,2026-09-08T01:00:00+00:00,2026-09-11T08:00:00+00:00,17.4,0.0,99,74,32420.0,11.2,20.2,30.6,318,1000.9,3
1,2026-09-08T01:00:00+00:00,2026-09-11T09:00:00+00:00,18.5,0.0,100,72,37920.0,11.5,19.5,31.7,319,1001.1,3
1,2026-09-08T01:00:00+00:00,2026-09-11T10:00:00+00:00,19.3,0.0,100,57,39100.0,11.0,18.5,32.0,319,1001.2,3
1,2026-09-08T01:00:00+00:00,2026-09-11T11:00:00+00:00,19.8,0.0,100,41,40300.0,10.5,17.5,31.7,319,1001.3,3
1,2026-09-08T01:00:00+00:00,2026-09-11T12:00:00+00:00,20.0,0.0,100,26,41480.0,10.0,17.0,31.0,319,1001.4,3
1,2026-09-08T01:00:00+00:00,2026-09-11T13:00:00+00:00,20.0,0.0,100,28,41860.0,9.7,16.8,29.9,321,1001.4,3
1,2026-09-08T01:00:00+00:00,2026-09-11T14:00:00+00:00,19.8,0.0,100,29,42220.0,9.5,17.4,28.4,323,1001.5,3
1,2026-09-08T01:00:00+00:00,2026-09-11T15:00:00+00:00,19.3,0.0,100,31,42600.0,9.0,17.4,25.9,323,1001.5,3
1,2026-09-08T01:00:00+00:00,2026-09-11T16:00:00+00:00,18.2,0.0,100,27,42140.0,7.4,17.7,21.6,321,1001.8,3
1,2026-09-08T01:00:00+00:00,2026-09-11T17:00:00+00:00,16.9,0.0,100,23,41700.0,5.6,18.0,16.2,310,1002.2,3
1,2026-09-08T01:00:00+00:00,2026-09-11T18:00:00+00:00,15.8,0.0,100,19,41240.0,4.0,17.4,11.9,297,1002.5,3
1,2026-09-08T01:00:00+00:00,2026-09-11T19:00:00+00:00,15.0,0.0,95,13,40400.0,3.4,15.6,9.7,288,1002.7,3
1,2026-09-08T01:00:00+00:00,2026-09-11T20:00:00+00:00,14.5,0.0,90,8,39580.0,3.1,13.8,8.3,291,1002.9,3
1,2026-09-08T01:00:00+00:00,2026-09-11T21:00:00+00:00,14.1,0.0,85,2,38740.0,2.7,12.7,7.6,293,1003.0,3
1,2026-09-08T01:00:00+00:00,2026-09-11T22:00:00+00:00,13.8,0.0,87,13,38800.0,2.4,12.7,7.6,297,1003.0,3
1,2026-09-08T01:00:00+00:00,2026-09-11T23:00:00+00:00,13.6,0.0,90,23,38880.0,2.6,13.4,7.9,304,1003.0,3
1,2026-09-08T01:00:00+00:00,2026-09-12T00:00:00+00:00,13.4,0.0,92,34,38940.0,2.5,13.1,7.9,315,1003.0,3
1,2026-09-08T01:00:00+00:00,2026-09-12T01:00:00+00:00,13.2,0.0,93,23,38780.0,2.4,11.8,7.2,333,1002.9,3
1,2026-09-08T01:00:00+00:00,2026-09-12T02:00:00+00:00,13.1,0.0,93,12,38600.0,2.2,10.9,6.5,351,1002.8,3
1,2026-09-08T01:00:00+00:00,2026-09-12T03:00:00+00:00,13.1,0.0,94,1,38440.0,2.2,10.3,6.1,9,1002.9,3
1,2026-09-08T01:00:00+00:00,2026-09-12T04:00:00+00:00,13.3,0.0,96,3,37420.0,2.4,9.5,6.8,27,1003.3,3
1,2026-09-08T01:00:00+00:00,2026-09-12T05:00:00+00:00,13.7,0.0,98,6,36420.0,2.5,8.7,8.3,45,1003.8,3
1,2026-09-08T01:00:00+00:00,2026-09-12T06:00:00+00:00,14.2,0.0,100,8,35400.0,2.9,7.8,9.7,60,1004.2,3
1,2026-09-08T01:00:00+00:00,2026-09-12T07:00:00+00:00,15.0,0.0,100,5,36620.0,3.0,6.8,10.8,76,1004.2,3
1,2026-09-08T01:00:00+00:00,2026-09-12T08:00:00+00:00,15.9,0.0,99,3,37840.0,2.9,5.3,12.2,83,1004.2,3
1,2026-09-08T01:00:00+00:00,2026-09-12T09:00:00+00:00,16.7,0.0,99,0,39060.0,2.9,4.2,13.0,90,1004.1,3
1,2026-09-08T01:00:00+00:00,2026-09-12T10:00:00+00:00,17.1,0.0,97,13,39440.0,3.0,3.9,13.0,76,1004.0,61
1,2026-09-08T01:00:00+00:00,2026-09-12T11:00:00+00:00,17.5,0.0,95,27,39800.0,3.1,4.1,13.0,54,1003.9,61
1,2026-09-08T01:00:00+00:00,2026-09-12T12:00:00+00:00,17.7,0.0,93,40,40180.0,3.6,4.7,12.6,45,1003.8,61
1,2026-09-08T01:00:00+00:00,2026-09-12T13:00:00+00:00,17.9,0.0,95,42,40400.0,3.8,5.0,12.2,49,1003.6,3
1,2026-09-08T01:00:00+00:00,2026-09-12T14:00:00+00:00,18.0,0.0,96,45,40640.0,3.6,5.4,11.9,53,1003.5,3
1,2026-09-08T01:00:00+00:00,2026-09-12T15:00:00+00:00,17.9,0.0,98,47,40860.0,2.9,4.3,11.5,60,1003.4,3
1,2026-09-08T01:00:00+00:00,2026-09-12T16:00:00+00:00,17.1,0.0,97,37,41510.0,1.3,2.7,10.5,36,1003.6,3
1,2026-09-08T01:00:00+00:00,2026-09-12T17:00:00+00:00,15.9,0.0,96,33,41940.0,1.7,4.9,8.1,283,1003.8,3
1,2026-09-08T01:00:00+00:00,2026-09-12T18:00:00+00:00,14.8,0.0,92,34,42150.0,2.8,6.0,5.2,261,1003.9,3
1,2026-09-08T01:00:00+00:00,2026-09-12T19:00:00+00:00,13.0,0.0,100,96,42620.0,5.8,14.7,14.8,30,1002.2,3
1,2026-09-08T01:00:00+00:00,2026-09-12T20:00:00+00:00,12.9,0.0,100,93,41720.0,6.5,14.0,15.1,19,1002.3,3
1,2026-09-08T01:00:00+00:00,2026-09-12T21:00:00+00:00,12.8,0.0,100,90,40800.0,6.6,14.4,15.5,13,1002.5,3
1,2026-09-08T01:00:00+00:00,2026-09-12T22:00:00+00:00,12.6,0.0,100,89,40800.0,6.9,15.1,15.5,9,1002.6,3
1,2026-09-08T01:00:00+00:00,2026-09-12T23:00:00+00:00,12.5,0.0,99,87,40800.0,6.9,16.1,15.5,6,1002.8,3
1,2026-09-08T01:00:00+00:00,2026-09-13T00:00:00+00:00,12.3,0.0,99,86,40800.0,6.5,16.2,15.5,6,1002.9,3
1,2026-09-08T01:00:00+00:00,2026-09-13T01:00:00+00:00,12.1,0.0,98,78,40800.0,5.8,15.0,14.8,7,1002.8,3
1,2026-09-08T01:00:00+00:00,2026-09-13T02:00:00+00:00,11.8,0.0,97,70,40800.0,4.8,13.4,13.7,13,1002.9,3
1,2026-09-08T01:00:00+00:00,2026-09-13T03:00:00+00:00,11.7,0.0,96,62,40800.0,4.1,12.0,13.3,15,1003.0,3
1,2026-09-08T01:00:00+00:00,2026-09-13T04:00:00+00:00,11.8,0.0,96,62,41720.0,4.5,11.5,14.0,14,1003.3,3
1,2026-09-08T01:00:00+00:00,2026-09-13T05:00:00+00:00,12.0,0.0,96,61,42620.0,5.4,11.4,15.5,8,1003.8,3
1,2026-09-08T01:00:00+00:00,2026-09-13T06:00:00+00:00,12.4,0.0,96,61,43540.0,6.2,11.4,16.6,7,1004.1,3
1,2026-09-08T01:00:00+00:00,2026-09-13T07:00:00+00:00,13.2,0.0,90,51,46140.0,6.5,10.6,16.9,3,1004.3,2
1,2026-09-08T01:00:00+00:00,2026-09-13T08:00:00+00:00,14.2,0.0,84,41,48760.0,6.5,9.9,16.9,3,1004.5,2
1,2026-09-08T01:00:00+00:00,2026-09-13T09:00:00+00:00,15.2,0.0,78,31,51360.0,6.1,8.8,16.9,360,1004.4,2
1,2026-09-08T01:00:00+00:00,2026-09-13T10:00:00+00:00,16.1,0.0,80,21,51360.0,5.8,7.8,16.6,360,1004.4,3
1,2026-09-08T01:00:00+00:00,2026-09-13T11:00:00+00:00,16.9,0.0,83,10,51360.0,5.0,6.7,15.5,360,1004.1,3
1,2026-09-08T01:00:00+00:00,2026-09-13T12:00:00+00:00,17.5,0.0,85,0,51360.0,4.7,6.0,14.8,360,1004.0,3
1,2026-09-08T01:00:00+00:00,2026-09-13T13:00:00+00:00,17.7,0.0,73,7,50160.0,4.3,5.3,14.0,5,1003.7,2
1,2026-09-08T01:00:00+00:00,2026-09-13T14:00:00+00:00,17.6,0.0,62,14,48960.0,3.7,5.0,13.3,11,1003.4,2
1,2026-09-08T01:00:00+00:00,2026-09-13T15:00:00+00:00,17.3,0.0,50,21,47760.0,3.3,5.0,12.2,13,1003.2,2
1,2026-09-08T01:00:00+00:00,2026-09-13T16:00:00+00:00,16.7,0.0,46,26,46360.0,3.0,5.6,9.7,14,1003.2,1
1,2026-09-08T01:00:00+00:00,2026-09-13T17:00:00+00:00,15.8,0.0,41,32,44960.0,2.5,6.8,6.8,8,1003.4,1
1,2026-09-08T01:00:00+00:00,2026-09-13T18:00:00+00:00,15.1,0.0,37,37,43560.0,2.2,6.9,4.3,360,1003.4,1
1,2026-09-08T01:00:00+00:00,2026-09-13T19:00:00+00:00,14.7,0.0,46,43,21340.0,1.8,6.0,3.2,349,1003.4,2
1,2026-09-08T01:00:00+00:00,2026-09-13T20:00:00+00:00,14.5,0.0,54,49,17100.0,1.5,4.3,2.5,315,1003.3,2
1,2026-09-08T01:00:00+00:00,2026-09-13T21:00:00+00:00,14.3,0.0,63,55,12880.0,1.6,3.3,2.2,297,1003.2,2
1,2026-09-08T01:00:00+00:00,2026-09-13T22:00:00+00:00,14.0,0.0,70,61,8640.0,1.6,3.3,2.2,297,1003.1,3
1,2026-09-08T01:00:00+00:00,2026-09-13T23:00:00+00:00,13.7,0.0,77,67,4420.0,1.8,4.0,2.2,323,1002.8,3
1,2026-09-08T01:00:00+00:00,2026-09-14T00:00:00+00:00,13.5,0.0,84,73,180.0,1.8,4.2,2.2,323,1002.7,3
1,2026-09-08T01:00:00+00:00,2026-09-14T01:00:00+00:00,13.4,0.0,87,78,180.0,1.5,3.5,1.8,315,1002.6,3
1,2026-09-08T01:00:00+00:00,2026-09-14T02:00:00+00:00,13.5,0.0,90,82,180.0,1.1,3.3,1.1,288,1002.6,3
1,2026-09-08T01:00:00+00:00,2026-09-14T03:00:00+00:00,13.7,0.0,93,87,200.0,1.1,3.3,1.1,270,1002.7,3
1,2026-09-08T01:00:00+00:00,2026-09-14T04:00:00+00:00,14.1,0.0,90,85,200.0,0.4,3.5,2.2,270,1002.7,3
1,2026-09-08T01:00:00+00:00,2026-09-14T05:00:00+00:00,14.7,0.0,88,82,200.0,0.7,3.8,3.2,90,1002.7,3
1,2026-09-08T01:00:00+00:00,2026-09-14T06:00:00+00:00,15.4,0.0,85,80,200.0,1.4,4.0,4.7,90,1002.8,3
1,2026-09-08T01:00:00+00:00,2026-09-14T07:00:00+00:00,16.2,0.0,89,84,5360.0,1.5,3.3,5.8,104,1002.8,3
1,2026-09-08T01:00:00+00:00,2026-09-14T08:00:00+00:00,17.1,0.0,92,89,10540.0,1.6,2.5,6.5,117,1002.9,3
1,2026-09-08T01:00:00+00:00,2026-09-14T09:00:00+00:00,18.1,0.0,96,93,15700.0,1.3,1.5,6.8,124,1002.8,3
1,2026-09-08T01:00:00+00:00,2026-09-14T10:00:00+00:00,19.1,0.0,91,73,20860.0,1.1,0.8,6.8,108,1002.6,2
1,2026-09-08T01:00:00+00:00,2026-09-14T11:00:00+00:00,20.1,0.0,86,54,26040.0,1.0,0.8,6.5,45,1002.2,2
1,2026-09-08T01:00:00+00:00,2026-09-14T12:00:00+00:00,20.8,0.0,81,34,31200.0,1.6,1.6,6.8,27,1001.8,2
1,2026-09-08T01:00:00+00:00,2026-09-14T13:00:00+00:00,21.1,0.0,85,38,30220.0,2.7,2.7,8.3,23,1001.5,3
1,2026-09-08T01:00:00+00:00,2026-09-14T14:00:00+00:00,21.0,0.0,90,41,29220.0,3.5,4.3,9.7,24,1001.2,3
1,2026-09-08T01:00:00+00:00,2026-09-14T15:00:00+00:00,20.6,0.0,94,45,28240.0,4.2,5.7,10.8,20,1001.1,3
1,2026-09-08T01:00:00+00:00,2026-09-14T16:00:00+00:00,19.7,0.0,94,44,27260.0,4.0,7.2,10.4,10,1001.3,3
1,2026-09-08T01:00:00+00:00,2026-09-14T17:00:00+00:00,18.3,0.0,93,44,26260.0,3.7,8.5,9.0,349,1001.5,3
1,2026-09-08T01:00:00+00:00,2026-09-14T18:00:00+00:00,17.3,0.0,93,43,25280.0,3.2,9.2,7.6,333,1001.6,3
1,2026-09-08T01:00:00+00:00,2026-09-14T19:00:00+00:00,17.0,0.0,91,48,24020.0,2.4,7.8,5.4,333,1001.6,3
1,2026-09-08T01:00:00+00:00,2026-09-14T20:00:00+00:00,16.9,0.0,90,53,22780.0,1.1,5.7,2.9,360,1001.6,3
1,2026-09-08T01:00:00+00:00,2026-09-14T21:00:00+00:00,16.8,0.0,88,58,21520.0,0.5,4.8,1.4,45,1001.5,3
1,2026-09-08T01:00:00+00:00,2026-09-14T22:00:00+00:00,16.4,0.0,73,53,20260.0,0.7,5.8,2.2,360,1001.5,1
1,2026-09-08T01:00:00+00:00,2026-09-14T23:00:00+00:00,16.0,0.0,57,47,19020.0,1.6,7.9,4.0,333,1001.3,1
1,2026-09-08T02:00:00+00:00,2026-09-08T00:00:00+00:00,11.7,0.0,0,0,29200.0,4.7,20.0,12.2,274,1004.8,0
1,2026-09-08T02:00:00+00:00,2026-09-08T01:00:00+00:00,11.4,0.0,0,0,27120.0,4.3,19.3,12.2,270,1004.8,0
1,2026-09-08T02:00:00+00:00,2026-09-08T02:00:00+00:00,11.1,0.0,5,0,26100.0,3.7,17.8,13.0,259,1004.4,0
1,2026-09-08T02:00:00+00:00,2026-09-08T03:00:00+00:00,10.7,0.0,9,0,21960.0,3.8,16.2,11.2,253,1004.2,1
1,2026-09-08T02:00:00+00:00,2026-09-08T04:00:00+00:00,10.4,0.0,5,5,17800.0,3.4,14.7,10.4,252,1004.2,0
1,2026-09-08T02:00:00+00:00,2026-09-08T05:00:00+00:00,11.8,0.0,60,0,24880.0,3.1,15.0,10.4,249,1004.4,2
1,2026-09-08T02:00:00+00:00,2026-09-08T06:00:00+00:00,13.9,0.0,100,0,32520.0,4.7,14.1,14.8,261,1004.2,3
1,2026-09-08T02:00:00+00:00,2026-09-08T07:00:00+00:00,15.6,0.0,100,0,36700.0,4.7,6.7,16.6,266,1004.2,3
1,2026-09-08T02:00:00+00:00,2026-09-08T08:00:00+00:00,17.3,0.0,100,13,39420.0,5.1,7.5,16.2,262,1003.9,3
1,2026-09-08T02:00:00+00:00,2026-09-08T09:00:00+00:00,18.8,0.0,70,47,40460.0,6.1,9.5,19.4,267,1003.7,2
1,2026-09-08T02:00:00+00:00,2026-09-08T10:00:00+00:00,19.7,0.0,63,63,40960.0,6.2,9.2,20.2,263,1002.8,2
1,2026-09-08T02:00:00+00:00,2026-09-08T11:00:00+00:00,20.2,0.0,61,60,41140.0,6.0,8.8,19.4,253,1002.4,2
1,2026-09-08T02:00:00+00:00,2026-09-08T12:00:00+00:00,20.5,0.0,70,55,41160.0,6.0,8.8,19.4,245,1001.4,2
1,2026-09-08T02:00:00+00:00,2026-09-08T13:00:00+00:00,20.8,0.0,49,48,41360.0,6.0,9.3,19.1,245,1000.8,2
1,2026-09-08T02:00:00+00:00,2026-09-08T14:00:00+00:00,20.8,0.0,46,46,41500.0,6.2,9.5,18.7,249,1000.3,2
1,2026-09-08T02:00:00+00:00,2026-09-08T15:00:00+00:00,20.5,0.0,44,44,41420.0,5.4,9.7,18.4,262,999.8,2
1,2026-09-08T02:00:00+00:00,2026-09-08T16:00:00+00:00,19.9,0.0,49,29,41460.0,3.8,8.5,16.2,253,999.4,2
1,2026-09-08T02:00:00+00:00,2026-09-08T17:00:00+00:00,18.8,0.0,29,0,41060.0,1.5,4.5,9.4,166,999.3,1
1,2026-09-08T02:00:00+00:00,2026-09-08T18:00:00+00:00,18.1,0.0,16,0,40780.0,2.3,4.7,3.6,141,999.4,1
1,2026-09-08T02:00:00+00:00,2026-09-08T19:00:00+00:00,17.1,0.0,23,0,39720.0,3.1,11.7,7.9,159,998.9,1
1,2026-09-08T02:00:00+00:00,2026-09-08T20:00:00+00:00,16.5,0.0,30,0,39180.0,2.9,15.0,9.7,150,998.8,1
1,2026-09-08T02:00:00+00:00,2026-09-08T21:00:00+00:00,16.0,0.0,7,0,39180.0,3.1,15.2,8.6,144,998.8,0
1,2026-09-08T02:00:00+00:00,2026-09-08T22:00:00+00:00,15.3,0.0,12,0,38600.0,3.5,16.3,9.4,156,998.7,1
1,2026-09-08T02:00:00+00:00,2026-09-08T23:00:00+00:00,14.9,0.0,67,0,38220.0,4.3,20.5,10.8,175,998.3,2
1,2026-09-08T02:00:00+00:00,2026-09-09T00:00:00+00:00,14.8,0.0,100,0,38240.0,4.3,22.0,11.5,175,998.0,3
1,2026-09-08T02:00:00+00:00,2026-09-09T01:00:00+00:00,14.8,0.0,57,0,38460.0,3.9,19.5,11.5,158,998.1,2
1,2026-09-08T02:00:00+00:00,2026-09-09T02:00:00+00:00,14.4,0.0,94,0,38000.0,4.1,20.9,11.2,165,997.8,3
1,2026-09-08T02:00:00+00:00,2026-09-09T03:00:00+00:00,14.2,0.0,100,0,35780.0,4.1,21.3,11.2,165,997.7,3
1,2026-09-08T02:00:00+00:00,2026-09-09T04:00:00+00:00,14.3,0.0,83,0,34780.0,3.4,18.3,10.8,162,997.7,3
1,2026-09-08T02:00:00+00:00,2026-09-09T05:00:00+00:00,15.0,0.0,2,0,33120.0,3.8,18.2,11.5,163,997.6,0
1,2026-09-08T02:00:00+00:00,2026-09-09T06:00:00+00:00,17.0,0.0,4,0,36420.0,5.9,17.8,16.9,169,997.9,0
1,2026-09-08T02:00:00+00:00,2026-09-09T07:00:00+00:00,19.2,0.0,0,0,40360.0,5.8,9.2,18.7,173,997.9,0
1,2026-09-08T02:00:00+00:00,2026-09-09T08:00:00+00:00,21.5,0.0,0,0,40920.0,6.5,10.2,20.2,174,997.9,0
1,2026-09-08T02:00:00+00:00,2026-09-09T09:00:00+00:00,23.5,0.0,22,0,41560.0,7.9,13.1,23.8,183,997.7,1
1,2026-09-08T02:00:00+00:00,2026-09-09T10:00:00+00:00,24.8,0.0,5,0,42460.0,9.8,17.4,28.8,186,997.3,0
1,2026-09-08T02:00:00+00:00,2026-09-09T11:00:00+00:00,25.7,0.0,97,0,43720.0,10.2,18.3,29.9,188,996.8,3
1,2026-09-08T02:00:00+00:00,2026-09-09T12:00:00+00:00,26.0,0.0,93,0,44420.0,9.5,17.3,29.5,191,996.4,3
1,2026-09-08T02:00:00+00:00,2026-09-09T13:00:00+00:00,26.5,0.0,64,0,45120.0,9.4,17.1,27.4,198,996.1,2
1,2026-09-08T02:00:00+00:00,2026-09-09T14:00:00+00:00,26.4,0.0,72,0,45040.0,8.8,16.6,26.6,199,995.7,2
1,2026-09-08T02:00:00+00:00,2026-09-09T15:00:00+00:00,25.8,0.0,22,0,44600.0,7.6,16.2,24.5,199,995.3,1
1,2026-09-08T02:00:00+00:00,2026-09-09T16:00:00+00:00,24.5,0.0,1,0,43300.0,4.3,16.3,20.5,180,995.2,0
1,2026-09-08T02:00:00+00:00,2026-09-09T17:00:00+00:00,22.9,0.0,0,0,42120.0,3.6,17.2,11.9,174,995.4,0
1,2026-09-08T02:00:00+00:00,2026-09-09T18:00:00+00:00,21.9,0.0,0,0,41700.0,3.6,18.3,8.3,180,995.6,0
1,2026-09-08T02:00:00+00:00,2026-09-09T19:00:00+00:00,21.2,0.0,0,0,41420.0,4.0,20.0,9.4,175,995.6,0
1,2026-09-08T02:00:00+00:00,2026-09-09T20:00:00+00:00,20.5,0.0,0,0,41100.0,4.7,23.3,10.8,176,995.5,0
1,2026-09-08T02:00:00+00:00,2026-09-09T21:00:00+00:00,20.1,0.0,0,0,41000.0,5.4,27.6,14.0,184,995.6,0
1,2026-09-08T02:00:00+00:00,2026-09-09T22:00:00+00:00,19.6,0.0,0,0,40820.0,6.4,30.8,17.6,196,995.7,0
1,2026-09-08T02:00:00+00:00,2026-09-09T23:00:00+00:00,19.1,0.0,0,0,40080.0,6.8,33.1,19.1,212,995.6,0
1,2026-09-08T02:00:00+00:00,2026-09-10T00:00:00+00:00,18.6,0.0,0,0,37300.0,6.8,32.7,19.4,212,995.5,0
1,2026-09-08T02:00:00+00:00,2026-09-10T01:00:00+00:00,18.1,0.0,0,0,35120.0,7.4,33.4,21.2,209,995.6,0
1,2026-09-08T02:00:00+00:00,2026-09-10T02:00:00+00:00,17.6,0.0,0,0,31980.0,7.9,34.2,22.3,210,995.6,0
1,2026-09-08T02:00:00+00:00,2026-09-10T03:00:00+00:00,17.2,0.0,0,0,30940.0,7.6,33.8,22.0,211,995.7,0
1,2026-09-08T02:00:00+00:00,2026-09-10T04:00:00+00:00,16.8,0.0,0,0,28900.0,7.6,32.3,21.6,205,995.9,0
1,2026-09-08T02:00:00+00:00,2026-09-10T05:00:00+00:00,17.2,0.0,0,0,27880.0,8.3,32.9,23.0,198,996.1,0
1,2026-09-08T02:00:00+00:00,2026-09-10T06:00:00+00:00,18.9,0.0,0,0,33620.0,10.0,22.8,27.4,195,996.2,0
1,2026-09-08T02:00:00+00:00,2026-09-10T07:00:00+00:00,21.0,0.0,0,0,39620.0,10.8,21.4,29.9,195,996.3,0
1,2026-09-08T02:00:00+00:00,2026-09-10T08:00:00+00:00,23.1,0.0,0,0,40460.0,11.4,21.7,32.0,191,996.4,0
1,2026-09-08T02:00:00+00:00,2026-09-10T09:00:00+00:00,24.8,0.0,0,0,41080.0,13.3,26.0,36.7,193,996.1,0
1,2026-09-08T02:00:00+00:00,2026-09-10T10:00:00+00:00,26.1,0.0,0,0,41680.0,13.8,26.9,38.2,195,995.9,0
1,2026-09-08T02:00:00+00:00,2026-09-10T11:00:00+00:00,27.1,0.0,0,0,42260.0,13.8,26.9,38.2,195,995.5,0
1,2026-09-08T02:00:00+00:00,2026-09-10T12:00:00+00:00,27.7,0.0,0,0,42660.0,14.2,28.5,39.2,187,994.9,0
1,2026-09-08T02:00:00+00:00,2026-09-10T13:00:00+00:00,28.1,0.0,0,0,43240.0,13.4,28.2,39.2,194,994.5,0
1,2026-09-08T02:00:00+00:00,2026-09-10T14:00:00+00:00,28.1,0.0,0,0,43680.0,12.4,27.2,36.7,210,994.5,0
1,2026-09-08T02:00:00+00:00,2026-09-10T15:00:00+00:00,27.5,0.0,0,0,43420.0,11.3,26.8,33.8,202,994.3,0
1,2026-09-08T02:00:00+00:00,2026-09-10T16:00:00+00:00,26.1,0.0,0,0,42620.0,8.4,26.3,30.2,200,994.4,0
1,2026-09-08T02:00:00+00:00,2026-09-10T17:00:00+00:00,24.5,0.0,0,0,42120.0,7.3,30.3,22.0,191,994.4,0
1,2026-09-08T02:00:00+00:00,2026-09-10T18:00:00+00:00,23.3,0.0,0,0,42100.0,7.9,33.8,21.2,196,994.4,0
1,2026-09-08T02:00:00+00:00,2026-09-10T19:00:00+00:00,22.5,0.0,96,0,41860.0,9.0,37.9,23.8,203,994.4,3
1,2026-09-08T02:00:00+00:00,2026-09-10T20:00:00+00:00,21.7,0.0,1,0,41220.0,9.7,40.4,26.3,211,994.4,0
1,2026-09-08T02:00:00+00:00,2026-09-10T21:00:00+00:00,20.6,0.0,2,0,40540.0,9.6,35.2,26.6,250,995.0,0
1,2026-09-08T02:00:00+00:00,2026-09-10T22:00:00+00:00,18.8,0.0,56,29,34940.0,13.0,31.7,34.9,321,995.9,2
1,2026-09-08T02:00:00+00:00,2026-09-10T23:00:00+00:00,17.7,0.0,88,44,33980.0,12.0,29.0,34.2,314,996.5,3
1,2026-09-08T02:00:00+00:00,2026-09-11T00:00:00+00:00,17.1,0.0,97,74,29780.0,11.3,27.6,33.8,323,997.2,3
1,2026-09-08T02:00:00+00:00,2026-09-11T01:00:00+00:00,15.8,0.2,98,68,28920.0,11.0,26.6,32.4,322,997.8,61
1,2026-09-08T02:00:00+00:00,2026-09-11T02:00:00+00:00,14.6,0.2,99,62,28080.0,9.4,22.6,29.5,313,998.2,61
1,2026-09-08T02:00:00+00:00,2026-09-11T03:00:00+00:00,13.8,0.2,100,56,27220.0,8.8,20.2,27.4,305,998.7,61
1,2026-09-08T02:00:00+00:00,2026-09-11T04:00:00+00:00,13.8,0.0,99,64,25280.0,9.0,20.2,27.0,307,999.3,3
1,2026-09-08T02:00:00+00:00,2026-09-11T05:00:00+00:00,14.3,0.0,99,71,23340.0,10.0,20.9,27.0,311,999.9,3
1,2026-09-08T02:00:00+00:00,2026-09-11T06:00:00+00:00,15.1,0.0,98,79,21400.0,10.4,21.7,27.7,314,1000.4,3
1,2026-09-08T02:00:00+00:00,2026-09-11T07:00:00+00:00,16.1,0.0,99,77,26900.0,10.9,21.2,28.8,316,1000.7,3
1,2026-09-08T02:00:00+00:00,2026-09-11T08:00:00+00:00,17.4,0.0,99,74,32420.0,11.2,20.2,30.6,318,1000.9,3
1,2026-09-08T02:00:00+00:00,2026-09-11T09:00:00+00:00,18.5,0.0,100,72,37920.0,11.5,19.5,31.7,319,1001.1,3
1,2026-09-08T02:00:00+00:00,2026-09-11T10:00:00+00:00,19.3,0.0,100,57,39100.0,11.0,18.5,32.0,319,1001.2,3
1,2026-09-08T02:00:00+00:00,2026-09-11T11:00:00+00:00,19.8,0.0,100,41,40300.0,10.5,17.5,31.7,319,1001.3,3
1,2026-09-08T02:00:00+00:00,2026-09-11T12:00:00+00:00,20.0,0.0,100,26,41480.0,10.0,17.0,31.0,319,1001.4,3
1,2026-09-08T02:00:00+00:00,2026-09-11T13:00:00+00:00,20.0,0.0,100,28,41860.0,9.7,16.8,29.9,321,1001.4,3
1,2026-09-08T02:00:00+00:00,2026-09-11T14:00:00+00:00,19.8,0.0,100,29,42220.0,9.5,17.4,28.4,323,1001.5,3
1,2026-09-08T02:00:00+00:00,2026-09-11T15:00:00+00:00,19.3,0.0,100,31,42600.0,9.0,17.4,25.9,323,1001.5,3
1,2026-09-08T02:00:00+00:00,2026-09-11T16:00:00+00:00,18.2,0.0,100,27,42140.0,7.4,17.7,21.6,321,1001.8,3
1,2026-09-08T02:00:00+00:00,2026-09-11T17:00:00+00:00,16.9,0.0,100,23,41700.0,5.6,18.0,16.2,310,1002.2,3
1,2026-09-08T02:00:00+00:00,2026-09-11T18:00:00+00:00,15.8,0.0,100,19,41240.0,4.0,17.4,11.9,297,1002.5,3
1,2026-09-08T02:00:00+00:00,2026-09-11T19:00:00+00:00,15.0,0.0,95,13,40400.0,3.4,15.6,9.7,288,1002.7,3
1,2026-09-08T02:00:00+00:00,2026-09-11T20:00:00+00:00,14.5,0.0,90,8,39580.0,3.1,13.8,8.3,291,1002.9,3
1,2026-09-08T02:00:00+00:00,2026-09-11T21:00:00+00:00,14.1,0.0,85,2,38740.0,2.7,12.7,7.6,293,1003.0,3
1,2026-09-08T02:00:00+00:00,2026-09-11T22:00:00+00:00,13.8,0.0,87,13,38800.0,2.4,12.7,7.6,297,1003.0,3
1,2026-09-08T02:00:00+00:00,2026-09-11T23:00:00+00:00,13.6,0.0,90,23,38880.0,2.6,13.4,7.9,304,1003.0,3
1,2026-09-08T02:00:00+00:00,2026-09-12T00:00:00+00:00,13.4,0.0,92,34,38940.0,2.5,13.1,7.9,315,1003.0,3
1,2026-09-08T02:00:00+00:00,2026-09-12T01:00:00+00:00,13.2,0.0,93,23,38780.0,2.4,11.8,7.2,333,1002.9,3
1,2026-09-08T02:00:00+00:00,2026-09-12T02:00:00+00:00,13.1,0.0,93,12,38600.0,2.2,10.9,6.5,351,1002.8,3
1,2026-09-08T02:00:00+00:00,2026-09-12T03:00:00+00:00,13.1,0.0,94,1,38440.0,2.2,10.3,6.1,9,1002.9,3
1,2026-09-08T02:00:00+00:00,2026-09-12T04:00:00+00:00,13.3,0.0,96,3,37420.0,2.4,9.5,6.8,27,1003.3,3
1,2026-09-08T02:00:00+00:00,2026-09-12T05:00:00+00:00,13.7,0.0,98,6,36420.0,2.5,8.7,8.3,45,1003.8,3
1,2026-09-08T02:00:00+00:00,2026-09-12T06:00:00+00:00,14.2,0.0,100,8,35400.0,2.9,7.8,9.7,60,1004.2,3
1,2026-09-08T02:00:00+00:00,2026-09-12T07:00:00+00:00,15.0,0.0,100,5,36620.0,3.0,6.8,10.8,76,1004.2,3
1,2026-09-08T02:00:00+00:00,2026-09-12T08:00:00+00:00,15.9,0.0,99,3,37840.0,2.9,5.3,12.2,83,1004.2,3
1,2026-09-08T02:00:00+00:00,2026-09-12T09:00:00+00:00,16.7,0.0,99,0,39060.0,2.9,4.2,13.0,90,1004.1,3
1,2026-09-08T02:00:00+00:00,2026-09-12T10:00:00+00:00,17.1,0.0,97,13,39440.0,3.0,3.9,13.0,76,1004.0,61
1,2026-09-08T02:00:00+00:00,2026-09-12T11:00:00+00:00,17.5,0.0,95,27,39800.0,3.1,4.1,13.0,54,1003.9,61
1,2026-09-08T02:00:00+00:00,2026-09-12T12:00:00+00:00,17.7,0.0,93,40,40180.0,3.6,4.7,12.6,45,1003.8,61
1,2026-09-08T02:00:00+00:00,2026-09-12T13:00:00+00:00,17.9,0.0,95,42,40400.0,3.8,5.0,12.2,49,1003.6,3
1,2026-09-08T02:00:00+00:00,2026-09-12T14:00:00+00:00,18.0,0.0,96,45,40640.0,3.6,5.4,11.9,53,1003.5,3
1,2026-09-08T02:00:00+00:00,2026-09-12T15:00:00+00:00,17.9,0.0,98,47,40860.0,2.9,4.3,11.5,60,1003.4,3
1,2026-09-08T02:00:00+00:00,2026-09-12T16:00:00+00:00,17.1,0.0,97,37,41510.0,1.3,2.7,10.5,36,1003.6,3
1,2026-09-08T02:00:00+00:00,2026-09-12T17:00:00+00:00,15.9,0.0,96,33,41940.0,1.7,4.9,8.1,283,1003.8,3
1,2026-09-08T02:00:00+00:00,2026-09-12T18:00:00+00:00,14.8,0.0,92,34,42150.0,2.8,6.0,5.2,261,1003.9,3
1,2026-09-08T02:00:00+00:00,2026-09-12T19:00:00+00:00,13.0,0.0,100,96,42620.0,5.8,14.7,14.8,30,1002.2,3
1,2026-09-08T02:00:00+00:00,2026-09-12T20:00:00+00:00,12.9,0.0,100,93,41720.0,6.5,14.0,15.1,19,1002.3,3
1,2026-09-08T02:00:00+00:00,2026-09-12T21:00:00+00:00,12.8,0.0,100,90,40800.0,6.6,14.4,15.5,13,1002.5,3
1,2026-09-08T02:00:00+00:00,2026-09-12T22:00:00+00:00,12.6,0.0,100,89,40800.0,6.9,15.1,15.5,9,1002.6,3
1,2026-09-08T02:00:00+00:00,2026-09-12T23:00:00+00:00,12.5,0.0,99,87,40800.0,6.9,16.1,15.5,6,1002.8,3
1,2026-09-08T02:00:00+00:00,2026-09-13T00:00:00+00:00,12.3,0.0,99,86,40800.0,6.5,16.2,15.5,6,1002.9,3
1,2026-09-08T02:00:00+00:00,2026-09-13T01:00:00+00:00,12.1,0.0,98,78,40800.0,5.8,15.0,14.8,7,1002.8,3
1,2026-09-08T02:00:00+00:00,2026-09-13T02:00:00+00:00,11.8,0.0,97,70,40800.0,4.8,13.4,13.7,13,1002.9,3
1,2026-09-08T02:00:00+00:00,2026-09-13T03:00:00+00:00,11.7,0.0,96,62,40800.0,4.1,12.0,13.3,15,1003.0,3
1,2026-09-08T02:00:00+00:00,2026-09-13T04:00:00+00:00,11.8,0.0,96,62,41720.0,4.5,11.5,14.0,14,1003.3,3
1,2026-09-08T02:00:00+00:00,2026-09-13T05:00:00+00:00,12.0,0.0,96,61,42620.0,5.4,11.4,15.5,8,1003.8,3
1,2026-09-08T02:00:00+00:00,2026-09-13T06:00:00+00:00,12.4,0.0,96,61,43540.0,6.2,11.4,16.6,7,1004.1,3
1,2026-09-08T02:00:00+00:00,2026-09-13T07:00:00+00:00,13.2,0.0,90,51,46140.0,6.5,10.6,16.9,3,1004.3,2
1,2026-09-08T02:00:00+00:00,2026-09-13T08:00:00+00:00,14.2,0.0,84,41,48760.0,6.5,9.9,16.9,3,1004.5,2
1,2026-09-08T02:00:00+00:00,2026-09-13T09:00:00+00:00,15.2,0.0,78,31,51360.0,6.1,8.8,16.9,360,1004.4,2
1,2026-09-08T02:00:00+00:00,2026-09-13T10:00:00+00:00,16.1,0.0,80,21,51360.0,5.8,7.8,16.6,360,1004.4,3
1,2026-09-08T02:00:00+00:00,2026-09-13T11:00:00+00:00,16.9,0.0,83,10,51360.0,5.0,6.7,15.5,360,1004.1,3
1,2026-09-08T02:00:00+00:00,2026-09-13T12:00:00+00:00,17.5,0.0,85,0,51360.0,4.7,6.0,14.8,360,1004.0,3
1,2026-09-08T02:00:00+00:00,2026-09-13T13:00:00+00:00,17.7,0.0,73,7,50160.0,4.3,5.3,14.0,5,1003.7,2
1,2026-09-08T02:00:00+00:00,2026-09-13T14:00:00+00:00,17.6,0.0,62,14,48960.0,3.7,5.0,13.3,11,1003.4,2
1,2026-09-08T02:00:00+00:00,2026-09-13T15:00:00+00:00,17.3,0.0,50,21,47760.0,3.3,5.0,12.2,13,1003.2,2
1,2026-09-08T02:00:00+00:00,2026-09-13T16:00:00+00:00,16.7,0.0,46,26,46360.0,3.0,5.6,9.7,14,1003.2,1
1,2026-09-08T02:00:00+00:00,2026-09-13T17:00:00+00:00,15.8,0.0,41,32,44960.0,2.5,6.8,6.8,8,1003.4,1
1,2026-09-08T02:00:00+00:00,2026-09-13T18:00:00+00:00,15.1,0.0,37,37,43560.0,2.2,6.9,4.3,360,1003.4,1
1,2026-09-08T02:00:00+00:00,2026-09-13T19:00:00+00:00,14.7,0.0,46,43,21340.0,1.8,6.0,3.2,349,1003.4,2
1,2026-09-08T02:00:00+00:00,2026-09-13T20:00:00+00:00,14.5,0.0,54,49,17100.0,1.5,4.3,2.5,315,1003.3,2
1,2026-09-08T02:00:00+00:00,2026-09-13T21:00:00+00:00,14.3,0.0,63,55,12880.0,1.6,3.3,2.2,297,1003.2,2
1,2026-09-08T02:00:00+00:00,2026-09-13T22:00:00+00:00,14.0,0.0,70,61,8640.0,1.6,3.3,2.2,297,1003.1,3
1,2026-09-08T02:00:00+00:00,2026-09-13T23:00:00+00:00,13.7,0.0,77,67,4420.0,1.8,4.0,2.2,323,1002.8,3
1,2026-09-08T02:00:00+00:00,2026-09-14T00:00:00+00:00,13.5,0.0,84,73,180.0,1.8,4.2,2.2,323,1002.7,3
1,2026-09-08T02:00:00+00:00,2026-09-14T01:00:00+00:00,13.4,0.0,87,78,180.0,1.5,3.5,1.8,315,1002.6,3
1,2026-09-08T02:00:00+00:00,2026-09-14T02:00:00+00:00,13.5,0.0,90,82,180.0,1.1,3.3,1.1,288,1002.6,3
1,2026-09-08T02:00:00+00:00,2026-09-14T03:00:00+00:00,13.7,0.0,93,87,200.0,1.1,3.3,1.1,270,1002.7,3
1,2026-09-08T02:00:00+00:00,2026-09-14T04:00:00+00:00,14.1,0.0,90,85,200.0,0.4,3.5,2.2,270,1002.7,3
1,2026-09-08T02:00:00+00:00,2026-09-14T05:00:00+00:00,14.7,0.0,88,82,200.0,0.7,3.8,3.2,90,1002.7,3
1,2026-09-08T02:00:00+00:00,2026-09-14T06:00:00+00:00,15.4,0.0,85,80,200.0,1.4,4.0,4.7,90,1002.8,3
1,2026-09-08T02:00:00+00:00,2026-09-14T07:00:00+00:00,16.2,0.0,89,84,5360.0,1.5,3.3,5.8,104,1002.8,3
1,2026-09-08T02:00:00+00:00,2026-09-14T08:00:00+00:00,17.1,0.0,92,89,10540.0,1.6,2.5,6.5,117,1002.9,3
1,2026-09-08T02:00:00+00:00,2026-09-14T09:00:00+00:00,18.1,0.0,96,93,15700.0,1.3,1.5,6.8,124,1002.8,3
1,2026-09-08T02:00:00+00:00,2026-09-14T10:00:00+00:00,19.1,0.0,91,73,20860.0,1.1,0.8,6.8,108,1002.6,2
1,2026-09-08T02:00:00+00:00,2026-09-14T11:00:00+00:00,20.1,0.0,86,54,26040.0,1.0,0.8,6.5,45,1002.2,2
1,2026-09-08T02:00:00+00:00,2026-09-14T12:00:00+00:00,20.8,0.0,81,34,31200.0,1.6,1.6,6.8,27,1001.8,2
1,2026-09-08T02:00:00+00:00,2026-09-14T13:00:00+00:00,21.1,0.0,85,38,30220.0,2.7,2.7,8.3,23,1001.5,3
1,2026-09-08T02:00:00+00:00,2026-09-14T14:00:00+00:00,21.0,0.0,90,41,29220.0,3.5,4.3,9.7,24,1001.2,3
1,2026-09-08T02:00:00+00:00,2026-09-14T15:00:00+00:00,20.6,0.0,94,45,28240.0,4.2,5.7,10.8,20,1001.1,3
1,2026-09-08T02:00:00+00:00,2026-09-14T16:00:00+00:00,19.7,0.0,94,44,27260.0,4.0,7.2,10.4,10,1001.3,3
1,2026-09-08T02:00:00+00:00,2026-09-14T17:00:00+00:00,18.3,0.0,93,44,26260.0,3.7,8.5,9.0,349,1001.5,3
1,2026-09-08T02:00:00+00:00,2026-09-14T18:00:00+00:00,17.3,0.0,93,43,25280.0,3.2,9.2,7.6,333,1001.6,3
1,2026-09-08T02:00:00+00:00,2026-09-14T19:00:00+00:00,17.0,0.0,91,48,24020.0,2.4,7.8,5.4,333,1001.6,3
1,2026-09-08T02:00:00+00:00,2026-09-14T20:00:00+00:00,16.9,0.0,90,53,22780.0,1.1,5.7,2.9,360,1001.6,3
1,2026-09-08T02:00:00+00:00,2026-09-14T21:00:00+00:00,16.8,0.0,88,58,21520.0,0.5,4.8,1.4,45,1001.5,3
1,2026-09-08T02:00:00+00:00,2026-09-14T22:00:00+00:00,16.4,0.0,73,53,20260.0,0.7,5.8,2.2,360,1001.5,1
1,2026-09-08T02:00:00+00:00,2026-09-14T23:00:00+00:00,16.0,0.0,57,47,19020.0,1.6,7.9,4.0,333,1001.3,1
1,2026-09-08T03:00:00+00:00,2026-09-08T00:00:00+00:00,11.7,0.0,0,0,29200.0,4.7,20.0,12.2,274,1004.8,0
1,2026-09-08T03:00:00+00:00,2026-09-08T01:00:00+00:00,11.4,0.0,0,0,27120.0,4.3,19.3,12.2,270,1004.8,0
1,2026-09-08T03:00:00+00:00,2026-09-08T02:00:00+00:00,11.1,0.0,5,0,26100.0,3.7,17.8,13.0,259,1004.4,0
1,2026-09-08T03:00:00+00:00,2026-09-08T03:00:00+00:00,10.7,0.0,9,0,21960.0,3.8,16.2,11.2,253,1004.2,1
1,2026-09-08T03:00:00+00:00,2026-09-08T04:00:00+00:00,10.4,0.0,5,5,17800.0,3.4,14.7,10.4,252,1004.2,0
1,2026-09-08T03:00:00+00:00,2026-09-08T05:00:00+00:00,11.8,0.0,60,0,24880.0,3.1,15.0,10.4,249,1004.4,2
1,2026-09-08T03:00:00+00:00,2026-09-08T06:00:00+00:00,13.9,0.0,100,0,32520.0,4.7,14.1,14.8,261,1004.2,3
1,2026-09-08T03:00:00+00:00,2026-09-08T07:00:00+00:00,15.6,0.0,100,0,36700.0,4.7,6.7,16.6,266,1004.2,3
1,2026-09-08T03:00:00+00:00,2026-09-08T08:00:00+00:00,17.3,0.0,100,13,39420.0,5.1,7.5,16.2,262,1003.9,3
1,2026-09-08T03:00:00+00:00,2026-09-08T09:00:00+00:00,18.8,0.0,70,47,40460.0,6.1,9.5,19.4,267,1003.7,2
1,2026-09-08T03:00:00+00:00,2026-09-08T10:00:00+00:00,19.7,0.0,63,63,40960.0,6.2,9.2,20.2,263,1002.8,2
1,2026-09-08T03:00:00+00:00,2026-09-08T11:00:00+00:00,20.2,0.0,61,60,41140.0,6.0,8.8,19.4,253,1002.4,2
1,2026-09-08T03:00:00+00:00,2026-09-08T12:00:00+00:00,20.5,0.0,70,55,41160.0,6.0,8.8,19.4,245,1001.4,2
1,2026-09-08T03:00:00+00:00,2026-09-08T13:00:00+00:00,20.8,0.0,49,48,41360.0,6.0,9.3,19.1,245,1000.8,2
1,2026-09-08T03:00:00+00:00,2026-09-08T14:00:00+00:00,20.8,0.0,46,46,41500.0,6.2,9.5,18.7,249,1000.3,2
1,2026-09-08T03:00:00+00:00,2026-09-08T15:00:00+00:00,20.5,0.0,44,44,41420.0,5.4,9.7,18.4,262,999.8,2
1,2026-09-08T03:00:00+00:00,2026-09-08T16:00:00+00:00,19.9,0.0,49,29,41460.0,3.8,8.5,16.2,253,999.4,2
1,2026-09-08T03:00:00+00:00,2026-09-08T17:00:00+00:00,18.8,0.0,29,0,41060.0,1.5,4.5,9.4,166,999.3,1
1,2026-09-08T03:00:00+00:00,2026-09-08T18:00:00+00:00,18.1,0.0,16,0,40780.0,2.3,4.7,3.6,141,999.4,1
1,2026-09-08T03:00:00+00:00,2026-09-08T19:00:00+00:00,17.1,0.0,23,0,39720.0,3.1,11.7,7.9,159,998.9,1
1,2026-09-08T03:00:00+00:00,2026-09-08T20:00:00+00:00,16.5,0.0,30,0,39180.0,2.9,15.0,9.7,150,998.8,1
1,2026-09-08T03:00:00+00:00,2026-09-08T21:00:00+00:00,16.0,0.0,7,0,39180.0,3.1,15.2,8.6,144,998.8,0
1,2026-09-08T03:00:00+00:00,2026-09-08T22:00:00+00:00,15.3,0.0,12,0,38600.0,3.5,16.3,9.4,156,998.7,1
1,2026-09-08T03:00:00+00:00,2026-09-08T23:00:00+00:00,14.9,0.0,67,0,38220.0,4.3,20.5,10.8,175,998.3,2
1,2026-09-08T03:00:00+00:00,2026-09-09T00:00:00+00:00,14.8,0.0,100,0,38240.0,4.3,22.0,11.5,175,998.0,3
1,2026-09-08T03:00:00+00:00,2026-09-09T01:00:00+00:00,14.8,0.0,57,0,38460.0,3.9,19.5,11.5,158,998.1,2
1,2026-09-08T03:00:00+00:00,2026-09-09T02:00:00+00:00,14.4,0.0,94,0,38000.0,4.1,20.9,11.2,165,997.8,3
1,2026-09-08T03:00:00+00:00,2026-09-09T03:00:00+00:00,14.2,0.0,100,0,35780.0,4.1,21.3,11.2,165,997.7,3
1,2026-09-08T03:00:00+00:00,2026-09-09T04:00:00+00:00,14.3,0.0,83,0,34780.0,3.4,18.3,10.8,162,997.7,3
1,2026-09-08T03:00:00+00:00,2026-09-09T05:00:00+00:00,15.0,0.0,2,0,33120.0,3.8,18.2,11.5,163,997.6,0
1,2026-09-08T03:00:00+00:00,2026-09-09T06:00:00+00:00,17.0,0.0,4,0,36420.0,5.9,17.8,16.9,169,997.9,0
1,2026-09-08T03:00:00+00:00,2026-09-09T07:00:00+00:00,19.2,0.0,0,0,40360.0,5.8,9.2,18.7,173,997.9,0
1,2026-09-08T03:00:00+00:00,2026-09-09T08:00:00+00:00,21.5,0.0,0,0,40920.0,6.5,10.2,20.2,174,997.9,0
1,2026-09-08T03:00:00+00:00,2026-09-09T09:00:00+00:00,23.5,0.0,22,0,41560.0,7.9,13.1,23.8,183,997.7,1
1,2026-09-08T03:00:00+00:00,2026-09-09T10:00:00+00:00,24.8,0.0,5,0,42460.0,9.8,17.4,28.8,186,997.3,0
1,2026-09-08T03:00:00+00:00,2026-09-09T11:00:00+00:00,25.7,0.0,97,0,43720.0,10.2,18.3,29.9,188,996.8,3
1,2026-09-08T03:00:00+00:00,2026-09-09T12:00:00+00:00,26.0,0.0,93,0,44420.0,9.5,17.3,29.5,191,996.4,3
1,2026-09-08T03:00:00+00:00,2026-09-09T13:00:00+00:00,26.5,0.0,64,0,45120.0,9.4,17.1,27.4,198,996.1,2
1,2026-09-08T03:00:00+00:00,2026-09-09T14:00:00+00:00,26.4,0.0,72,0,45040.0,8.8,16.6,26.6,199,995.7,2
1,2026-09-08T03:00:00+00:00,2026-09-09T15:00:00+00:00,25.8,0.0,22,0,44600.0,7.6,16.2,24.5,199,995.3,1
1,2026-09-08T03:00:00+00:00,2026-09-09T16:00:00+00:00,24.5,0.0,1,0,43300.0,4.3,16.3,20.5,180,995.2,0
1,2026-09-08T03:00:00+00:00,2026-09-09T17:00:00+00:00,22.9,0.0,0,0,42120.0,3.6,17.2,11.9,174,995.4,0
1,2026-09-08T03:00:00+00:00,2026-09-09T18:00:00+00:00,21.9,0.0,0,0,41700.0,3.6,18.3,8.3,180,995.6,0
1,2026-09-08T03:00:00+00:00,2026-09-09T19:00:00+00:00,21.2,0.0,0,0,41420.0,4.0,20.0,9.4,175,995.6,0
1,2026-09-08T03:00:00+00:00,2026-09-09T20:00:00+00:00,20.5,0.0,0,0,41100.0,4.7,23.3,10.8,176,995.5,0
1,2026-09-08T03:00:00+00:00,2026-09-09T21:00:00+00:00,20.1,0.0,0,0,41000.0,5.4,27.6,14.0,184,995.6,0
1,2026-09-08T03:00:00+00:00,2026-09-09T22:00:00+00:00,19.6,0.0,0,0,40820.0,6.4,30.8,17.6,196,995.7,0
1,2026-09-08T03:00:00+00:00,2026-09-09T23:00:00+00:00,19.1,0.0,0,0,40080.0,6.8,33.1,19.1,212,995.6,0
1,2026-09-08T03:00:00+00:00,2026-09-10T00:00:00+00:00,18.6,0.0,0,0,37300.0,6.8,32.7,19.4,212,995.5,0
1,2026-09-08T03:00:00+00:00,2026-09-10T01:00:00+00:00,18.1,0.0,0,0,35120.0,7.4,33.4,21.2,209,995.6,0
1,2026-09-08T03:00:00+00:00,2026-09-10T02:00:00+00:00,17.6,0.0,0,0,31980.0,7.9,34.2,22.3,210,995.6,0
1,2026-09-08T03:00:00+00:00,2026-09-10T03:00:00+00:00,17.2,0.0,0,0,30940.0,7.6,33.8,22.0,211,995.7,0
1,2026-09-08T03:00:00+00:00,2026-09-10T04:00:00+00:00,16.8,0.0,0,0,28900.0,7.6,32.3,21.6,205,995.9,0
1,2026-09-08T03:00:00+00:00,2026-09-10T05:00:00+00:00,17.2,0.0,0,0,27880.0,8.3,32.9,23.0,198,996.1,0
1,2026-09-08T03:00:00+00:00,2026-09-10T06:00:00+00:00,18.9,0.0,0,0,33620.0,10.0,22.8,27.4,195,996.2,0
1,2026-09-08T03:00:00+00:00,2026-09-10T07:00:00+00:00,21.0,0.0,0,0,39620.0,10.8,21.4,29.9,195,996.3,0
1,2026-09-08T03:00:00+00:00,2026-09-10T08:00:00+00:00,23.1,0.0,0,0,40460.0,11.4,21.7,32.0,191,996.4,0
1,2026-09-08T03:00:00+00:00,2026-09-10T09:00:00+00:00,24.8,0.0,0,0,41080.0,13.3,26.0,36.7,193,996.1,0
1,2026-09-08T03:00:00+00:00,2026-09-10T10:00:00+00:00,26.1,0.0,0,0,41680.0,13.8,26.9,38.2,195,995.9,0
1,2026-09-08T03:00:00+00:00,2026-09-10T11:00:00+00:00,27.1,0.0,0,0,42260.0,13.8,26.9,38.2,195,995.5,0
1,2026-09-08T03:00:00+00:00,2026-09-10T12:00:00+00:00,27.7,0.0,0,0,42660.0,14.2,28.5,39.2,187,994.9,0
1,2026-09-08T03:00:00+00:00,2026-09-10T13:00:00+00:00,28.1,0.0,0,0,43240.0,13.4,28.2,39.2,194,994.5,0
1,2026-09-08T03:00:00+00:00,2026-09-10T14:00:00+00:00,28.1,0.0,0,0,43680.0,12.4,27.2,36.7,210,994.5,0
1,2026-09-08T03:00:00+00:00,2026-09-10T15:00:00+00:00,27.5,0.0,0,0,43420.0,11.3,26.8,33.8,202,994.3,0
1,2026-09-08T03:00:00+00:00,2026-09-10T16:00:00+00:00,26.1,0.0,0,0,42620.0,8.4,26.3,30.2,200,994.4,0
1,2026-09-08T03:00:00+00:00,2026-09-10T17:00:00+00:00,24.5,0.0,0,0,42120.0,7.3,30.3,22.0,191,994.4,0
1,2026-09-08T03:00:00+00:00,2026-09-10T18:00:00+00:00,23.3,0.0,0,0,42100.0,7.9,33.8,21.2,196,994.4,0
1,2026-09-08T03:00:00+00:00,2026-09-10T19:00:00+00:00,22.5,0.0,96,0,41860.0,9.0,37.9,23.8,203,994.4,3
1,2026-09-08T03:00:00+00:00,2026-09-10T20:00:00+00:00,21.7,0.0,1,0,41220.0,9.7,40.4,26.3,211,994.4,0
1,2026-09-08T03:00:00+00:00,2026-09-10T21:00:00+00:00,20.6,0.0,2,0,40540.0,9.6,35.2,26.6,250,995.0,0
1,2026-09-08T03:00:00+00:00,2026-09-10T22:00:00+00:00,18.8,0.0,56,29,34940.0,13.0,31.7,34.9,321,995.9,2
1,2026-09-08T03:00:00+00:00,2026-09-10T23:00:00+00:00,17.7,0.0,88,44,33980.0,12.0,29.0,34.2,314,996.5,3
1,2026-09-08T03:00:00+00:00,2026-09-11T00:00:00+00:00,17.1,0.0,97,74,29780.0,11.3,27.6,33.8,323,997.2,3
1,2026-09-08T03:00:00+00:00,2026-09-11T01:00:00+00:00,15.8,0.2,98,68,28920.0,11.0,26.6,32.4,322,997.8,61
1,2026-09-08T03:00:00+00:00,2026-09-11T02:00:00+00:00,14.6,0.2,99,62,28080.0,9.4,22.6,29.5,313,998.2,61
1,2026-09-08T03:00:00+00:00,2026-09-11T03:00:00+00:00,13.8,0.2,100,56,27220.0,8.8,20.2,27.4,305,998.7,61
1,2026-09-08T03:00:00+00:00,2026-09-11T04:00:00+00:00,13.8,0.0,99,64,25280.0,9.0,20.2,27.0,307,999.3,3
1,2026-09-08T03:00:00+00:00,2026-09-11T05:00:00+00:00,14.3,0.0,99,71,23340.0,10.0,20.9,27.0,311,999.9,3
1,2026-09-08T03:00:00+00:00,2026-09-11T06:00:00+00:00,15.1,0.0,98,79,21400.0,10.4,21.7,27.7,314,1000.4,3
1,2026-09-08T03:00:00+00:00,2026-09-11T07:00:00+00:00,16.1,0.0,99,77,26900.0,10.9,21.2,28.8,316,1000.7,3
1,2026-09-08T03:00:00+00:00,2026-09-11T08:00:00+00:00,17.4,0.0,99,74,32420.0,11.2,20.2,30.6,318,1000.9,3
1,2026-09-08T03:00:00+00:00,2026-09-11T09:00:00+00:00,18.5,0.0,100,72,37920.0,11.5,19.5,31.7,319,1001.1,3
1,2026-09-08T03:00:00+00:00,2026-09-11T10:00:00+00:00,19.3,0.0,100,57,39100.0,11.0,18.5,32.0,319,1001.2,3
1,2026-09-08T03:00:00+00:00,2026-09-11T11:00:00+00:00,19.8,0.0,100,41,40300.0,10.5,17.5,31.7,319,1001.3,3
1,2026-09-08T03:00:00+00:00,2026-09-11T12:00:00+00:00,20.0,0.0,100,26,41480.0,10.0,17.0,31.0,319,1001.4,3
1,2026-09-08T03:00:00+00:00,2026-09-11T13:00:00+00:00,20.0,0.0,100,28,41860.0,9.7,16.8,29.9,321,1001.4,3
1,2026-09-08T03:00:00+00:00,2026-09-11T14:00:00+00:00,19.8,0.0,100,29,42220.0,9.5,17.4,28.4,323,1001.5,3
1,2026-09-08T03:00:00+00:00,2026-09-11T15:00:00+00:00,19.3,0.0,100,31,42600.0,9.0,17.4,25.9,323,1001.5,3
1,2026-09-08T03:00:00+00:00,2026-09-11T16:00:00+00:00,18.2,0.0,100,27,42140.0,7.4,17.7,21.6,321,1001.8,3
1,2026-09-08T03:00:00+00:00,2026-09-11T17:00:00+00:00,16.9,0.0,100,23,41700.0,5.6,18.0,16.2,310,1002.2,3
1,2026-09-08T03:00:00+00:00,2026-09-11T18:00:00+00:00,15.8,0.0,100,19,41240.0,4.0,17.4,11.9,297,1002.5,3
1,2026-09-08T03:00:00+00:00,2026-09-11T19:00:00+00:00,15.0,0.0,95,13,40400.0,3.4,15.6,9.7,288,1002.7,3
1,2026-09-08T03:00:00+00:00,2026-09-11T20:00:00+00:00,14.5,0.0,90,8,39580.0,3.1,13.8,8.3,291,1002.9,3
1,2026-09-08T03:00:00+00:00,2026-09-11T21:00:00+00:00,14.1,0.0,85,2,38740.0,2.7,12.7,7.6,293,1003.0,3
1,2026-09-08T03:00:00+00:00,2026-09-11T22:00:00+00:00,13.8,0.0,87,13,38800.0,2.4,12.7,7.6,297,1003.0,3
1,2026-09-08T03:00:00+00:00,2026-09-11T23:00:00+00:00,13.6,0.0,90,23,38880.0,2.6,13.4,7.9,304,1003.0,3
1,2026-09-08T03:00:00+00:00,2026-09-12T00:00:00+00:00,13.4,0.0,92,34,38940.0,2.5,13.1,7.9,315,1003.0,3
1,2026-09-08T03:00:00+00:00,2026-09-12T01:00:00+00:00,13.2,0.0,93,23,38780.0,2.4,11.8,7.2,333,1002.9,3
1,2026-09-08T03:00:00+00:00,2026-09-12T02:00:00+00:00,13.1,0.0,93,12,38600.0,2.2,10.9,6.5,351,1002.8,3
1,2026-09-08T03:00:00+00:00,2026-09-12T03:00:00+00:00,13.1,0.0,94,1,38440.0,2.2,10.3,6.1,9,1002.9,3
1,2026-09-08T03:00:00+00:00,2026-09-12T04:00:00+00:00,13.3,0.0,96,3,37420.0,2.4,9.5,6.8,27,1003.3,3
1,2026-09-08T03:00:00+00:00,2026-09-12T05:00:00+00:00,13.7,0.0,98,6,36420.0,2.5,8.7,8.3,45,1003.8,3
1,2026-09-08T03:00:00+00:00,2026-09-12T06:00:00+00:00,14.2,0.0,100,8,35400.0,2.9,7.8,9.7,60,1004.2,3
1,2026-09-08T03:00:00+00:00,2026-09-12T07:00:00+00:00,15.0,0.0,100,5,36620.0,3.0,6.8,10.8,76,1004.2,3
1,2026-09-08T03:00:00+00:00,2026-09-12T08:00:00+00:00,15.9,0.0,99,3,37840.0,2.9,5.3,12.2,83,1004.2,3
1,2026-09-08T03:00:00+00:00,2026-09-12T09:00:00+00:00,16.7,0.0,99,0,39060.0,2.9,4.2,13.0,90,1004.1,3
1,2026-09-08T03:00:00+00:00,2026-09-12T10:00:00+00:00,17.1,0.0,97,13,39440.0,3.0,3.9,13.0,76,1004.0,61
1,2026-09-08T03:00:00+00:00,2026-09-12T11:00:00+00:00,17.5,0.0,95,27,39800.0,3.1,4.1,13.0,54,1003.9,61
1,2026-09-08T03:00:00+00:00,2026-09-12T12:00:00+00:00,17.7,0.0,93,40,40180.0,3.6,4.7,12.6,45,1003.8,61
1,2026-09-08T03:00:00+00:00,2026-09-12T13:00:00+00:00,17.9,0.0,95,42,40400.0,3.8,5.0,12.2,49,1003.6,3
1,2026-09-08T03:00:00+00:00,2026-09-12T14:00:00+00:00,18.0,0.0,96,45,40640.0,3.6,5.4,11.9,53,1003.5,3
1,2026-09-08T03:00:00+00:00,2026-09-12T15:00:00+00:00,17.9,0.0,98,47,40860.0,2.9,4.3,11.5,60,1003.4,3
1,2026-09-08T03:00:00+00:00,2026-09-12T16:00:00+00:00,17.1,0.0,97,37,41510.0,1.3,2.7,10.5,36,1003.6,3
1,2026-09-08T03:00:00+00:00,2026-09-12T17:00:00+00:00,15.9,0.0,96,33,41940.0,1.7,4.9,8.1,283,1003.8,3
1,2026-09-08T03:00:00+00:00,2026-09-12T18:00:00+00:00,14.8,0.0,92,34,42150.0,2.8,6.0,5.2,261,1003.9,3
1,2026-09-08T03:00:00+00:00,2026-09-12T19:00:00+00:00,13.0,0.0,100,96,42620.0,5.8,14.7,14.8,30,1002.2,3
1,2026-09-08T03:00:00+00:00,2026-09-12T20:00:00+00:00,12.9,0.0,100,93,41720.0,6.5,14.0,15.1,19,1002.3,3
1,2026-09-08T03:00:00+00:00,2026-09-12T21:00:00+00:00,12.8,0.0,100,90,40800.0,6.6,14.4,15.5,13,1002.5,3
1,2026-09-08T03:00:00+00:00,2026-09-12T22:00:00+00:00,12.6,0.0,100,89,40800.0,6.9,15.1,15.5,9,1002.6,3
1,2026-09-08T03:00:00+00:00,2026-09-12T23:00:00+00:00,12.5,0.0,99,87,40800.0,6.9,16.1,15.5,6,1002.8,3
1,2026-09-08T03:00:00+00:00,2026-09-13T00:00:00+00:00,12.3,0.0,99,86,40800.0,6.5,16.2,15.5,6,1002.9,3
1,2026-09-08T03:00:00+00:00,2026-09-13T01:00:00+00:00,12.1,0.0,98,78,40800.0,5.8,15.0,14.8,7,1002.8,3
1,2026-09-08T03:00:00+00:00,2026-09-13T02:00:00+00:00,11.8,0.0,97,70,40800.0,4.8,13.4,13.7,13,1002.9,3
1,2026-09-08T03:00:00+00:00,2026-09-13T03:00:00+00:00,11.7,0.0,96,62,40800.0,4.1,12.0,13.3,15,1003.0,3
1,2026-09-08T03:00:00+00:00,2026-09-13T04:00:00+00:00,11.8,0.0,96,62,41720.0,4.5,11.5,14.0,14,1003.3,3
1,2026-09-08T03:00:00+00:00,2026-09-13T05:00:00+00:00,12.0,0.0,96,61,42620.0,5.4,11.4,15.5,8,1003.8,3
1,2026-09-08T03:00:00+00:00,2026-09-13T06:00:00+00:00,12.4,0.0,96,61,43540.0,6.2,11.4,16.6,7,1004.1,3
1,2026-09-08T03:00:00+00:00,2026-09-13T07:00:00+00:00,13.2,0.0,90,51,46140.0,6.5,10.6,16.9,3,1004.3,2
1,2026-09-08T03:00:00+00:00,2026-09-13T08:00:00+00:00,14.2,0.0,84,41,48760.0,6.5,9.9,16.9,3,1004.5,2
1,2026-09-08T03:00:00+00:00,2026-09-13T09:00:00+00:00,15.2,0.0,78,31,51360.0,6.1,8.8,16.9,360,1004.4,2
1,2026-09-08T03:00:00+00:00,2026-09-13T10:00:00+00:00,16.1,0.0,80,21,51360.0,5.8,7.8,16.6,360,1004.4,3
1,2026-09-08T03:00:00+00:00,2026-09-13T11:00:00+00:00,16.9,0.0,83,10,51360.0,5.0,6.7,15.5,360,1004.1,3
1,2026-09-08T03:00:00+00:00,2026-09-13T12:00:00+00:00,17.5,0.0,85,0,51360.0,4.7,6.0,14.8,360,1004.0,3
1,2026-09-08T03:00:00+00:00,2026-09-13T13:00:00+00:00,17.7,0.0,73,7,50160.0,4.3,5.3,14.0,5,1003.7,2
1,2026-09-08T03:00:00+00:00,2026-09-13T14:00:00+00:00,17.6,0.0,62,14,48960.0,3.7,5.0,13.3,11,1003.4,2
1,2026-09-08T03:00:00+00:00,2026-09-13T15:00:00+00:00,17.3,0.0,50,21,47760.0,3.3,5.0,12.2,13,1003.2,2
1,2026-09-08T03:00:00+00:00,2026-09-13T16:00:00+00:00,16.7,0.0,46,26,46360.0,3.0,5.6,9.7,14,1003.2,1
1,2026-09-08T03:00:00+00:00,2026-09-13T17:00:00+00:00,15.8,0.0,41,32,44960.0,2.5,6.8,6.8,8,1003.4,1
1,2026-09-08T03:00:00+00:00,2026-09-13T18:00:00+00:00,15.1,0.0,37,37,43560.0,2.2,6.9,4.3,360,1003.4,1
1,2026-09-08T03:00:00+00:00,2026-09-13T19:00:00+00:00,14.7,0.0,46,43,21340.0,1.8,6.0,3.2,349,1003.4,2
1,2026-09-08T03:00:00+00:00,2026-09-13T20:00:00+00:00,14.5,0.0,54,49,17100.0,1.5,4.3,2.5,315,1003.3,2
1,2026-09-08T03:00:00+00:00,2026-09-13T21:00:00+00:00,14.3,0.0,63,55,12880.0,1.6,3.3,2.2,297,1003.2,2
1,2026-09-08T03:00:00+00:00,2026-09-13T22:00:00+00:00,14.0,0.0,70,61,8640.0,1.6,3.3,2.2,297,1003.1,3
1,2026-09-08T03:00:00+00:00,2026-09-13T23:00:00+00:00,13.7,0.0,77,67,4420.0,1.8,4.0,2.2,323,1002.8,3
1,2026-09-08T03:00:00+00:00,2026-09-14T00:00:00+00:00,13.5,0.0,84,73,180.0,1.8,4.2,2.2,323,1002.7,3
1,2026-09-08T03:00:00+00:00,2026-09-14T01:00:00+00:00,13.4,0.0,87,78,180.0,1.5,3.5,1.8,315,1002.6,3
1,2026-09-08T03:00:00+00:00,2026-09-14T02:00:00+00:00,13.5,0.0,90,82,180.0,1.1,3.3,1.1,288,1002.6,3
1,2026-09-08T03:00:00+00:00,2026-09-14T03:00:00+00:00,13.7,0.0,93,87,200.0,1.1,3.3,1.1,270,1002.7,3
1,2026-09-08T03:00:00+00:00,2026-09-14T04:00:00+00:00,14.1,0.0,90,85,200.0,0.4,3.5,2.2,270,1002.7,3
1,2026-09-08T03:00:00+00:00,2026-09-14T05:00:00+00:00,14.7,0.0,88,82,200.0,0.7,3.8,3.2,90,1002.7,3
1,2026-09-08T03:00:00+00:00,2026-09-14T06:00:00+00:00,15.4,0.0,85,80,200.0,1.4,4.0,4.7,90,1002.8,3
1,2026-09-08T03:00:00+00:00,2026-09-14T07:00:00+00:00,16.2,0.0,89,84,5360.0,1.5,3.3,5.8,104,1002.8,3
1,2026-09-08T03:00:00+00:00,2026-09-14T08:00:00+00:00,17.1,0.0,92,89,10540.0,1.6,2.5,6.5,117,1002.9,3
1,2026-09-08T03:00:00+00:00,2026-09-14T09:00:00+00:00,18.1,0.0,96,93,15700.0,1.3,1.5,6.8,124,1002.8,3
1,2026-09-08T03:00:00+00:00,2026-09-14T10:00:00+00:00,19.1,0.0,91,73,20860.0,1.1,0.8,6.8,108,1002.6,2
1,2026-09-08T03:00:00+00:00,2026-09-14T11:00:00+00:00,20.1,0.0,86,54,26040.0,1.0,0.8,6.5,45,1002.2,2
1,2026-09-08T03:00:00+00:00,2026-09-14T12:00:00+00:00,20.8,0.0,81,34,31200.0,1.6,1.6,6.8,27,1001.8,2
1,2026-09-08T03:00:00+00:00,2026-09-14T13:00:00+00:00,21.1,0.0,85,38,30220.0,2.7,2.7,8.3,23,1001.5,3
1,2026-09-08T03:00:00+00:00,2026-09-14T14:00:00+00:00,21.0,0.0,90,41,29220.0,3.5,4.3,9.7,24,1001.2,3
1,2026-09-08T03:00:00+00:00,2026-09-14T15:00:00+00:00,20.6,0.0,94,45,28240.0,4.2,5.7,10.8,20,1001.1,3
1,2026-09-08T03:00:00+00:00,2026-09-14T16:00:00+00:00,19.7,0.0,94,44,27260.0,4.0,7.2,10.4,10,1001.3,3
1,2026-09-08T03:00:00+00:00,2026-09-14T17:00:00+00:00,18.3,0.0,93,44,26260.0,3.7,8.5,9.0,349,1001.5,3
1,2026-09-08T03:00:00+00:00,2026-09-14T18:00:00+00:00,17.3,0.0,93,43,25280.0,3.2,9.2,7.6,333,1001.6,3
1,2026-09-08T03:00:00+00:00,2026-09-14T19:00:00+00:00,17.0,0.0,91,48,24020.0,2.4,7.8,5.4,333,1001.6,3
1,2026-09-08T03:00:00+00:00,2026-09-14T20:00:00+00:00,16.9,0.0,90,53,22780.0,1.1,5.7,2.9,360,1001.6,3
1,2026-09-08T03:00:00+00:00,2026-09-14T21:00:00+00:00,16.8,0.0,88,58,21520.0,0.5,4.8,1.4,45,1001.5,3
1,2026-09-08T03:00:00+00:00,2026-09-14T22:00:00+00:00,16.4,0.0,73,53,20260.0,0.7,5.8,2.2,360,1001.5,1
1,2026-09-08T03:00:00+00:00,2026-09-14T23:00:00+00:00,16.0,0.0,57,47,19020.0,1.6,7.9,4.0,333,1001.3,1
1,2026-09-08T04:00:00+00:00,2026-09-08T00:00:00+00:00,11.5,0.0,0,0,29260.0,4.3,19.5,12.2,275,1005.2,0
1,2026-09-08T04:00:00+00:00,2026-09-08T01:00:00+00:00,11.3,0.0,0,0,28680.0,4.3,18.9,13.0,265,1004.9,0
1,2026-09-08T04:00:00+00:00,2026-09-08T02:00:00+00:00,10.9,0.0,2,0,26760.0,3.7,17.7,12.2,259,1004.4,0
1,2026-09-08T04:00:00+00:00,2026-09-08T03:00:00+00:00,10.5,0.0,8,0,22760.0,3.8,16.1,11.2,253,1004.1,1
1,2026-09-08T04:00:00+00:00,2026-09-08T04:00:00+00:00,10.3,0.0,1,1,19260.0,3.4,14.5,10.4,252,1004.1,0
1,2026-09-08T04:00:00+00:00,2026-09-08T05:00:00+00:00,11.7,0.0,50,0,25260.0,3.0,14.5,10.1,256,1004.4,2
1,2026-09-08T04:00:00+00:00,2026-09-08T06:00:00+00:00,13.8,0.0,100,0,33060.0,5.1,14.6,14.8,266,1004.3,3
1,2026-09-08T04:00:00+00:00,2026-09-08T07:00:00+00:00,15.6,0.0,100,0,37160.0,5.1,7.1,17.3,266,1004.5,3
1,2026-09-08T04:00:00+00:00,2026-09-08T08:00:00+00:00,17.4,0.0,100,0,39680.0,5.1,7.8,16.6,266,1004.0,3
1,2026-09-08T04:00:00+00:00,2026-09-08T09:00:00+00:00,18.9,0.0,68,46,40840.0,6.5,9.9,20.5,270,1003.7,2
1,2026-09-08T04:00:00+00:00,2026-09-08T10:00:00+00:00,19.7,0.0,58,56,41240.0,5.8,8.5,20.5,266,1002.7,2
1,2026-09-08T04:00:00+00:00,2026-09-08T11:00:00+00:00,20.1,0.0,86,57,41180.0,5.6,8.3,19.1,255,1002.1,3
1,2026-09-08T04:00:00+00:00,2026-09-08T12:00:00+00:00,20.5,0.0,68,54,41220.0,5.8,8.7,18.7,248,1001.2,2
1,2026-09-08T04:00:00+00:00,2026-09-08T13:00:00+00:00,20.8,0.0,53,52,41320.0,6.0,8.8,18.7,245,1000.9,2
1,2026-09-08T04:00:00+00:00,2026-09-08T14:00:00+00:00,20.7,0.0,51,51,41320.0,5.8,8.8,18.4,248,1000.6,2
1,2026-09-08T04:00:00+00:00,2026-09-08T15:00:00+00:00,20.4,0.0,50,50,41220.0,5.6,9.3,17.6,255,1000.2,2
1,2026-09-08T04:00:00+00:00,2026-09-08T16:00:00+00:00,19.8,0.0,93,12,41400.0,3.2,7.6,16.2,243,999.6,3
1,2026-09-08T04:00:00+00:00,2026-09-08T17:00:00+00:00,18.8,0.0,26,5,40940.0,1.8,5.5,8.3,191,999.3,1
1,2026-09-08T04:00:00+00:00,2026-09-08T18:00:00+00:00,17.8,0.0,45,0,40500.0,2.7,6.3,5.4,157,999.2,2
1,2026-09-08T04:00:00+00:00,2026-09-08T19:00:00+00:00,17.0,0.0,31,0,39620.0,3.1,10.6,7.9,159,999.0,1
1,2026-09-08T04:00:00+00:00,2026-09-08T20:00:00+00:00,16.4,0.0,63,0,39040.0,2.7,13.9,8.6,157,999.0,2
1,2026-09-08T04:00:00+00:00,2026-09-08T21:00:00+00:00,15.9,0.0,17,0,38700.0,3.5,15.6,9.0,156,998.8,1
1,2026-09-08T04:00:00+00:00,2026-09-08T22:00:00+00:00,15.4,0.0,31,0,38160.0,3.9,17.5,9.7,158,998.5,1
1,2026-09-08T04:00:00+00:00,2026-09-08T23:00:00+00:00,14.9,0.0,67,0,37560.0,4.0,19.8,10.8,175,998.3,2
1,2026-09-08T04:00:00+00:00,2026-09-09T00:00:00+00:00,14.7,0.0,100,0,37680.0,4.0,21.2,10.8,170,998.1,3
1,2026-09-08T04:00:00+00:00,2026-09-09T01:00:00+00:00,14.6,0.0,100,0,37940.0,4.1,21.9,10.8,165,998.1,3
1,2026-09-08T04:00:00+00:00,2026-09-09T02:00:00+00:00,14.4,0.0,46,0,37980.0,4.2,20.5,10.8,160,998.0,1
1,2026-09-08T04:00:00+00:00,2026-09-09T03:00:00+00:00,14.3,0.0,100,0,37480.0,4.5,22.6,11.5,166,997.7,3
1,2026-09-08T04:00:00+00:00,2026-09-09T04:00:00+00:00,14.2,0.0,99,0,33620.0,4.5,22.6,12.2,166,997.7,3
1,2026-09-08T04:00:00+00:00,2026-09-09T05:00:00+00:00,15.2,0.0,63,0,32720.0,5.2,22.4,13.7,168,997.6,2
1,2026-09-08T04:00:00+00:00,2026-09-09T06:00:00+00:00,16.9,0.0,34,0,36980.0,6.5,19.0,18.0,174,997.9,1
1,2026-09-08T04:00:00+00:00,2026-09-09T07:00:00+00:00,18.9,0.0,69,0,40280.0,6.3,10.0,20.2,167,998.0,2
1,2026-09-08T04:00:00+00:00,2026-09-09T08:00:00+00:00,21.1,0.0,52,0,40840.0,7.3,11.7,22.3,169,998.0,2
1,2026-09-08T04:00:00+00:00,2026-09-09T09:00:00+00:00,23.1,0.0,42,0,41320.0,8.4,13.8,24.8,173,997.6,1
1,2026-09-08T04:00:00+00:00,2026-09-09T10:00:00+00:00,24.6,0.0,8,0,42100.0,9.5,17.0,27.7,191,997.3,1
1,2026-09-08T04:00:00+00:00,2026-09-09T11:00:00+00:00,25.6,0.0,22,0,43100.0,9.8,17.5,29.2,197,997.0,1
1,2026-09-08T04:00:00+00:00,2026-09-09T12:00:00+00:00,26.2,0.0,0,0,44260.0,9.7,16.6,28.8,195,996.5,0
1,2026-09-08T04:00:00+00:00,2026-09-09T13:00:00+00:00,26.3,0.0,0,0,44140.0,9.3,16.6,27.7,196,996.3,0
1,2026-09-08T04:00:00+00:00,2026-09-09T14:00:00+00:00,26.1,0.0,0,0,43960.0,8.6,15.7,26.6,195,995.9,0
1,2026-09-08T04:00:00+00:00,2026-09-09T15:00:00+00:00,25.5,0.0,0,0,43820.0,8.0,16.3,24.1,190,995.5,0
1,2026-09-08T04:00:00+00:00,2026-09-09T16:00:00+00:00,24.2,0.0,0,0,42560.0,5.4,18.4,21.6,176,995.2,0
1,2026-09-08T04:00:00+00:00,2026-09-09T17:00:00+00:00,22.7,0.0,0,0,41760.0,4.5,21.5,14.4,166,995.5,0
1,2026-09-08T04:00:00+00:00,2026-09-09T18:00:00+00:00,21.7,0.0,0,0,41420.0,4.7,24.0,11.9,171,995.5,0
1,2026-09-08T04:00:00+00:00,2026-09-09T19:00:00+00:00,21.1,0.0,0,0,41240.0,4.7,25.1,12.2,180,995.4,0
1,2026-09-08T04:00:00+00:00,2026-09-09T20:00:00+00:00,20.5,0.0,0,0,41120.0,5.0,26.1,12.6,180,995.4,0
1,2026-09-08T04:00:00+00:00,2026-09-09T21:00:00+00:00,19.9,0.0,6,0,40800.0,5.4,27.6,14.4,180,995.5,1
1,2026-09-08T04:00:00+00:00,2026-09-09T22:00:00+00:00,19.4,0.0,54,0,40540.0,6.0,30.8,16.9,197,995.6,2
1,2026-09-08T04:00:00+00:00,2026-09-09T23:00:00+00:00,19.0,0.0,3,0,38760.0,6.9,33.2,19.1,208,995.5,0
1,2026-09-08T04:00:00+00:00,2026-09-10T00:00:00+00:00,18.7,0.0,17,0,37720.0,7.4,34.1,20.5,209,995.5,1
1,2026-09-08T04:00:00+00:00,2026-09-10T01:00:00+00:00,18.1,0.0,0,0,35300.0,7.9,34.8,22.3,204,995.5,0
1,2026-09-08T04:00:00+00:00,2026-09-10T02:00:00+00:00,17.6,0.0,0,0,32480.0,7.7,34.1,22.3,208,995.5,0
1,2026-09-08T04:00:00+00:00,2026-09-10T03:00:00+00:00,17.1,0.0,0,0,30320.0,7.8,32.9,21.6,202,995.7,0
1,2026-09-08T04:00:00+00:00,2026-09-10T04:00:00+00:00,16.5,0.0,0,0,27480.0,8.1,32.8,22.0,193,995.8,0
1,2026-09-08T04:00:00+00:00,2026-09-10T05:00:00+00:00,16.9,0.0,0,0,26160.0,9.0,35.0,23.4,185,995.7,0
1,2026-09-08T04:00:00+00:00,2026-09-10T06:00:00+00:00,18.6,0.0,0,0,35020.0,11.2,24.6,30.6,186,995.6,0
1,2026-09-08T04:00:00+00:00,2026-09-10T07:00:00+00:00,20.6,0.0,0,0,39040.0,12.0,23.6,34.2,187,995.7,0
1,2026-09-08T04:00:00+00:00,2026-09-10T08:00:00+00:00,22.5,0.0,0,0,40040.0,12.6,24.1,35.6,183,995.7,0
1,2026-09-08T04:00:00+00:00,2026-09-10T09:00:00+00:00,24.5,0.0,0,0,41180.0,14.9,30.2,40.7,188,995.4,0
1,2026-09-08T04:00:00+00:00,2026-09-10T10:00:00+00:00,26.0,0.0,0,0,42260.0,15.5,31.7,42.8,185,995.0,0
1,2026-09-08T04:00:00+00:00,2026-09-10T11:00:00+00:00,27.1,0.0,0,0,43860.0,15.7,32.0,44.3,191,994.7,0
1,2026-09-08T04:00:00+00:00,2026-09-10T12:00:00+00:00,27.8,0.0,0,0,44920.0,15.5,32.1,42.8,202,994.6,0
1,2026-09-08T04:00:00+00:00,2026-09-10T13:00:00+00:00,28.1,0.0,0,0,44440.0,14.3,30.1,42.1,205,994.3,0
1,2026-09-08T04:00:00+00:00,2026-09-10T14:00:00+00:00,28.0,0.0,0,0,43960.0,13.5,30.2,38.5,209,994.1,0
1,2026-09-08T04:00:00+00:00,2026-09-10T15:00:00+00:00,27.4,0.0,0,0,43380.0,12.1,28.9,36.7,210,994.1,0
1,2026-09-08T04:00:00+00:00,2026-09-10T16:00:00+00:00,26.1,0.0,14,0,42540.0,9.2,27.9,32.0,201,994.0,1
1,2026-09-08T04:00:00+00:00,2026-09-10T17:00:00+00:00,24.4,0.0,10,0,41720.0,7.8,32.1,23.8,202,994.3,1
1,2026-09-08T04:00:00+00:00,2026-09-10T18:00:00+00:00,22.9,0.3,96,31,40380.0,11.3,35.1,29.2,279,995.2,80
1,2026-09-08T04:00:00+00:00,2026-09-10T19:00:00+00:00,20.4,0.0,92,15,33880.0,12.3,27.4,36.0,310,995.9,3
1,2026-09-08T04:00:00+00:00,2026-09-10T20:00:00+00:00,18.9,0.0,95,67,27100.0,11.9,25.9,32.8,305,996.5,3
1,2026-09-08T04:00:00+00:00,2026-09-10T21:00:00+00:00,17.6,0.0,98,73,27140.0,13.6,29.2,36.0,307,997.4,3
1,2026-09-08T04:00:00+00:00,2026-09-10T22:00:00+00:00,16.5,0.0,100,71,29360.0,12.0,27.0,36.4,314,998.1,3
1,2026-09-08T04:00:00+00:00,2026-09-10T23:00:00+00:00,15.9,0.2,95,69,27060.0,10.8,24.3,32.0,307,998.7,61
1,2026-09-08T04:00:00+00:00,2026-09-11T00:00:00+00:00,15.4,0.0,90,60,26500.0,10.7,24.2,30.2,310,999.0,3
1,2026-09-08T04:00:00+00:00,2026-09-11T01:00:00+00:00,15.1,0.0,86,65,23600.0,9.3,21.5,28.8,306,999.3,3
1,2026-09-08T04:00:00+00:00,2026-09-11T02:00:00+00:00,14.8,0.0,91,63,20200.0,9.1,20.6,25.2,304,999.7,3
1,2026-09-08T04:00:00+00:00,2026-09-11T03:00:00+00:00,14.4,0.0,84,60,21360.0,9.0,20.0,24.1,307,1000.0,3
1,2026-09-08T04:00:00+00:00,2026-09-11T04:00:00+00:00,13.9,0.0,92,68,16040.0,7.6,18.6,23.4,301,1000.5,3
1,2026-09-08T04:00:00+00:00,2026-09-11T05:00:00+00:00,14.0,0.0,100,64,17440.0,7.9,14.5,23.4,300,1000.9,3
1,2026-09-08T04:00:00+00:00,2026-09-11T06:00:00+00:00,15.0,0.0,100,56,24040.0,8.2,13.4,22.7,299,1001.3,3
1,2026-09-08T04:00:00+00:00,2026-09-11T07:00:00+00:00,16.5,0.0,93,56,29420.0,7.9,12.2,22.0,300,1001.6,2
1,2026-09-08T04:00:00+00:00,2026-09-11T08:00:00+00:00,18.4,0.0,86,55,34780.0,7.6,11.4,21.6,301,1001.7,2
1,2026-09-08T04:00:00+00:00,2026-09-11T09:00:00+00:00,20.0,0.0,79,55,40160.0,7.3,11.3,22.0,303,1001.8,2
1,2026-09-08T04:00:00+00:00,2026-09-11T10:00:00+00:00,20.9,0.0,80,46,40680.0,7.8,12.3,24.1,304,1001.8,3
1,2026-09-08T04:00:00+00:00,2026-09-11T11:00:00+00:00,21.5,0.0,82,38,41220.0,8.9,14.4,27.4,302,1001.8,3
1,2026-09-08T04:00:00+00:00,2026-09-11T12:00:00+00:00,21.7,0.0,83,29,41740.0,9.4,15.9,29.2,302,1001.7,3
1,2026-09-08T04:00:00+00:00,2026-09-11T13:00:00+00:00,21.6,0.0,86,34,41540.0,9.5,16.4,29.5,307,1001.7,3
1,2026-09-08T04:00:00+00:00,2026-09-11T14:00:00+00:00,21.1,0.0,90,38,41360.0,9.7,16.2,28.4,315,1001.5,3
1,2026-09-08T04:00:00+00:00,2026-09-11T15:00:00+00:00,20.4,0.0,93,43,41160.0,9.2,16.6,26.6,321,1001.6,3
1,2026-09-08T04:00:00+00:00,2026-09-11T16:00:00+00:00,19.6,0.0,91,34,40500.0,8.0,17.4,23.0,324,1001.7,3
1,2026-09-08T04:00:00+00:00,2026-09-11T17:00:00+00:00,18.6,0.0,88,25,39860.0,6.5,18.3,18.0,326,1002.0,3
1,2026-09-08T04:00:00+00:00,2026-09-11T18:00:00+00:00,17.8,0.0,86,16,39200.0,5.0,18.3,14.0,330,1002.2,3
1,2026-09-08T04:00:00+00:00,2026-09-11T19:00:00+00:00,17.1,0.0,88,26,37480.0,3.8,16.6,11.5,343,1002.4,3
1,2026-09-08T04:00:00+00:00,2026-09-11T20:00:00+00:00,16.6,0.0,91,35,35740.0,3.2,14.2,9.7,360,1002.5,3
1,2026-09-08T04:00:00+00:00,2026-09-11T21:00:00+00:00,16.1,0.0,93,45,34020.0,3.1,13.1,8.6,21,1002.7,3
1,2026-09-08T04:00:00+00:00,2026-09-11T22:00:00+00:00,15.7,0.0,95,48,33060.0,2.9,12.8,7.9,30,1002.8,3
1,2026-09-08T04:00:00+00:00,2026-09-11T23:00:00+00:00,15.4,0.0,98,52,32120.0,2.9,13.0,7.2,30,1002.8,3
1,2026-09-08T04:00:00+00:00,2026-09-12T00:00:00+00:00,15.1,0.0,100,55,31160.0,2.8,12.8,7.6,40,1002.7,3
1,2026-09-08T04:00:00+00:00,2026-09-12T01:00:00+00:00,14.9,0.0,100,50,31040.0,3.6,13.1,9.0,53,1002.6,61
1,2026-09-08T04:00:00+00:00,2026-09-12T02:00:00+00:00,14.6,0.0,100,45,30940.0,4.5,14.1,10.8,61,1002.4,61
1,2026-09-08T04:00:00+00:00,2026-09-12T03:00:00+00:00,14.4,0.0,100,40,30820.0,4.7,13.8,12.2,67,1002.4,61
1,2026-09-08T04:00:00+00:00,2026-09-12T04:00:00+00:00,14.2,0.6,100,53,23920.0,3.3,11.3,13.0,77,1002.6,61
1,2026-09-08T04:00:00+00:00,2026-09-12T05:00:00+00:00,13.9,0.6,100,66,17020.0,1.5,8.7,13.0,104,1003.0,61
1,2026-09-08T04:00:00+00:00,2026-09-12T06:00:00+00:00,13.7,0.6,100,79,10120.0,1.3,7.8,13.3,146,1003.2,61
1,2026-09-08T04:00:00+00:00,2026-09-12T07:00:00+00:00,13.7,2.4,100,79,13080.0,1.9,7.1,13.7,112,1003.3,61
1,2026-09-08T04:00:00+00:00,2026-09-12T08:00:00+00:00,13.8,2.4,100,80,16060.0,3.6,6.9,14.4,90,1003.3,61
1,2026-09-08T04:00:00+00:00,2026-09-12T09:00:00+00:00,14.0,2.4,100,80,19020.0,5.1,7.8,15.1,82,1003.4,61
1,2026-09-08T04:00:00+00:00,2026-09-12T10:00:00+00:00,14.2,0.2,100,83,19480.0,5.9,9.2,16.2,76,1003.3,3
1,2026-09-08T04:00:00+00:00,2026-09-12T11:00:00+00:00,14.6,0.2,100,87,19940.0,6.3,10.7,17.6,66,1003.0,3
1,2026-09-08T04:00:00+00:00,2026-09-12T12:00:00+00:00,14.8,0.2,100,90,20400.0,6.6,11.7,18.4,61,1002.9,3
1,2026-09-08T04:00:00+00:00,2026-09-12T13:00:00+00:00,14.8,0.4,100,87,19300.0,6.2,11.7,18.4,54,1002.8,61
1,2026-09-08T04:00:00+00:00,2026-09-12T14:00:00+00:00,14.7,0.4,100,84,18180.0,5.6,11.3,18.0,45,1002.9,61
1,2026-09-08T04:00:00+00:00,2026-09-12T15:00:00+00:00,14.6,0.4,100,81,17080.0,5.4,11.5,17.3,37,1003.0,61
1,2026-09-08T04:00:00+00:00,2026-09-12T16:00:00+00:00,14.5,0.0,100,77,17820.0,5.5,13.4,16.9,32,1003.3,3
1,2026-09-08T04:00:00+00:00,2026-09-12T17:00:00+00:00,14.3,0.0,100,73,18560.0,6.0,15.9,16.2,25,1003.8,3
1,2026-09-08T04:00:00+00:00,2026-09-12T18:00:00+00:00,14.2,0.0,100,69,19300.0,5.8,17.2,15.1,22,1004.2,3
1,2026-09-08T04:00:00+00:00,2026-09-12T19:00:00+00:00,14.0,0.0,100,46,21880.0,4.6,15.6,13.3,18,1004.4,3
1,2026-09-08T04:00:00+00:00,2026-09-12T20:00:00+00:00,13.8,0.0,100,23,24440.0,3.0,12.3,11.5,14,1004.7,3
1,2026-09-08T04:00:00+00:00,2026-09-12T21:00:00+00:00,13.6,0.0,100,0,27020.0,1.8,10.7,9.7,11,1004.9,3
1,2026-09-08T04:00:00+00:00,2026-09-12T22:00:00+00:00,13.2,0.0,100,0,31005.0,2.0,10.7,7.7,358,1005.0,3
1,2026-09-08T04:00:00+00:00,2026-09-12T23:00:00+00:00,12.7,0.0,100,0,34640.0,2.6,11.5,6.1,353,1005.0,3
1,2026-09-08T04:00:00+00:00,2026-09-13T00:00:00+00:00,12.2,0.0,100,0,37900.0,3.1,12.1,5.5,351,1005.1,3
1,2026-09-08T04:00:00+00:00,2026-09-13T01:00:00+00:00,11.6,0.0,100,0,40800.0,3.3,13.1,5.8,347,1005.2,3
1,2026-09-08T04:00:00+00:00,2026-09-13T02:00:00+00:00,11.1,0.0,100,0,40800.0,3.3,14.6,6.5,347,1005.3,3
1,2026-09-08T04:00:00+00:00,2026-09-13T03:00:00+00:00,11.0,0.0,100,0,40800.0,3.3,15.2,7.6,354,1005.6,3
1,2026-09-08T04:00:00+00:00,2026-09-13T04:00:00+00:00,11.5,0.0,100,0,41720.0,3.2,14.0,8.6,360,1006.1,3
1,2026-09-08T04:00:00+00:00,2026-09-13T05:00:00+00:00,12.4,0.0,100,0,42620.0,3.7,12.3,10.1,11,1006.7,3
1,2026-09-08T04:00:00+00:00,2026-09-13T06:00:00+00:00,13.5,0.0,100,0,43540.0,4.2,10.9,11.5,20,1007.2,3
1,2026-09-08T04:00:00+00:00,2026-09-13T07:00:00+00:00,15.1,0.0,67,0,46140.0,5.0,10.0,14.0,30,1007.4,0
1,2026-09-08T04:00:00+00:00,2026-09-13T08:00:00+00:00,16.9,0.0,33,0,48760.0,5.9,9.3,16.6,38,1007.5,0
1,2026-09-08T04:00:00+00:00,2026-09-13T09:00:00+00:00,18.3,0.0,0,0,51360.0,6.4,8.8,18.4,38,1007.5,0
1,2026-09-08T04:00:00+00:00,2026-09-13T10:00:00+00:00,19.2,0.0,11,11,51360.0,6.2,7.5,18.4,36,1007.2,1
1,2026-09-08T04:00:00+00:00,2026-09-13T11:00:00+00:00,19.7,0.0,23,23,51360.0,5.3,6.7,17.6,28,1006.9,1
1,2026-09-08T04:00:00+00:00,2026-09-13T12:00:00+00:00,20.0,0.0,34,34,51360.0,5.0,6.2,16.9,21,1006.5,1
1,2026-09-08T04:00:00+00:00,2026-09-13T13:00:00+00:00,20.0,0.0,23,23,50160.0,4.8,6.2,16.6,13,1006.2,0
1,2026-09-08T04:00:00+00:00,2026-09-13T14:00:00+00:00,19.6,0.0,11,11,48960.0,5.1,7.1,15.8,4,1005.9,0
1,2026-09-08T04:00:00+00:00,2026-09-13T15:00:00+00:00,19.0,0.0,0,0,47760.0,4.7,7.4,14.4,360,1005.7,0
1,2026-09-08T04:00:00+00:00,2026-09-13T16:00:00+00:00,17.9,0.0,0,0,46360.0,3.3,7.2,10.8,6,1005.8,0
1,2026-09-08T04:00:00+00:00,2026-09-13T17:00:00+00:00,16.5,0.0,0,0,44960.0,2.3,7.4,6.1,39,1005.9,0
1,2026-09-08T04:00:00+00:00,2026-09-13T18:00:00+00:00,15.2,0.0,0,0,43560.0,1.5,7.3,2.9,76,1006.0,0
1,2026-09-08T04:00:00+00:00,2026-09-13T19:00:00+00:00,14.3,0.0,0,0,21340.0,0.0,5.9,2.5,270,1006.1,0
1,2026-09-08T04:00:00+00:00,2026-09-13T20:00:00+00:00,13.6,0.0,0,0,17100.0,2.5,3.7,3.6,270,1006.3,0
1,2026-09-08T04:00:00+00:00,2026-09-13T21:00:00+00:00,12.9,0.0,0,0,12880.0,4.0,3.2,4.7,275,1006.3,0
1,2026-09-08T04:00:00+00:00,2026-09-13T22:00:00+00:00,12.2,0.0,0,0,8640.0,4.0,5.0,5.4,280,1006.4,0
1,2026-09-08T04:00:00+00:00,2026-09-13T23:00:00+00:00,11.7,0.0,0,0,4420.0,3.5,7.8,6.1,294,1006.4,0
1,2026-09-08T04:00:00+00:00,2026-09-14T00:00:00+00:00,11.2,0.0,0,0,180.0,3.4,9.5,6.5,302,1006.4,0
1,2026-09-08T04:00:00+00:00,2026-09-14T01:00:00+00:00,10.7,0.0,0,0,180.0,3.4,9.2,6.1,302,1006.4,0
1,2026-09-08T04:00:00+00:00,2026-09-14T02:00:00+00:00,10.2,0.0,0,0,180.0,3.5,8.2,5.0,294,1006.4,0
1,2026-09-08T04:00:00+00:00,2026-09-14T03:00:00+00:00,10.3,0.0,0,0,200.0,3.4,7.2,4.7,288,1006.5,0
1,2026-09-08T04:00:00+00:00,2026-09-14T04:00:00+00:00,11.2,0.0,0,0,200.0,2.7,6.8,4.7,293,1006.7,0
1,2026-09-08T04:00:00+00:00,2026-09-14T05:00:00+00:00,12.6,0.0,0,0,200.0,2.3,6.5,5.4,309,1007.1,0
1,2026-09-08T04:00:00+00:00,2026-09-14T06:00:00+00:00,14.1,0.0,0,0,200.0,1.8,5.8,6.1,323,1007.4,0
1,2026-09-08T04:00:00+00:00,2026-09-14T07:00:00+00:00,16.0,0.0,7,7,5360.0,1.5,4.7,7.2,346,1007.6,1
1,2026-09-08T04:00:00+00:00,2026-09-14T08:00:00+00:00,18.0,0.0,15,15,10540.0,1.8,3.3,9.0,360,1007.7,1
1,2026-09-08T04:00:00+00:00,2026-09-14T09:00:00+00:00,19.7,0.0,22,22,15700.0,1.8,2.1,10.1,360,1007.6,1
1,2026-09-08T04:00:00+00:00,2026-09-14T10:00:00+00:00,20.7,0.0,25,22,20860.0,1.9,2.1,10.4,338,1007.3,1
1,2026-09-08T04:00:00+00:00,2026-09-14T11:00:00+00:00,21.2,0.0,29,22,26040.0,2.6,3.0,10.8,304,1006.9,1
1,2026-09-08T04:00:00+00:00,2026-09-14T12:00:00+00:00,21.5,0.0,32,22,31200.0,3.2,3.9,10.8,297,1006.4,1
1,2026-09-08T04:00:00+00:00,2026-09-14T13:00:00+00:00,21.5,0.0,30,19,30220.0,3.4,4.6,11.5,302,1006.0,1
1,2026-09-08T04:00:00+00:00,2026-09-14T14:00:00+00:00,21.3,0.0,27,15,29220.0,3.6,5.0,12.2,315,1005.7,1
1,2026-09-08T04:00:00+00:00,2026-09-14T15:00:00+00:00,20.6,0.0,25,12,28240.0,3.3,5.2,11.9,319,1005.4,1
1,2026-09-08T04:00:00+00:00,2026-09-14T16:00:00+00:00,19.4,0.0,21,8,27260.0,2.3,4.7,8.6,309,1005.4,1
1,2026-09-08T04:00:00+00:00,2026-09-14T17:00:00+00:00,17.7,0.0,17,4,26260.0,1.1,3.7,4.7,270,1005.5,1
1,2026-09-08T04:00:00+00:00,2026-09-14T18:00:00+00:00,16.3,0.0,13,0,25280.0,1.5,3.7,1.8,225,1005.6,1
1,2026-09-08T04:00:00+00:00,2026-09-14T19:00:00+00:00,15.4,0.0,26,16,24020.0,1.9,5.8,2.5,248,1005.6,2
1,2026-09-08T04:00:00+00:00,2026-09-14T20:00:00+00:00,14.7,0.0,40,31,22780.0,2.9,9.0,4.7,277,1005.7,2
1,2026-09-08T04:00:00+00:00,2026-09-14T21:00:00+00:00,14.1,0.0,53,47,21520.0,3.8,10.7,6.1,287,1005.7,2
1,2026-09-08T04:00:00+00:00,2026-09-14T22:00:00+00:00,13.5,0.0,35,31,20260.0,3.8,9.5,6.1,287,1005.7,0
1,2026-09-08T04:00:00+00:00,2026-09-14T23:00:00+00:00,13.0,0.0,18,16,19020.0,3.7,7.2,5.8,281,1005.6,0
1,2026-09-08T05:00:00+00:00,2026-09-08T00:00:00+00:00,11.5,0.0,0,0,29260.0,4.3,19.5,12.2,275,1005.2,0
1,2026-09-08T05:00:00+00:00,2026-09-08T01:00:00+00:00,11.3,0.0,0,0,28680.0,4.3,18.9,13.0,265,1004.9,0
1,2026-09-08T05:00:00+00:00,2026-09-08T02:00:00+00:00,10.9,0.0,2,0,26760.0,3.7,17.7,12.2,259,1004.4,0
1,2026-09-08T05:00:00+00:00,2026-09-08T03:00:00+00:00,10.5,0.0,8,0,22760.0,3.8,16.1,11.2,253,1004.1,1
1,2026-09-08T05:00:00+00:00,2026-09-08T04:00:00+00:00,10.3,0.0,1,1,19260.0,3.4,14.5,10.4,252,1004.1,0
1,2026-09-08T05:00:00+00:00,2026-09-08T05:00:00+00:00,11.7,0.0,50,0,25260.0,3.0,14.5,10.1,256,1004.4,2
1,2026-09-08T05:00:00+00:00,2026-09-08T06:00:00+00:00,13.8,0.0,100,0,33060.0,5.1,14.6,14.8,266,1004.3,3
1,2026-09-08T05:00:00+00:00,2026-09-08T07:00:00+00:00,15.6,0.0,100,0,37160.0,5.1,7.1,17.3,266,1004.5,3
1,2026-09-08T05:00:00+00:00,2026-09-08T08:00:00+00:00,17.4,0.0,100,0,39680.0,5.1,7.8,16.6,266,1004.0,3
1,2026-09-08T05:00:00+00:00,2026-09-08T09:00:00+00:00,18.9,0.0,68,46,40840.0,6.5,9.9,20.5,270,1003.7,2
1,2026-09-08T05:00:00+00:00,2026-09-08T10:00:00+00:00,19.7,0.0,58,56,41240.0,5.8,8.5,20.5,266,1002.7,2
1,2026-09-08T05:00:00+00:00,2026-09-08T11:00:00+00:00,20.1,0.0,86,57,41180.0,5.6,8.3,19.1,255,1002.1,3
1,2026-09-08T05:00:00+00:00,2026-09-08T12:00:00+00:00,20.5,0.0,68,54,41220.0,5.8,8.7,18.7,248,1001.2,2
1,2026-09-08T05:00:00+00:00,2026-09-08T13:00:00+00:00,20.8,0.0,53,52,41320.0,6.0,8.8,18.7,245,1000.9,2
1,2026-09-08T05:00:00+00:00,2026-09-08T14:00:00+00:00,20.7,0.0,51,51,41320.0,5.8,8.8,18.4,248,1000.6,2
1,2026-09-08T05:00:00+00:00,2026-09-08T15:00:00+00:00,20.4,0.0,50,50,41220.0,5.6,9.3,17.6,255,1000.2,2
1,2026-09-08T05:00:00+00:00,2026-09-08T16:00:00+00:00,19.8,0.0,93,12,41400.0,3.2,7.6,16.2,243,999.6,3
1,2026-09-08T05:00:00+00:00,2026-09-08T17:00:00+00:00,18.8,0.0,26,5,40940.0,1.8,5.5,8.3,191,999.3,1
1,2026-09-08T05:00:00+00:00,2026-09-08T18:00:00+00:00,17.8,0.0,45,0,40500.0,2.7,6.3,5.4,157,999.2,2
1,2026-09-08T05:00:00+00:00,2026-09-08T19:00:00+00:00,17.0,0.0,31,0,39620.0,3.1,10.6,7.9,159,999.0,1
1,2026-09-08T05:00:00+00:00,2026-09-08T20:00:00+00:00,16.4,0.0,63,0,39040.0,2.7,13.9,8.6,157,999.0,2
1,2026-09-08T05:00:00+00:00,2026-09-08T21:00:00+00:00,15.9,0.0,17,0,38700.0,3.5,15.6,9.0,156,998.8,1
1,2026-09-08T05:00:00+00:00,2026-09-08T22:00:00+00:00,15.4,0.0,31,0,38160.0,3.9,17.5,9.7,158,998.5,1
1,2026-09-08T05:00:00+00:00,2026-09-08T23:00:00+00:00,14.9,0.0,67,0,37560.0,4.0,19.8,10.8,175,998.3,2
1,2026-09-08T05:00:00+00:00,2026-09-09T00:00:00+00:00,14.7,0.0,100,0,37680.0,4.0,21.2,10.8,170,998.1,3
1,2026-09-08T05:00:00+00:00,2026-09-09T01:00:00+00:00,14.6,0.0,100,0,37940.0,4.1,21.9,10.8,165,998.1,3
1,2026-09-08T05:00:00+00:00,2026-09-09T02:00:00+00:00,14.4,0.0,46,0,37980.0,4.2,20.5,10.8,160,998.0,1
1,2026-09-08T05:00:00+00:00,2026-09-09T03:00:00+00:00,14.3,0.0,100,0,37480.0,4.5,22.6,11.5,166,997.7,3
1,2026-09-08T05:00:00+00:00,2026-09-09T04:00:00+00:00,14.2,0.0,99,0,33620.0,4.5,22.6,12.2,166,997.7,3
1,2026-09-08T05:00:00+00:00,2026-09-09T05:00:00+00:00,15.2,0.0,63,0,32720.0,5.2,22.4,13.7,168,997.6,2
1,2026-09-08T05:00:00+00:00,2026-09-09T06:00:00+00:00,16.9,0.0,34,0,36980.0,6.5,19.0,18.0,174,997.9,1
1,2026-09-08T05:00:00+00:00,2026-09-09T07:00:00+00:00,18.9,0.0,69,0,40280.0,6.3,10.0,20.2,167,998.0,2
1,2026-09-08T05:00:00+00:00,2026-09-09T08:00:00+00:00,21.1,0.0,52,0,40840.0,7.3,11.7,22.3,169,998.0,2
1,2026-09-08T05:00:00+00:00,2026-09-09T09:00:00+00:00,23.1,0.0,42,0,41320.0,8.4,13.8,24.8,173,997.6,1
1,2026-09-08T05:00:00+00:00,2026-09-09T10:00:00+00:00,24.6,0.0,8,0,42100.0,9.5,17.0,27.7,191,997.3,1
1,2026-09-08T05:00:00+00:00,2026-09-09T11:00:00+00:00,25.6,0.0,22,0,43100.0,9.8,17.5,29.2,197,997.0,1
1,2026-09-08T05:00:00+00:00,2026-09-09T12:00:00+00:00,26.2,0.0,0,0,44260.0,9.7,16.6,28.8,195,996.5,0
1,2026-09-08T05:00:00+00:00,2026-09-09T13:00:00+00:00,26.3,0.0,0,0,44140.0,9.3,16.6,27.7,196,996.3,0
1,2026-09-08T05:00:00+00:00,2026-09-09T14:00:00+00:00,26.1,0.0,0,0,43960.0,8.6,15.7,26.6,195,995.9,0
1,2026-09-08T05:00:00+00:00,2026-09-09T15:00:00+00:00,25.5,0.0,0,0,43820.0,8.0,16.3,24.1,190,995.5,0
1,2026-09-08T05:00:00+00:00,2026-09-09T16:00:00+00:00,24.2,0.0,0,0,42560.0,5.4,18.4,21.6,176,995.2,0
1,2026-09-08T05:00:00+00:00,2026-09-09T17:00:00+00:00,22.7,0.0,0,0,41760.0,4.5,21.5,14.4,166,995.5,0
1,2026-09-08T05:00:00+00:00,2026-09-09T18:00:00+00:00,21.7,0.0,0,0,41420.0,4.7,24.0,11.9,171,995.5,0
1,2026-09-08T05:00:00+00:00,2026-09-09T19:00:00+00:00,21.1,0.0,0,0,41240.0,4.7,25.1,12.2,180,995.4,0
1,2026-09-08T05:00:00+00:00,2026-09-09T20:00:00+00:00,20.5,0.0,0,0,41120.0,5.0,26.1,12.6,180,995.4,0
1,2026-09-08T05:00:00+00:00,2026-09-09T21:00:00+00:00,19.9,0.0,6,0,40800.0,5.4,27.6,14.4,180,995.5,1
1,2026-09-08T05:00:00+00:00,2026-09-09T22:00:00+00:00,19.4,0.0,54,0,40540.0,6.0,30.8,16.9,197,995.6,2
1,2026-09-08T05:00:00+00:00,2026-09-09T23:00:00+00:00,19.0,0.0,3,0,38760.0,6.9,33.2,19.1,208,995.5,0
1,2026-09-08T05:00:00+00:00,2026-09-10T00:00:00+00:00,18.7,0.0,17,0,37720.0,7.4,34.1,20.5,209,995.5,1
1,2026-09-08T05:00:00+00:00,2026-09-10T01:00:00+00:00,18.1,0.0,0,0,35300.0,7.9,34.8,22.3,204,995.5,0
1,2026-09-08T05:00:00+00:00,2026-09-10T02:00:00+00:00,17.6,0.0,0,0,32480.0,7.7,34.1,22.3,208,995.5,0
1,2026-09-08T05:00:00+00:00,2026-09-10T03:00:00+00:00,17.1,0.0,0,0,30320.0,7.8,32.9,21.6,202,995.7,0
1,2026-09-08T05:00:00+00:00,2026-09-10T04:00:00+00:00,16.5,0.0,0,0,27480.0,8.1,32.8,22.0,193,995.8,0
1,2026-09-08T05:00:00+00:00,2026-09-10T05:00:00+00:00,16.9,0.0,0,0,26160.0,9.0,35.0,23.4,185,995.7,0
1,2026-09-08T05:00:00+00:00,2026-09-10T06:00:00+00:00,18.6,0.0,0,0,35020.0,11.2,24.6,30.6,186,995.6,0
1,2026-09-08T05:00:00+00:00,2026-09-10T07:00:00+00:00,20.6,0.0,0,0,39040.0,12.0,23.6,34.2,187,995.7,0
1,2026-09-08T05:00:00+00:00,2026-09-10T08:00:00+00:00,22.5,0.0,0,0,40040.0,12.6,24.1,35.6,183,995.7,0
1,2026-09-08T05:00:00+00:00,2026-09-10T09:00:00+00:00,24.5,0.0,0,0,41180.0,14.9,30.2,40.7,188,995.4,0
1,2026-09-08T05:00:00+00:00,2026-09-10T10:00:00+00:00,26.0,0.0,0,0,42260.0,15.5,31.7,42.8,185,995.0,0
1,2026-09-08T05:00:00+00:00,2026-09-10T11:00:00+00:00,27.1,0.0,0,0,43860.0,15.7,32.0,44.3,191,994.7,0
1,2026-09-08T05:00:00+00:00,2026-09-10T12:00:00+00:00,27.8,0.0,0,0,44920.0,15.5,32.1,42.8,202,994.6,0
1,2026-09-08T05:00:00+00:00,2026-09-10T13:00:00+00:00,28.1,0.0,0,0,44440.0,14.3,30.1,42.1,205,994.3,0
1,2026-09-08T05:00:00+00:00,2026-09-10T14:00:00+00:00,28.0,0.0,0,0,43960.0,13.5,30.2,38.5,209,994.1,0
1,2026-09-08T05:00:00+00:00,2026-09-10T15:00:00+00:00,27.4,0.0,0,0,43380.0,12.1,28.9,36.7,210,994.1,0
1,2026-09-08T05:00:00+00:00,2026-09-10T16:00:00+00:00,26.1,0.0,14,0,42540.0,9.2,27.9,32.0,201,994.0,1
1,2026-09-08T05:00:00+00:00,2026-09-10T17:00:00+00:00,24.4,0.0,10,0,41720.0,7.8,32.1,23.8,202,994.3,1
1,2026-09-08T05:00:00+00:00,2026-09-10T18:00:00+00:00,22.9,0.3,96,31,40380.0,11.3,35.1,29.2,279,995.2,80
1,2026-09-08T05:00:00+00:00,2026-09-10T19:00:00+00:00,20.4,0.0,92,15,33880.0,12.3,27.4,36.0,310,995.9,3
1,2026-09-08T05:00:00+00:00,2026-09-10T20:00:00+00:00,18.9,0.0,95,67,27100.0,11.9,25.9,32.8,305,996.5,3
1,2026-09-08T05:00:00+00:00,2026-09-10T21:00:00+00:00,17.6,0.0,98,73,27140.0,13.6,29.2,36.0,307,997.4,3
1,2026-09-08T05:00:00+00:00,2026-09-10T22:00:00+00:00,16.5,0.0,100,71,29360.0,12.0,27.0,36.4,314,998.1,3
1,2026-09-08T05:00:00+00:00,2026-09-10T23:00:00+00:00,15.9,0.2,95,69,27060.0,10.8,24.3,32.0,307,998.7,61
1,2026-09-08T05:00:00+00:00,2026-09-11T00:00:00+00:00,15.4,0.0,90,60,26500.0,10.7,24.2,30.2,310,999.0,3
1,2026-09-08T05:00:00+00:00,2026-09-11T01:00:00+00:00,15.1,0.0,86,65,23600.0,9.3,21.5,28.8,306,999.3,3
1,2026-09-08T05:00:00+00:00,2026-09-11T02:00:00+00:00,14.8,0.0,91,63,20200.0,9.1,20.6,25.2,304,999.7,3
1,2026-09-08T05:00:00+00:00,2026-09-11T03:00:00+00:00,14.4,0.0,84,60,21360.0,9.0,20.0,24.1,307,1000.0,3
1,2026-09-08T05:00:00+00:00,2026-09-11T04:00:00+00:00,13.9,0.0,92,68,16040.0,7.6,18.6,23.4,301,1000.5,3
1,2026-09-08T05:00:00+00:00,2026-09-11T05:00:00+00:00,14.0,0.0,100,64,17440.0,7.9,14.5,23.4,300,1000.9,3
1,2026-09-08T05:00:00+00:00,2026-09-11T06:00:00+00:00,15.0,0.0,100,56,24040.0,8.2,13.4,22.7,299,1001.3,3
1,2026-09-08T05:00:00+00:00,2026-09-11T07:00:00+00:00,16.5,0.0,93,56,29420.0,7.9,12.2,22.0,300,1001.6,2
1,2026-09-08T05:00:00+00:00,2026-09-11T08:00:00+00:00,18.4,0.0,86,55,34780.0,7.6,11.4,21.6,301,1001.7,2
1,2026-09-08T05:00:00+00:00,2026-09-11T09:00:00+00:00,20.0,0.0,79,55,40160.0,7.3,11.3,22.0,303,1001.8,2
1,2026-09-08T05:00:00+00:00,2026-09-11T10:00:00+00:00,20.9,0.0,80,46,40680.0,7.8,12.3,24.1,304,1001.8,3
1,2026-09-08T05:00:00+00:00,2026-09-11T11:00:00+00:00,21.5,0.0,82,38,41220.0,8.9,14.4,27.4,302,1001.8,3
1,2026-09-08T05:00:00+00:00,2026-09-11T12:00:00+00:00,21.7,0.0,83,29,41740.0,9.4,15.9,29.2,302,1001.7,3
1,2026-09-08T05:00:00+00:00,2026-09-11T13:00:00+00:00,21.6,0.0,86,34,41540.0,9.5,16.4,29.5,307,1001.7,3
1,2026-09-08T05:00:00+00:00,2026-09-11T14:00:00+00:00,21.1,0.0,90,38,41360.0,9.7,16.2,28.4,315,1001.5,3
1,2026-09-08T05:00:00+00:00,2026-09-11T15:00:00+00:00,20.4,0.0,93,43,41160.0,9.2,16.6,26.6,321,1001.6,3
1,2026-09-08T05:00:00+00:00,2026-09-11T16:00:00+00:00,19.6,0.0,91,34,40500.0,8.0,17.4,23.0,324,1001.7,3
1,2026-09-08T05:00:00+00:00,2026-09-11T17:00:00+00:00,18.6,0.0,88,25,39860.0,6.5,18.3,18.0,326,1002.0,3
1,2026-09-08T05:00:00+00:00,2026-09-11T18:00:00+00:00,17.8,0.0,86,16,39200.0,5.0,18.3,14.0,330,1002.2,3
1,2026-09-08T05:00:00+00:00,2026-09-11T19:00:00+00:00,17.1,0.0,88,26,37480.0,3.8,16.6,11.5,343,1002.4,3
1,2026-09-08T05:00:00+00:00,2026-09-11T20:00:00+00:00,16.6,0.0,91,35,35740.0,3.2,14.2,9.7,360,1002.5,3
1,2026-09-08T05:00:00+00:00,2026-09-11T21:00:00+00:00,16.1,0.0,93,45,34020.0,3.1,13.1,8.6,21,1002.7,3
1,2026-09-08T05:00:00+00:00,2026-09-11T22:00:00+00:00,15.7,0.0,95,48,33060.0,2.9,12.8,7.9,30,1002.8,3
1,2026-09-08T05:00:00+00:00,2026-09-11T23:00:00+00:00,15.4,0.0,98,52,32120.0,2.9,13.0,7.2,30,1002.8,3
1,2026-09-08T05:00:00+00:00,2026-09-12T00:00:00+00:00,15.1,0.0,100,55,31160.0,2.8,12.8,7.6,40,1002.7,3
1,2026-09-08T05:00:00+00:00,2026-09-12T01:00:00+00:00,14.9,0.0,100,50,31040.0,3.6,13.1,9.0,53,1002.6,61
1,2026-09-08T05:00:00+00:00,2026-09-12T02:00:00+00:00,14.6,0.0,100,45,30940.0,4.5,14.1,10.8,61,1002.4,61
1,2026-09-08T05:00:00+00:00,2026-09-12T03:00:00+00:00,14.4,0.0,100,40,30820.0,4.7,13.8,12.2,67,1002.4,61
1,2026-09-08T05:00:00+00:00,2026-09-12T04:00:00+00:00,14.2,0.6,100,53,23920.0,3.3,11.3,13.0,77,1002.6,61
1,2026-09-08T05:00:00+00:00,2026-09-12T05:00:00+00:00,13.9,0.6,100,66,17020.0,1.5,8.7,13.0,104,1003.0,61
1,2026-09-08T05:00:00+00:00,2026-09-12T06:00:00+00:00,13.7,0.6,100,79,10120.0,1.3,7.8,13.3,146,1003.2,61
1,2026-09-08T05:00:00+00:00,2026-09-12T07:00:00+00:00,13.7,2.4,100,79,13080.0,1.9,7.1,13.7,112,1003.3,61
1,2026-09-08T05:00:00+00:00,2026-09-12T08:00:00+00:00,13.8,2.4,100,80,16060.0,3.6,6.9,14.4,90,1003.3,61
1,2026-09-08T05:00:00+00:00,2026-09-12T09:00:00+00:00,14.0,2.4,100,80,19020.0,5.1,7.8,15.1,82,1003.4,61
1,2026-09-08T05:00:00+00:00,2026-09-12T10:00:00+00:00,14.2,0.2,100,83,19480.0,5.9,9.2,16.2,76,1003.3,3
1,2026-09-08T05:00:00+00:00,2026-09-12T11:00:00+00:00,14.6,0.2,100,87,19940.0,6.3,10.7,17.6,66,1003.0,3
1,2026-09-08T05:00:00+00:00,2026-09-12T12:00:00+00:00,14.8,0.2,100,90,20400.0,6.6,11.7,18.4,61,1002.9,3
1,2026-09-08T05:00:00+00:00,2026-09-12T13:00:00+00:00,14.8,0.4,100,87,19300.0,6.2,11.7,18.4,54,1002.8,61
1,2026-09-08T05:00:00+00:00,2026-09-12T14:00:00+00:00,14.7,0.4,100,84,18180.0,5.6,11.3,18.0,45,1002.9,61
1,2026-09-08T05:00:00+00:00,2026-09-12T15:00:00+00:00,14.6,0.4,100,81,17080.0,5.4,11.5,17.3,37,1003.0,61
1,2026-09-08T05:00:00+00:00,2026-09-12T16:00:00+00:00,14.5,0.0,100,77,17820.0,5.5,13.4,16.9,32,1003.3,3
1,2026-09-08T05:00:00+00:00,2026-09-12T17:00:00+00:00,14.3,0.0,100,73,18560.0,6.0,15.9,16.2,25,1003.8,3
1,2026-09-08T05:00:00+00:00,2026-09-12T18:00:00+00:00,14.2,0.0,100,69,19300.0,5.8,17.2,15.1,22,1004.2,3
1,2026-09-08T05:00:00+00:00,2026-09-12T19:00:00+00:00,14.0,0.0,100,46,21880.0,4.6,15.6,13.3,18,1004.4,3
1,2026-09-08T05:00:00+00:00,2026-09-12T20:00:00+00:00,13.8,0.0,100,23,24440.0,3.0,12.3,11.5,14,1004.7,3
1,2026-09-08T05:00:00+00:00,2026-09-12T21:00:00+00:00,13.6,0.0,100,0,27020.0,1.8,10.7,9.7,11,1004.9,3
1,2026-09-08T05:00:00+00:00,2026-09-12T22:00:00+00:00,13.2,0.0,100,0,31005.0,2.0,10.7,7.7,358,1005.0,3
1,2026-09-08T05:00:00+00:00,2026-09-12T23:00:00+00:00,12.7,0.0,100,0,34640.0,2.6,11.5,6.1,353,1005.0,3
1,2026-09-08T05:00:00+00:00,2026-09-13T00:00:00+00:00,12.2,0.0,100,0,37900.0,3.1,12.1,5.5,351,1005.1,3
1,2026-09-08T05:00:00+00:00,2026-09-13T01:00:00+00:00,11.6,0.0,100,0,40800.0,3.3,13.1,5.8,347,1005.2,3
1,2026-09-08T05:00:00+00:00,2026-09-13T02:00:00+00:00,11.1,0.0,100,0,40800.0,3.3,14.6,6.5,347,1005.3,3
1,2026-09-08T05:00:00+00:00,2026-09-13T03:00:00+00:00,11.0,0.0,100,0,40800.0,3.3,15.2,7.6,354,1005.6,3
1,2026-09-08T05:00:00+00:00,2026-09-13T04:00:00+00:00,11.5,0.0,100,0,41720.0,3.2,14.0,8.6,360,1006.1,3
1,2026-09-08T05:00:00+00:00,2026-09-13T05:00:00+00:00,12.4,0.0,100,0,42620.0,3.7,12.3,10.1,11,1006.7,3
1,2026-09-08T05:00:00+00:00,2026-09-13T06:00:00+00:00,13.5,0.0,100,0,43540.0,4.2,10.9,11.5,20,1007.2,3
1,2026-09-08T05:00:00+00:00,2026-09-13T07:00:00+00:00,15.1,0.0,67,0,46140.0,5.0,10.0,14.0,30,1007.4,0
1,2026-09-08T05:00:00+00:00,2026-09-13T08:00:00+00:00,16.9,0.0,33,0,48760.0,5.9,9.3,16.6,38,1007.5,0
1,2026-09-08T05:00:00+00:00,2026-09-13T09:00:00+00:00,18.3,0.0,0,0,51360.0,6.4,8.8,18.4,38,1007.5,0
1,2026-09-08T05:00:00+00:00,2026-09-13T10:00:00+00:00,19.2,0.0,11,11,51360.0,6.2,7.5,18.4,36,1007.2,1
1,2026-09-08T05:00:00+00:00,2026-09-13T11:00:00+00:00,19.7,0.0,23,23,51360.0,5.3,6.7,17.6,28,1006.9,1
1,2026-09-08T05:00:00+00:00,2026-09-13T12:00:00+00:00,20.0,0.0,34,34,51360.0,5.0,6.2,16.9,21,1006.5,1
1,2026-09-08T05:00:00+00:00,2026-09-13T13:00:00+00:00,20.0,0.0,23,23,50160.0,4.8,6.2,16.6,13,1006.2,0
1,2026-09-08T05:00:00+00:00,2026-09-13T14:00:00+00:00,19.6,0.0,11,11,48960.0,5.1,7.1,15.8,4,1005.9,0
1,2026-09-08T05:00:00+00:00,2026-09-13T15:00:00+00:00,19.0,0.0,0,0,47760.0,4.7,7.4,14.4,360,1005.7,0
1,2026-09-08T05:00:00+00:00,2026-09-13T16:00:00+00:00,17.9,0.0,0,0,46360.0,3.3,7.2,10.8,6,1005.8,0
1,2026-09-08T05:00:00+00:00,2026-09-13T17:00:00+00:00,16.5,0.0,0,0,44960.0,2.3,7.4,6.1,39,1005.9,0
1,2026-09-08T05:00:00+00:00,2026-09-13T18:00:00+00:00,15.2,0.0,0,0,43560.0,1.5,7.3,2.9,76,1006.0,0
1,2026-09-08T05:00:00+00:00,2026-09-13T19:00:00+00:00,14.3,0.0,0,0,21340.0,0.0,5.9,2.5,270,1006.1,0
1,2026-09-08T05:00:00+00:00,2026-09-13T20:00:00+00:00,13.6,0.0,0,0,17100.0,2.5,3.7,3.6,270,1006.3,0
1,2026-09-08T05:00:00+00:00,2026-09-13T21:00:00+00:00,12.9,0.0,0,0,12880.0,4.0,3.2,4.7,275,1006.3,0
1,2026-09-08T05:00:00+00:00,2026-09-13T22:00:00+00:00,12.2,0.0,0,0,8640.0,4.0,5.0,5.4,280,1006.4,0
1,2026-09-08T05:00:00+00:00,2026-09-13T23:00:00+00:00,11.7,0.0,0,0,4420.0,3.5,7.8,6.1,294,1006.4,0
1,2026-09-08T05:00:00+00:00,2026-09-14T00:00:00+00:00,11.2,0.0,0,0,180.0,3.4,9.5,6.5,302,1006.4,0
1,2026-09-08T05:00:00+00:00,2026-09-14T01:00:00+00:00,10.7,0.0,0,0,180.0,3.4,9.2,6.1,302,1006.4,0
1,2026-09-08T05:00:00+00:00,2026-09-14T02:00:00+00:00,10.2,0.0,0,0,180.0,3.5,8.2,5.0,294,1006.4,0
1,2026-09-08T05:00:00+00:00,2026-09-14T03:00:00+00:00,10.3,0.0,0,0,200.0,3.4,7.2,4.7,288,1006.5,0
1,2026-09-08T05:00:00+00:00,2026-09-14T04:00:00+00:00,11.2,0.0,0,0,200.0,2.7,6.8,4.7,293,1006.7,0
1,2026-09-08T05:00:00+00:00,2026-09-14T05:00:00+00:00,12.6,0.0,0,0,200.0,2.3,6.5,5.4,309,1007.1,0
1,2026-09-08T05:00:00+00:00,2026-09-14T06:00:00+00:00,14.1,0.0,0,0,200.0,1.8,5.8,6.1,323,1007.4,0
1,2026-09-08T05:00:00+00:00,2026-09-14T07:00:00+00:00,16.0,0.0,7,7,5360.0,1.5,4.7,7.2,346,1007.6,1
1,2026-09-08T05:00:00+00:00,2026-09-14T08:00:00+00:00,18.0,0.0,15,15,10540.0,1.8,3.3,9.0,360,1007.7,1
1,2026-09-08T05:00:00+00:00,2026-09-14T09:00:00+00:00,19.7,0.0,22,22,15700.0,1.8,2.1,10.1,360,1007.6,1
1,2026-09-08T05:00:00+00:00,2026-09-14T10:00:00+00:00,20.7,0.0,25,22,20860.0,1.9,2.1,10.4,338,1007.3,1
1,2026-09-08T05:00:00+00:00,2026-09-14T11:00:00+00:00,21.2,0.0,29,22,26040.0,2.6,3.0,10.8,304,1006.9,1
1,2026-09-08T05:00:00+00:00,2026-09-14T12:00:00+00:00,21.5,0.0,32,22,31200.0,3.2,3.9,10.8,297,1006.4,1
1,2026-09-08T05:00:00+00:00,2026-09-14T13:00:00+00:00,21.5,0.0,30,19,30220.0,3.4,4.6,11.5,302,1006.0,1
1,2026-09-08T05:00:00+00:00,2026-09-14T14:00:00+00:00,21.3,0.0,27,15,29220.0,3.6,5.0,12.2,315,1005.7,1
1,2026-09-08T05:00:00+00:00,2026-09-14T15:00:00+00:00,20.6,0.0,25,12,28240.0,3.3,5.2,11.9,319,1005.4,1
1,2026-09-08T05:00:00+00:00,2026-09-14T16:00:00+00:00,19.4,0.0,21,8,27260.0,2.3,4.7,8.6,309,1005.4,1
1,2026-09-08T05:00:00+00:00,2026-09-14T17:00:00+00:00,17.7,0.0,17,4,26260.0,1.1,3.7,4.7,270,1005.5,1
1,2026-09-08T05:00:00+00:00,2026-09-14T18:00:00+00:00,16.3,0.0,13,0,25280.0,1.5,3.7,1.8,225,1005.6,1
1,2026-09-08T05:00:00+00:00,2026-09-14T19:00:00+00:00,15.4,0.0,26,16,24020.0,1.9,5.8,2.5,248,1005.6,2
1,2026-09-08T05:00:00+00:00,2026-09-14T20:00:00+00:00,14.7,0.0,40,31,22780.0,2.9,9.0,4.7,277,1005.7,2
1,2026-09-08T05:00:00+00:00,2026-09-14T21:00:00+00:00,14.1,0.0,53,47,21520.0,3.8,10.7,6.1,287,1005.7,2
1,2026-09-08T05:00:00+00:00,2026-09-14T22:00:00+00:00,13.5,0.0,35,31,20260.0,3.8,9.5,6.1,287,1005.7,0
1,2026-09-08T05:00:00+00:00,2026-09-14T23:00:00+00:00,13.0,0.0,18,16,19020.0,3.7,7.2,5.8,281,1005.6,0
1,2026-09-08T06:00:00+00:00,2026-09-08T00:00:00+00:00,11.5,0.0,0,0,29260.0,4.3,19.5,12.2,275,1005.2,0
1,2026-09-08T06:00:00+00:00,2026-09-08T01:00:00+00:00,11.3,0.0,0,0,28680.0,4.3,18.9,13.0,265,1004.9,0
1,2026-09-08T06:00:00+00:00,2026-09-08T02:00:00+00:00,10.9,0.0,2,0,26760.0,3.7,17.7,12.2,259,1004.4,0
1,2026-09-08T06:00:00+00:00,2026-09-08T03:00:00+00:00,10.5,0.0,7,0,22760.0,3.4,16.1,11.2,252,1004.1,1
1,2026-09-08T06:00:00+00:00,2026-09-08T04:00:00+00:00,10.3,0.0,1,1,19260.0,3.4,14.5,10.4,252,1004.1,0
1,2026-09-08T06:00:00+00:00,2026-09-08T05:00:00+00:00,11.7,0.0,38,0,25260.0,3.0,14.5,10.1,256,1004.4,2
1,2026-09-08T06:00:00+00:00,2026-09-08T06:00:00+00:00,13.8,0.0,100,0,33060.0,4.0,14.6,14.8,265,1004.3,3
1,2026-09-08T06:00:00+00:00,2026-09-08T07:00:00+00:00,15.6,0.0,100,0,37160.0,4.3,7.1,17.3,265,1004.5,3
1,2026-09-08T06:00:00+00:00,2026-09-08T08:00:00+00:00,17.4,0.0,61,0,39680.0,5.1,7.8,16.6,266,1004.0,3
1,2026-09-08T06:00:00+00:00,2026-09-08T09:00:00+00:00,18.9,0.0,56,44,40840.0,6.1,9.9,20.5,270,1003.7,2
1,2026-09-08T06:00:00+00:00,2026-09-08T10:00:00+00:00,19.7,0.0,57,57,41240.0,5.8,8.5,20.5,266,1002.7,2
1,2026-09-08T06:00:00+00:00,2026-09-08T11:00:00+00:00,20.1,0.0,74,56,41180.0,6.3,8.3,19.1,257,1002.1,3
1,2026-09-08T06:00:00+00:00,2026-09-08T12:00:00+00:00,20.5,0.0,51,50,41220.0,6.2,8.7,18.7,249,1001.2,2
1,2026-09-08T06:00:00+00:00,2026-09-08T13:00:00+00:00,20.8,0.0,52,49,41320.0,5.6,8.8,18.7,243,1000.9,2
1,2026-09-08T06:00:00+00:00,2026-09-08T14:00:00+00:00,20.7,0.0,48,48,41320.0,5.2,8.8,18.4,245,1000.6,2
1,2026-09-08T06:00:00+00:00,2026-09-08T15:00:00+00:00,20.4,0.0,50,49,41220.0,5.2,9.3,17.6,254,1000.2,2
1,2026-09-08T06:00:00+00:00,2026-09-08T16:00:00+00:00,19.8,0.0,21,17,41400.0,3.5,7.6,16.2,246,999.6,3
1,2026-09-08T06:00:00+00:00,2026-09-08T17:00:00+00:00,18.8,0.0,7,7,40940.0,1.8,5.5,8.3,180,999.3,1
1,2026-09-08T06:00:00+00:00,2026-09-08T18:00:00+00:00,17.8,0.0,0,0,40500.0,2.9,6.3,5.4,150,999.2,2
1,2026-09-08T06:00:00+00:00,2026-09-08T19:00:00+00:00,17.0,0.0,19,0,39620.0,3.2,10.6,7.9,153,999.0,1
1,2026-09-08T06:00:00+00:00,2026-09-08T20:00:00+00:00,16.4,0.0,100,0,39040.0,2.9,13.9,8.6,150,999.0,2
1,2026-09-08T06:00:00+00:00,2026-09-08T21:00:00+00:00,15.9,0.0,10,0,38700.0,3.5,15.6,9.0,156,998.8,1
1,2026-09-08T06:00:00+00:00,2026-09-08T22:00:00+00:00,15.4,0.0,99,0,38160.0,3.9,17.5,9.7,158,998.5,1
1,2026-09-08T06:00:00+00:00,2026-09-08T23:00:00+00:00,14.9,0.0,30,0,37560.0,4.1,19.8,10.8,165,998.3,2
1,2026-09-08T06:00:00+00:00,2026-09-09T00:00:00+00:00,14.7,0.0,16,0,37680.0,4.1,21.2,10.8,165,998.1,3
1,2026-09-08T06:00:00+00:00,2026-09-09T01:00:00+00:00,14.6,0.0,98,0,37940.0,4.1,21.9,10.8,165,998.1,3
1,2026-09-08T06:00:00+00:00,2026-09-09T02:00:00+00:00,14.4,0.0,61,0,37980.0,4.0,20.5,10.8,170,998.0,1
1,2026-09-08T06:00:00+00:00,2026-09-09T03:00:00+00:00,14.3,0.0,39,0,37480.0,4.5,22.6,11.5,166,997.7,3
1,2026-09-08T06:00:00+00:00,2026-09-09T04:00:00+00:00,14.2,0.0,25,0,33620.0,4.8,22.6,12.2,153,997.7,3
1,2026-09-08T06:00:00+00:00,2026-09-09T05:00:00+00:00,15.2,0.0,0,0,32720.0,5.4,22.4,13.7,160,997.6,2
1,2026-09-08T06:00:00+00:00,2026-09-09T06:00:00+00:00,16.9,0.0,36,0,36980.0,6.6,19.0,18.0,171,997.9,1
1,2026-09-08T06:00:00+00:00,2026-09-09T07:00:00+00:00,18.9,0.0,8,0,40280.0,6.3,10.0,20.2,167,998.0,2
1,2026-09-08T06:00:00+00:00,2026-09-09T08:00:00+00:00,21.1,0.0,6,0,40840.0,7.4,11.7,22.3,166,998.0,2
1,2026-09-08T06:00:00+00:00,2026-09-09T09:00:00+00:00,23.1,0.0,31,0,41320.0,8.6,13.8,24.8,165,997.6,1
1,2026-09-08T06:00:00+00:00,2026-09-09T10:00:00+00:00,24.6,0.0,8,0,42100.0,9.5,17.0,27.7,191,997.3,1
1,2026-09-08T06:00:00+00:00,2026-09-09T11:00:00+00:00,25.6,0.0,22,0,43100.0,9.8,17.5,29.2,197,997.0,1
1,2026-09-08T06:00:00+00:00,2026-09-09T12:00:00+00:00,26.2,0.0,0,0,44260.0,9.7,16.6,28.8,195,996.5,0
1,2026-09-08T06:00:00+00:00,2026-09-09T13:00:00+00:00,26.3,0.0,0,0,44140.0,9.3,16.6,27.7,196,996.3,0
1,2026-09-08T06:00:00+00:00,2026-09-09T14:00:00+00:00,26.1,0.0,0,0,43960.0,8.6,15.7,26.6,195,995.9,0
1,2026-09-08T06:00:00+00:00,2026-09-09T15:00:00+00:00,25.5,0.0,0,0,43820.0,8.0,16.3,24.1,190,995.5,0
1,2026-09-08T06:00:00+00:00,2026-09-09T16:00:00+00:00,24.2,0.0,0,0,42560.0,5.4,18.4,21.6,176,995.2,0
1,2026-09-08T06:00:00+00:00,2026-09-09T17:00:00+00:00,22.7,0.0,0,0,41760.0,4.5,21.5,14.4,166,995.5,0
1,2026-09-08T06:00:00+00:00,2026-09-09T18:00:00+00:00,21.7,0.0,0,0,41420.0,4.7,24.0,11.9,171,995.5,0
1,2026-09-08T06:00:00+00:00,2026-09-09T19:00:00+00:00,21.1,0.0,0,0,41240.0,4.7,25.1,12.2,180,995.4,0
1,2026-09-08T06:00:00+00:00,2026-09-09T20:00:00+00:00,20.5,0.0,0,0,41120.0,5.0,26.1,12.6,180,995.4,0
1,2026-09-08T06:00:00+00:00,2026-09-09T21:00:00+00:00,19.9,0.0,6,0,40800.0,5.4,27.6,14.4,180,995.5,1
1,2026-09-08T06:00:00+00:00,2026-09-09T22:00:00+00:00,19.4,0.0,54,0,40540.0,6.0,30.8,16.9,197,995.6,2
1,2026-09-08T06:00:00+00:00,2026-09-09T23:00:00+00:00,19.0,0.0,3,0,38760.0,6.9,33.2,19.1,208,995.5,0
1,2026-09-08T06:00:00+00:00,2026-09-10T00:00:00+00:00,18.7,0.0,17,0,37720.0,7.4,34.1,20.5,209,995.5,1
1,2026-09-08T06:00:00+00:00,2026-09-10T01:00:00+00:00,18.1,0.0,0,0,35300.0,7.9,34.8,22.3,204,995.5,0
1,2026-09-08T06:00:00+00:00,2026-09-10T02:00:00+00:00,17.6,0.0,0,0,32480.0,7.7,34.1,22.3,208,995.5,0
1,2026-09-08T06:00:00+00:00,2026-09-10T03:00:00+00:00,17.1,0.0,0,0,30320.0,7.8,32.9,21.6,202,995.7,0
1,2026-09-08T06:00:00+00:00,2026-09-10T04:00:00+00:00,16.5,0.0,0,0,27480.0,8.1,32.8,22.0,193,995.8,0
1,2026-09-08T06:00:00+00:00,2026-09-10T05:00:00+00:00,16.9,0.0,0,0,26160.0,9.0,35.0,23.4,185,995.7,0
1,2026-09-08T06:00:00+00:00,2026-09-10T06:00:00+00:00,18.6,0.0,0,0,35020.0,11.2,24.6,30.6,186,995.6,0
1,2026-09-08T06:00:00+00:00,2026-09-10T07:00:00+00:00,20.6,0.0,0,0,39040.0,12.0,23.6,34.2,187,995.7,0
1,2026-09-08T06:00:00+00:00,2026-09-10T08:00:00+00:00,22.5,0.0,0,0,40040.0,12.6,24.1,35.6,183,995.7,0
1,2026-09-08T06:00:00+00:00,2026-09-10T09:00:00+00:00,24.5,0.0,0,0,41180.0,14.9,30.2,40.7,188,995.4,0
1,2026-09-08T06:00:00+00:00,2026-09-10T10:00:00+00:00,26.0,0.0,0,0,42260.0,15.5,31.7,42.8,185,995.0,0
1,2026-09-08T06:00:00+00:00,2026-09-10T11:00:00+00:00,27.1,0.0,0,0,43860.0,15.7,32.0,44.3,191,994.7,0
1,2026-09-08T06:00:00+00:00,2026-09-10T12:00:00+00:00,27.8,0.0,0,0,44920.0,15.5,32.1,42.8,202,994.6,0
1,2026-09-08T06:00:00+00:00,2026-09-10T13:00:00+00:00,28.1,0.0,0,0,44440.0,14.3,30.1,42.1,205,994.3,0
1,2026-09-08T06:00:00+00:00,2026-09-10T14:00:00+00:00,28.0,0.0,0,0,43960.0,13.5,30.2,38.5,209,994.1,0
1,2026-09-08T06:00:00+00:00,2026-09-10T15:00:00+00:00,27.4,0.0,0,0,43380.0,12.1,28.9,36.7,210,994.1,0
1,2026-09-08T06:00:00+00:00,2026-09-10T16:00:00+00:00,26.1,0.0,14,0,42540.0,9.2,27.9,32.0,201,994.0,1
1,2026-09-08T06:00:00+00:00,2026-09-10T17:00:00+00:00,24.4,0.0,10,0,41720.0,7.8,32.1,23.8,202,994.3,1
1,2026-09-08T06:00:00+00:00,2026-09-10T18:00:00+00:00,22.9,0.3,96,31,40380.0,11.3,35.1,29.2,279,995.2,80
1,2026-09-08T06:00:00+00:00,2026-09-10T19:00:00+00:00,20.4,0.0,92,15,33880.0,12.3,27.4,36.0,310,995.9,3
1,2026-09-08T06:00:00+00:00,2026-09-10T20:00:00+00:00,18.9,0.0,95,67,27100.0,11.9,25.9,32.8,305,996.5,3
1,2026-09-08T06:00:00+00:00,2026-09-10T21:00:00+00:00,17.6,0.0,98,73,27140.0,13.6,29.2,36.0,307,997.4,3
1,2026-09-08T06:00:00+00:00,2026-09-10T22:00:00+00:00,16.5,0.0,100,71,29360.0,12.0,27.0,36.4,314,998.1,3
1,2026-09-08T06:00:00+00:00,2026-09-10T23:00:00+00:00,15.9,0.2,95,69,27060.0,10.8,24.3,32.0,307,998.7,61
1,2026-09-08T06:00:00+00:00,2026-09-11T00:00:00+00:00,15.4,0.0,90,60,26500.0,10.7,24.2,30.2,310,999.0,3
1,2026-09-08T06:00:00+00:00,2026-09-11T01:00:00+00:00,15.1,0.0,86,65,23600.0,9.3,21.5,28.8,306,999.3,3
1,2026-09-08T06:00:00+00:00,2026-09-11T02:00:00+00:00,14.8,0.0,91,63,20200.0,9.1,20.6,25.2,304,999.7,3
1,2026-09-08T06:00:00+00:00,2026-09-11T03:00:00+00:00,14.4,0.0,84,60,21360.0,9.0,20.0,24.1,307,1000.0,3
1,2026-09-08T06:00:00+00:00,2026-09-11T04:00:00+00:00,13.9,0.0,92,68,16040.0,7.6,18.6,23.4,301,1000.5,3
1,2026-09-08T06:00:00+00:00,2026-09-11T05:00:00+00:00,14.0,0.0,100,64,17440.0,7.9,14.5,23.4,300,1000.9,3
1,2026-09-08T06:00:00+00:00,2026-09-11T06:00:00+00:00,15.0,0.0,100,56,24040.0,8.2,13.4,22.7,299,1001.3,3
1,2026-09-08T06:00:00+00:00,2026-09-11T07:00:00+00:00,16.5,0.0,93,56,29420.0,7.9,12.2,22.0,300,1001.6,2
1,2026-09-08T06:00:00+00:00,2026-09-11T08:00:00+00:00,18.4,0.0,86,55,34780.0,7.6,11.4,21.6,301,1001.7,2
1,2026-09-08T06:00:00+00:00,2026-09-11T09:00:00+00:00,20.0,0.0,79,55,40160.0,7.3,11.3,22.0,303,1001.8,2
1,2026-09-08T06:00:00+00:00,2026-09-11T10:00:00+00:00,20.9,0.0,80,46,40680.0,7.8,12.3,24.1,304,1001.8,3
1,2026-09-08T06:00:00+00:00,2026-09-11T11:00:00+00:00,21.5,0.0,82,38,41220.0,8.9,14.4,27.4,302,1001.8,3
1,2026-09-08T06:00:00+00:00,2026-09-11T12:00:00+00:00,21.7,0.0,83,29,41740.0,9.4,15.9,29.2,302,1001.7,3
1,2026-09-08T06:00:00+00:00,2026-09-11T13:00:00+00:00,21.6,0.0,86,34,41540.0,9.5,16.4,29.5,307,1001.7,3
1,2026-09-08T06:00:00+00:00,2026-09-11T14:00:00+00:00,21.1,0.0,90,38,41360.0,9.7,16.2,28.4,315,1001.5,3
1,2026-09-08T06:00:00+00:00,2026-09-11T15:00:00+00:00,20.4,0.0,93,43,41160.0,9.2,16.6,26.6,321,1001.6,3
1,2026-09-08T06:00:00+00:00,2026-09-11T16:00:00+00:00,19.6,0.0,91,34,40500.0,8.0,17.4,23.0,324,1001.7,3
1,2026-09-08T06:00:00+00:00,2026-09-11T17:00:00+00:00,18.6,0.0,88,25,39860.0,6.5,18.3,18.0,326,1002.0,3
1,2026-09-08T06:00:00+00:00,2026-09-11T18:00:00+00:00,17.8,0.0,86,16,39200.0,5.0,18.3,14.0,330,1002.2,3
1,2026-09-08T06:00:00+00:00,2026-09-11T19:00:00+00:00,17.1,0.0,88,26,37480.0,3.8,16.6,11.5,343,1002.4,3
1,2026-09-08T06:00:00+00:00,2026-09-11T20:00:00+00:00,16.6,0.0,91,35,35740.0,3.2,14.2,9.7,360,1002.5,3
1,2026-09-08T06:00:00+00:00,2026-09-11T21:00:00+00:00,16.1,0.0,93,45,34020.0,3.1,13.1,8.6,21,1002.7,3
1,2026-09-08T06:00:00+00:00,2026-09-11T22:00:00+00:00,15.7,0.0,95,48,33060.0,2.9,12.8,7.9,30,1002.8,3
1,2026-09-08T06:00:00+00:00,2026-09-11T23:00:00+00:00,15.4,0.0,98,52,32120.0,2.9,13.0,7.2,30,1002.8,3
1,2026-09-08T06:00:00+00:00,2026-09-12T00:00:00+00:00,15.1,0.0,100,55,31160.0,2.8,12.8,7.6,40,1002.7,3
1,2026-09-08T06:00:00+00:00,2026-09-12T01:00:00+00:00,14.9,0.0,100,50,31040.0,3.6,13.1,9.0,53,1002.6,61
1,2026-09-08T06:00:00+00:00,2026-09-12T02:00:00+00:00,14.6,0.0,100,45,30940.0,4.5,14.1,10.8,61,1002.4,61
1,2026-09-08T06:00:00+00:00,2026-09-12T03:00:00+00:00,14.4,0.0,100,40,30820.0,4.7,13.8,12.2,67,1002.4,61
1,2026-09-08T06:00:00+00:00,2026-09-12T04:00:00+00:00,14.2,0.6,100,53,23920.0,3.3,11.3,13.0,77,1002.6,61
1,2026-09-08T06:00:00+00:00,2026-09-12T05:00:00+00:00,13.9,0.6,100,66,17020.0,1.5,8.7,13.0,104,1003.0,61
1,2026-09-08T06:00:00+00:00,2026-09-12T06:00:00+00:00,13.7,0.6,100,79,10120.0,1.3,7.8,13.3,146,1003.2,61
1,2026-09-08T06:00:00+00:00,2026-09-12T07:00:00+00:00,13.7,2.4,100,79,13080.0,1.9,7.1,13.7,112,1003.3,61
1,2026-09-08T06:00:00+00:00,2026-09-12T08:00:00+00:00,13.8,2.4,100,80,16060.0,3.6,6.9,14.4,90,1003.3,61
1,2026-09-08T06:00:00+00:00,2026-09-12T09:00:00+00:00,14.0,2.4,100,80,19020.0,5.1,7.8,15.1,82,1003.4,61
1,2026-09-08T06:00:00+00:00,2026-09-12T10:00:00+00:00,14.2,0.2,100,83,19480.0,5.9,9.2,16.2,76,1003.3,3
1,2026-09-08T06:00:00+00:00,2026-09-12T11:00:00+00:00,14.6,0.2,100,87,19940.0,6.3,10.7,17.6,66,1003.0,3
1,2026-09-08T06:00:00+00:00,2026-09-12T12:00:00+00:00,14.8,0.2,100,90,20400.0,6.6,11.7,18.4,61,1002.9,3
1,2026-09-08T06:00:00+00:00,2026-09-12T13:00:00+00:00,14.8,0.4,100,87,19300.0,6.2,11.7,18.4,54,1002.8,61
1,2026-09-08T06:00:00+00:00,2026-09-12T14:00:00+00:00,14.7,0.4,100,84,18180.0,5.6,11.3,18.0,45,1002.9,61
1,2026-09-08T06:00:00+00:00,2026-09-12T15:00:00+00:00,14.6,0.4,100,81,17080.0,5.4,11.5,17.3,37,1003.0,61
1,2026-09-08T06:00:00+00:00,2026-09-12T16:00:00+00:00,14.5,0.0,100,77,17820.0,5.5,13.4,16.9,32,1003.3,3
1,2026-09-08T06:00:00+00:00,2026-09-12T17:00:00+00:00,14.3,0.0,100,73,18560.0,6.0,15.9,16.2,25,1003.8,3
1,2026-09-08T06:00:00+00:00,2026-09-12T18:00:00+00:00,14.2,0.0,100,69,19300.0,5.8,17.2,15.1,22,1004.2,3
1,2026-09-08T06:00:00+00:00,2026-09-12T19:00:00+00:00,14.0,0.0,100,46,21880.0,4.6,15.6,13.3,18,1004.4,3
1,2026-09-08T06:00:00+00:00,2026-09-12T20:00:00+00:00,13.8,0.0,100,23,24440.0,3.0,12.3,11.5,14,1004.7,3
1,2026-09-08T06:00:00+00:00,2026-09-12T21:00:00+00:00,13.6,0.0,100,0,27020.0,1.8,10.7,9.7,11,1004.9,3
1,2026-09-08T06:00:00+00:00,2026-09-12T22:00:00+00:00,13.2,0.0,100,0,31005.0,2.0,10.7,7.7,358,1005.0,3
1,2026-09-08T06:00:00+00:00,2026-09-12T23:00:00+00:00,12.7,0.0,100,0,34640.0,2.6,11.5,6.1,353,1005.0,3
1,2026-09-08T06:00:00+00:00,2026-09-13T00:00:00+00:00,12.2,0.0,100,0,37900.0,3.1,12.1,5.5,351,1005.1,3
1,2026-09-08T06:00:00+00:00,2026-09-13T01:00:00+00:00,11.6,0.0,100,0,40800.0,3.3,13.1,5.8,347,1005.2,3
1,2026-09-08T06:00:00+00:00,2026-09-13T02:00:00+00:00,11.1,0.0,100,0,40800.0,3.3,14.6,6.5,347,1005.3,3
1,2026-09-08T06:00:00+00:00,2026-09-13T03:00:00+00:00,11.0,0.0,100,0,40800.0,3.3,15.2,7.6,354,1005.6,3
1,2026-09-08T06:00:00+00:00,2026-09-13T04:00:00+00:00,11.5,0.0,100,0,41720.0,3.2,14.0,8.6,360,1006.1,3
1,2026-09-08T06:00:00+00:00,2026-09-13T05:00:00+00:00,12.4,0.0,100,0,42620.0,3.7,12.3,10.1,11,1006.7,3
1,2026-09-08T06:00:00+00:00,2026-09-13T06:00:00+00:00,13.5,0.0,100,0,43540.0,4.2,10.9,11.5,20,1007.2,3
1,2026-09-08T06:00:00+00:00,2026-09-13T07:00:00+00:00,15.1,0.0,67,0,46140.0,5.0,10.0,14.0,30,1007.4,0
1,2026-09-08T06:00:00+00:00,2026-09-13T08:00:00+00:00,16.9,0.0,33,0,48760.0,5.9,9.3,16.6,38,1007.5,0
1,2026-09-08T06:00:00+00:00,2026-09-13T09:00:00+00:00,18.3,0.0,0,0,51360.0,6.4,8.8,18.4,38,1007.5,0
1,2026-09-08T06:00:00+00:00,2026-09-13T10:00:00+00:00,19.2,0.0,11,11,51360.0,6.2,7.5,18.4,36,1007.2,1
1,2026-09-08T06:00:00+00:00,2026-09-13T11:00:00+00:00,19.7,0.0,23,23,51360.0,5.3,6.7,17.6,28,1006.9,1
1,2026-09-08T06:00:00+00:00,2026-09-13T12:00:00+00:00,20.0,0.0,34,34,51360.0,5.0,6.2,16.9,21,1006.5,1
1,2026-09-08T06:00:00+00:00,2026-09-13T13:00:00+00:00,20.0,0.0,23,23,50160.0,4.8,6.2,16.6,13,1006.2,0
1,2026-09-08T06:00:00+00:00,2026-09-13T14:00:00+00:00,19.6,0.0,11,11,48960.0,5.1,7.1,15.8,4,1005.9,0
1,2026-09-08T06:00:00+00:00,2026-09-13T15:00:00+00:00,19.0,0.0,0,0,47760.0,4.7,7.4,14.4,360,1005.7,0
1,2026-09-08T06:00:00+00:00,2026-09-13T16:00:00+00:00,17.9,0.0,0,0,46360.0,3.3,7.2,10.8,6,1005.8,0
1,2026-09-08T06:00:00+00:00,2026-09-13T17:00:00+00:00,16.5,0.0,0,0,44960.0,2.3,7.4,6.1,39,1005.9,0
1,2026-09-08T06:00:00+00:00,2026-09-13T18:00:00+00:00,15.2,0.0,0,0,43560.0,1.5,7.3,2.9,76,1006.0,0
1,2026-09-08T06:00:00+00:00,2026-09-13T19:00:00+00:00,14.3,0.0,0,0,21340.0,0.0,5.9,2.5,270,1006.1,0
1,2026-09-08T06:00:00+00:00,2026-09-13T20:00:00+00:00,13.6,0.0,0,0,17100.0,2.5,3.7,3.6,270,1006.3,0
1,2026-09-08T06:00:00+00:00,2026-09-13T21:00:00+00:00,12.9,0.0,0,0,12880.0,4.0,3.2,4.7,275,1006.3,0
1,2026-09-08T06:00:00+00:00,2026-09-13T22:00:00+00:00,12.2,0.0,0,0,8640.0,4.0,5.0,5.4,280,1006.4,0
1,2026-09-08T06:00:00+00:00,2026-09-13T23:00:00+00:00,11.7,0.0,0,0,4420.0,3.5,7.8,6.1,294,1006.4,0
1,2026-09-08T06:00:00+00:00,2026-09-14T00:00:00+00:00,11.2,0.0,0,0,180.0,3.4,9.5,6.5,302,1006.4,0
1,2026-09-08T06:00:00+00:00,2026-09-14T01:00:00+00:00,10.7,0.0,0,0,180.0,3.4,9.2,6.1,302,1006.4,0
1,2026-09-08T06:00:00+00:00,2026-09-14T02:00:00+00:00,10.2,0.0,0,0,180.0,3.5,8.2,5.0,294,1006.4,0
1,2026-09-08T06:00:00+00:00,2026-09-14T03:00:00+00:00,10.3,0.0,0,0,200.0,3.4,7.2,4.7,288,1006.5,0
1,2026-09-08T06:00:00+00:00,2026-09-14T04:00:00+00:00,11.2,0.0,0,0,200.0,2.7,6.8,4.7,293,1006.7,0
1,2026-09-08T06:00:00+00:00,2026-09-14T05:00:00+00:00,12.6,0.0,0,0,200.0,2.3,6.5,5.4,309,1007.1,0
1,2026-09-08T06:00:00+00:00,2026-09-14T06:00:00+00:00,14.1,0.0,0,0,200.0,1.8,5.8,6.1,323,1007.4,0
1,2026-09-08T06:00:00+00:00,2026-09-14T07:00:00+00:00,16.0,0.0,7,7,5360.0,1.5,4.7,7.2,346,1007.6,1
1,2026-09-08T06:00:00+00:00,2026-09-14T08:00:00+00:00,18.0,0.0,15,15,10540.0,1.8,3.3,9.0,360,1007.7,1
1,2026-09-08T06:00:00+00:00,2026-09-14T09:00:00+00:00,19.7,0.0,22,22,15700.0,1.8,2.1,10.1,360,1007.6,1
1,2026-09-08T06:00:00+00:00,2026-09-14T10:00:00+00:00,20.7,0.0,25,22,20860.0,1.9,2.1,10.4,338,1007.3,1
1,2026-09-08T06:00:00+00:00,2026-09-14T11:00:00+00:00,21.2,0.0,29,22,26040.0,2.6,3.0,10.8,304,1006.9,1
1,2026-09-08T06:00:00+00:00,2026-09-14T12:00:00+00:00,21.5,0.0,32,22,31200.0,3.2,3.9,10.8,297,1006.4,1
1,2026-09-08T06:00:00+00:00,2026-09-14T13:00:00+00:00,21.5,0.0,30,19,30220.0,3.4,4.6,11.5,302,1006.0,1
1,2026-09-08T06:00:00+00:00,2026-09-14T14:00:00+00:00,21.3,0.0,27,15,29220.0,3.6,5.0,12.2,315,1005.7,1
1,2026-09-08T06:00:00+00:00,2026-09-14T15:00:00+00:00,20.6,0.0,25,12,28240.0,3.3,5.2,11.9,319,1005.4,1
1,2026-09-08T06:00:00+00:00,2026-09-14T16:00:00+00:00,19.4,0.0,21,8,27260.0,2.3,4.7,8.6,309,1005.4,1
1,2026-09-08T06:00:00+00:00,2026-09-14T17:00:00+00:00,17.7,0.0,17,4,26260.0,1.1,3.7,4.7,270,1005.5,1
1,2026-09-08T06:00:00+00:00,2026-09-14T18:00:00+00:00,16.3,0.0,13,0,25280.0,1.5,3.7,1.8,225,1005.6,1
1,2026-09-08T06:00:00+00:00,2026-09-14T19:00:00+00:00,15.4,0.0,26,16,24020.0,1.9,5.8,2.5,248,1005.6,2
1,2026-09-08T06:00:00+00:00,2026-09-14T20:00:00+00:00,14.7,0.0,40,31,22780.0,2.9,9.0,4.7,277,1005.7,2
1,2026-09-08T06:00:00+00:00,2026-09-14T21:00:00+00:00,14.1,0.0,53,47,21520.0,3.8,10.7,6.1,287,1005.7,2
1,2026-09-08T06:00:00+00:00,2026-09-14T22:00:00+00:00,13.5,0.0,35,31,20260.0,3.8,9.5,6.1,287,1005.7,0
1,2026-09-08T06:00:00+00:00,2026-09-14T23:00:00+00:00,13.0,0.0,18,16,19020.0,3.7,7.2,5.8,281,1005.6,0
1,2026-09-08T07:00:00+00:00,2026-09-08T00:00:00+00:00,11.5,0.0,0,0,29260.0,4.3,19.5,12.2,275,1005.2,0
1,2026-09-08T07:00:00+00:00,2026-09-08T01:00:00+00:00,11.3,0.0,0,0,28680.0,4.3,18.9,13.0,265,1004.9,0
1,2026-09-08T07:00:00+00:00,2026-09-08T02:00:00+00:00,10.9,0.0,2,0,26760.0,3.7,17.7,12.2,259,1004.4,0
1,2026-09-08T07:00:00+00:00,2026-09-08T03:00:00+00:00,10.1,0.0,7,0,23020.0,3.3,15.3,11.2,257,1004.6,1
1,2026-09-08T07:00:00+00:00,2026-09-08T04:00:00+00:00,9.9,0.0,1,1,19040.0,3.4,14.1,10.1,252,1004.4,0
1,2026-09-08T07:00:00+00:00,2026-09-08T05:00:00+00:00,11.3,0.0,38,0,25640.0,3.0,13.4,10.1,256,1004.5,1
1,2026-09-08T07:00:00+00:00,2026-09-08T06:00:00+00:00,13.6,0.0,100,0,33720.0,4.0,13.4,13.7,270,1004.2,3
1,2026-09-08T07:00:00+00:00,2026-09-08T07:00:00+00:00,15.4,0.0,100,0,37580.0,4.3,6.3,15.8,270,1004.5,3
1,2026-09-08T07:00:00+00:00,2026-09-08T08:00:00+00:00,17.3,0.0,61,0,39800.0,5.1,7.4,16.6,266,1004.1,2
1,2026-09-08T07:00:00+00:00,2026-09-08T09:00:00+00:00,18.8,0.0,56,44,40920.0,6.1,9.5,19.8,270,1003.8,2
1,2026-09-08T07:00:00+00:00,2026-09-08T10:00:00+00:00,19.6,0.0,57,57,41200.0,5.8,8.8,19.8,266,1002.6,2
1,2026-09-08T07:00:00+00:00,2026-09-08T11:00:00+00:00,20.1,0.0,74,56,41220.0,6.2,8.9,19.4,260,1002.0,2
1,2026-09-08T07:00:00+00:00,2026-09-08T12:00:00+00:00,20.4,0.0,51,50,41380.0,6.0,8.9,19.4,253,1001.1,2
1,2026-09-08T07:00:00+00:00,2026-09-08T13:00:00+00:00,20.7,0.0,52,49,41420.0,5.4,7.8,18.7,250,1000.9,2
1,2026-09-08T07:00:00+00:00,2026-09-08T14:00:00+00:00,20.6,0.0,48,48,41380.0,5.0,7.6,16.9,249,1000.5,2
1,2026-09-08T07:00:00+00:00,2026-09-08T15:00:00+00:00,20.3,0.0,50,49,41320.0,5.2,8.1,15.8,254,1000.2,2
1,2026-09-08T07:00:00+00:00,2026-09-08T16:00:00+00:00,19.6,0.0,21,17,41400.0,3.4,6.8,15.5,252,999.7,1
1,2026-09-08T07:00:00+00:00,2026-09-08T17:00:00+00:00,18.5,0.0,7,7,41040.0,1.4,4.0,8.6,180,999.4,1
1,2026-09-08T07:00:00+00:00,2026-09-08T18:00:00+00:00,17.7,0.0,0,0,40780.0,2.6,4.4,3.6,146,999.3,0
1,2026-09-08T07:00:00+00:00,2026-09-08T19:00:00+00:00,17.0,0.0,19,0,40100.0,3.2,9.3,7.2,153,999.1,1
1,2026-09-08T07:00:00+00:00,2026-09-08T20:00:00+00:00,16.2,0.0,100,0,38980.0,3.5,14.1,8.3,156,999.0,3
1,2026-09-08T07:00:00+00:00,2026-09-08T21:00:00+00:00,15.6,0.0,10,0,38300.0,3.9,17.5,9.0,158,998.9,1
1,2026-09-08T07:00:00+00:00,2026-09-08T22:00:00+00:00,15.2,0.0,99,0,38200.0,3.9,18.3,9.0,158,998.6,3
1,2026-09-08T07:00:00+00:00,2026-09-08T23:00:00+00:00,14.8,0.0,30,0,38060.0,4.1,19.6,9.7,165,998.5,1
1,2026-09-08T07:00:00+00:00,2026-09-09T00:00:00+00:00,14.5,0.0,16,0,38060.0,3.8,19.8,10.1,163,998.5,1
1,2026-09-08T07:00:00+00:00,2026-09-09T01:00:00+00:00,14.2,0.0,98,0,38200.0,4.1,20.1,9.7,165,998.6,3
1,2026-09-08T07:00:00+00:00,2026-09-09T02:00:00+00:00,14.0,0.0,61,0,38460.0,4.4,21.5,10.4,171,998.4,2
1,2026-09-08T07:00:00+00:00,2026-09-09T03:00:00+00:00,13.9,0.0,39,0,38580.0,4.5,22.9,11.2,166,998.0,2
1,2026-09-08T07:00:00+00:00,2026-09-09T04:00:00+00:00,13.6,0.0,25,0,37000.0,4.5,22.4,11.5,151,997.9,1
1,2026-09-08T07:00:00+00:00,2026-09-09T05:00:00+00:00,14.6,0.0,0,0,34440.0,5.7,24.2,15.8,162,997.9,0
1,2026-09-08T07:00:00+00:00,2026-09-09T06:00:00+00:00,16.4,0.0,36,0,37980.0,7.3,22.6,20.2,171,998.2,1
1,2026-09-08T07:00:00+00:00,2026-09-09T07:00:00+00:00,18.6,0.0,8,0,40560.0,7.3,11.8,22.0,169,998.2,1
1,2026-09-08T07:00:00+00:00,2026-09-09T08:00:00+00:00,20.8,0.0,6,0,40980.0,7.1,11.2,22.7,165,998.3,0
1,2026-09-08T07:00:00+00:00,2026-09-09T09:00:00+00:00,22.8,0.0,31,0,41400.0,7.9,12.5,23.8,164,998.0,1
1,2026-09-08T07:00:00+00:00,2026-09-09T10:00:00+00:00,24.6,0.0,8,0,42100.0,9.5,17.0,27.7,191,997.3,1
1,2026-09-08T07:00:00+00:00,2026-09-09T11:00:00+00:00,25.6,0.0,22,0,43100.0,9.8,17.5,29.2,197,997.0,1
1,2026-09-08T07:00:00+00:00,2026-09-09T12:00:00+00:00,26.2,0.0,0,0,44260.0,9.7,16.6,28.8,195,996.5,0
1,2026-09-08T07:00:00+00:00,2026-09-09T13:00:00+00:00,26.3,0.0,0,0,44140.0,9.3,16.6,27.7,196,996.3,0
1,2026-09-08T07:00:00+00:00,2026-09-09T14:00:00+00:00,26.1,0.0,0,0,43960.0,8.6,15.7,26.6,195,995.9,0
1,2026-09-08T07:00:00+00:00,2026-09-09T15:00:00+00:00,25.5,0.0,0,0,43820.0,8.0,16.3,24.1,190,995.5,0
1,2026-09-08T07:00:00+00:00,2026-09-09T16:00:00+00:00,24.2,0.0,0,0,42560.0,5.4,18.4,21.6,176,995.2,0
1,2026-09-08T07:00:00+00:00,2026-09-09T17:00:00+00:00,22.7,0.0,0,0,41760.0,4.5,21.5,14.4,166,995.5,0
1,2026-09-08T07:00:00+00:00,2026-09-09T18:00:00+00:00,21.7,0.0,0,0,41420.0,4.7,24.0,11.9,171,995.5,0
1,2026-09-08T07:00:00+00:00,2026-09-09T19:00:00+00:00,21.1,0.0,0,0,41240.0,4.7,25.1,12.2,180,995.4,0
1,2026-09-08T07:00:00+00:00,2026-09-09T20:00:00+00:00,20.5,0.0,0,0,41120.0,5.0,26.1,12.6,180,995.4,0
1,2026-09-08T07:00:00+00:00,2026-09-09T21:00:00+00:00,19.9,0.0,6,0,40800.0,5.4,27.6,14.4,180,995.5,1
1,2026-09-08T07:00:00+00:00,2026-09-09T22:00:00+00:00,19.4,0.0,54,0,40540.0,6.0,30.8,16.9,197,995.6,2
1,2026-09-08T07:00:00+00:00,2026-09-09T23:00:00+00:00,19.0,0.0,3,0,38760.0,6.9,33.2,19.1,208,995.5,0
1,2026-09-08T07:00:00+00:00,2026-09-10T00:00:00+00:00,18.7,0.0,17,0,37720.0,7.4,34.1,20.5,209,995.5,1
1,2026-09-08T07:00:00+00:00,2026-09-10T01:00:00+00:00,18.1,0.0,0,0,35300.0,7.9,34.8,22.3,204,995.5,0
1,2026-09-08T07:00:00+00:00,2026-09-10T02:00:00+00:00,17.6,0.0,0,0,32480.0,7.7,34.1,22.3,208,995.5,0
1,2026-09-08T07:00:00+00:00,2026-09-10T03:00:00+00:00,17.1,0.0,0,0,30320.0,7.8,32.9,21.6,202,995.7,0
1,2026-09-08T07:00:00+00:00,2026-09-10T04:00:00+00:00,16.5,0.0,0,0,27480.0,8.1,32.8,22.0,193,995.8,0
1,2026-09-08T07:00:00+00:00,2026-09-10T05:00:00+00:00,16.9,0.0,0,0,26160.0,9.0,35.0,23.4,185,995.7,0
1,2026-09-08T07:00:00+00:00,2026-09-10T06:00:00+00:00,18.6,0.0,0,0,35020.0,11.2,24.6,30.6,186,995.6,0
1,2026-09-08T07:00:00+00:00,2026-09-10T07:00:00+00:00,20.6,0.0,0,0,39040.0,12.0,23.6,34.2,187,995.7,0
1,2026-09-08T07:00:00+00:00,2026-09-10T08:00:00+00:00,22.5,0.0,0,0,40040.0,12.6,24.1,35.6,183,995.7,0
1,2026-09-08T07:00:00+00:00,2026-09-10T09:00:00+00:00,24.5,0.0,0,0,41180.0,14.9,30.2,40.7,188,995.4,0
1,2026-09-08T07:00:00+00:00,2026-09-10T10:00:00+00:00,26.0,0.0,0,0,42260.0,15.5,31.7,42.8,185,995.0,0
1,2026-09-08T07:00:00+00:00,2026-09-10T11:00:00+00:00,27.1,0.0,0,0,43860.0,15.7,32.0,44.3,191,994.7,0
1,2026-09-08T07:00:00+00:00,2026-09-10T12:00:00+00:00,27.8,0.0,0,0,44920.0,15.5,32.1,42.8,202,994.6,0
1,2026-09-08T07:00:00+00:00,2026-09-10T13:00:00+00:00,28.1,0.0,0,0,44440.0,14.3,30.1,42.1,205,994.3,0
1,2026-09-08T07:00:00+00:00,2026-09-10T14:00:00+00:00,28.0,0.0,0,0,43960.0,13.5,30.2,38.5,209,994.1,0
1,2026-09-08T07:00:00+00:00,2026-09-10T15:00:00+00:00,27.4,0.0,0,0,43380.0,12.1,28.9,36.7,210,994.1,0
1,2026-09-08T07:00:00+00:00,2026-09-10T16:00:00+00:00,26.1,0.0,14,0,42540.0,9.2,27.9,32.0,201,994.0,1
1,2026-09-08T07:00:00+00:00,2026-09-10T17:00:00+00:00,24.4,0.0,10,0,41720.0,7.8,32.1,23.8,202,994.3,1
1,2026-09-08T07:00:00+00:00,2026-09-10T18:00:00+00:00,22.9,0.3,96,31,40380.0,11.3,35.1,29.2,279,995.2,80
1,2026-09-08T07:00:00+00:00,2026-09-10T19:00:00+00:00,20.4,0.0,92,15,33880.0,12.3,27.4,36.0,310,995.9,3
1,2026-09-08T07:00:00+00:00,2026-09-10T20:00:00+00:00,18.9,0.0,95,67,27100.0,11.9,25.9,32.8,305,996.5,3
1,2026-09-08T07:00:00+00:00,2026-09-10T21:00:00+00:00,17.6,0.0,98,73,27140.0,13.6,29.2,36.0,307,997.4,3
1,2026-09-08T07:00:00+00:00,2026-09-10T22:00:00+00:00,16.5,0.0,100,71,29360.0,12.0,27.0,36.4,314,998.1,3
1,2026-09-08T07:00:00+00:00,2026-09-10T23:00:00+00:00,15.9,0.2,95,69,27060.0,10.8,24.3,32.0,307,998.7,61
1,2026-09-08T07:00:00+00:00,2026-09-11T00:00:00+00:00,15.4,0.0,90,60,26500.0,10.7,24.2,30.2,310,999.0,3
1,2026-09-08T07:00:00+00:00,2026-09-11T01:00:00+00:00,15.1,0.0,86,65,23600.0,9.3,21.5,28.8,306,999.3,3
1,2026-09-08T07:00:00+00:00,2026-09-11T02:00:00+00:00,14.8,0.0,91,63,20200.0,9.1,20.6,25.2,304,999.7,3
1,2026-09-08T07:00:00+00:00,2026-09-11T03:00:00+00:00,14.4,0.0,84,60,21360.0,9.0,20.0,24.1,307,1000.0,3
1,2026-09-08T07:00:00+00:00,2026-09-11T04:00:00+00:00,13.9,0.0,92,68,16040.0,7.6,18.6,23.4,301,1000.5,3
1,2026-09-08T07:00:00+00:00,2026-09-11T05:00:00+00:00,14.0,0.0,100,64,17440.0,7.9,14.5,23.4,300,1000.9,3
1,2026-09-08T07:00:00+00:00,2026-09-11T06:00:00+00:00,15.0,0.0,100,56,24040.0,8.2,13.4,22.7,299,1001.3,3
1,2026-09-08T07:00:00+00:00,2026-09-11T07:00:00+00:00,16.5,0.0,93,56,29420.0,7.9,12.2,22.0,300,1001.6,2
1,2026-09-08T07:00:00+00:00,2026-09-11T08:00:00+00:00,18.4,0.0,86,55,34780.0,7.6,11.4,21.6,301,1001.7,2
1,2026-09-08T07:00:00+00:00,2026-09-11T09:00:00+00:00,20.0,0.0,79,55,40160.0,7.3,11.3,22.0,303,1001.8,2
1,2026-09-08T07:00:00+00:00,2026-09-11T10:00:00+00:00,20.9,0.0,80,46,40680.0,7.8,12.3,24.1,304,1001.8,3
1,2026-09-08T07:00:00+00:00,2026-09-11T11:00:00+00:00,21.5,0.0,82,38,41220.0,8.9,14.4,27.4,302,1001.8,3
1,2026-09-08T07:00:00+00:00,2026-09-11T12:00:00+00:00,21.7,0.0,83,29,41740.0,9.4,15.9,29.2,302,1001.7,3
1,2026-09-08T07:00:00+00:00,2026-09-11T13:00:00+00:00,21.6,0.0,86,34,41540.0,9.5,16.4,29.5,307,1001.7,3
1,2026-09-08T07:00:00+00:00,2026-09-11T14:00:00+00:00,21.1,0.0,90,38,41360.0,9.7,16.2,28.4,315,1001.5,3
1,2026-09-08T07:00:00+00:00,2026-09-11T15:00:00+00:00,20.4,0.0,93,43,41160.0,9.2,16.6,26.6,321,1001.6,3
1,2026-09-08T07:00:00+00:00,2026-09-11T16:00:00+00:00,19.6,0.0,91,34,40500.0,8.0,17.4,23.0,324,1001.7,3
1,2026-09-08T07:00:00+00:00,2026-09-11T17:00:00+00:00,18.6,0.0,88,25,39860.0,6.5,18.3,18.0,326,1002.0,3
1,2026-09-08T07:00:00+00:00,2026-09-11T18:00:00+00:00,17.8,0.0,86,16,39200.0,5.0,18.3,14.0,330,1002.2,3
1,2026-09-08T07:00:00+00:00,2026-09-11T19:00:00+00:00,17.1,0.0,88,26,37480.0,3.8,16.6,11.5,343,1002.4,3
1,2026-09-08T07:00:00+00:00,2026-09-11T20:00:00+00:00,16.6,0.0,91,35,35740.0,3.2,14.2,9.7,360,1002.5,3
1,2026-09-08T07:00:00+00:00,2026-09-11T21:00:00+00:00,16.1,0.0,93,45,34020.0,3.1,13.1,8.6,21,1002.7,3
1,2026-09-08T07:00:00+00:00,2026-09-11T22:00:00+00:00,15.7,0.0,95,48,33060.0,2.9,12.8,7.9,30,1002.8,3
1,2026-09-08T07:00:00+00:00,2026-09-11T23:00:00+00:00,15.4,0.0,98,52,32120.0,2.9,13.0,7.2,30,1002.8,3
1,2026-09-08T07:00:00+00:00,2026-09-12T00:00:00+00:00,15.1,0.0,100,55,31160.0,2.8,12.8,7.6,40,1002.7,3
1,2026-09-08T07:00:00+00:00,2026-09-12T01:00:00+00:00,14.9,0.0,100,50,31040.0,3.6,13.1,9.0,53,1002.6,61
1,2026-09-08T07:00:00+00:00,2026-09-12T02:00:00+00:00,14.6,0.0,100,45,30940.0,4.5,14.1,10.8,61,1002.4,61
1,2026-09-08T07:00:00+00:00,2026-09-12T03:00:00+00:00,14.4,0.0,100,40,30820.0,4.7,13.8,12.2,67,1002.4,61
1,2026-09-08T07:00:00+00:00,2026-09-12T04:00:00+00:00,14.2,0.6,100,53,23920.0,3.3,11.3,13.0,77,1002.6,61
1,2026-09-08T07:00:00+00:00,2026-09-12T05:00:00+00:00,13.9,0.6,100,66,17020.0,1.5,8.7,13.0,104,1003.0,61
1,2026-09-08T07:00:00+00:00,2026-09-12T06:00:00+00:00,13.7,0.6,100,79,10120.0,1.3,7.8,13.3,146,1003.2,61
1,2026-09-08T07:00:00+00:00,2026-09-12T07:00:00+00:00,13.7,2.4,100,79,13080.0,1.9,7.1,13.7,112,1003.3,61
1,2026-09-08T07:00:00+00:00,2026-09-12T08:00:00+00:00,13.8,2.4,100,80,16060.0,3.6,6.9,14.4,90,1003.3,61
1,2026-09-08T07:00:00+00:00,2026-09-12T09:00:00+00:00,14.0,2.4,100,80,19020.0,5.1,7.8,15.1,82,1003.4,61
1,2026-09-08T07:00:00+00:00,2026-09-12T10:00:00+00:00,14.2,0.2,100,83,19480.0,5.9,9.2,16.2,76,1003.3,3
1,2026-09-08T07:00:00+00:00,2026-09-12T11:00:00+00:00,14.6,0.2,100,87,19940.0,6.3,10.7,17.6,66,1003.0,3
1,2026-09-08T07:00:00+00:00,2026-09-12T12:00:00+00:00,14.8,0.2,100,90,20400.0,6.6,11.7,18.4,61,1002.9,3
1,2026-09-08T07:00:00+00:00,2026-09-12T13:00:00+00:00,14.8,0.4,100,87,19300.0,6.2,11.7,18.4,54,1002.8,61
1,2026-09-08T07:00:00+00:00,2026-09-12T14:00:00+00:00,14.7,0.4,100,84,18180.0,5.6,11.3,18.0,45,1002.9,61
1,2026-09-08T07:00:00+00:00,2026-09-12T15:00:00+00:00,14.6,0.4,100,81,17080.0,5.4,11.5,17.3,37,1003.0,61
1,2026-09-08T07:00:00+00:00,2026-09-12T16:00:00+00:00,14.5,0.0,100,77,17820.0,5.5,13.4,16.9,32,1003.3,3
1,2026-09-08T07:00:00+00:00,2026-09-12T17:00:00+00:00,14.3,0.0,100,73,18560.0,6.0,15.9,16.2,25,1003.8,3
1,2026-09-08T07:00:00+00:00,2026-09-12T18:00:00+00:00,14.2,0.0,100,69,19300.0,5.8,17.2,15.1,22,1004.2,3
1,2026-09-08T07:00:00+00:00,2026-09-12T19:00:00+00:00,14.0,0.0,100,46,21880.0,4.6,15.6,13.3,18,1004.4,3
1,2026-09-08T07:00:00+00:00,2026-09-12T20:00:00+00:00,13.8,0.0,100,23,24440.0,3.0,12.3,11.5,14,1004.7,3
1,2026-09-08T07:00:00+00:00,2026-09-12T21:00:00+00:00,13.6,0.0,100,0,27020.0,1.8,10.7,9.7,11,1004.9,3
1,2026-09-08T07:00:00+00:00,2026-09-12T22:00:00+00:00,13.2,0.0,100,0,30750.0,2.0,10.7,7.7,358,1005.0,3
1,2026-09-08T07:00:00+00:00,2026-09-12T23:00:00+00:00,12.7,0.0,100,0,33630.0,2.6,11.5,6.1,353,1005.0,3
1,2026-09-08T07:00:00+00:00,2026-09-13T00:00:00+00:00,12.2,0.0,100,0,35620.0,3.1,12.1,5.5,351,1005.1,3
1,2026-09-08T07:00:00+00:00,2026-09-13T01:00:00+00:00,11.6,0.0,100,0,37760.0,3.3,13.1,5.8,347,1005.2,3
1,2026-09-08T07:00:00+00:00,2026-09-13T02:00:00+00:00,11.1,0.0,100,0,37760.0,3.3,14.6,6.5,347,1005.3,3
1,2026-09-08T07:00:00+00:00,2026-09-13T03:00:00+00:00,11.0,0.0,100,0,37760.0,3.3,15.2,7.6,354,1005.6,3
1,2026-09-08T07:00:00+00:00,2026-09-13T04:00:00+00:00,11.5,0.0,100,0,38780.0,3.2,14.0,8.6,360,1006.1,3
1,2026-09-08T07:00:00+00:00,2026-09-13T05:00:00+00:00,12.4,0.0,100,0,39780.0,3.7,12.3,10.1,11,1006.7,3
1,2026-09-08T07:00:00+00:00,2026-09-13T06:00:00+00:00,13.5,0.0,100,0,40800.0,4.2,10.9,11.5,20,1007.2,3
1,2026-09-08T07:00:00+00:00,2026-09-13T07:00:00+00:00,15.1,0.0,67,0,41720.0,5.0,10.0,14.0,30,1007.4,0
1,2026-09-08T07:00:00+00:00,2026-09-13T08:00:00+00:00,16.9,0.0,33,0,42640.0,5.9,9.3,16.6,38,1007.5,0
1,2026-09-08T07:00:00+00:00,2026-09-13T09:00:00+00:00,18.3,0.0,0,0,43560.0,6.4,8.8,18.4,38,1007.5,0
1,2026-09-08T07:00:00+00:00,2026-09-13T10:00:00+00:00,19.2,0.0,11,11,44960.0,6.2,7.5,18.4,36,1007.2,1
1,2026-09-08T07:00:00+00:00,2026-09-13T11:00:00+00:00,19.7,0.0,23,23,46360.0,5.3,6.7,17.6,28,1006.9,1
1,2026-09-08T07:00:00+00:00,2026-09-13T12:00:00+00:00,20.0,0.0,34,34,47760.0,5.0,6.2,16.9,21,1006.5,1
1,2026-09-08T07:00:00+00:00,2026-09-13T13:00:00+00:00,20.0,0.0,23,23,46360.0,4.8,6.2,16.6,13,1006.2,0
1,2026-09-08T07:00:00+00:00,2026-09-13T14:00:00+00:00,19.6,0.0,11,11,44960.0,5.1,7.1,15.8,4,1005.9,0
1,2026-09-08T07:00:00+00:00,2026-09-13T15:00:00+00:00,19.0,0.0,0,0,43560.0,4.7,7.4,14.4,360,1005.7,0
1,2026-09-08T07:00:00+00:00,2026-09-13T16:00:00+00:00,17.9,0.0,0,0,43560.0,3.3,7.2,10.8,6,1005.8,0
1,2026-09-08T07:00:00+00:00,2026-09-13T17:00:00+00:00,16.5,0.0,0,0,43560.0,2.3,7.4,6.1,39,1005.9,0
1,2026-09-08T07:00:00+00:00,2026-09-13T18:00:00+00:00,15.2,0.0,0,0,43560.0,1.5,7.3,2.9,76,1006.0,0
1,2026-09-08T07:00:00+00:00,2026-09-13T19:00:00+00:00,14.3,0.0,0,0,37220.0,0.0,5.9,2.5,270,1006.1,0
1,2026-09-08T07:00:00+00:00,2026-09-13T20:00:00+00:00,13.6,0.0,0,0,30880.0,2.5,3.7,3.6,270,1006.3,0
1,2026-09-08T07:00:00+00:00,2026-09-13T21:00:00+00:00,12.9,0.0,0,0,24540.0,4.0,3.2,4.7,275,1006.3,0
1,2026-09-08T07:00:00+00:00,2026-09-13T22:00:00+00:00,12.2,0.0,0,0,17140.0,4.0,5.0,5.4,280,1006.4,0
1,2026-09-08T07:00:00+00:00,2026-09-13T23:00:00+00:00,11.7,0.0,0,0,9720.0,3.5,7.8,6.1,294,1006.4,0
1,2026-09-08T07:00:00+00:00,2026-09-14T00:00:00+00:00,11.2,0.0,0,0,2320.0,3.4,9.5,6.5,302,1006.4,0
1,2026-09-08T07:00:00+00:00,2026-09-14T01:00:00+00:00,10.7,0.0,0,0,4160.0,3.4,9.2,6.1,302,1006.4,0
1,2026-09-08T07:00:00+00:00,2026-09-14T02:00:00+00:00,10.2,0.0,0,0,6020.0,3.5,8.2,5.0,294,1006.4,0
1,2026-09-08T07:00:00+00:00,2026-09-14T03:00:00+00:00,10.3,0.0,0,0,7860.0,3.4,7.2,4.7,288,1006.5,0
1,2026-09-08T07:00:00+00:00,2026-09-14T04:00:00+00:00,11.2,0.0,0,0,9700.0,2.7,6.8,4.7,293,1006.7,0
1,2026-09-08T07:00:00+00:00,2026-09-14T05:00:00+00:00,12.6,0.0,0,0,11560.0,2.3,6.5,5.4,309,1007.1,0
1,2026-09-08T07:00:00+00:00,2026-09-14T06:00:00+00:00,14.1,0.0,0,0,13400.0,1.8,5.8,6.1,323,1007.4,0
1,2026-09-08T07:00:00+00:00,2026-09-14T07:00:00+00:00,16.0,0.0,7,7,16860.0,1.5,4.7,7.2,346,1007.6,1
1,2026-09-08T07:00:00+00:00,2026-09-14T08:00:00+00:00,18.0,0.0,15,15,20320.0,1.8,3.3,9.0,360,1007.7,1
1,2026-09-08T07:00:00+00:00,2026-09-14T09:00:00+00:00,19.7,0.0,22,22,23780.0,1.8,2.1,10.1,360,1007.6,1
1,2026-09-08T07:00:00+00:00,2026-09-14T10:00:00+00:00,20.7,0.0,25,22,27240.0,1.9,2.1,10.4,338,1007.3,1
1,2026-09-08T07:00:00+00:00,2026-09-14T11:00:00+00:00,21.2,0.0,29,22,30700.0,2.6,3.0,10.8,304,1006.9,1
1,2026-09-08T07:00:00+00:00,2026-09-14T12:00:00+00:00,21.5,0.0,32,22,34160.0,3.2,3.9,10.8,297,1006.4,1
1,2026-09-08T07:00:00+00:00,2026-09-14T13:00:00+00:00,21.5,0.0,30,19,32440.0,3.4,4.6,11.5,302,1006.0,1
1,2026-09-08T07:00:00+00:00,2026-09-14T14:00:00+00:00,21.3,0.0,27,15,30740.0,3.6,5.0,12.2,315,1005.7,1
1,2026-09-08T07:00:00+00:00,2026-09-14T15:00:00+00:00,20.6,0.0,25,12,29020.0,3.3,5.2,11.9,319,1005.4,1
1,2026-09-08T07:00:00+00:00,2026-09-14T16:00:00+00:00,19.4,0.0,21,8,27300.0,2.3,4.7,8.6,309,1005.4,1
1,2026-09-08T07:00:00+00:00,2026-09-14T17:00:00+00:00,17.7,0.0,17,4,25600.0,1.1,3.7,4.7,270,1005.5,1
1,2026-09-08T07:00:00+00:00,2026-09-14T18:00:00+00:00,16.3,0.0,13,0,23880.0,1.5,3.7,1.8,225,1005.6,1
1,2026-09-08T07:00:00+00:00,2026-09-14T19:00:00+00:00,15.4,0.0,26,16,20420.0,1.9,5.8,2.5,248,1005.6,2
1,2026-09-08T07:00:00+00:00,2026-09-14T20:00:00+00:00,14.7,0.0,40,31,16940.0,2.9,9.0,4.7,277,1005.7,2
1,2026-09-08T07:00:00+00:00,2026-09-14T21:00:00+00:00,14.1,0.0,53,47,13480.0,3.8,10.7,6.1,287,1005.7,2
1,2026-09-08T07:00:00+00:00,2026-09-14T22:00:00+00:00,13.5,0.0,35,31,10000.0,3.8,9.5,6.1,287,1005.7,0
1,2026-09-08T07:00:00+00:00,2026-09-14T23:00:00+00:00,13.0,0.0,18,16,6540.0,3.7,7.2,5.8,281,1005.6,0
1,2026-09-08T08:00:00+00:00,2026-09-08T00:00:00+00:00,11.5,0.0,0,0,29260.0,4.3,19.5,12.2,275,1005.2,0
1,2026-09-08T08:00:00+00:00,2026-09-08T01:00:00+00:00,11.3,0.0,0,0,28680.0,4.3,18.9,13.0,265,1004.9,0
1,2026-09-08T08:00:00+00:00,2026-09-08T02:00:00+00:00,10.9,0.0,2,0,26760.0,3.7,17.7,12.2,259,1004.4,0
1,2026-09-08T08:00:00+00:00,2026-09-08T03:00:00+00:00,10.1,0.0,7,0,23020.0,3.3,15.3,11.2,257,1004.6,1
1,2026-09-08T08:00:00+00:00,2026-09-08T04:00:00+00:00,9.9,0.0,1,1,19040.0,3.4,14.1,10.1,252,1004.4,0
1,2026-09-08T08:00:00+00:00,2026-09-08T05:00:00+00:00,11.3,0.0,38,0,25640.0,3.0,13.4,10.1,256,1004.5,1
1,2026-09-08T08:00:00+00:00,2026-09-08T06:00:00+00:00,13.6,0.0,100,0,33720.0,4.0,13.4,13.7,270,1004.2,3
1,2026-09-08T08:00:00+00:00,2026-09-08T07:00:00+00:00,15.4,0.0,100,0,37580.0,4.3,6.3,15.8,270,1004.5,3
1,2026-09-08T08:00:00+00:00,2026-09-08T08:00:00+00:00,17.3,0.0,61,0,39800.0,5.1,7.4,16.6,266,1004.1,2
1,2026-09-08T08:00:00+00:00,2026-09-08T09:00:00+00:00,18.8,0.0,56,44,40920.0,6.1,9.5,19.8,270,1003.8,2
1,2026-09-08T08:00:00+00:00,2026-09-08T10:00:00+00:00,19.6,0.0,57,57,41200.0,5.8,8.8,19.8,266,1002.6,2
1,2026-09-08T08:00:00+00:00,2026-09-08T11:00:00+00:00,20.1,0.0,74,56,41220.0,6.2,8.9,19.4,260,1002.0,2
1,2026-09-08T08:00:00+00:00,2026-09-08T12:00:00+00:00,20.4,0.0,51,50,41380.0,6.0,8.9,19.4,253,1001.1,2
1,2026-09-08T08:00:00+00:00,2026-09-08T13:00:00+00:00,20.7,0.0,52,49,41420.0,5.4,7.8,18.7,250,1000.9,2
1,2026-09-08T08:00:00+00:00,2026-09-08T14:00:00+00:00,20.6,0.0,48,48,41380.0,5.0,7.6,16.9,249,1000.5,2
1,2026-09-08T08:00:00+00:00,2026-09-08T15:00:00+00:00,20.3,0.0,50,49,41320.0,5.2,8.1,15.8,254,1000.2,2
1,2026-09-08T08:00:00+00:00,2026-09-08T16:00:00+00:00,19.6,0.0,21,17,41400.0,3.4,6.8,15.5,252,999.7,1
1,2026-09-08T08:00:00+00:00,2026-09-08T17:00:00+00:00,18.5,0.0,7,7,41040.0,1.4,4.0,8.6,180,999.4,1
1,2026-09-08T08:00:00+00:00,2026-09-08T18:00:00+00:00,17.7,0.0,0,0,40780.0,2.6,4.4,3.6,146,999.3,0
1,2026-09-08T08:00:00+00:00,2026-09-08T19:00:00+00:00,17.0,0.0,19,0,40100.0,3.2,9.3,7.2,153,999.1,1
1,2026-09-08T08:00:00+00:00,2026-09-08T20:00:00+00:00,16.2,0.0,100,0,38980.0,3.5,14.1,8.3,156,999.0,3
1,2026-09-08T08:00:00+00:00,2026-09-08T21:00:00+00:00,15.6,0.0,10,0,38300.0,3.9,17.5,9.0,158,998.9,1
1,2026-09-08T08:00:00+00:00,2026-09-08T22:00:00+00:00,15.2,0.0,99,0,38200.0,3.9,18.3,9.0,158,998.6,3
1,2026-09-08T08:00:00+00:00,2026-09-08T23:00:00+00:00,14.8,0.0,30,0,38060.0,4.1,19.6,9.7,165,998.5,1
1,2026-09-08T08:00:00+00:00,2026-09-09T00:00:00+00:00,14.5,0.0,16,0,38060.0,3.8,19.8,10.1,163,998.5,1
1,2026-09-08T08:00:00+00:00,2026-09-09T01:00:00+00:00,14.2,0.0,98,0,38200.0,4.1,20.1,9.7,165,998.6,3
1,2026-09-08T08:00:00+00:00,2026-09-09T02:00:00+00:00,14.0,0.0,61,0,38460.0,4.4,21.5,10.4,171,998.4,2
1,2026-09-08T08:00:00+00:00,2026-09-09T03:00:00+00:00,13.9,0.0,39,0,38580.0,4.5,22.9,11.2,166,998.0,2
1,2026-09-08T08:00:00+00:00,2026-09-09T04:00:00+00:00,13.6,0.0,25,0,37000.0,4.5,22.4,11.5,151,997.9,1
1,2026-09-08T08:00:00+00:00,2026-09-09T05:00:00+00:00,14.6,0.0,0,0,34440.0,5.7,24.2,15.8,162,997.9,0
1,2026-09-08T08:00:00+00:00,2026-09-09T06:00:00+00:00,16.4,0.0,36,0,37980.0,7.3,22.6,20.2,171,998.2,1
1,2026-09-08T08:00:00+00:00,2026-09-09T07:00:00+00:00,18.6,0.0,8,0,40560.0,7.3,11.8,22.0,169,998.2,1
1,2026-09-08T08:00:00+00:00,2026-09-09T08:00:00+00:00,20.8,0.0,6,0,40980.0,7.1,11.2,22.7,165,998.3,0
1,2026-09-08T08:00:00+00:00,2026-09-09T09:00:00+00:00,22.8,0.0,31,0,41400.0,7.9,12.5,23.8,164,998.0,1
1,2026-09-08T08:00:00+00:00,2026-09-09T10:00:00+00:00,24.6,0.0,8,0,42100.0,9.5,17.0,27.7,191,997.3,1
1,2026-09-08T08:00:00+00:00,2026-09-09T11:00:00+00:00,25.6,0.0,22,0,43100.0,9.8,17.5,29.2,197,997.0,1
1,2026-09-08T08:00:00+00:00,2026-09-09T12:00:00+00:00,26.2,0.0,0,0,44260.0,9.7,16.6,28.8,195,996.5,0
1,2026-09-08T08:00:00+00:00,2026-09-09T13:00:00+00:00,26.3,0.0,0,0,44140.0,9.3,16.6,27.7,196,996.3,0
1,2026-09-08T08:00:00+00:00,2026-09-09T14:00:00+00:00,26.1,0.0,0,0,43960.0,8.6,15.7,26.6,195,995.9,0
1,2026-09-08T08:00:00+00:00,2026-09-09T15:00:00+00:00,25.5,0.0,0,0,43820.0,8.0,16.3,24.1,190,995.5,0
1,2026-09-08T08:00:00+00:00,2026-09-09T16:00:00+00:00,24.2,0.0,0,0,42560.0,5.4,18.4,21.6,176,995.2,0
1,2026-09-08T08:00:00+00:00,2026-09-09T17:00:00+00:00,22.7,0.0,0,0,41760.0,4.5,21.5,14.4,166,995.5,0
1,2026-09-08T08:00:00+00:00,2026-09-09T18:00:00+00:00,21.7,0.0,0,0,41420.0,4.7,24.0,11.9,171,995.5,0
1,2026-09-08T08:00:00+00:00,2026-09-09T19:00:00+00:00,21.1,0.0,0,0,41240.0,4.7,25.1,12.2,180,995.4,0
1,2026-09-08T08:00:00+00:00,2026-09-09T20:00:00+00:00,20.5,0.0,0,0,41120.0,5.0,26.1,12.6,180,995.4,0
1,2026-09-08T08:00:00+00:00,2026-09-09T21:00:00+00:00,19.9,0.0,6,0,40800.0,5.4,27.6,14.4,180,995.5,1
1,2026-09-08T08:00:00+00:00,2026-09-09T22:00:00+00:00,19.4,0.0,54,0,40540.0,6.0,30.8,16.9,197,995.6,2
1,2026-09-08T08:00:00+00:00,2026-09-09T23:00:00+00:00,19.0,0.0,3,0,38760.0,6.9,33.2,19.1,208,995.5,0
1,2026-09-08T08:00:00+00:00,2026-09-10T00:00:00+00:00,18.7,0.0,17,0,37720.0,7.4,34.1,20.5,209,995.5,1
1,2026-09-08T08:00:00+00:00,2026-09-10T01:00:00+00:00,18.1,0.0,0,0,35300.0,7.9,34.8,22.3,204,995.5,0
1,2026-09-08T08:00:00+00:00,2026-09-10T02:00:00+00:00,17.6,0.0,0,0,32480.0,7.7,34.1,22.3,208,995.5,0
1,2026-09-08T08:00:00+00:00,2026-09-10T03:00:00+00:00,17.1,0.0,0,0,30320.0,7.8,32.9,21.6,202,995.7,0
1,2026-09-08T08:00:00+00:00,2026-09-10T04:00:00+00:00,16.5,0.0,0,0,27480.0,8.1,32.8,22.0,193,995.8,0
1,2026-09-08T08:00:00+00:00,2026-09-10T05:00:00+00:00,16.9,0.0,0,0,26160.0,9.0,35.0,23.4,185,995.7,0
1,2026-09-08T08:00:00+00:00,2026-09-10T06:00:00+00:00,18.6,0.0,0,0,35020.0,11.2,24.6,30.6,186,995.6,0
1,2026-09-08T08:00:00+00:00,2026-09-10T07:00:00+00:00,20.6,0.0,0,0,39040.0,12.0,23.6,34.2,187,995.7,0
1,2026-09-08T08:00:00+00:00,2026-09-10T08:00:00+00:00,22.5,0.0,0,0,40040.0,12.6,24.1,35.6,183,995.7,0
1,2026-09-08T08:00:00+00:00,2026-09-10T09:00:00+00:00,24.5,0.0,0,0,41180.0,14.9,30.2,40.7,188,995.4,0
1,2026-09-08T08:00:00+00:00,2026-09-10T10:00:00+00:00,26.0,0.0,0,0,42260.0,15.5,31.7,42.8,185,995.0,0
1,2026-09-08T08:00:00+00:00,2026-09-10T11:00:00+00:00,27.1,0.0,0,0,43860.0,15.7,32.0,44.3,191,994.7,0
1,2026-09-08T08:00:00+00:00,2026-09-10T12:00:00+00:00,27.8,0.0,0,0,44920.0,15.5,32.1,42.8,202,994.6,0
1,2026-09-08T08:00:00+00:00,2026-09-10T13:00:00+00:00,28.1,0.0,0,0,44440.0,14.3,30.1,42.1,205,994.3,0
1,2026-09-08T08:00:00+00:00,2026-09-10T14:00:00+00:00,28.0,0.0,0,0,43960.0,13.5,30.2,38.5,209,994.1,0
1,2026-09-08T08:00:00+00:00,2026-09-10T15:00:00+00:00,27.4,0.0,0,0,43380.0,12.1,28.9,36.7,210,994.1,0
1,2026-09-08T08:00:00+00:00,2026-09-10T16:00:00+00:00,26.1,0.0,14,0,42540.0,9.2,27.9,32.0,201,994.0,1
1,2026-09-08T08:00:00+00:00,2026-09-10T17:00:00+00:00,24.4,0.0,10,0,41720.0,7.8,32.1,23.8,202,994.3,1
1,2026-09-08T08:00:00+00:00,2026-09-10T18:00:00+00:00,22.9,0.3,96,31,40380.0,11.3,35.1,29.2,279,995.2,80
1,2026-09-08T08:00:00+00:00,2026-09-10T19:00:00+00:00,20.4,0.0,92,15,33880.0,12.3,27.4,36.0,310,995.9,3
1,2026-09-08T08:00:00+00:00,2026-09-10T20:00:00+00:00,18.9,0.0,95,67,27100.0,11.9,25.9,32.8,305,996.5,3
1,2026-09-08T08:00:00+00:00,2026-09-10T21:00:00+00:00,17.6,0.0,98,73,27140.0,13.6,29.2,36.0,307,997.4,3
1,2026-09-08T08:00:00+00:00,2026-09-10T22:00:00+00:00,16.5,0.0,100,71,29360.0,12.0,27.0,36.4,314,998.1,3
1,2026-09-08T08:00:00+00:00,2026-09-10T23:00:00+00:00,15.9,0.2,95,69,27060.0,10.8,24.3,32.0,307,998.7,61
1,2026-09-08T08:00:00+00:00,2026-09-11T00:00:00+00:00,15.4,0.0,90,60,26500.0,10.7,24.2,30.2,310,999.0,3
1,2026-09-08T08:00:00+00:00,2026-09-11T01:00:00+00:00,15.1,0.0,86,65,23600.0,9.3,21.5,28.8,306,999.3,3
1,2026-09-08T08:00:00+00:00,2026-09-11T02:00:00+00:00,14.8,0.0,91,63,20200.0,9.1,20.6,25.2,304,999.7,3
1,2026-09-08T08:00:00+00:00,2026-09-11T03:00:00+00:00,14.4,0.0,84,60,21360.0,9.0,20.0,24.1,307,1000.0,3
1,2026-09-08T08:00:00+00:00,2026-09-11T04:00:00+00:00,13.9,0.0,92,68,16040.0,7.6,18.6,23.4,301,1000.5,3
1,2026-09-08T08:00:00+00:00,2026-09-11T05:00:00+00:00,14.0,0.0,100,64,17440.0,7.9,14.5,23.4,300,1000.9,3
1,2026-09-08T08:00:00+00:00,2026-09-11T06:00:00+00:00,15.0,0.0,100,56,24040.0,8.2,13.4,22.7,299,1001.3,3
1,2026-09-08T08:00:00+00:00,2026-09-11T07:00:00+00:00,16.5,0.0,93,56,29420.0,7.9,12.2,22.0,300,1001.6,2
1,2026-09-08T08:00:00+00:00,2026-09-11T08:00:00+00:00,18.4,0.0,86,55,34780.0,7.6,11.4,21.6,301,1001.7,2
1,2026-09-08T08:00:00+00:00,2026-09-11T09:00:00+00:00,20.0,0.0,79,55,40160.0,7.3,11.3,22.0,303,1001.8,2
1,2026-09-08T08:00:00+00:00,2026-09-11T10:00:00+00:00,20.9,0.0,80,46,40680.0,7.8,12.3,24.1,304,1001.8,3
1,2026-09-08T08:00:00+00:00,2026-09-11T11:00:00+00:00,21.5,0.0,82,38,41220.0,8.9,14.4,27.4,302,1001.8,3
1,2026-09-08T08:00:00+00:00,2026-09-11T12:00:00+00:00,21.7,0.0,83,29,41740.0,9.4,15.9,29.2,302,1001.7,3
1,2026-09-08T08:00:00+00:00,2026-09-11T13:00:00+00:00,21.6,0.0,86,34,41540.0,9.5,16.4,29.5,307,1001.7,3
1,2026-09-08T08:00:00+00:00,2026-09-11T14:00:00+00:00,21.1,0.0,90,38,41360.0,9.7,16.2,28.4,315,1001.5,3
1,2026-09-08T08:00:00+00:00,2026-09-11T15:00:00+00:00,20.4,0.0,93,43,41160.0,9.2,16.6,26.6,321,1001.6,3
1,2026-09-08T08:00:00+00:00,2026-09-11T16:00:00+00:00,19.6,0.0,91,34,40500.0,8.0,17.4,23.0,324,1001.7,3
1,2026-09-08T08:00:00+00:00,2026-09-11T17:00:00+00:00,18.6,0.0,88,25,39860.0,6.5,18.3,18.0,326,1002.0,3
1,2026-09-08T08:00:00+00:00,2026-09-11T18:00:00+00:00,17.8,0.0,86,16,39200.0,5.0,18.3,14.0,330,1002.2,3
1,2026-09-08T08:00:00+00:00,2026-09-11T19:00:00+00:00,17.1,0.0,88,26,37480.0,3.8,16.6,11.5,343,1002.4,3
1,2026-09-08T08:00:00+00:00,2026-09-11T20:00:00+00:00,16.6,0.0,91,35,35740.0,3.2,14.2,9.7,360,1002.5,3
1,2026-09-08T08:00:00+00:00,2026-09-11T21:00:00+00:00,16.1,0.0,93,45,34020.0,3.1,13.1,8.6,21,1002.7,3
1,2026-09-08T08:00:00+00:00,2026-09-11T22:00:00+00:00,15.7,0.0,95,48,33060.0,2.9,12.8,7.9,30,1002.8,3
1,2026-09-08T08:00:00+00:00,2026-09-11T23:00:00+00:00,15.4,0.0,98,52,32120.0,2.9,13.0,7.2,30,1002.8,3
1,2026-09-08T08:00:00+00:00,2026-09-12T00:00:00+00:00,15.1,0.0,100,55,31160.0,2.8,12.8,7.6,40,1002.7,3
1,2026-09-08T08:00:00+00:00,2026-09-12T01:00:00+00:00,14.9,0.0,100,50,31040.0,3.6,13.1,9.0,53,1002.6,61
1,2026-09-08T08:00:00+00:00,2026-09-12T02:00:00+00:00,14.6,0.0,100,45,30940.0,4.5,14.1,10.8,61,1002.4,61
1,2026-09-08T08:00:00+00:00,2026-09-12T03:00:00+00:00,14.4,0.0,100,40,30820.0,4.7,13.8,12.2,67,1002.4,61
1,2026-09-08T08:00:00+00:00,2026-09-12T04:00:00+00:00,14.2,0.6,100,53,23920.0,3.3,11.3,13.0,77,1002.6,61
1,2026-09-08T08:00:00+00:00,2026-09-12T05:00:00+00:00,13.9,0.6,100,66,17020.0,1.5,8.7,13.0,104,1003.0,61
1,2026-09-08T08:00:00+00:00,2026-09-12T06:00:00+00:00,13.7,0.6,100,79,10120.0,1.3,7.8,13.3,146,1003.2,61
1,2026-09-08T08:00:00+00:00,2026-09-12T07:00:00+00:00,13.7,2.4,100,79,13080.0,1.9,7.1,13.7,112,1003.3,61
1,2026-09-08T08:00:00+00:00,2026-09-12T08:00:00+00:00,13.8,2.4,100,80,16060.0,3.6,6.9,14.4,90,1003.3,61
1,2026-09-08T08:00:00+00:00,2026-09-12T09:00:00+00:00,14.0,2.4,100,80,19020.0,5.1,7.8,15.1,82,1003.4,61
1,2026-09-08T08:00:00+00:00,2026-09-12T10:00:00+00:00,14.2,0.2,100,83,19480.0,5.9,9.2,16.2,76,1003.3,3
1,2026-09-08T08:00:00+00:00,2026-09-12T11:00:00+00:00,14.6,0.2,100,87,19940.0,6.3,10.7,17.6,66,1003.0,3
1,2026-09-08T08:00:00+00:00,2026-09-12T12:00:00+00:00,14.8,0.2,100,90,20400.0,6.6,11.7,18.4,61,1002.9,3
1,2026-09-08T08:00:00+00:00,2026-09-12T13:00:00+00:00,14.8,0.4,100,87,19300.0,6.2,11.7,18.4,54,1002.8,61
1,2026-09-08T08:00:00+00:00,2026-09-12T14:00:00+00:00,14.7,0.4,100,84,18180.0,5.6,11.3,18.0,45,1002.9,61
1,2026-09-08T08:00:00+00:00,2026-09-12T15:00:00+00:00,14.6,0.4,100,81,17080.0,5.4,11.5,17.3,37,1003.0,61
1,2026-09-08T08:00:00+00:00,2026-09-12T16:00:00+00:00,14.5,0.0,100,77,17820.0,5.5,13.4,16.9,32,1003.3,3
1,2026-09-08T08:00:00+00:00,2026-09-12T17:00:00+00:00,14.3,0.0,100,73,18560.0,6.0,15.9,16.2,25,1003.8,3
1,2026-09-08T08:00:00+00:00,2026-09-12T18:00:00+00:00,14.2,0.0,100,69,19300.0,5.8,17.2,15.1,22,1004.2,3
1,2026-09-08T08:00:00+00:00,2026-09-12T19:00:00+00:00,14.0,0.0,100,46,21880.0,4.6,15.6,13.3,18,1004.4,3
1,2026-09-08T08:00:00+00:00,2026-09-12T20:00:00+00:00,13.8,0.0,100,23,24440.0,3.0,12.3,11.5,14,1004.7,3
1,2026-09-08T08:00:00+00:00,2026-09-12T21:00:00+00:00,13.6,0.0,100,0,27020.0,1.8,10.7,9.7,11,1004.9,3
1,2026-09-08T08:00:00+00:00,2026-09-12T22:00:00+00:00,13.2,0.0,100,0,30750.0,2.0,10.7,7.7,358,1005.0,3
1,2026-09-08T08:00:00+00:00,2026-09-12T23:00:00+00:00,12.7,0.0,100,0,33630.0,2.6,11.5,6.1,353,1005.0,3
1,2026-09-08T08:00:00+00:00,2026-09-13T00:00:00+00:00,12.2,0.0,100,0,35620.0,3.1,12.1,5.5,351,1005.1,3
1,2026-09-08T08:00:00+00:00,2026-09-13T01:00:00+00:00,11.6,0.0,100,0,37760.0,3.3,13.1,5.8,347,1005.2,3
1,2026-09-08T08:00:00+00:00,2026-09-13T02:00:00+00:00,11.1,0.0,100,0,37760.0,3.3,14.6,6.5,347,1005.3,3
1,2026-09-08T08:00:00+00:00,2026-09-13T03:00:00+00:00,11.0,0.0,100,0,37760.0,3.3,15.2,7.6,354,1005.6,3
1,2026-09-08T08:00:00+00:00,2026-09-13T04:00:00+00:00,11.5,0.0,100,0,38780.0,3.2,14.0,8.6,360,1006.1,3
1,2026-09-08T08:00:00+00:00,2026-09-13T05:00:00+00:00,12.4,0.0,100,0,39780.0,3.7,12.3,10.1,11,1006.7,3
1,2026-09-08T08:00:00+00:00,2026-09-13T06:00:00+00:00,13.5,0.0,100,0,40800.0,4.2,10.9,11.5,20,1007.2,3
1,2026-09-08T08:00:00+00:00,2026-09-13T07:00:00+00:00,15.1,0.0,67,0,41720.0,5.0,10.0,14.0,30,1007.4,0
1,2026-09-08T08:00:00+00:00,2026-09-13T08:00:00+00:00,16.9,0.0,33,0,42640.0,5.9,9.3,16.6,38,1007.5,0
1,2026-09-08T08:00:00+00:00,2026-09-13T09:00:00+00:00,18.3,0.0,0,0,43560.0,6.4,8.8,18.4,38,1007.5,0
1,2026-09-08T08:00:00+00:00,2026-09-13T10:00:00+00:00,19.2,0.0,11,11,44960.0,6.2,7.5,18.4,36,1007.2,1
1,2026-09-08T08:00:00+00:00,2026-09-13T11:00:00+00:00,19.7,0.0,23,23,46360.0,5.3,6.7,17.6,28,1006.9,1
1,2026-09-08T08:00:00+00:00,2026-09-13T12:00:00+00:00,20.0,0.0,34,34,47760.0,5.0,6.2,16.9,21,1006.5,1
1,2026-09-08T08:00:00+00:00,2026-09-13T13:00:00+00:00,20.0,0.0,23,23,46360.0,4.8,6.2,16.6,13,1006.2,0
1,2026-09-08T08:00:00+00:00,2026-09-13T14:00:00+00:00,19.6,0.0,11,11,44960.0,5.1,7.1,15.8,4,1005.9,0
1,2026-09-08T08:00:00+00:00,2026-09-13T15:00:00+00:00,19.0,0.0,0,0,43560.0,4.7,7.4,14.4,360,1005.7,0
1,2026-09-08T08:00:00+00:00,2026-09-13T16:00:00+00:00,17.9,0.0,0,0,43560.0,3.3,7.2,10.8,6,1005.8,0
1,2026-09-08T08:00:00+00:00,2026-09-13T17:00:00+00:00,16.5,0.0,0,0,43560.0,2.3,7.4,6.1,39,1005.9,0
1,2026-09-08T08:00:00+00:00,2026-09-13T18:00:00+00:00,15.2,0.0,0,0,43560.0,1.5,7.3,2.9,76,1006.0,0
1,2026-09-08T08:00:00+00:00,2026-09-13T19:00:00+00:00,14.3,0.0,0,0,37220.0,0.0,5.9,2.5,270,1006.1,0
1,2026-09-08T08:00:00+00:00,2026-09-13T20:00:00+00:00,13.6,0.0,0,0,30880.0,2.5,3.7,3.6,270,1006.3,0
1,2026-09-08T08:00:00+00:00,2026-09-13T21:00:00+00:00,12.9,0.0,0,0,24540.0,4.0,3.2,4.7,275,1006.3,0
1,2026-09-08T08:00:00+00:00,2026-09-13T22:00:00+00:00,12.2,0.0,0,0,17140.0,4.0,5.0,5.4,280,1006.4,0
1,2026-09-08T08:00:00+00:00,2026-09-13T23:00:00+00:00,11.7,0.0,0,0,9720.0,3.5,7.8,6.1,294,1006.4,0
1,2026-09-08T08:00:00+00:00,2026-09-14T00:00:00+00:00,11.2,0.0,0,0,2320.0,3.4,9.5,6.5,302,1006.4,0
1,2026-09-08T08:00:00+00:00,2026-09-14T01:00:00+00:00,10.7,0.0,0,0,4160.0,3.4,9.2,6.1,302,1006.4,0
1,2026-09-08T08:00:00+00:00,2026-09-14T02:00:00+00:00,10.2,0.0,0,0,6020.0,3.5,8.2,5.0,294,1006.4,0
1,2026-09-08T08:00:00+00:00,2026-09-14T03:00:00+00:00,10.3,0.0,0,0,7860.0,3.4,7.2,4.7,288,1006.5,0
1,2026-09-08T08:00:00+00:00,2026-09-14T04:00:00+00:00,11.2,0.0,0,0,9700.0,2.7,6.8,4.7,293,1006.7,0
1,2026-09-08T08:00:00+00:00,2026-09-14T05:00:00+00:00,12.6,0.0,0,0,11560.0,2.3,6.5,5.4,309,1007.1,0
1,2026-09-08T08:00:00+00:00,2026-09-14T06:00:00+00:00,14.1,0.0,0,0,13400.0,1.8,5.8,6.1,323,1007.4,0
1,2026-09-08T08:00:00+00:00,2026-09-14T07:00:00+00:00,16.0,0.0,7,7,16860.0,1.5,4.7,7.2,346,1007.6,1
1,2026-09-08T08:00:00+00:00,2026-09-14T08:00:00+00:00,18.0,0.0,15,15,20320.0,1.8,3.3,9.0,360,1007.7,1
1,2026-09-08T08:00:00+00:00,2026-09-14T09:00:00+00:00,19.7,0.0,22,22,23780.0,1.8,2.1,10.1,360,1007.6,1
1,2026-09-08T08:00:00+00:00,2026-09-14T10:00:00+00:00,20.7,0.0,25,22,27240.0,1.9,2.1,10.4,338,1007.3,1
1,2026-09-08T08:00:00+00:00,2026-09-14T11:00:00+00:00,21.2,0.0,29,22,30700.0,2.6,3.0,10.8,304,1006.9,1
1,2026-09-08T08:00:00+00:00,2026-09-14T12:00:00+00:00,21.5,0.0,32,22,34160.0,3.2,3.9,10.8,297,1006.4,1
1,2026-09-08T08:00:00+00:00,2026-09-14T13:00:00+00:00,21.5,0.0,30,19,32440.0,3.4,4.6,11.5,302,1006.0,1
1,2026-09-08T08:00:00+00:00,2026-09-14T14:00:00+00:00,21.3,0.0,27,15,30740.0,3.6,5.0,12.2,315,1005.7,1
1,2026-09-08T08:00:00+00:00,2026-09-14T15:00:00+00:00,20.6,0.0,25,12,29020.0,3.3,5.2,11.9,319,1005.4,1
1,2026-09-08T08:00:00+00:00,2026-09-14T16:00:00+00:00,19.4,0.0,21,8,27300.0,2.3,4.7,8.6,309,1005.4,1
1,2026-09-08T08:00:00+00:00,2026-09-14T17:00:00+00:00,17.7,0.0,17,4,25600.0,1.1,3.7,4.7,270,1005.5,1
1,2026-09-08T08:00:00+00:00,2026-09-14T18:00:00+00:00,16.3,0.0,13,0,23880.0,1.5,3.7,1.8,225,1005.6,1
1,2026-09-08T08:00:00+00:00,2026-09-14T19:00:00+00:00,15.4,0.0,26,16,20420.0,1.9,5.8,2.5,248,1005.6,2
1,2026-09-08T08:00:00+00:00,2026-09-14T20:00:00+00:00,14.7,0.0,40,31,16940.0,2.9,9.0,4.7,277,1005.7,2
1,2026-09-08T08:00:00+00:00,2026-09-14T21:00:00+00:00,14.1,0.0,53,47,13480.0,3.8,10.7,6.1,287,1005.7,2
1,2026-09-08T08:00:00+00:00,2026-09-14T22:00:00+00:00,13.5,0.0,35,31,10000.0,3.8,9.5,6.1,287,1005.7,0
1,2026-09-08T08:00:00+00:00,2026-09-14T23:00:00+00:00,13.0,0.0,18,16,6540.0,3.7,7.2,5.8,281,1005.6,0
1,2026-09-08T09:00:00+00:00,2026-09-08T00:00:00+00:00,11.5,0.0,0,0,29260.0,4.3,19.5,12.2,275,1005.2,0
1,2026-09-08T09:00:00+00:00,2026-09-08T01:00:00+00:00,11.3,0.0,0,0,28680.0,4.3,18.9,13.0,265,1004.9,0
1,2026-09-08T09:00:00+00:00,2026-09-08T02:00:00+00:00,10.9,0.0,2,0,26760.0,3.7,17.7,12.2,259,1004.4,0
1,2026-09-08T09:00:00+00:00,2026-09-08T03:00:00+00:00,10.1,0.0,7,0,23020.0,3.3,15.3,11.2,257,1004.6,1
1,2026-09-08T09:00:00+00:00,2026-09-08T04:00:00+00:00,9.9,0.0,1,1,19040.0,3.4,14.1,10.1,252,1004.4,0
1,2026-09-08T09:00:00+00:00,2026-09-08T05:00:00+00:00,11.3,0.0,38,0,25640.0,3.0,13.4,10.1,256,1004.5,1
1,2026-09-08T09:00:00+00:00,2026-09-08T06:00:00+00:00,13.6,0.0,100,0,33720.0,4.0,13.4,13.7,270,1004.2,3
1,2026-09-08T09:00:00+00:00,2026-09-08T07:00:00+00:00,15.4,0.0,100,0,37580.0,4.3,6.3,15.8,270,1004.5,3
1,2026-09-08T09:00:00+00:00,2026-09-08T08:00:00+00:00,17.3,0.0,61,0,39800.0,5.1,7.4,16.6,266,1004.1,2
1,2026-09-08T09:00:00+00:00,2026-09-08T09:00:00+00:00,18.8,0.0,56,44,40920.0,6.1,9.5,19.8,270,1003.8,2
1,2026-09-08T09:00:00+00:00,2026-09-08T10:00:00+00:00,19.6,0.0,57,57,41200.0,5.8,8.8,19.8,266,1002.6,2
1,2026-09-08T09:00:00+00:00,2026-09-08T11:00:00+00:00,20.1,0.0,74,56,41220.0,6.2,8.9,19.4,260,1002.0,2
1,2026-09-08T09:00:00+00:00,2026-09-08T12:00:00+00:00,20.4,0.0,51,50,41380.0,6.0,8.9,19.4,253,1001.1,2
1,2026-09-08T09:00:00+00:00,2026-09-08T13:00:00+00:00,20.7,0.0,52,49,41420.0,5.4,7.8,18.7,250,1000.9,2
1,2026-09-08T09:00:00+00:00,2026-09-08T14:00:00+00:00,20.6,0.0,48,48,41380.0,5.0,7.6,16.9,249,1000.5,2
1,2026-09-08T09:00:00+00:00,2026-09-08T15:00:00+00:00,20.3,0.0,50,49,41320.0,5.2,8.1,15.8,254,1000.2,2
1,2026-09-08T09:00:00+00:00,2026-09-08T16:00:00+00:00,19.6,0.0,21,17,41400.0,3.4,6.8,15.5,252,999.7,1
1,2026-09-08T09:00:00+00:00,2026-09-08T17:00:00+00:00,18.5,0.0,7,7,41040.0,1.4,4.0,8.6,180,999.4,1
1,2026-09-08T09:00:00+00:00,2026-09-08T18:00:00+00:00,17.7,0.0,0,0,40780.0,2.6,4.4,3.6,146,999.3,0
1,2026-09-08T09:00:00+00:00,2026-09-08T19:00:00+00:00,17.0,0.0,19,0,40100.0,3.2,9.3,7.2,153,999.1,1
1,2026-09-08T09:00:00+00:00,2026-09-08T20:00:00+00:00,16.2,0.0,100,0,38980.0,3.5,14.1,8.3,156,999.0,3
1,2026-09-08T09:00:00+00:00,2026-09-08T21:00:00+00:00,15.6,0.0,10,0,38300.0,3.9,17.5,9.0,158,998.9,1
1,2026-09-08T09:00:00+00:00,2026-09-08T22:00:00+00:00,15.2,0.0,99,0,38200.0,3.9,18.3,9.0,158,998.6,3
1,2026-09-08T09:00:00+00:00,2026-09-08T23:00:00+00:00,14.8,0.0,30,0,38060.0,4.1,19.6,9.7,165,998.5,1
1,2026-09-08T09:00:00+00:00,2026-09-09T00:00:00+00:00,14.5,0.0,16,0,38060.0,3.8,19.8,10.1,163,998.5,1
1,2026-09-08T09:00:00+00:00,2026-09-09T01:00:00+00:00,14.2,0.0,98,0,38200.0,4.1,20.1,9.7,165,998.6,3
1,2026-09-08T09:00:00+00:00,2026-09-09T02:00:00+00:00,14.0,0.0,61,0,38460.0,4.4,21.5,10.4,171,998.4,2
1,2026-09-08T09:00:00+00:00,2026-09-09T03:00:00+00:00,13.9,0.0,39,0,38580.0,4.5,22.9,11.2,166,998.0,2
1,2026-09-08T09:00:00+00:00,2026-09-09T04:00:00+00:00,13.6,0.0,25,0,37000.0,4.5,22.4,11.5,151,997.9,1
1,2026-09-08T09:00:00+00:00,2026-09-09T05:00:00+00:00,14.6,0.0,0,0,34440.0,5.7,24.2,15.8,162,997.9,0
1,2026-09-08T09:00:00+00:00,2026-09-09T06:00:00+00:00,16.4,0.0,36,0,37980.0,7.3,22.6,20.2,171,998.2,1
1,2026-09-08T09:00:00+00:00,2026-09-09T07:00:00+00:00,18.6,0.0,8,0,40560.0,7.3,11.8,22.0,169,998.2,1
1,2026-09-08T09:00:00+00:00,2026-09-09T08:00:00+00:00,20.8,0.0,6,0,40980.0,7.1,11.2,22.7,165,998.3,0
1,2026-09-08T09:00:00+00:00,2026-09-09T09:00:00+00:00,22.8,0.0,31,0,41400.0,7.9,12.5,23.8,164,998.0,1
1,2026-09-08T09:00:00+00:00,2026-09-09T10:00:00+00:00,24.6,0.0,8,0,42100.0,9.5,17.0,27.7,191,997.3,1
1,2026-09-08T09:00:00+00:00,2026-09-09T11:00:00+00:00,25.6,0.0,22,0,43100.0,9.8,17.5,29.2,197,997.0,1
1,2026-09-08T09:00:00+00:00,2026-09-09T12:00:00+00:00,26.2,0.0,0,0,44260.0,9.7,16.6,28.8,195,996.5,0
1,2026-09-08T09:00:00+00:00,2026-09-09T13:00:00+00:00,26.3,0.0,0,0,44140.0,9.3,16.6,27.7,196,996.3,0
1,2026-09-08T09:00:00+00:00,2026-09-09T14:00:00+00:00,26.1,0.0,0,0,43960.0,8.6,15.7,26.6,195,995.9,0
1,2026-09-08T09:00:00+00:00,2026-09-09T15:00:00+00:00,25.5,0.0,0,0,43820.0,8.0,16.3,24.1,190,995.5,0
1,2026-09-08T09:00:00+00:00,2026-09-09T16:00:00+00:00,24.2,0.0,0,0,42560.0,5.4,18.4,21.6,176,995.2,0
1,2026-09-08T09:00:00+00:00,2026-09-09T17:00:00+00:00,22.7,0.0,0,0,41760.0,4.5,21.5,14.4,166,995.5,0
1,2026-09-08T09:00:00+00:00,2026-09-09T18:00:00+00:00,21.7,0.0,0,0,41420.0,4.7,24.0,11.9,171,995.5,0
1,2026-09-08T09:00:00+00:00,2026-09-09T19:00:00+00:00,21.1,0.0,0,0,41240.0,4.7,25.1,12.2,180,995.4,0
1,2026-09-08T09:00:00+00:00,2026-09-09T20:00:00+00:00,20.5,0.0,0,0,41120.0,5.0,26.1,12.6,180,995.4,0
1,2026-09-08T09:00:00+00:00,2026-09-09T21:00:00+00:00,19.9,0.0,6,0,40800.0,5.4,27.6,14.4,180,995.5,1
1,2026-09-08T09:00:00+00:00,2026-09-09T22:00:00+00:00,19.4,0.0,54,0,40540.0,6.0,30.8,16.9,197,995.6,2
1,2026-09-08T09:00:00+00:00,2026-09-09T23:00:00+00:00,19.0,0.0,3,0,38760.0,6.9,33.2,19.1,208,995.5,0
1,2026-09-08T09:00:00+00:00,2026-09-10T00:00:00+00:00,18.7,0.0,17,0,37720.0,7.4,34.1,20.5,209,995.5,1
1,2026-09-08T09:00:00+00:00,2026-09-10T01:00:00+00:00,18.1,0.0,0,0,35300.0,7.9,34.8,22.3,204,995.5,0
1,2026-09-08T09:00:00+00:00,2026-09-10T02:00:00+00:00,17.6,0.0,0,0,32480.0,7.7,34.1,22.3,208,995.5,0
1,2026-09-08T09:00:00+00:00,2026-09-10T03:00:00+00:00,17.1,0.0,0,0,30320.0,7.8,32.9,21.6,202,995.7,0
1,2026-09-08T09:00:00+00:00,2026-09-10T04:00:00+00:00,16.5,0.0,0,0,27480.0,8.1,32.8,22.0,193,995.8,0
1,2026-09-08T09:00:00+00:00,2026-09-10T05:00:00+00:00,16.9,0.0,0,0,26160.0,9.0,35.0,23.4,185,995.7,0
1,2026-09-08T09:00:00+00:00,2026-09-10T06:00:00+00:00,18.6,0.0,0,0,35020.0,11.2,24.6,30.6,186,995.6,0
1,2026-09-08T09:00:00+00:00,2026-09-10T07:00:00+00:00,20.6,0.0,0,0,39040.0,12.0,23.6,34.2,187,995.7,0
1,2026-09-08T09:00:00+00:00,2026-09-10T08:00:00+00:00,22.5,0.0,0,0,40040.0,12.6,24.1,35.6,183,995.7,0
1,2026-09-08T09:00:00+00:00,2026-09-10T09:00:00+00:00,24.5,0.0,0,0,41180.0,14.9,30.2,40.7,188,995.4,0
1,2026-09-08T09:00:00+00:00,2026-09-10T10:00:00+00:00,26.0,0.0,0,0,42260.0,15.5,31.7,42.8,185,995.0,0
1,2026-09-08T09:00:00+00:00,2026-09-10T11:00:00+00:00,27.1,0.0,0,0,43860.0,15.7,32.0,44.3,191,994.7,0
1,2026-09-08T09:00:00+00:00,2026-09-10T12:00:00+00:00,27.8,0.0,0,0,44920.0,15.5,32.1,42.8,202,994.6,0
1,2026-09-08T09:00:00+00:00,2026-09-10T13:00:00+00:00,28.1,0.0,0,0,44440.0,14.3,30.1,42.1,205,994.3,0
1,2026-09-08T09:00:00+00:00,2026-09-10T14:00:00+00:00,28.0,0.0,0,0,43960.0,13.5,30.2,38.5,209,994.1,0
1,2026-09-08T09:00:00+00:00,2026-09-10T15:00:00+00:00,27.4,0.0,0,0,43380.0,12.1,28.9,36.7,210,994.1,0
1,2026-09-08T09:00:00+00:00,2026-09-10T16:00:00+00:00,26.1,0.0,14,0,42540.0,9.2,27.9,32.0,201,994.0,1
1,2026-09-08T09:00:00+00:00,2026-09-10T17:00:00+00:00,24.4,0.0,10,0,41720.0,7.8,32.1,23.8,202,994.3,1
1,2026-09-08T09:00:00+00:00,2026-09-10T18:00:00+00:00,22.9,0.3,96,31,40380.0,11.3,35.1,29.2,279,995.2,80
1,2026-09-08T09:00:00+00:00,2026-09-10T19:00:00+00:00,20.4,0.0,92,15,33880.0,12.3,27.4,36.0,310,995.9,3
1,2026-09-08T09:00:00+00:00,2026-09-10T20:00:00+00:00,18.9,0.0,95,67,27100.0,11.9,25.9,32.8,305,996.5,3
1,2026-09-08T09:00:00+00:00,2026-09-10T21:00:00+00:00,17.6,0.0,98,73,27140.0,13.6,29.2,36.0,307,997.4,3
1,2026-09-08T09:00:00+00:00,2026-09-10T22:00:00+00:00,16.5,0.0,100,71,29360.0,12.0,27.0,36.4,314,998.1,3
1,2026-09-08T09:00:00+00:00,2026-09-10T23:00:00+00:00,15.9,0.2,95,69,27060.0,10.8,24.3,32.0,307,998.7,61
1,2026-09-08T09:00:00+00:00,2026-09-11T00:00:00+00:00,15.4,0.0,90,60,26500.0,10.7,24.2,30.2,310,999.0,3
1,2026-09-08T09:00:00+00:00,2026-09-11T01:00:00+00:00,15.1,0.0,86,65,23600.0,9.3,21.5,28.8,306,999.3,3
1,2026-09-08T09:00:00+00:00,2026-09-11T02:00:00+00:00,14.8,0.0,91,63,20200.0,9.1,20.6,25.2,304,999.7,3
1,2026-09-08T09:00:00+00:00,2026-09-11T03:00:00+00:00,14.4,0.0,84,60,21360.0,9.0,20.0,24.1,307,1000.0,3
1,2026-09-08T09:00:00+00:00,2026-09-11T04:00:00+00:00,13.9,0.0,92,68,16040.0,7.6,18.6,23.4,301,1000.5,3
1,2026-09-08T09:00:00+00:00,2026-09-11T05:00:00+00:00,14.0,0.0,100,64,17440.0,7.9,14.5,23.4,300,1000.9,3
1,2026-09-08T09:00:00+00:00,2026-09-11T06:00:00+00:00,15.0,0.0,100,56,24040.0,8.2,13.4,22.7,299,1001.3,3
1,2026-09-08T09:00:00+00:00,2026-09-11T07:00:00+00:00,16.5,0.0,93,56,29420.0,7.9,12.2,22.0,300,1001.6,2
1,2026-09-08T09:00:00+00:00,2026-09-11T08:00:00+00:00,18.4,0.0,86,55,34780.0,7.6,11.4,21.6,301,1001.7,2
1,2026-09-08T09:00:00+00:00,2026-09-11T09:00:00+00:00,20.0,0.0,79,55,40160.0,7.3,11.3,22.0,303,1001.8,2
1,2026-09-08T09:00:00+00:00,2026-09-11T10:00:00+00:00,20.9,0.0,80,46,40680.0,7.8,12.3,24.1,304,1001.8,3
1,2026-09-08T09:00:00+00:00,2026-09-11T11:00:00+00:00,21.5,0.0,82,38,41220.0,8.9,14.4,27.4,302,1001.8,3
1,2026-09-08T09:00:00+00:00,2026-09-11T12:00:00+00:00,21.7,0.0,83,29,41740.0,9.4,15.9,29.2,302,1001.7,3
1,2026-09-08T09:00:00+00:00,2026-09-11T13:00:00+00:00,21.6,0.0,86,34,41540.0,9.5,16.4,29.5,307,1001.7,3
1,2026-09-08T09:00:00+00:00,2026-09-11T14:00:00+00:00,21.1,0.0,90,38,41360.0,9.7,16.2,28.4,315,1001.5,3
1,2026-09-08T09:00:00+00:00,2026-09-11T15:00:00+00:00,20.4,0.0,93,43,41160.0,9.2,16.6,26.6,321,1001.6,3
1,2026-09-08T09:00:00+00:00,2026-09-11T16:00:00+00:00,19.6,0.0,91,34,40500.0,8.0,17.4,23.0,324,1001.7,3
1,2026-09-08T09:00:00+00:00,2026-09-11T17:00:00+00:00,18.6,0.0,88,25,39860.0,6.5,18.3,18.0,326,1002.0,3
1,2026-09-08T09:00:00+00:00,2026-09-11T18:00:00+00:00,17.8,0.0,86,16,39200.0,5.0,18.3,14.0,330,1002.2,3
1,2026-09-08T09:00:00+00:00,2026-09-11T19:00:00+00:00,17.1,0.0,88,26,37480.0,3.8,16.6,11.5,343,1002.4,3
1,2026-09-08T09:00:00+00:00,2026-09-11T20:00:00+00:00,16.6,0.0,91,35,35740.0,3.2,14.2,9.7,360,1002.5,3
1,2026-09-08T09:00:00+00:00,2026-09-11T21:00:00+00:00,16.1,0.0,93,45,34020.0,3.1,13.1,8.6,21,1002.7,3
1,2026-09-08T09:00:00+00:00,2026-09-11T22:00:00+00:00,15.7,0.0,95,48,33060.0,2.9,12.8,7.9,30,1002.8,3
1,2026-09-08T09:00:00+00:00,2026-09-11T23:00:00+00:00,15.4,0.0,98,52,32120.0,2.9,13.0,7.2,30,1002.8,3
1,2026-09-08T09:00:00+00:00,2026-09-12T00:00:00+00:00,15.1,0.0,100,55,31160.0,2.8,12.8,7.6,40,1002.7,3
1,2026-09-08T09:00:00+00:00,2026-09-12T01:00:00+00:00,14.9,0.0,100,50,31040.0,3.6,13.1,9.0,53,1002.6,61
1,2026-09-08T09:00:00+00:00,2026-09-12T02:00:00+00:00,14.6,0.0,100,45,30940.0,4.5,14.1,10.8,61,1002.4,61
1,2026-09-08T09:00:00+00:00,2026-09-12T03:00:00+00:00,14.4,0.0,100,40,30820.0,4.7,13.8,12.2,67,1002.4,61
1,2026-09-08T09:00:00+00:00,2026-09-12T04:00:00+00:00,14.2,0.6,100,53,23920.0,3.3,11.3,13.0,77,1002.6,61
1,2026-09-08T09:00:00+00:00,2026-09-12T05:00:00+00:00,13.9,0.6,100,66,17020.0,1.5,8.7,13.0,104,1003.0,61
1,2026-09-08T09:00:00+00:00,2026-09-12T06:00:00+00:00,13.7,0.6,100,79,10120.0,1.3,7.8,13.3,146,1003.2,61
1,2026-09-08T09:00:00+00:00,2026-09-12T07:00:00+00:00,13.7,2.4,100,79,13080.0,1.9,7.1,13.7,112,1003.3,61
1,2026-09-08T09:00:00+00:00,2026-09-12T08:00:00+00:00,13.8,2.4,100,80,16060.0,3.6,6.9,14.4,90,1003.3,61
1,2026-09-08T09:00:00+00:00,2026-09-12T09:00:00+00:00,14.0,2.4,100,80,19020.0,5.1,7.8,15.1,82,1003.4,61
1,2026-09-08T09:00:00+00:00,2026-09-12T10:00:00+00:00,14.2,0.2,100,83,19480.0,5.9,9.2,16.2,76,1003.3,3
1,2026-09-08T09:00:00+00:00,2026-09-12T11:00:00+00:00,14.6,0.2,100,87,19940.0,6.3,10.7,17.6,66,1003.0,3
1,2026-09-08T09:00:00+00:00,2026-09-12T12:00:00+00:00,14.8,0.2,100,90,20400.0,6.6,11.7,18.4,61,1002.9,3
1,2026-09-08T09:00:00+00:00,2026-09-12T13:00:00+00:00,14.8,0.4,100,87,19300.0,6.2,11.7,18.4,54,1002.8,61
1,2026-09-08T09:00:00+00:00,2026-09-12T14:00:00+00:00,14.7,0.4,100,84,18180.0,5.6,11.3,18.0,45,1002.9,61
1,2026-09-08T09:00:00+00:00,2026-09-12T15:00:00+00:00,14.6,0.4,100,81,17080.0,5.4,11.5,17.3,37,1003.0,61
1,2026-09-08T09:00:00+00:00,2026-09-12T16:00:00+00:00,14.5,0.0,100,77,17820.0,5.5,13.4,16.9,32,1003.3,3
1,2026-09-08T09:00:00+00:00,2026-09-12T17:00:00+00:00,14.3,0.0,100,73,18560.0,6.0,15.9,16.2,25,1003.8,3
1,2026-09-08T09:00:00+00:00,2026-09-12T18:00:00+00:00,14.2,0.0,100,69,19300.0,5.8,17.2,15.1,22,1004.2,3
1,2026-09-08T09:00:00+00:00,2026-09-12T19:00:00+00:00,14.0,0.0,100,46,21880.0,4.6,15.6,13.3,18,1004.4,3
1,2026-09-08T09:00:00+00:00,2026-09-12T20:00:00+00:00,13.8,0.0,100,23,24440.0,3.0,12.3,11.5,14,1004.7,3
1,2026-09-08T09:00:00+00:00,2026-09-12T21:00:00+00:00,13.6,0.0,100,0,27020.0,1.8,10.7,9.7,11,1004.9,3
1,2026-09-08T09:00:00+00:00,2026-09-12T22:00:00+00:00,13.2,0.0,100,0,30750.0,2.0,10.7,7.7,358,1005.0,3
1,2026-09-08T09:00:00+00:00,2026-09-12T23:00:00+00:00,12.7,0.0,100,0,33630.0,2.6,11.5,6.1,353,1005.0,3
1,2026-09-08T09:00:00+00:00,2026-09-13T00:00:00+00:00,12.2,0.0,100,0,35620.0,3.1,12.1,5.5,351,1005.1,3
1,2026-09-08T09:00:00+00:00,2026-09-13T01:00:00+00:00,11.6,0.0,100,0,37760.0,3.3,13.1,5.8,347,1005.2,3
1,2026-09-08T09:00:00+00:00,2026-09-13T02:00:00+00:00,11.1,0.0,100,0,37760.0,3.3,14.6,6.5,347,1005.3,3
1,2026-09-08T09:00:00+00:00,2026-09-13T03:00:00+00:00,11.0,0.0,100,0,37760.0,3.3,15.2,7.6,354,1005.6,3
1,2026-09-08T09:00:00+00:00,2026-09-13T04:00:00+00:00,11.5,0.0,100,0,38780.0,3.2,14.0,8.6,360,1006.1,3
1,2026-09-08T09:00:00+00:00,2026-09-13T05:00:00+00:00,12.4,0.0,100,0,39780.0,3.7,12.3,10.1,11,1006.7,3
1,2026-09-08T09:00:00+00:00,2026-09-13T06:00:00+00:00,13.5,0.0,100,0,40800.0,4.2,10.9,11.5,20,1007.2,3
1,2026-09-08T09:00:00+00:00,2026-09-13T07:00:00+00:00,15.1,0.0,67,0,41720.0,5.0,10.0,14.0,30,1007.4,0
1,2026-09-08T09:00:00+00:00,2026-09-13T08:00:00+00:00,16.9,0.0,33,0,42640.0,5.9,9.3,16.6,38,1007.5,0
1,2026-09-08T09:00:00+00:00,2026-09-13T09:00:00+00:00,18.3,0.0,0,0,43560.0,6.4,8.8,18.4,38,1007.5,0
1,2026-09-08T09:00:00+00:00,2026-09-13T10:00:00+00:00,19.2,0.0,11,11,44960.0,6.2,7.5,18.4,36,1007.2,1
1,2026-09-08T09:00:00+00:00,2026-09-13T11:00:00+00:00,19.7,0.0,23,23,46360.0,5.3,6.7,17.6,28,1006.9,1
1,2026-09-08T09:00:00+00:00,2026-09-13T12:00:00+00:00,20.0,0.0,34,34,47760.0,5.0,6.2,16.9,21,1006.5,1
1,2026-09-08T09:00:00+00:00,2026-09-13T13:00:00+00:00,20.0,0.0,23,23,46360.0,4.8,6.2,16.6,13,1006.2,0
1,2026-09-08T09:00:00+00:00,2026-09-13T14:00:00+00:00,19.6,0.0,11,11,44960.0,5.1,7.1,15.8,4,1005.9,0
1,2026-09-08T09:00:00+00:00,2026-09-13T15:00:00+00:00,19.0,0.0,0,0,43560.0,4.7,7.4,14.4,360,1005.7,0
1,2026-09-08T09:00:00+00:00,2026-09-13T16:00:00+00:00,17.9,0.0,0,0,43560.0,3.3,7.2,10.8,6,1005.8,0
1,2026-09-08T09:00:00+00:00,2026-09-13T17:00:00+00:00,16.5,0.0,0,0,43560.0,2.3,7.4,6.1,39,1005.9,0
1,2026-09-08T09:00:00+00:00,2026-09-13T18:00:00+00:00,15.2,0.0,0,0,43560.0,1.5,7.3,2.9,76,1006.0,0
1,2026-09-08T09:00:00+00:00,2026-09-13T19:00:00+00:00,14.3,0.0,0,0,37220.0,0.0,5.9,2.5,270,1006.1,0
1,2026-09-08T09:00:00+00:00,2026-09-13T20:00:00+00:00,13.6,0.0,0,0,30880.0,2.5,3.7,3.6,270,1006.3,0
1,2026-09-08T09:00:00+00:00,2026-09-13T21:00:00+00:00,12.9,0.0,0,0,24540.0,4.0,3.2,4.7,275,1006.3,0
1,2026-09-08T09:00:00+00:00,2026-09-13T22:00:00+00:00,12.2,0.0,0,0,17140.0,4.0,5.0,5.4,280,1006.4,0
1,2026-09-08T09:00:00+00:00,2026-09-13T23:00:00+00:00,11.7,0.0,0,0,9720.0,3.5,7.8,6.1,294,1006.4,0
1,2026-09-08T09:00:00+00:00,2026-09-14T00:00:00+00:00,11.2,0.0,0,0,2320.0,3.4,9.5,6.5,302,1006.4,0
1,2026-09-08T09:00:00+00:00,2026-09-14T01:00:00+00:00,10.7,0.0,0,0,4160.0,3.4,9.2,6.1,302,1006.4,0
1,2026-09-08T09:00:00+00:00,2026-09-14T02:00:00+00:00,10.2,0.0,0,0,6020.0,3.5,8.2,5.0,294,1006.4,0
1,2026-09-08T09:00:00+00:00,2026-09-14T03:00:00+00:00,10.3,0.0,0,0,7860.0,3.4,7.2,4.7,288,1006.5,0
1,2026-09-08T09:00:00+00:00,2026-09-14T04:00:00+00:00,11.2,0.0,0,0,9700.0,2.7,6.8,4.7,293,1006.7,0
1,2026-09-08T09:00:00+00:00,2026-09-14T05:00:00+00:00,12.6,0.0,0,0,11560.0,2.3,6.5,5.4,309,1007.1,0
1,2026-09-08T09:00:00+00:00,2026-09-14T06:00:00+00:00,14.1,0.0,0,0,13400.0,1.8,5.8,6.1,323,1007.4,0
1,2026-09-08T09:00:00+00:00,2026-09-14T07:00:00+00:00,16.0,0.0,7,7,16860.0,1.5,4.7,7.2,346,1007.6,1
1,2026-09-08T09:00:00+00:00,2026-09-14T08:00:00+00:00,18.0,0.0,15,15,20320.0,1.8,3.3,9.0,360,1007.7,1
1,2026-09-08T09:00:00+00:00,2026-09-14T09:00:00+00:00,19.7,0.0,22,22,23780.0,1.8,2.1,10.1,360,1007.6,1
1,2026-09-08T09:00:00+00:00,2026-09-14T10:00:00+00:00,20.7,0.0,25,22,27240.0,1.9,2.1,10.4,338,1007.3,1
1,2026-09-08T09:00:00+00:00,2026-09-14T11:00:00+00:00,21.2,0.0,29,22,30700.0,2.6,3.0,10.8,304,1006.9,1
1,2026-09-08T09:00:00+00:00,2026-09-14T12:00:00+00:00,21.5,0.0,32,22,34160.0,3.2,3.9,10.8,297,1006.4,1
1,2026-09-08T09:00:00+00:00,2026-09-14T13:00:00+00:00,21.5,0.0,30,19,32440.0,3.4,4.6,11.5,302,1006.0,1
1,2026-09-08T09:00:00+00:00,2026-09-14T14:00:00+00:00,21.3,0.0,27,15,30740.0,3.6,5.0,12.2,315,1005.7,1
1,2026-09-08T09:00:00+00:00,2026-09-14T15:00:00+00:00,20.6,0.0,25,12,29020.0,3.3,5.2,11.9,319,1005.4,1
1,2026-09-08T09:00:00+00:00,2026-09-14T16:00:00+00:00,19.4,0.0,21,8,27300.0,2.3,4.7,8.6,309,1005.4,1
1,2026-09-08T09:00:00+00:00,2026-09-14T17:00:00+00:00,17.7,0.0,17,4,25600.0,1.1,3.7,4.7,270,1005.5,1
1,2026-09-08T09:00:00+00:00,2026-09-14T18:00:00+00:00,16.3,0.0,13,0,23880.0,1.5,3.7,1.8,225,1005.6,1
1,2026-09-08T09:00:00+00:00,2026-09-14T19:00:00+00:00,15.4,0.0,26,16,20420.0,1.9,5.8,2.5,248,1005.6,2
1,2026-09-08T09:00:00+00:00,2026-09-14T20:00:00+00:00,14.7,0.0,40,31,16940.0,2.9,9.0,4.7,277,1005.7,2
1,2026-09-08T09:00:00+00:00,2026-09-14T21:00:00+00:00,14.1,0.0,53,47,13480.0,3.8,10.7,6.1,287,1005.7,2
1,2026-09-08T09:00:00+00:00,2026-09-14T22:00:00+00:00,13.5,0.0,35,31,10000.0,3.8,9.5,6.1,287,1005.7,0
1,2026-09-08T09:00:00+00:00,2026-09-14T23:00:00+00:00,13.0,0.0,18,16,6540.0,3.7,7.2,5.8,281,1005.6,0
1,2026-09-08T10:00:00+00:00,2026-09-08T00:00:00+00:00,11.5,0.0,0,0,29260.0,4.3,19.5,12.2,275,1005.2,0
1,2026-09-08T10:00:00+00:00,2026-09-08T01:00:00+00:00,11.3,0.0,0,0,28680.0,4.3,18.9,13.0,265,1004.9,0
1,2026-09-08T10:00:00+00:00,2026-09-08T02:00:00+00:00,10.9,0.0,2,0,26760.0,3.7,17.7,12.2,259,1004.4,0
1,2026-09-08T10:00:00+00:00,2026-09-08T03:00:00+00:00,10.1,0.0,7,0,23020.0,3.3,15.3,11.2,257,1004.6,1
1,2026-09-08T10:00:00+00:00,2026-09-08T04:00:00+00:00,9.9,0.0,1,1,19040.0,3.4,14.1,10.1,252,1004.4,0
1,2026-09-08T10:00:00+00:00,2026-09-08T05:00:00+00:00,11.3,0.0,38,0,25640.0,3.0,13.4,10.1,256,1004.5,1
1,2026-09-08T10:00:00+00:00,2026-09-08T06:00:00+00:00,13.4,0.0,100,0,32120.0,4.7,13.3,13.7,266,1004.7,3
1,2026-09-08T10:00:00+00:00,2026-09-08T07:00:00+00:00,15.3,0.0,100,0,36820.0,4.7,6.4,16.2,266,1004.8,3
1,2026-09-08T10:00:00+00:00,2026-09-08T08:00:00+00:00,17.2,0.0,84,1,39560.0,5.4,8.1,16.9,262,1004.1,2
1,2026-09-08T10:00:00+00:00,2026-09-08T09:00:00+00:00,18.7,0.0,47,41,40720.0,6.5,10.3,20.9,267,1003.9,2
1,2026-09-08T10:00:00+00:00,2026-09-08T10:00:00+00:00,19.6,0.0,61,60,41120.0,6.8,10.6,21.6,267,1002.7,2
1,2026-09-08T10:00:00+00:00,2026-09-08T11:00:00+00:00,20.0,0.0,82,58,41160.0,6.9,10.3,21.6,264,1002.1,3
1,2026-09-08T10:00:00+00:00,2026-09-08T12:00:00+00:00,20.3,0.0,54,53,41260.0,6.3,9.4,21.6,257,1001.2,2
1,2026-09-08T10:00:00+00:00,2026-09-08T13:00:00+00:00,20.5,0.0,58,55,41220.0,5.6,8.7,19.8,255,1000.9,2
1,2026-09-08T10:00:00+00:00,2026-09-08T14:00:00+00:00,20.4,0.0,53,53,41200.0,5.2,8.0,18.0,258,1000.5,2
1,2026-09-08T10:00:00+00:00,2026-09-08T15:00:00+00:00,20.2,0.0,54,43,41540.0,4.5,7.4,16.2,256,1000.1,2
1,2026-09-08T10:00:00+00:00,2026-09-08T16:00:00+00:00,19.6,0.0,62,27,41420.0,2.6,5.6,13.7,254,999.6,2
1,2026-09-08T10:00:00+00:00,2026-09-08T17:00:00+00:00,18.6,0.0,8,7,41000.0,1.1,3.6,6.5,180,999.6,0
1,2026-09-08T10:00:00+00:00,2026-09-08T18:00:00+00:00,17.8,0.0,34,8,40640.0,2.4,5.0,4.7,153,999.4,1
1,2026-09-08T10:00:00+00:00,2026-09-08T19:00:00+00:00,16.9,0.0,46,0,39660.0,3.5,10.3,8.3,156,999.1,2
1,2026-09-08T10:00:00+00:00,2026-09-08T20:00:00+00:00,16.2,0.0,25,0,38640.0,3.5,15.7,8.3,156,999.1,1
1,2026-09-08T10:00:00+00:00,2026-09-08T21:00:00+00:00,15.7,0.0,26,0,38140.0,3.9,17.6,9.0,158,999.1,1
1,2026-09-08T10:00:00+00:00,2026-09-08T22:00:00+00:00,15.1,0.0,79,0,37180.0,4.2,19.7,10.1,160,998.6,3
1,2026-09-08T10:00:00+00:00,2026-09-08T23:00:00+00:00,14.8,0.0,89,0,36500.0,4.0,21.2,10.4,170,998.3,3
1,2026-09-08T10:00:00+00:00,2026-09-09T00:00:00+00:00,14.5,0.0,25,0,36060.0,3.8,19.8,10.4,163,998.5,1
1,2026-09-08T10:00:00+00:00,2026-09-09T01:00:00+00:00,14.2,0.0,20,0,36420.0,4.1,20.5,10.1,165,998.6,1
1,2026-09-08T10:00:00+00:00,2026-09-09T02:00:00+00:00,14.1,0.0,37,0,37040.0,4.4,22.2,11.2,171,998.3,1
1,2026-09-08T10:00:00+00:00,2026-09-09T03:00:00+00:00,13.9,0.0,87,0,37280.0,4.7,22.6,11.9,157,997.9,3
1,2026-09-08T10:00:00+00:00,2026-09-09T04:00:00+00:00,13.7,0.0,75,0,32900.0,5.0,23.4,13.7,159,997.7,2
1,2026-09-08T10:00:00+00:00,2026-09-09T05:00:00+00:00,14.6,0.0,71,0,31880.0,5.6,23.7,15.8,165,997.8,2
1,2026-09-08T10:00:00+00:00,2026-09-09T06:00:00+00:00,16.4,0.0,16,0,36300.0,7.0,20.8,19.1,168,998.2,1
1,2026-09-08T10:00:00+00:00,2026-09-09T07:00:00+00:00,18.5,0.0,100,0,40200.0,6.9,11.6,21.2,174,998.2,3
1,2026-09-08T10:00:00+00:00,2026-09-09T08:00:00+00:00,20.8,0.0,91,0,40800.0,7.3,11.3,22.0,171,998.2,3
1,2026-09-08T10:00:00+00:00,2026-09-09T09:00:00+00:00,22.4,0.0,100,0,41260.0,8.0,13.4,23.4,172,997.8,3
1,2026-09-08T10:00:00+00:00,2026-09-09T10:00:00+00:00,23.6,0.0,100,0,41720.0,9.4,16.2,26.3,178,997.5,3
1,2026-09-08T10:00:00+00:00,2026-09-09T11:00:00+00:00,24.9,0.0,100,0,42440.0,10.5,18.5,29.5,184,997.0,3
1,2026-09-08T10:00:00+00:00,2026-09-09T12:00:00+00:00,25.5,0.0,99,0,43000.0,9.9,18.4,29.9,190,996.6,3
1,2026-09-08T10:00:00+00:00,2026-09-09T13:00:00+00:00,25.6,0.0,83,0,42980.0,9.1,17.6,28.1,189,996.3,3
1,2026-09-08T10:00:00+00:00,2026-09-09T14:00:00+00:00,25.8,0.0,2,0,43500.0,9.1,17.2,25.6,189,995.9,0
1,2026-09-08T10:00:00+00:00,2026-09-09T15:00:00+00:00,25.4,0.0,1,0,43620.0,8.0,17.2,24.8,188,995.6,0
1,2026-09-08T10:00:00+00:00,2026-09-09T16:00:00+00:00,24.0,0.0,0,0,42240.0,4.7,17.6,21.2,171,995.2,0
1,2026-09-08T10:00:00+00:00,2026-09-09T17:00:00+00:00,22.4,0.0,0,0,41380.0,4.0,19.4,13.0,170,995.4,0
1,2026-09-08T10:00:00+00:00,2026-09-09T18:00:00+00:00,21.4,0.0,0,0,41020.0,4.4,21.2,10.4,171,995.6,0
1,2026-09-08T10:00:00+00:00,2026-09-09T19:00:00+00:00,20.7,0.0,0,0,40860.0,5.1,24.8,13.0,176,995.4,0
1,2026-09-08T10:00:00+00:00,2026-09-09T20:00:00+00:00,20.1,0.0,1,0,40920.0,5.8,29.5,15.5,184,995.5,0
1,2026-09-08T10:00:00+00:00,2026-09-09T21:00:00+00:00,19.8,0.0,13,0,40860.0,6.8,32.5,18.4,198,995.6,1
1,2026-09-08T10:00:00+00:00,2026-09-09T22:00:00+00:00,19.4,0.0,0,0,40680.0,6.6,33.3,19.1,202,995.6,0
1,2026-09-08T10:00:00+00:00,2026-09-09T23:00:00+00:00,18.9,0.0,0,0,40500.0,6.6,32.5,18.4,209,995.6,0
1,2026-09-08T10:00:00+00:00,2026-09-10T00:00:00+00:00,18.5,0.0,8,0,40420.0,6.8,31.7,18.7,205,995.5,1
1,2026-09-08T10:00:00+00:00,2026-09-10T01:00:00+00:00,17.8,0.0,7,0,37840.0,7.3,32.7,20.5,200,995.5,1
1,2026-09-08T10:00:00+00:00,2026-09-10T02:00:00+00:00,17.2,0.0,37,0,32560.0,7.6,33.2,21.2,199,995.5,1
1,2026-09-08T10:00:00+00:00,2026-09-10T03:00:00+00:00,16.6,0.0,3,0,29680.0,8.0,33.1,22.0,198,995.6,0
1,2026-09-08T10:00:00+00:00,2026-09-10T04:00:00+00:00,16.0,0.0,0,0,26860.0,8.0,33.1,22.3,190,995.5,0
1,2026-09-08T10:00:00+00:00,2026-09-10T05:00:00+00:00,16.4,0.0,0,0,25540.0,9.4,36.4,25.2,184,995.7,0
1,2026-09-08T10:00:00+00:00,2026-09-10T06:00:00+00:00,18.1,0.0,0,0,33740.0,11.2,24.5,31.3,182,995.7,0
1,2026-09-08T10:00:00+00:00,2026-09-10T07:00:00+00:00,20.1,0.0,0,0,38360.0,11.9,23.4,34.6,183,995.7,0
1,2026-09-08T10:00:00+00:00,2026-09-10T08:00:00+00:00,22.1,0.0,0,0,39860.0,13.0,24.7,36.4,180,995.6,0
1,2026-09-08T10:00:00+00:00,2026-09-10T09:00:00+00:00,24.1,0.0,0,0,41000.0,14.8,29.0,40.0,181,995.3,0
1,2026-09-08T10:00:00+00:00,2026-09-10T10:00:00+00:00,25.6,0.0,0,0,41920.0,16.3,33.6,44.6,188,995.0,0
1,2026-09-08T10:00:00+00:00,2026-09-10T11:00:00+00:00,26.7,0.0,0,0,42560.0,15.9,32.9,45.0,198,994.9,0
1,2026-09-08T10:00:00+00:00,2026-09-10T12:00:00+00:00,27.5,0.0,0,0,43140.0,15.3,31.7,43.6,204,994.7,0
1,2026-09-08T10:00:00+00:00,2026-09-10T13:00:00+00:00,27.8,0.0,0,0,42940.0,14.4,30.4,41.8,212,994.5,0
1,2026-09-08T10:00:00+00:00,2026-09-10T14:00:00+00:00,27.7,0.0,0,0,42820.0,13.4,29.5,39.2,211,994.5,0
1,2026-09-08T10:00:00+00:00,2026-09-10T15:00:00+00:00,27.2,0.0,100,0,42680.0,11.5,28.2,36.4,219,994.6,3
1,2026-09-08T10:00:00+00:00,2026-09-10T16:00:00+00:00,26.0,0.0,96,0,42000.0,8.2,25.5,30.6,209,994.5,3
1,2026-09-08T10:00:00+00:00,2026-09-10T17:00:00+00:00,24.6,0.0,100,41,41340.0,6.5,26.9,20.2,214,994.7,3
1,2026-09-08T10:00:00+00:00,2026-09-10T18:00:00+00:00,21.3,0.1,99,23,35400.0,17.2,36.8,48.2,299,996.2,3
1,2026-09-08T10:00:00+00:00,2026-09-10T19:00:00+00:00,19.7,0.1,96,52,27640.0,12.1,28.0,45.0,307,996.6,61
1,2026-09-08T10:00:00+00:00,2026-09-10T20:00:00+00:00,18.5,0.0,100,65,28300.0,12.6,27.3,33.5,307,997.3,3
1,2026-09-08T10:00:00+00:00,2026-09-10T21:00:00+00:00,17.3,0.3,100,76,27700.0,11.8,27.0,32.8,310,998.0,61
1,2026-09-08T10:00:00+00:00,2026-09-10T22:00:00+00:00,16.8,0.0,97,67,28860.0,9.2,22.0,31.3,309,998.2,3
1,2026-09-08T10:00:00+00:00,2026-09-10T23:00:00+00:00,16.4,0.0,99,60,28260.0,8.7,20.3,23.8,300,998.6,3
1,2026-09-08T10:00:00+00:00,2026-09-11T00:00:00+00:00,16.0,0.0,94,33,26460.0,8.4,20.1,24.1,295,999.0,3
1,2026-09-08T10:00:00+00:00,2026-09-11T01:00:00+00:00,15.7,0.0,100,33,24860.0,7.2,18.6,22.3,288,999.2,3
1,2026-09-08T10:00:00+00:00,2026-09-11T02:00:00+00:00,15.2,0.0,100,35,22320.0,7.1,21.2,19.1,285,999.5,3
1,2026-09-08T10:00:00+00:00,2026-09-11T03:00:00+00:00,14.6,0.0,99,33,22680.0,6.8,22.4,18.7,288,999.7,3
1,2026-09-08T10:00:00+00:00,2026-09-11T04:00:00+00:00,14.1,0.0,98,31,20720.0,6.6,23.0,17.6,283,1000.1,3
1,2026-09-08T10:00:00+00:00,2026-09-11T05:00:00+00:00,14.4,0.0,96,41,23320.0,9.1,21.8,23.8,288,1000.6,3
1,2026-09-08T10:00:00+00:00,2026-09-11T06:00:00+00:00,15.3,0.0,100,31,28020.0,7.9,13.9,25.9,294,1001.2,3
1,2026-09-08T10:00:00+00:00,2026-09-11T07:00:00+00:00,16.8,0.0,100,33,34060.0,8.9,15.7,25.9,302,1001.7,3
1,2026-09-08T10:00:00+00:00,2026-09-11T08:00:00+00:00,18.4,0.0,62,27,38620.0,9.0,14.8,27.4,307,1001.9,2
1,2026-09-08T10:00:00+00:00,2026-09-11T09:00:00+00:00,19.6,0.0,71,40,40800.0,10.9,18.5,32.0,297,1001.9,2
1,2026-09-08T10:00:00+00:00,2026-09-11T10:00:00+00:00,20.3,0.0,91,37,41900.0,10.5,17.2,32.0,297,1001.8,3
1,2026-09-08T10:00:00+00:00,2026-09-11T11:00:00+00:00,20.6,0.0,76,54,41920.0,10.5,16.9,31.0,297,1001.7,2
1,2026-09-08T10:00:00+00:00,2026-09-11T12:00:00+00:00,20.7,0.0,74,51,42080.0,9.4,14.9,30.6,302,1001.4,2
1,2026-09-08T10:00:00+00:00,2026-09-11T13:00:00+00:00,20.5,0.0,79,49,42020.0,9.1,14.6,29.2,304,1001.5,3
1,2026-09-08T10:00:00+00:00,2026-09-11T14:00:00+00:00,20.1,0.0,83,48,41940.0,8.9,14.6,27.0,302,1001.8,3
1,2026-09-08T10:00:00+00:00,2026-09-11T15:00:00+00:00,19.6,0.0,88,46,41880.0,8.1,14.7,24.1,302,1001.9,3
1,2026-09-08T10:00:00+00:00,2026-09-11T16:00:00+00:00,18.9,0.0,90,34,41520.0,6.5,14.5,19.8,304,1002.0,3
1,2026-09-08T10:00:00+00:00,2026-09-11T17:00:00+00:00,18.1,0.0,93,23,41140.0,4.6,14.6,14.8,309,1002.0,3
1,2026-09-08T10:00:00+00:00,2026-09-11T18:00:00+00:00,17.3,0.0,95,11,40780.0,3.6,15.3,11.2,315,1002.2,3
1,2026-09-08T10:00:00+00:00,2026-09-11T19:00:00+00:00,16.6,0.0,90,8,40480.0,3.3,16.3,10.4,319,1002.5,2
1,2026-09-08T10:00:00+00:00,2026-09-11T20:00:00+00:00,16.0,0.0,85,4,40160.0,3.8,17.3,10.8,319,1003.0,2
1,2026-09-08T10:00:00+00:00,2026-09-11T21:00:00+00:00,15.5,0.0,80,1,39860.0,4.1,17.3,11.2,322,1003.3,2
1,2026-09-08T10:00:00+00:00,2026-09-11T22:00:00+00:00,14.9,0.0,86,1,39320.0,3.8,16.1,10.4,319,1003.3,3
1,2026-09-08T10:00:00+00:00,2026-09-11T23:00:00+00:00,14.3,0.0,92,2,38800.0,3.3,14.1,9.0,319,1003.3,3
1,2026-09-08T10:00:00+00:00,2026-09-12T00:00:00+00:00,13.9,0.0,98,2,38260.0,2.8,12.2,7.6,320,1003.3,3
1,2026-09-08T10:00:00+00:00,2026-09-12T01:00:00+00:00,13.6,0.0,97,1,37620.0,2.3,10.0,5.8,321,1003.2,3
1,2026-09-08T10:00:00+00:00,2026-09-12T02:00:00+00:00,13.4,0.0,96,1,36960.0,1.5,7.7,3.6,315,1003.3,3
1,2026-09-08T10:00:00+00:00,2026-09-12T03:00:00+00:00,13.4,0.0,95,0,36320.0,1.0,6.0,2.5,315,1003.4,3
1,2026-09-08T10:00:00+00:00,2026-09-12T04:00:00+00:00,13.6,0.0,97,13,35980.0,0.4,5.5,2.9,360,1003.6,3
1,2026-09-08T10:00:00+00:00,2026-09-12T05:00:00+00:00,13.9,0.0,98,26,35660.0,0.7,5.4,4.3,90,1003.8,3
1,2026-09-08T10:00:00+00:00,2026-09-12T06:00:00+00:00,14.4,0.0,100,39,35320.0,1.4,5.7,5.8,90,1004.0,3
1,2026-09-08T10:00:00+00:00,2026-09-12T07:00:00+00:00,15.1,0.0,98,38,36720.0,2.2,5.3,7.6,90,1004.0,3
1,2026-09-08T10:00:00+00:00,2026-09-12T08:00:00+00:00,16.0,0.0,97,37,38140.0,2.5,4.6,9.4,90,1004.1,3
1,2026-09-08T10:00:00+00:00,2026-09-12T09:00:00+00:00,16.5,0.0,95,36,39540.0,2.9,3.9,11.2,83,1004.0,3
1,2026-09-08T10:00:00+00:00,2026-09-12T10:00:00+00:00,16.2,1.1,97,37,30320.0,3.1,4.7,13.0,54,1003.8,61
1,2026-09-08T10:00:00+00:00,2026-09-12T11:00:00+00:00,15.5,1.1,98,37,21120.0,4.5,7.6,15.1,29,1003.5,61
1,2026-09-08T10:00:00+00:00,2026-09-12T12:00:00+00:00,14.8,1.1,100,38,11900.0,5.2,9.5,16.2,16,1003.3,61
1,2026-09-08T10:00:00+00:00,2026-09-12T13:00:00+00:00,14.3,0.9,100,50,13020.0,5.1,9.4,16.2,8,1003.4,61
1,2026-09-08T10:00:00+00:00,2026-09-12T14:00:00+00:00,13.8,0.9,100,61,14120.0,4.0,8.1,15.5,355,1003.5,61
1,2026-09-08T10:00:00+00:00,2026-09-12T15:00:00+00:00,13.3,0.9,100,73,15240.0,3.3,7.6,14.4,347,1003.6,61
1,2026-09-08T10:00:00+00:00,2026-09-12T16:00:00+00:00,13.0,0.8,100,65,19140.0,2.9,8.8,12.6,353,1003.6,61
1,2026-09-08T10:00:00+00:00,2026-09-12T17:00:00+00:00,12.8,0.8,100,57,23040.0,3.0,11.2,10.4,14,1003.5,61
1,2026-09-08T10:00:00+00:00,2026-09-12T18:00:00+00:00,12.7,0.8,100,49,26940.0,2.7,13.1,8.6,23,1003.5,61
1,2026-09-08T10:00:00+00:00,2026-09-12T19:00:00+00:00,12.8,0.0,100,52,26180.0,1.9,13.1,7.9,22,1003.6,3
1,2026-09-08T10:00:00+00:00,2026-09-12T20:00:00+00:00,13.1,0.0,100,54,25440.0,0.8,12.0,7.9,333,1003.8,3
1,2026-09-08T10:00:00+00:00,2026-09-12T21:00:00+00:00,13.3,0.0,100,57,24680.0,1.1,11.1,7.6,270,1003.9,3
1,2026-09-08T10:00:00+00:00,2026-09-12T22:00:00+00:00,13.3,0.0,100,54,21600.0,1.1,10.4,6.8,288,1003.9,3
1,2026-09-08T10:00:00+00:00,2026-09-12T23:00:00+00:00,13.3,0.0,100,50,18500.0,1.6,10.2,6.5,333,1003.9,3
1,2026-09-08T10:00:00+00:00,2026-09-13T00:00:00+00:00,13.3,0.0,100,47,15420.0,2.2,10.6,6.5,351,1003.9,3
1,2026-09-08T10:00:00+00:00,2026-09-13T01:00:00+00:00,13.3,0.0,100,38,18620.0,2.9,12.1,7.9,7,1003.9,3
1,2026-09-08T10:00:00+00:00,2026-09-13T02:00:00+00:00,13.1,0.0,100,28,21820.0,3.7,14.4,10.4,11,1004.0,3
1,2026-09-08T10:00:00+00:00,2026-09-13T03:00:00+00:00,13.1,0.0,100,19,25020.0,4.2,15.6,12.2,20,1004.1,3
1,2026-09-08T10:00:00+00:00,2026-09-13T04:00:00+00:00,13.1,0.0,100,10,30335.0,4.6,14.8,12.6,25,1004.5,3
1,2026-09-08T10:00:00+00:00,2026-09-13T05:00:00+00:00,13.4,0.0,100,3,34890.0,5.0,13.0,13.7,30,1005.0,3
1,2026-09-08T10:00:00+00:00,2026-09-13T06:00:00+00:00,13.6,0.0,100,0,38725.0,5.5,11.8,14.9,33,1005.4,3
1,2026-09-08T10:00:00+00:00,2026-09-13T07:00:00+00:00,15.1,0.0,67,0,41720.0,5.0,10.0,14.0,30,1007.4,0
1,2026-09-08T10:00:00+00:00,2026-09-13T08:00:00+00:00,16.9,0.0,33,0,42640.0,5.9,9.3,16.6,38,1007.5,0
1,2026-09-08T10:00:00+00:00,2026-09-13T09:00:00+00:00,18.3,0.0,0,0,43560.0,6.4,8.8,18.4,38,1007.5,0
1,2026-09-08T10:00:00+00:00,2026-09-13T10:00:00+00:00,19.2,0.0,11,11,44960.0,6.2,7.5,18.4,36,1007.2,1
1,2026-09-08T10:00:00+00:00,2026-09-13T11:00:00+00:00,19.7,0.0,23,23,46360.0,5.3,6.7,17.6,28,1006.9,1
1,2026-09-08T10:00:00+00:00,2026-09-13T12:00:00+00:00,20.0,0.0,34,34,47760.0,5.0,6.2,16.9,21,1006.5,1
1,2026-09-08T10:00:00+00:00,2026-09-13T13:00:00+00:00,20.0,0.0,23,23,46360.0,4.8,6.2,16.6,13,1006.2,0
1,2026-09-08T10:00:00+00:00,2026-09-13T14:00:00+00:00,19.6,0.0,11,11,44960.0,5.1,7.1,15.8,4,1005.9,0
1,2026-09-08T10:00:00+00:00,2026-09-13T15:00:00+00:00,19.0,0.0,0,0,43560.0,4.7,7.4,14.4,360,1005.7,0
1,2026-09-08T10:00:00+00:00,2026-09-13T16:00:00+00:00,17.9,0.0,0,0,43560.0,3.3,7.2,10.8,6,1005.8,0
1,2026-09-08T10:00:00+00:00,2026-09-13T17:00:00+00:00,16.5,0.0,0,0,43560.0,2.3,7.4,6.1,39,1005.9,0
1,2026-09-08T10:00:00+00:00,2026-09-13T18:00:00+00:00,15.2,0.0,0,0,43560.0,1.5,7.3,2.9,76,1006.0,0
1,2026-09-08T10:00:00+00:00,2026-09-13T19:00:00+00:00,14.3,0.0,0,0,37220.0,0.0,5.9,2.5,270,1006.1,0
1,2026-09-08T10:00:00+00:00,2026-09-13T20:00:00+00:00,13.6,0.0,0,0,30880.0,2.5,3.7,3.6,270,1006.3,0
1,2026-09-08T10:00:00+00:00,2026-09-13T21:00:00+00:00,12.9,0.0,0,0,24540.0,4.0,3.2,4.7,275,1006.3,0
1,2026-09-08T10:00:00+00:00,2026-09-13T22:00:00+00:00,12.2,0.0,0,0,17140.0,4.0,5.0,5.4,280,1006.4,0
1,2026-09-08T10:00:00+00:00,2026-09-13T23:00:00+00:00,11.7,0.0,0,0,9720.0,3.5,7.8,6.1,294,1006.4,0
1,2026-09-08T10:00:00+00:00,2026-09-14T00:00:00+00:00,11.2,0.0,0,0,2320.0,3.4,9.5,6.5,302,1006.4,0
1,2026-09-08T10:00:00+00:00,2026-09-14T01:00:00+00:00,10.7,0.0,0,0,4160.0,3.4,9.2,6.1,302,1006.4,0
1,2026-09-08T10:00:00+00:00,2026-09-14T02:00:00+00:00,10.2,0.0,0,0,6020.0,3.5,8.2,5.0,294,1006.4,0
1,2026-09-08T10:00:00+00:00,2026-09-14T03:00:00+00:00,10.3,0.0,0,0,7860.0,3.4,7.2,4.7,288,1006.5,0
1,2026-09-08T10:00:00+00:00,2026-09-14T04:00:00+00:00,11.2,0.0,0,0,9700.0,2.7,6.8,4.7,293,1006.7,0
1,2026-09-08T10:00:00+00:00,2026-09-14T05:00:00+00:00,12.6,0.0,0,0,11560.0,2.3,6.5,5.4,309,1007.1,0
1,2026-09-08T10:00:00+00:00,2026-09-14T06:00:00+00:00,14.1,0.0,0,0,13400.0,1.8,5.8,6.1,323,1007.4,0
1,2026-09-08T10:00:00+00:00,2026-09-14T07:00:00+00:00,16.0,0.0,7,7,16860.0,1.5,4.7,7.2,346,1007.6,1
1,2026-09-08T10:00:00+00:00,2026-09-14T08:00:00+00:00,18.0,0.0,15,15,20320.0,1.8,3.3,9.0,360,1007.7,1
1,2026-09-08T10:00:00+00:00,2026-09-14T09:00:00+00:00,19.7,0.0,22,22,23780.0,1.8,2.1,10.1,360,1007.6,1
1,2026-09-08T10:00:00+00:00,2026-09-14T10:00:00+00:00,20.7,0.0,25,22,27240.0,1.9,2.1,10.4,338,1007.3,1
1,2026-09-08T10:00:00+00:00,2026-09-14T11:00:00+00:00,21.2,0.0,29,22,30700.0,2.6,3.0,10.8,304,1006.9,1
1,2026-09-08T10:00:00+00:00,2026-09-14T12:00:00+00:00,21.5,0.0,32,22,34160.0,3.2,3.9,10.8,297,1006.4,1
1,2026-09-08T10:00:00+00:00,2026-09-14T13:00:00+00:00,21.5,0.0,30,19,32440.0,3.4,4.6,11.5,302,1006.0,1
1,2026-09-08T10:00:00+00:00,2026-09-14T14:00:00+00:00,21.3,0.0,27,15,30740.0,3.6,5.0,12.2,315,1005.7,1
1,2026-09-08T10:00:00+00:00,2026-09-14T15:00:00+00:00,20.6,0.0,25,12,29020.0,3.3,5.2,11.9,319,1005.4,1
1,2026-09-08T10:00:00+00:00,2026-09-14T16:00:00+00:00,19.4,0.0,21,8,27300.0,2.3,4.7,8.6,309,1005.4,1
1,2026-09-08T10:00:00+00:00,2026-09-14T17:00:00+00:00,17.7,0.0,17,4,25600.0,1.1,3.7,4.7,270,1005.5,1
1,2026-09-08T10:00:00+00:00,2026-09-14T18:00:00+00:00,16.3,0.0,13,0,23880.0,1.5,3.7,1.8,225,1005.6,1
1,2026-09-08T10:00:00+00:00,2026-09-14T19:00:00+00:00,15.4,0.0,26,16,20420.0,1.9,5.8,2.5,248,1005.6,2
1,2026-09-08T10:00:00+00:00,2026-09-14T20:00:00+00:00,14.7,0.0,40,31,16940.0,2.9,9.0,4.7,277,1005.7,2
1,2026-09-08T10:00:00+00:00,2026-09-14T21:00:00+00:00,14.1,0.0,53,47,13480.0,3.8,10.7,6.1,287,1005.7,2
1,2026-09-08T10:00:00+00:00,2026-09-14T22:00:00+00:00,13.5,0.0,35,31,10000.0,3.8,9.5,6.1,287,1005.7,0
1,2026-09-08T10:00:00+00:00,2026-09-14T23:00:00+00:00,13.0,0.0,18,16,6540.0,3.7,7.2,5.8,281,1005.6,0
1,2026-09-08T11:00:00+00:00,2026-09-08T00:00:00+00:00,11.5,0.0,0,0,29260.0,4.3,19.5,12.2,275,1005.2,0
1,2026-09-08T11:00:00+00:00,2026-09-08T01:00:00+00:00,11.3,0.0,0,0,28680.0,4.3,18.9,13.0,265,1004.9,0
1,2026-09-08T11:00:00+00:00,2026-09-08T02:00:00+00:00,10.9,0.0,2,0,26760.0,3.7,17.7,12.2,259,1004.4,0
1,2026-09-08T11:00:00+00:00,2026-09-08T03:00:00+00:00,10.1,0.0,7,0,23020.0,3.3,15.3,11.2,257,1004.6,1
1,2026-09-08T11:00:00+00:00,2026-09-08T04:00:00+00:00,9.9,0.0,1,1,19040.0,3.4,14.1,10.1,252,1004.4,0
1,2026-09-08T11:00:00+00:00,2026-09-08T05:00:00+00:00,11.3,0.0,38,0,25640.0,3.0,13.4,10.1,256,1004.5,1
1,2026-09-08T11:00:00+00:00,2026-09-08T06:00:00+00:00,13.4,0.0,100,0,32120.0,4.7,13.3,13.7,266,1004.7,3
1,2026-09-08T11:00:00+00:00,2026-09-08T07:00:00+00:00,15.3,0.0,100,0,36820.0,4.7,6.4,16.2,266,1004.8,3
1,2026-09-08T11:00:00+00:00,2026-09-08T08:00:00+00:00,17.2,0.0,84,1,39560.0,5.4,8.1,16.9,262,1004.1,2
1,2026-09-08T11:00:00+00:00,2026-09-08T09:00:00+00:00,18.7,0.0,47,41,40720.0,6.5,10.3,20.9,267,1003.9,2
1,2026-09-08T11:00:00+00:00,2026-09-08T10:00:00+00:00,19.6,0.0,61,60,41120.0,6.8,10.6,21.6,267,1002.7,2
1,2026-09-08T11:00:00+00:00,2026-09-08T11:00:00+00:00,20.0,0.0,82,58,41160.0,6.9,10.3,21.6,264,1002.1,3
1,2026-09-08T11:00:00+00:00,2026-09-08T12:00:00+00:00,20.3,0.0,54,53,41260.0,6.3,9.4,21.6,257,1001.2,2
1,2026-09-08T11:00:00+00:00,2026-09-08T13:00:00+00:00,20.5,0.0,58,55,41220.0,5.6,8.7,19.8,255,1000.9,2
1,2026-09-08T11:00:00+00:00,2026-09-08T14:00:00+00:00,20.4,0.0,53,53,41200.0,5.2,8.0,18.0,258,1000.5,2
1,2026-09-08T11:00:00+00:00,2026-09-08T15:00:00+00:00,20.2,0.0,54,43,41540.0,4.5,7.4,16.2,256,1000.1,2
1,2026-09-08T11:00:00+00:00,2026-09-08T16:00:00+00:00,19.6,0.0,62,27,41420.0,2.6,5.6,13.7,254,999.6,2
1,2026-09-08T11:00:00+00:00,2026-09-08T17:00:00+00:00,18.6,0.0,8,7,41000.0,1.1,3.6,6.5,180,999.6,0
1,2026-09-08T11:00:00+00:00,2026-09-08T18:00:00+00:00,17.8,0.0,34,8,40640.0,2.4,5.0,4.7,153,999.4,1
1,2026-09-08T11:00:00+00:00,2026-09-08T19:00:00+00:00,16.9,0.0,46,0,39660.0,3.5,10.3,8.3,156,999.1,2
1,2026-09-08T11:00:00+00:00,2026-09-08T20:00:00+00:00,16.2,0.0,25,0,38640.0,3.5,15.7,8.3,156,999.1,1
1,2026-09-08T11:00:00+00:00,2026-09-08T21:00:00+00:00,15.7,0.0,26,0,38140.0,3.9,17.6,9.0,158,999.1,1
1,2026-09-08T11:00:00+00:00,2026-09-08T22:00:00+00:00,15.1,0.0,79,0,37180.0,4.2,19.7,10.1,160,998.6,3
1,2026-09-08T11:00:00+00:00,2026-09-08T23:00:00+00:00,14.8,0.0,89,0,36500.0,4.0,21.2,10.4,170,998.3,3
1,2026-09-08T11:00:00+00:00,2026-09-09T00:00:00+00:00,14.5,0.0,25,0,36060.0,3.8,19.8,10.4,163,998.5,1
1,2026-09-08T11:00:00+00:00,2026-09-09T01:00:00+00:00,14.2,0.0,20,0,36420.0,4.1,20.5,10.1,165,998.6,1
1,2026-09-08T11:00:00+00:00,2026-09-09T02:00:00+00:00,14.1,0.0,37,0,37040.0,4.4,22.2,11.2,171,998.3,1
1,2026-09-08T11:00:00+00:00,2026-09-09T03:00:00+00:00,13.9,0.0,87,0,37280.0,4.7,22.6,11.9,157,997.9,3
1,2026-09-08T11:00:00+00:00,2026-09-09T04:00:00+00:00,13.7,0.0,75,0,32900.0,5.0,23.4,13.7,159,997.7,2
1,2026-09-08T11:00:00+00:00,2026-09-09T05:00:00+00:00,14.6,0.0,71,0,31880.0,5.6,23.7,15.8,165,997.8,2
1,2026-09-08T11:00:00+00:00,2026-09-09T06:00:00+00:00,16.4,0.0,16,0,36300.0,7.0,20.8,19.1,168,998.2,1
1,2026-09-08T11:00:00+00:00,2026-09-09T07:00:00+00:00,18.5,0.0,100,0,40200.0,6.9,11.6,21.2,174,998.2,3
1,2026-09-08T11:00:00+00:00,2026-09-09T08:00:00+00:00,20.8,0.0,91,0,40800.0,7.3,11.3,22.0,171,998.2,3
1,2026-09-08T11:00:00+00:00,2026-09-09T09:00:00+00:00,22.4,0.0,100,0,41260.0,8.0,13.4,23.4,172,997.8,3
1,2026-09-08T11:00:00+00:00,2026-09-09T10:00:00+00:00,23.6,0.0,100,0,41720.0,9.4,16.2,26.3,178,997.5,3
1,2026-09-08T11:00:00+00:00,2026-09-09T11:00:00+00:00,24.9,0.0,100,0,42440.0,10.5,18.5,29.5,184,997.0,3
1,2026-09-08T11:00:00+00:00,2026-09-09T12:00:00+00:00,25.5,0.0,99,0,43000.0,9.9,18.4,29.9,190,996.6,3
1,2026-09-08T11:00:00+00:00,2026-09-09T13:00:00+00:00,25.6,0.0,83,0,42980.0,9.1,17.6,28.1,189,996.3,3
1,2026-09-08T11:00:00+00:00,2026-09-09T14:00:00+00:00,25.8,0.0,2,0,43500.0,9.1,17.2,25.6,189,995.9,0
1,2026-09-08T11:00:00+00:00,2026-09-09T15:00:00+00:00,25.4,0.0,1,0,43620.0,8.0,17.2,24.8,188,995.6,0
1,2026-09-08T11:00:00+00:00,2026-09-09T16:00:00+00:00,24.0,0.0,0,0,42240.0,4.7,17.6,21.2,171,995.2,0
1,2026-09-08T11:00:00+00:00,2026-09-09T17:00:00+00:00,22.4,0.0,0,0,41380.0,4.0,19.4,13.0,170,995.4,0
1,2026-09-08T11:00:00+00:00,2026-09-09T18:00:00+00:00,21.4,0.0,0,0,41020.0,4.4,21.2,10.4,171,995.6,0
1,2026-09-08T11:00:00+00:00,2026-09-09T19:00:00+00:00,20.7,0.0,0,0,40860.0,5.1,24.8,13.0,176,995.4,0
1,2026-09-08T11:00:00+00:00,2026-09-09T20:00:00+00:00,20.1,0.0,1,0,40920.0,5.8,29.5,15.5,184,995.5,0
1,2026-09-08T11:00:00+00:00,2026-09-09T21:00:00+00:00,19.8,0.0,13,0,40860.0,6.8,32.5,18.4,198,995.6,1
1,2026-09-08T11:00:00+00:00,2026-09-09T22:00:00+00:00,19.4,0.0,0,0,40680.0,6.6,33.3,19.1,202,995.6,0
1,2026-09-08T11:00:00+00:00,2026-09-09T23:00:00+00:00,18.9,0.0,0,0,40500.0,6.6,32.5,18.4,209,995.6,0
1,2026-09-08T11:00:00+00:00,2026-09-10T00:00:00+00:00,18.5,0.0,8,0,40420.0,6.8,31.7,18.7,205,995.5,1
1,2026-09-08T11:00:00+00:00,2026-09-10T01:00:00+00:00,17.8,0.0,7,0,37840.0,7.3,32.7,20.5,200,995.5,1
1,2026-09-08T11:00:00+00:00,2026-09-10T02:00:00+00:00,17.2,0.0,37,0,32560.0,7.6,33.2,21.2,199,995.5,1
1,2026-09-08T11:00:00+00:00,2026-09-10T03:00:00+00:00,16.6,0.0,3,0,29680.0,8.0,33.1,22.0,198,995.6,0
1,2026-09-08T11:00:00+00:00,2026-09-10T04:00:00+00:00,16.0,0.0,0,0,26860.0,8.0,33.1,22.3,190,995.5,0
1,2026-09-08T11:00:00+00:00,2026-09-10T05:00:00+00:00,16.4,0.0,0,0,25540.0,9.4,36.4,25.2,184,995.7,0
1,2026-09-08T11:00:00+00:00,2026-09-10T06:00:00+00:00,18.1,0.0,0,0,33740.0,11.2,24.5,31.3,182,995.7,0
1,2026-09-08T11:00:00+00:00,2026-09-10T07:00:00+00:00,20.1,0.0,0,0,38360.0,11.9,23.4,34.6,183,995.7,0
1,2026-09-08T11:00:00+00:00,2026-09-10T08:00:00+00:00,22.1,0.0,0,0,39860.0,13.0,24.7,36.4,180,995.6,0
1,2026-09-08T11:00:00+00:00,2026-09-10T09:00:00+00:00,24.1,0.0,0,0,41000.0,14.8,29.0,40.0,181,995.3,0
1,2026-09-08T11:00:00+00:00,2026-09-10T10:00:00+00:00,25.6,0.0,0,0,41920.0,16.3,33.6,44.6,188,995.0,0
1,2026-09-08T11:00:00+00:00,2026-09-10T11:00:00+00:00,26.7,0.0,0,0,42560.0,15.9,32.9,45.0,198,994.9,0
1,2026-09-08T11:00:00+00:00,2026-09-10T12:00:00+00:00,27.5,0.0,0,0,43140.0,15.3,31.7,43.6,204,994.7,0
1,2026-09-08T11:00:00+00:00,2026-09-10T13:00:00+00:00,27.8,0.0,0,0,42940.0,14.4,30.4,41.8,212,994.5,0
1,2026-09-08T11:00:00+00:00,2026-09-10T14:00:00+00:00,27.7,0.0,0,0,42820.0,13.4,29.5,39.2,211,994.5,0
1,2026-09-08T11:00:00+00:00,2026-09-10T15:00:00+00:00,27.2,0.0,100,0,42680.0,11.5,28.2,36.4,219,994.6,3
1,2026-09-08T11:00:00+00:00,2026-09-10T16:00:00+00:00,26.0,0.0,96,0,42000.0,8.2,25.5,30.6,209,994.5,3
1,2026-09-08T11:00:00+00:00,2026-09-10T17:00:00+00:00,24.6,0.0,100,41,41340.0,6.5,26.9,20.2,214,994.7,3
1,2026-09-08T11:00:00+00:00,2026-09-10T18:00:00+00:00,21.3,0.1,99,23,35400.0,17.2,36.8,48.2,299,996.2,3
1,2026-09-08T11:00:00+00:00,2026-09-10T19:00:00+00:00,19.7,0.1,96,52,27640.0,12.1,28.0,45.0,307,996.6,61
1,2026-09-08T11:00:00+00:00,2026-09-10T20:00:00+00:00,18.5,0.0,100,65,28300.0,12.6,27.3,33.5,307,997.3,3
1,2026-09-08T11:00:00+00:00,2026-09-10T21:00:00+00:00,17.3,0.3,100,76,27700.0,11.8,27.0,32.8,310,998.0,61
1,2026-09-08T11:00:00+00:00,2026-09-10T22:00:00+00:00,16.8,0.0,97,67,28860.0,9.2,22.0,31.3,309,998.2,3
1,2026-09-08T11:00:00+00:00,2026-09-10T23:00:00+00:00,16.4,0.0,99,60,28260.0,8.7,20.3,23.8,300,998.6,3
1,2026-09-08T11:00:00+00:00,2026-09-11T00:00:00+00:00,16.0,0.0,94,33,26460.0,8.4,20.1,24.1,295,999.0,3
1,2026-09-08T11:00:00+00:00,2026-09-11T01:00:00+00:00,15.7,0.0,100,33,24860.0,7.2,18.6,22.3,288,999.2,3
1,2026-09-08T11:00:00+00:00,2026-09-11T02:00:00+00:00,15.2,0.0,100,35,22320.0,7.1,21.2,19.1,285,999.5,3
1,2026-09-08T11:00:00+00:00,2026-09-11T03:00:00+00:00,14.6,0.0,99,33,22680.0,6.8,22.4,18.7,288,999.7,3
1,2026-09-08T11:00:00+00:00,2026-09-11T04:00:00+00:00,14.1,0.0,98,31,20720.0,6.6,23.0,17.6,283,1000.1,3
1,2026-09-08T11:00:00+00:00,2026-09-11T05:00:00+00:00,14.4,0.0,96,41,23320.0,9.1,21.8,23.8,288,1000.6,3
1,2026-09-08T11:00:00+00:00,2026-09-11T06:00:00+00:00,15.3,0.0,100,31,28020.0,7.9,13.9,25.9,294,1001.2,3
1,2026-09-08T11:00:00+00:00,2026-09-11T07:00:00+00:00,16.8,0.0,100,33,34060.0,8.9,15.7,25.9,302,1001.7,3
1,2026-09-08T11:00:00+00:00,2026-09-11T08:00:00+00:00,18.4,0.0,62,27,38620.0,9.0,14.8,27.4,307,1001.9,2
1,2026-09-08T11:00:00+00:00,2026-09-11T09:00:00+00:00,19.6,0.0,71,40,40800.0,10.9,18.5,32.0,297,1001.9,2
1,2026-09-08T11:00:00+00:00,2026-09-11T10:00:00+00:00,20.3,0.0,91,37,41900.0,10.5,17.2,32.0,297,1001.8,3
1,2026-09-08T11:00:00+00:00,2026-09-11T11:00:00+00:00,20.6,0.0,76,54,41920.0,10.5,16.9,31.0,297,1001.7,2
1,2026-09-08T11:00:00+00:00,2026-09-11T12:00:00+00:00,20.7,0.0,74,51,42080.0,9.4,14.9,30.6,302,1001.4,2
1,2026-09-08T11:00:00+00:00,2026-09-11T13:00:00+00:00,20.5,0.0,79,49,42020.0,9.1,14.6,29.2,304,1001.5,3
1,2026-09-08T11:00:00+00:00,2026-09-11T14:00:00+00:00,20.1,0.0,83,48,41940.0,8.9,14.6,27.0,302,1001.8,3
1,2026-09-08T11:00:00+00:00,2026-09-11T15:00:00+00:00,19.6,0.0,88,46,41880.0,8.1,14.7,24.1,302,1001.9,3
1,2026-09-08T11:00:00+00:00,2026-09-11T16:00:00+00:00,18.9,0.0,90,34,41520.0,6.5,14.5,19.8,304,1002.0,3
1,2026-09-08T11:00:00+00:00,2026-09-11T17:00:00+00:00,18.1,0.0,93,23,41140.0,4.6,14.6,14.8,309,1002.0,3
1,2026-09-08T11:00:00+00:00,2026-09-11T18:00:00+00:00,17.3,0.0,95,11,40780.0,3.6,15.3,11.2,315,1002.2,3
1,2026-09-08T11:00:00+00:00,2026-09-11T19:00:00+00:00,16.6,0.0,90,8,40480.0,3.3,16.3,10.4,319,1002.5,2
1,2026-09-08T11:00:00+00:00,2026-09-11T20:00:00+00:00,16.0,0.0,85,4,40160.0,3.8,17.3,10.8,319,1003.0,2
1,2026-09-08T11:00:00+00:00,2026-09-11T21:00:00+00:00,15.5,0.0,80,1,39860.0,4.1,17.3,11.2,322,1003.3,2
1,2026-09-08T11:00:00+00:00,2026-09-11T22:00:00+00:00,14.9,0.0,86,1,39320.0,3.8,16.1,10.4,319,1003.3,3
1,2026-09-08T11:00:00+00:00,2026-09-11T23:00:00+00:00,14.3,0.0,92,2,38800.0,3.3,14.1,9.0,319,1003.3,3
1,2026-09-08T11:00:00+00:00,2026-09-12T00:00:00+00:00,13.9,0.0,98,2,38260.0,2.8,12.2,7.6,320,1003.3,3
1,2026-09-08T11:00:00+00:00,2026-09-12T01:00:00+00:00,13.6,0.0,97,1,37620.0,2.3,10.0,5.8,321,1003.2,3
1,2026-09-08T11:00:00+00:00,2026-09-12T02:00:00+00:00,13.4,0.0,96,1,36960.0,1.5,7.7,3.6,315,1003.3,3
1,2026-09-08T11:00:00+00:00,2026-09-12T03:00:00+00:00,13.4,0.0,95,0,36320.0,1.0,6.0,2.5,315,1003.4,3
1,2026-09-08T11:00:00+00:00,2026-09-12T04:00:00+00:00,13.6,0.0,97,13,35980.0,0.4,5.5,2.9,360,1003.6,3
1,2026-09-08T11:00:00+00:00,2026-09-12T05:00:00+00:00,13.9,0.0,98,26,35660.0,0.7,5.4,4.3,90,1003.8,3
1,2026-09-08T11:00:00+00:00,2026-09-12T06:00:00+00:00,14.4,0.0,100,39,35320.0,1.4,5.7,5.8,90,1004.0,3
1,2026-09-08T11:00:00+00:00,2026-09-12T07:00:00+00:00,15.1,0.0,98,38,36720.0,2.2,5.3,7.6,90,1004.0,3
1,2026-09-08T11:00:00+00:00,2026-09-12T08:00:00+00:00,16.0,0.0,97,37,38140.0,2.5,4.6,9.4,90,1004.1,3
1,2026-09-08T11:00:00+00:00,2026-09-12T09:00:00+00:00,16.5,0.0,95,36,39540.0,2.9,3.9,11.2,83,1004.0,3
1,2026-09-08T11:00:00+00:00,2026-09-12T10:00:00+00:00,16.2,1.1,97,37,30320.0,3.1,4.7,13.0,54,1003.8,61
1,2026-09-08T11:00:00+00:00,2026-09-12T11:00:00+00:00,15.5,1.1,98,37,21120.0,4.5,7.6,15.1,29,1003.5,61
1,2026-09-08T11:00:00+00:00,2026-09-12T12:00:00+00:00,14.8,1.1,100,38,11900.0,5.2,9.5,16.2,16,1003.3,61
1,2026-09-08T11:00:00+00:00,2026-09-12T13:00:00+00:00,14.3,0.9,100,50,13020.0,5.1,9.4,16.2,8,1003.4,61
1,2026-09-08T11:00:00+00:00,2026-09-12T14:00:00+00:00,13.8,0.9,100,61,14120.0,4.0,8.1,15.5,355,1003.5,61
1,2026-09-08T11:00:00+00:00,2026-09-12T15:00:00+00:00,13.3,0.9,100,73,15240.0,3.3,7.6,14.4,347,1003.6,61
1,2026-09-08T11:00:00+00:00,2026-09-12T16:00:00+00:00,13.0,0.8,100,65,19140.0,2.9,8.8,12.6,353,1003.6,61
1,2026-09-08T11:00:00+00:00,2026-09-12T17:00:00+00:00,12.8,0.8,100,57,23040.0,3.0,11.2,10.4,14,1003.5,61
1,2026-09-08T11:00:00+00:00,2026-09-12T18:00:00+00:00,12.7,0.8,100,49,26940.0,2.7,13.1,8.6,23,1003.5,61
1,2026-09-08T11:00:00+00:00,2026-09-12T19:00:00+00:00,12.8,0.0,100,52,26180.0,1.9,13.1,7.9,22,1003.6,3
1,2026-09-08T11:00:00+00:00,2026-09-12T20:00:00+00:00,13.1,0.0,100,54,25440.0,0.8,12.0,7.9,333,1003.8,3
1,2026-09-08T11:00:00+00:00,2026-09-12T21:00:00+00:00,13.3,0.0,100,57,24680.0,1.1,11.1,7.6,270,1003.9,3
1,2026-09-08T11:00:00+00:00,2026-09-12T22:00:00+00:00,13.3,0.0,100,54,21600.0,1.1,10.4,6.8,288,1003.9,3
1,2026-09-08T11:00:00+00:00,2026-09-12T23:00:00+00:00,13.3,0.0,100,50,18500.0,1.6,10.2,6.5,333,1003.9,3
1,2026-09-08T11:00:00+00:00,2026-09-13T00:00:00+00:00,13.3,0.0,100,47,15420.0,2.2,10.6,6.5,351,1003.9,3
1,2026-09-08T11:00:00+00:00,2026-09-13T01:00:00+00:00,13.3,0.0,100,38,18620.0,2.9,12.1,7.9,7,1003.9,3
1,2026-09-08T11:00:00+00:00,2026-09-13T02:00:00+00:00,13.1,0.0,100,28,21820.0,3.7,14.4,10.4,11,1004.0,3
1,2026-09-08T11:00:00+00:00,2026-09-13T03:00:00+00:00,13.1,0.0,100,19,25020.0,4.2,15.6,12.2,20,1004.1,3
1,2026-09-08T11:00:00+00:00,2026-09-13T04:00:00+00:00,13.1,0.0,100,10,30335.0,4.6,14.8,12.6,25,1004.5,3
1,2026-09-08T11:00:00+00:00,2026-09-13T05:00:00+00:00,13.4,0.0,100,3,34890.0,5.0,13.0,13.7,30,1005.0,3
1,2026-09-08T11:00:00+00:00,2026-09-13T06:00:00+00:00,13.6,0.0,100,0,38725.0,5.5,11.8,14.9,33,1005.4,3
1,2026-09-08T11:00:00+00:00,2026-09-13T07:00:00+00:00,15.1,0.0,67,0,41720.0,5.0,10.0,14.0,30,1007.4,0
1,2026-09-08T11:00:00+00:00,2026-09-13T08:00:00+00:00,16.9,0.0,33,0,42640.0,5.9,9.3,16.6,38,1007.5,0
1,2026-09-08T11:00:00+00:00,2026-09-13T09:00:00+00:00,18.3,0.0,0,0,43560.0,6.4,8.8,18.4,38,1007.5,0
1,2026-09-08T11:00:00+00:00,2026-09-13T10:00:00+00:00,19.2,0.0,11,11,44960.0,6.2,7.5,18.4,36,1007.2,1
1,2026-09-08T11:00:00+00:00,2026-09-13T11:00:00+00:00,19.7,0.0,23,23,46360.0,5.3,6.7,17.6,28,1006.9,1
1,2026-09-08T11:00:00+00:00,2026-09-13T12:00:00+00:00,20.0,0.0,34,34,47760.0,5.0,6.2,16.9,21,1006.5,1
1,2026-09-08T11:00:00+00:00,2026-09-13T13:00:00+00:00,20.0,0.0,23,23,46360.0,4.8,6.2,16.6,13,1006.2,0
1,2026-09-08T11:00:00+00:00,2026-09-13T14:00:00+00:00,19.6,0.0,11,11,44960.0,5.1,7.1,15.8,4,1005.9,0
1,2026-09-08T11:00:00+00:00,2026-09-13T15:00:00+00:00,19.0,0.0,0,0,43560.0,4.7,7.4,14.4,360,1005.7,0
1,2026-09-08T11:00:00+00:00,2026-09-13T16:00:00+00:00,17.9,0.0,0,0,43560.0,3.3,7.2,10.8,6,1005.8,0
1,2026-09-08T11:00:00+00:00,2026-09-13T17:00:00+00:00,16.5,0.0,0,0,43560.0,2.3,7.4,6.1,39,1005.9,0
1,2026-09-08T11:00:00+00:00,2026-09-13T18:00:00+00:00,15.2,0.0,0,0,43560.0,1.5,7.3,2.9,76,1006.0,0
1,2026-09-08T11:00:00+00:00,2026-09-13T19:00:00+00:00,14.3,0.0,0,0,37220.0,0.0,5.9,2.5,270,1006.1,0
1,2026-09-08T11:00:00+00:00,2026-09-13T20:00:00+00:00,13.6,0.0,0,0,30880.0,2.5,3.7,3.6,270,1006.3,0
1,2026-09-08T11:00:00+00:00,2026-09-13T21:00:00+00:00,12.9,0.0,0,0,24540.0,4.0,3.2,4.7,275,1006.3,0
1,2026-09-08T11:00:00+00:00,2026-09-13T22:00:00+00:00,12.2,0.0,0,0,17140.0,4.0,5.0,5.4,280,1006.4,0
1,2026-09-08T11:00:00+00:00,2026-09-13T23:00:00+00:00,11.7,0.0,0,0,9720.0,3.5,7.8,6.1,294,1006.4,0
1,2026-09-08T11:00:00+00:00,2026-09-14T00:00:00+00:00,11.2,0.0,0,0,2320.0,3.4,9.5,6.5,302,1006.4,0
1,2026-09-08T11:00:00+00:00,2026-09-14T01:00:00+00:00,10.7,0.0,0,0,4160.0,3.4,9.2,6.1,302,1006.4,0
1,2026-09-08T11:00:00+00:00,2026-09-14T02:00:00+00:00,10.2,0.0,0,0,6020.0,3.5,8.2,5.0,294,1006.4,0
1,2026-09-08T11:00:00+00:00,2026-09-14T03:00:00+00:00,10.3,0.0,0,0,7860.0,3.4,7.2,4.7,288,1006.5,0
1,2026-09-08T11:00:00+00:00,2026-09-14T04:00:00+00:00,11.2,0.0,0,0,9700.0,2.7,6.8,4.7,293,1006.7,0
1,2026-09-08T11:00:00+00:00,2026-09-14T05:00:00+00:00,12.6,0.0,0,0,11560.0,2.3,6.5,5.4,309,1007.1,0
1,2026-09-08T11:00:00+00:00,2026-09-14T06:00:00+00:00,14.1,0.0,0,0,13400.0,1.8,5.8,6.1,323,1007.4,0
1,2026-09-08T11:00:00+00:00,2026-09-14T07:00:00+00:00,16.0,0.0,7,7,16860.0,1.5,4.7,7.2,346,1007.6,1
1,2026-09-08T11:00:00+00:00,2026-09-14T08:00:00+00:00,18.0,0.0,15,15,20320.0,1.8,3.3,9.0,360,1007.7,1
1,2026-09-08T11:00:00+00:00,2026-09-14T09:00:00+00:00,19.7,0.0,22,22,23780.0,1.8,2.1,10.1,360,1007.6,1
1,2026-09-08T11:00:00+00:00,2026-09-14T10:00:00+00:00,20.7,0.0,25,22,27240.0,1.9,2.1,10.4,338,1007.3,1
1,2026-09-08T11:00:00+00:00,2026-09-14T11:00:00+00:00,21.2,0.0,29,22,30700.0,2.6,3.0,10.8,304,1006.9,1
1,2026-09-08T11:00:00+00:00,2026-09-14T12:00:00+00:00,21.5,0.0,32,22,34160.0,3.2,3.9,10.8,297,1006.4,1
1,2026-09-08T11:00:00+00:00,2026-09-14T13:00:00+00:00,21.5,0.0,30,19,32440.0,3.4,4.6,11.5,302,1006.0,1
1,2026-09-08T11:00:00+00:00,2026-09-14T14:00:00+00:00,21.3,0.0,27,15,30740.0,3.6,5.0,12.2,315,1005.7,1
1,2026-09-08T11:00:00+00:00,2026-09-14T15:00:00+00:00,20.6,0.0,25,12,29020.0,3.3,5.2,11.9,319,1005.4,1
1,2026-09-08T11:00:00+00:00,2026-09-14T16:00:00+00:00,19.4,0.0,21,8,27300.0,2.3,4.7,8.6,309,1005.4,1
1,2026-09-08T11:00:00+00:00,2026-09-14T17:00:00+00:00,17.7,0.0,17,4,25600.0,1.1,3.7,4.7,270,1005.5,1
1,2026-09-08T11:00:00+00:00,2026-09-14T18:00:00+00:00,16.3,0.0,13,0,23880.0,1.5,3.7,1.8,225,1005.6,1
1,2026-09-08T11:00:00+00:00,2026-09-14T19:00:00+00:00,15.4,0.0,26,16,20420.0,1.9,5.8,2.5,248,1005.6,2
1,2026-09-08T11:00:00+00:00,2026-09-14T20:00:00+00:00,14.7,0.0,40,31,16940.0,2.9,9.0,4.7,277,1005.7,2
1,2026-09-08T11:00:00+00:00,2026-09-14T21:00:00+00:00,14.1,0.0,53,47,13480.0,3.8,10.7,6.1,287,1005.7,2
1,2026-09-08T11:00:00+00:00,2026-09-14T22:00:00+00:00,13.5,0.0,35,31,10000.0,3.8,9.5,6.1,287,1005.7,0
1,2026-09-08T11:00:00+00:00,2026-09-14T23:00:00+00:00,13.0,0.0,18,16,6540.0,3.7,7.2,5.8,281,1005.6,0
1,2026-09-08T12:00:00+00:00,2026-09-08T00:00:00+00:00,11.5,0.0,0,0,29260.0,4.3,19.5,12.2,275,1005.2,0
1,2026-09-08T12:00:00+00:00,2026-09-08T01:00:00+00:00,11.3,0.0,0,0,28680.0,4.3,18.9,13.0,265,1004.9,0
1,2026-09-08T12:00:00+00:00,2026-09-08T02:00:00+00:00,10.9,0.0,2,0,26760.0,3.7,17.7,12.2,259,1004.4,0
1,2026-09-08T12:00:00+00:00,2026-09-08T03:00:00+00:00,10.1,0.0,7,0,23020.0,3.3,15.3,11.2,257,1004.6,1
1,2026-09-08T12:00:00+00:00,2026-09-08T04:00:00+00:00,9.9,0.0,1,1,19040.0,3.4,14.1,10.1,252,1004.4,0
1,2026-09-08T12:00:00+00:00,2026-09-08T05:00:00+00:00,11.3,0.0,38,0,25640.0,3.0,13.4,10.1,256,1004.5,1
1,2026-09-08T12:00:00+00:00,2026-09-08T06:00:00+00:00,13.4,0.0,100,0,32120.0,4.7,13.3,13.7,266,1004.7,3
1,2026-09-08T12:00:00+00:00,2026-09-08T07:00:00+00:00,15.3,0.0,100,0,36820.0,4.7,6.4,16.2,266,1004.8,3
1,2026-09-08T12:00:00+00:00,2026-09-08T08:00:00+00:00,17.2,0.0,84,1,39560.0,5.4,8.1,16.9,262,1004.1,2
1,2026-09-08T12:00:00+00:00,2026-09-08T09:00:00+00:00,18.7,0.0,76,55,40720.0,6.5,10.3,20.9,267,1003.5,2
1,2026-09-08T12:00:00+00:00,2026-09-08T10:00:00+00:00,19.6,0.0,79,60,41120.0,6.8,10.6,21.6,267,1002.5,2
1,2026-09-08T12:00:00+00:00,2026-09-08T11:00:00+00:00,20.0,0.0,85,56,41160.0,6.9,10.3,21.6,264,1001.8,3
1,2026-09-08T12:00:00+00:00,2026-09-08T12:00:00+00:00,20.3,0.0,69,54,41260.0,6.3,9.4,21.6,257,1001.0,2
1,2026-09-08T12:00:00+00:00,2026-09-08T13:00:00+00:00,20.5,0.0,67,50,41220.0,5.6,8.7,19.8,255,1000.7,2
1,2026-09-08T12:00:00+00:00,2026-09-08T14:00:00+00:00,20.4,0.0,58,50,41200.0,5.2,8.0,18.0,258,1000.4,2
1,2026-09-08T12:00:00+00:00,2026-09-08T15:00:00+00:00,20.2,0.0,71,43,41540.0,4.5,7.4,16.2,256,999.9,2
1,2026-09-08T12:00:00+00:00,2026-09-08T16:00:00+00:00,19.6,0.0,53,36,41420.0,2.6,5.6,13.7,254,999.5,2
1,2026-09-08T12:00:00+00:00,2026-09-08T17:00:00+00:00,18.6,0.0,14,1,41000.0,1.1,3.6,6.5,180,999.2,0
1,2026-09-08T12:00:00+00:00,2026-09-08T18:00:00+00:00,17.8,0.0,36,0,40640.0,2.4,5.0,4.7,153,999.1,1
1,2026-09-08T12:00:00+00:00,2026-09-08T19:00:00+00:00,16.9,0.0,44,0,39660.0,3.5,10.3,8.3,156,998.8,2
1,2026-09-08T12:00:00+00:00,2026-09-08T20:00:00+00:00,16.2,0.0,28,0,38640.0,3.5,15.7,8.3,156,998.8,1
1,2026-09-08T12:00:00+00:00,2026-09-08T21:00:00+00:00,15.7,0.0,56,0,38140.0,3.9,17.6,9.0,158,998.9,1
1,2026-09-08T12:00:00+00:00,2026-09-08T22:00:00+00:00,15.1,0.0,100,0,37180.0,4.2,19.7,10.1,160,998.4,3
1,2026-09-08T12:00:00+00:00,2026-09-08T23:00:00+00:00,14.8,0.0,100,0,36500.0,4.0,21.2,10.4,170,998.1,3
1,2026-09-08T12:00:00+00:00,2026-09-09T00:00:00+00:00,14.5,0.0,26,0,36060.0,3.8,19.8,10.4,163,998.2,1
1,2026-09-08T12:00:00+00:00,2026-09-09T01:00:00+00:00,14.2,0.0,54,0,36420.0,4.1,20.5,10.1,165,998.4,1
1,2026-09-08T12:00:00+00:00,2026-09-09T02:00:00+00:00,14.1,0.0,58,0,37040.0,4.4,22.2,11.2,171,998.2,1
1,2026-09-08T12:00:00+00:00,2026-09-09T03:00:00+00:00,13.9,0.0,46,0,37280.0,4.7,22.6,11.9,157,997.6,3
1,2026-09-08T12:00:00+00:00,2026-09-09T04:00:00+00:00,13.7,0.0,100,0,32900.0,5.0,23.4,13.7,159,997.4,2
1,2026-09-08T12:00:00+00:00,2026-09-09T05:00:00+00:00,14.6,0.0,43,0,31880.0,5.6,23.7,15.8,165,997.5,2
1,2026-09-08T12:00:00+00:00,2026-09-09T06:00:00+00:00,16.4,0.0,63,0,36300.0,7.0,20.8,19.1,168,997.9,1
1,2026-09-08T12:00:00+00:00,2026-09-09T07:00:00+00:00,18.5,0.0,67,0,40200.0,6.9,11.6,21.2,174,998.0,3
1,2026-09-08T12:00:00+00:00,2026-09-09T08:00:00+00:00,20.8,0.0,36,0,40800.0,7.3,11.3,22.0,171,997.9,3
1,2026-09-08T12:00:00+00:00,2026-09-09T09:00:00+00:00,22.4,0.0,93,0,41260.0,8.0,13.4,23.4,172,997.4,3
1,2026-09-08T12:00:00+00:00,2026-09-09T10:00:00+00:00,23.6,0.0,90,0,41720.0,9.4,16.2,26.3,178,997.0,3
1,2026-09-08T12:00:00+00:00,2026-09-09T11:00:00+00:00,24.9,0.0,100,0,42440.0,10.5,18.5,29.5,184,996.7,3
1,2026-09-08T12:00:00+00:00,2026-09-09T12:00:00+00:00,25.5,0.0,100,0,43000.0,9.9,18.4,29.9,190,996.3,3
1,2026-09-08T12:00:00+00:00,2026-09-09T13:00:00+00:00,25.6,0.0,67,0,42980.0,9.1,17.6,28.1,189,996.0,3
1,2026-09-08T12:00:00+00:00,2026-09-09T14:00:00+00:00,25.8,0.0,47,0,43500.0,9.1,17.2,25.6,189,995.7,0
1,2026-09-08T12:00:00+00:00,2026-09-09T15:00:00+00:00,25.4,0.0,32,0,43620.0,8.0,17.2,24.8,188,995.5,0
1,2026-09-08T12:00:00+00:00,2026-09-09T16:00:00+00:00,24.0,0.0,0,0,42240.0,4.7,17.6,21.2,171,995.2,0
1,2026-09-08T12:00:00+00:00,2026-09-09T17:00:00+00:00,22.4,0.0,0,0,41380.0,4.0,19.4,13.0,170,995.4,0
1,2026-09-08T12:00:00+00:00,2026-09-09T18:00:00+00:00,21.4,0.0,0,0,41020.0,4.4,21.2,10.4,171,995.6,0
1,2026-09-08T12:00:00+00:00,2026-09-09T19:00:00+00:00,20.7,0.0,0,0,40860.0,5.1,24.8,13.0,176,995.4,0
1,2026-09-08T12:00:00+00:00,2026-09-09T20:00:00+00:00,20.1,0.0,1,0,40920.0,5.8,29.5,15.5,184,995.5,0
1,2026-09-08T12:00:00+00:00,2026-09-09T21:00:00+00:00,19.8,0.0,13,0,40860.0,6.8,32.5,18.4,198,995.6,1
1,2026-09-08T12:00:00+00:00,2026-09-09T22:00:00+00:00,19.4,0.0,0,0,40680.0,6.6,33.3,19.1,202,995.6,0
1,2026-09-08T12:00:00+00:00,2026-09-09T23:00:00+00:00,18.9,0.0,0,0,40500.0,6.6,32.5,18.4,209,995.6,0
1,2026-09-08T12:00:00+00:00,2026-09-10T00:00:00+00:00,18.5,0.0,8,0,40420.0,6.8,31.7,18.7,205,995.5,1
1,2026-09-08T12:00:00+00:00,2026-09-10T01:00:00+00:00,17.8,0.0,7,0,37840.0,7.3,32.7,20.5,200,995.5,1
1,2026-09-08T12:00:00+00:00,2026-09-10T02:00:00+00:00,17.2,0.0,37,0,32560.0,7.6,33.2,21.2,199,995.5,1
1,2026-09-08T12:00:00+00:00,2026-09-10T03:00:00+00:00,16.6,0.0,3,0,29680.0,8.0,33.1,22.0,198,995.6,0
1,2026-09-08T12:00:00+00:00,2026-09-10T04:00:00+00:00,16.0,0.0,0,0,26860.0,8.0,33.1,22.3,190,995.5,0
1,2026-09-08T12:00:00+00:00,2026-09-10T05:00:00+00:00,16.4,0.0,0,0,25540.0,9.4,36.4,25.2,184,995.7,0
1,2026-09-08T12:00:00+00:00,2026-09-10T06:00:00+00:00,18.1,0.0,0,0,33740.0,11.2,24.5,31.3,182,995.7,0
1,2026-09-08T12:00:00+00:00,2026-09-10T07:00:00+00:00,20.1,0.0,0,0,38360.0,11.9,23.4,34.6,183,995.7,0
1,2026-09-08T12:00:00+00:00,2026-09-10T08:00:00+00:00,22.1,0.0,0,0,39860.0,13.0,24.7,36.4,180,995.6,0
1,2026-09-08T12:00:00+00:00,2026-09-10T09:00:00+00:00,24.1,0.0,0,0,41000.0,14.8,29.0,40.0,181,995.3,0
1,2026-09-08T12:00:00+00:00,2026-09-10T10:00:00+00:00,25.6,0.0,0,0,41920.0,16.3,33.6,44.6,188,995.0,0
1,2026-09-08T12:00:00+00:00,2026-09-10T11:00:00+00:00,26.7,0.0,0,0,42560.0,15.9,32.9,45.0,198,994.9,0
1,2026-09-08T12:00:00+00:00,2026-09-10T12:00:00+00:00,27.5,0.0,0,0,43140.0,15.3,31.7,43.6,204,994.7,0
1,2026-09-08T12:00:00+00:00,2026-09-10T13:00:00+00:00,27.8,0.0,0,0,42940.0,14.4,30.4,41.8,212,994.5,0
1,2026-09-08T12:00:00+00:00,2026-09-10T14:00:00+00:00,27.7,0.0,0,0,42820.0,13.4,29.5,39.2,211,994.5,0
1,2026-09-08T12:00:00+00:00,2026-09-10T15:00:00+00:00,27.2,0.0,100,0,42680.0,11.5,28.2,36.4,219,994.6,3
1,2026-09-08T12:00:00+00:00,2026-09-10T16:00:00+00:00,26.0,0.0,96,0,42000.0,8.2,25.5,30.6,209,994.5,3
1,2026-09-08T12:00:00+00:00,2026-09-10T17:00:00+00:00,24.6,0.0,100,41,41340.0,6.5,26.9,20.2,214,994.7,3
1,2026-09-08T12:00:00+00:00,2026-09-10T18:00:00+00:00,21.3,0.1,99,23,35400.0,17.2,36.8,48.2,299,996.2,3
1,2026-09-08T12:00:00+00:00,2026-09-10T19:00:00+00:00,19.7,0.1,96,52,27640.0,12.1,28.0,45.0,307,996.6,61
1,2026-09-08T12:00:00+00:00,2026-09-10T20:00:00+00:00,18.5,0.0,100,65,28300.0,12.6,27.3,33.5,307,997.3,3
1,2026-09-08T12:00:00+00:00,2026-09-10T21:00:00+00:00,17.3,0.3,100,76,27700.0,11.8,27.0,32.8,310,998.0,61
1,2026-09-08T12:00:00+00:00,2026-09-10T22:00:00+00:00,16.8,0.0,97,67,28860.0,9.2,22.0,31.3,309,998.2,3
1,2026-09-08T12:00:00+00:00,2026-09-10T23:00:00+00:00,16.4,0.0,99,60,28260.0,8.7,20.3,23.8,300,998.6,3
1,2026-09-08T12:00:00+00:00,2026-09-11T00:00:00+00:00,16.0,0.0,94,33,26460.0,8.4,20.1,24.1,295,999.0,3
1,2026-09-08T12:00:00+00:00,2026-09-11T01:00:00+00:00,15.7,0.0,100,33,24860.0,7.2,18.6,22.3,288,999.2,3
1,2026-09-08T12:00:00+00:00,2026-09-11T02:00:00+00:00,15.2,0.0,100,35,22320.0,7.1,21.2,19.1,285,999.5,3
1,2026-09-08T12:00:00+00:00,2026-09-11T03:00:00+00:00,14.6,0.0,99,33,22680.0,6.8,22.4,18.7,288,999.7,3
1,2026-09-08T12:00:00+00:00,2026-09-11T04:00:00+00:00,14.1,0.0,98,31,20720.0,6.6,23.0,17.6,283,1000.1,3
1,2026-09-08T12:00:00+00:00,2026-09-11T05:00:00+00:00,14.4,0.0,96,41,23320.0,9.1,21.8,23.8,288,1000.6,3
1,2026-09-08T12:00:00+00:00,2026-09-11T06:00:00+00:00,15.3,0.0,100,31,28020.0,7.9,13.9,25.9,294,1001.2,3
1,2026-09-08T12:00:00+00:00,2026-09-11T07:00:00+00:00,16.8,0.0,100,33,34060.0,8.9,15.7,25.9,302,1001.7,3
1,2026-09-08T12:00:00+00:00,2026-09-11T08:00:00+00:00,18.4,0.0,62,27,38620.0,9.0,14.8,27.4,307,1001.9,2
1,2026-09-08T12:00:00+00:00,2026-09-11T09:00:00+00:00,19.6,0.0,71,40,40800.0,10.9,18.5,32.0,297,1001.9,2
1,2026-09-08T12:00:00+00:00,2026-09-11T10:00:00+00:00,20.3,0.0,91,37,41900.0,10.5,17.2,32.0,297,1001.8,3
1,2026-09-08T12:00:00+00:00,2026-09-11T11:00:00+00:00,20.6,0.0,76,54,41920.0,10.5,16.9,31.0,297,1001.7,2
1,2026-09-08T12:00:00+00:00,2026-09-11T12:00:00+00:00,20.7,0.0,74,51,42080.0,9.4,14.9,30.6,302,1001.4,2
1,2026-09-08T12:00:00+00:00,2026-09-11T13:00:00+00:00,20.5,0.0,79,49,42020.0,9.1,14.6,29.2,304,1001.5,3
1,2026-09-08T12:00:00+00:00,2026-09-11T14:00:00+00:00,20.1,0.0,83,48,41940.0,8.9,14.6,27.0,302,1001.8,3
1,2026-09-08T12:00:00+00:00,2026-09-11T15:00:00+00:00,19.6,0.0,88,46,41880.0,8.1,14.7,24.1,302,1001.9,3
1,2026-09-08T12:00:00+00:00,2026-09-11T16:00:00+00:00,18.9,0.0,90,34,41520.0,6.5,14.5,19.8,304,1002.0,3
1,2026-09-08T12:00:00+00:00,2026-09-11T17:00:00+00:00,18.1,0.0,93,23,41140.0,4.6,14.6,14.8,309,1002.0,3
1,2026-09-08T12:00:00+00:00,2026-09-11T18:00:00+00:00,17.3,0.0,95,11,40780.0,3.6,15.3,11.2,315,1002.2,3
1,2026-09-08T12:00:00+00:00,2026-09-11T19:00:00+00:00,16.6,0.0,90,8,40480.0,3.3,16.3,10.4,319,1002.5,2
1,2026-09-08T12:00:00+00:00,2026-09-11T20:00:00+00:00,16.0,0.0,85,4,40160.0,3.8,17.3,10.8,319,1003.0,2
1,2026-09-08T12:00:00+00:00,2026-09-11T21:00:00+00:00,15.5,0.0,80,1,39860.0,4.1,17.3,11.2,322,1003.3,2
1,2026-09-08T12:00:00+00:00,2026-09-11T22:00:00+00:00,14.9,0.0,86,1,39320.0,3.8,16.1,10.4,319,1003.3,3
1,2026-09-08T12:00:00+00:00,2026-09-11T23:00:00+00:00,14.3,0.0,92,2,38800.0,3.3,14.1,9.0,319,1003.3,3
1,2026-09-08T12:00:00+00:00,2026-09-12T00:00:00+00:00,13.9,0.0,98,2,38260.0,2.8,12.2,7.6,320,1003.3,3
1,2026-09-08T12:00:00+00:00,2026-09-12T01:00:00+00:00,13.6,0.0,97,1,37620.0,2.3,10.0,5.8,321,1003.2,3
1,2026-09-08T12:00:00+00:00,2026-09-12T02:00:00+00:00,13.4,0.0,96,1,36960.0,1.5,7.7,3.6,315,1003.3,3
1,2026-09-08T12:00:00+00:00,2026-09-12T03:00:00+00:00,13.4,0.0,95,0,36320.0,1.0,6.0,2.5,315,1003.4,3
1,2026-09-08T12:00:00+00:00,2026-09-12T04:00:00+00:00,13.6,0.0,97,13,35980.0,0.4,5.5,2.9,360,1003.6,3
1,2026-09-08T12:00:00+00:00,2026-09-12T05:00:00+00:00,13.9,0.0,98,26,35660.0,0.7,5.4,4.3,90,1003.8,3
1,2026-09-08T12:00:00+00:00,2026-09-12T06:00:00+00:00,14.4,0.0,100,39,35320.0,1.4,5.7,5.8,90,1004.0,3
1,2026-09-08T12:00:00+00:00,2026-09-12T07:00:00+00:00,15.1,0.0,98,38,36720.0,2.2,5.3,7.6,90,1004.0,3
1,2026-09-08T12:00:00+00:00,2026-09-12T08:00:00+00:00,16.0,0.0,97,37,38140.0,2.5,4.6,9.4,90,1004.1,3
1,2026-09-08T12:00:00+00:00,2026-09-12T09:00:00+00:00,16.5,0.0,95,36,39540.0,2.9,3.9,11.2,83,1004.0,3
1,2026-09-08T12:00:00+00:00,2026-09-12T10:00:00+00:00,16.2,1.1,97,37,30320.0,3.1,4.7,13.0,54,1003.8,61
1,2026-09-08T12:00:00+00:00,2026-09-12T11:00:00+00:00,15.5,1.1,98,37,21120.0,4.5,7.6,15.1,29,1003.5,61
1,2026-09-08T12:00:00+00:00,2026-09-12T12:00:00+00:00,14.8,1.1,100,38,11900.0,5.2,9.5,16.2,16,1003.3,61
1,2026-09-08T12:00:00+00:00,2026-09-12T13:00:00+00:00,14.3,0.9,100,50,13020.0,5.1,9.4,16.2,8,1003.4,61
1,2026-09-08T12:00:00+00:00,2026-09-12T14:00:00+00:00,13.8,0.9,100,61,14120.0,4.0,8.1,15.5,355,1003.5,61
1,2026-09-08T12:00:00+00:00,2026-09-12T15:00:00+00:00,13.3,0.9,100,73,15240.0,3.3,7.6,14.4,347,1003.6,61
1,2026-09-08T12:00:00+00:00,2026-09-12T16:00:00+00:00,13.0,0.8,100,65,19140.0,2.9,8.8,12.6,353,1003.6,61
1,2026-09-08T12:00:00+00:00,2026-09-12T17:00:00+00:00,12.8,0.8,100,57,23040.0,3.0,11.2,10.4,14,1003.5,61
1,2026-09-08T12:00:00+00:00,2026-09-12T18:00:00+00:00,12.7,0.8,100,49,26940.0,2.7,13.1,8.6,23,1003.5,61
1,2026-09-08T12:00:00+00:00,2026-09-12T19:00:00+00:00,12.8,0.0,100,52,26180.0,1.9,13.1,7.9,22,1003.6,3
1,2026-09-08T12:00:00+00:00,2026-09-12T20:00:00+00:00,13.1,0.0,100,54,25440.0,0.8,12.0,7.9,333,1003.8,3
1,2026-09-08T12:00:00+00:00,2026-09-12T21:00:00+00:00,13.3,0.0,100,57,24680.0,1.1,11.1,7.6,270,1003.9,3
1,2026-09-08T12:00:00+00:00,2026-09-12T22:00:00+00:00,13.3,0.0,100,54,21600.0,1.1,10.4,6.8,288,1003.9,3
1,2026-09-08T12:00:00+00:00,2026-09-12T23:00:00+00:00,13.3,0.0,100,50,18500.0,1.6,10.2,6.5,333,1003.9,3
1,2026-09-08T12:00:00+00:00,2026-09-13T00:00:00+00:00,13.3,0.0,100,47,15420.0,2.2,10.6,6.5,351,1003.9,3
1,2026-09-08T12:00:00+00:00,2026-09-13T01:00:00+00:00,13.3,0.0,100,38,18620.0,2.9,12.1,7.9,7,1003.9,3
1,2026-09-08T12:00:00+00:00,2026-09-13T02:00:00+00:00,13.1,0.0,100,28,21820.0,3.7,14.4,10.4,11,1004.0,3
1,2026-09-08T12:00:00+00:00,2026-09-13T03:00:00+00:00,13.1,0.0,100,19,25020.0,4.2,15.6,12.2,20,1004.1,3
1,2026-09-08T12:00:00+00:00,2026-09-13T04:00:00+00:00,13.1,0.0,100,10,30335.0,4.6,14.8,12.6,25,1004.5,3
1,2026-09-08T12:00:00+00:00,2026-09-13T05:00:00+00:00,13.4,0.0,100,3,34890.0,5.0,13.0,13.7,30,1005.0,3
1,2026-09-08T12:00:00+00:00,2026-09-13T06:00:00+00:00,13.6,0.0,100,0,38725.0,5.5,11.8,14.9,33,1005.4,3
1,2026-09-08T12:00:00+00:00,2026-09-13T07:00:00+00:00,15.1,0.0,67,0,41720.0,5.0,10.0,14.0,30,1007.4,0
1,2026-09-08T12:00:00+00:00,2026-09-13T08:00:00+00:00,16.9,0.0,33,0,42640.0,5.9,9.3,16.6,38,1007.5,0
1,2026-09-08T12:00:00+00:00,2026-09-13T09:00:00+00:00,18.3,0.0,0,0,43560.0,6.4,8.8,18.4,38,1007.5,0
1,2026-09-08T12:00:00+00:00,2026-09-13T10:00:00+00:00,19.2,0.0,11,11,44960.0,6.2,7.5,18.4,36,1007.2,1
1,2026-09-08T12:00:00+00:00,2026-09-13T11:00:00+00:00,19.7,0.0,23,23,46360.0,5.3,6.7,17.6,28,1006.9,1
1,2026-09-08T12:00:00+00:00,2026-09-13T12:00:00+00:00,20.0,0.0,34,34,47760.0,5.0,6.2,16.9,21,1006.5,1
1,2026-09-08T12:00:00+00:00,2026-09-13T13:00:00+00:00,20.0,0.0,23,23,46360.0,4.8,6.2,16.6,13,1006.2,0
1,2026-09-08T12:00:00+00:00,2026-09-13T14:00:00+00:00,19.6,0.0,11,11,44960.0,5.1,7.1,15.8,4,1005.9,0
1,2026-09-08T12:00:00+00:00,2026-09-13T15:00:00+00:00,19.0,0.0,0,0,43560.0,4.7,7.4,14.4,360,1005.7,0
1,2026-09-08T12:00:00+00:00,2026-09-13T16:00:00+00:00,17.9,0.0,0,0,43560.0,3.3,7.2,10.8,6,1005.8,0
1,2026-09-08T12:00:00+00:00,2026-09-13T17:00:00+00:00,16.5,0.0,0,0,43560.0,2.3,7.4,6.1,39,1005.9,0
1,2026-09-08T12:00:00+00:00,2026-09-13T18:00:00+00:00,15.2,0.0,0,0,43560.0,1.5,7.3,2.9,76,1006.0,0
1,2026-09-08T12:00:00+00:00,2026-09-13T19:00:00+00:00,14.3,0.0,0,0,37220.0,0.0,5.9,2.5,270,1006.1,0
1,2026-09-08T12:00:00+00:00,2026-09-13T20:00:00+00:00,13.6,0.0,0,0,30880.0,2.5,3.7,3.6,270,1006.3,0
1,2026-09-08T12:00:00+00:00,2026-09-13T21:00:00+00:00,12.9,0.0,0,0,24540.0,4.0,3.2,4.7,275,1006.3,0
1,2026-09-08T12:00:00+00:00,2026-09-13T22:00:00+00:00,12.2,0.0,0,0,17140.0,4.0,5.0,5.4,280,1006.4,0
1,2026-09-08T12:00:00+00:00,2026-09-13T23:00:00+00:00,11.7,0.0,0,0,9720.0,3.5,7.8,6.1,294,1006.4,0
1,2026-09-08T12:00:00+00:00,2026-09-14T00:00:00+00:00,11.2,0.0,0,0,2320.0,3.4,9.5,6.5,302,1006.4,0
1,2026-09-08T12:00:00+00:00,2026-09-14T01:00:00+00:00,10.7,0.0,0,0,4160.0,3.4,9.2,6.1,302,1006.4,0
1,2026-09-08T12:00:00+00:00,2026-09-14T02:00:00+00:00,10.2,0.0,0,0,6020.0,3.5,8.2,5.0,294,1006.4,0
1,2026-09-08T12:00:00+00:00,2026-09-14T03:00:00+00:00,10.3,0.0,0,0,7860.0,3.4,7.2,4.7,288,1006.5,0
1,2026-09-08T12:00:00+00:00,2026-09-14T04:00:00+00:00,11.2,0.0,0,0,9700.0,2.7,6.8,4.7,293,1006.7,0
1,2026-09-08T12:00:00+00:00,2026-09-14T05:00:00+00:00,12.6,0.0,0,0,11560.0,2.3,6.5,5.4,309,1007.1,0
1,2026-09-08T12:00:00+00:00,2026-09-14T06:00:00+00:00,14.1,0.0,0,0,13400.0,1.8,5.8,6.1,323,1007.4,0
1,2026-09-08T12:00:00+00:00,2026-09-14T07:00:00+00:00,16.0,0.0,7,7,16860.0,1.5,4.7,7.2,346,1007.6,1
1,2026-09-08T12:00:00+00:00,2026-09-14T08:00:00+00:00,18.0,0.0,15,15,20320.0,1.8,3.3,9.0,360,1007.7,1
1,2026-09-08T12:00:00+00:00,2026-09-14T09:00:00+00:00,19.7,0.0,22,22,23780.0,1.8,2.1,10.1,360,1007.6,1
1,2026-09-08T12:00:00+00:00,2026-09-14T10:00:00+00:00,20.7,0.0,25,22,27240.0,1.9,2.1,10.4,338,1007.3,1
1,2026-09-08T12:00:00+00:00,2026-09-14T11:00:00+00:00,21.2,0.0,29,22,30700.0,2.6,3.0,10.8,304,1006.9,1
1,2026-09-08T12:00:00+00:00,2026-09-14T12:00:00+00:00,21.5,0.0,32,22,34160.0,3.2,3.9,10.8,297,1006.4,1
1,2026-09-08T12:00:00+00:00,2026-09-14T13:00:00+00:00,21.5,0.0,30,19,32440.0,3.4,4.6,11.5,302,1006.0,1
1,2026-09-08T12:00:00+00:00,2026-09-14T14:00:00+00:00,21.3,0.0,27,15,30740.0,3.6,5.0,12.2,315,1005.7,1
1,2026-09-08T12:00:00+00:00,2026-09-14T15:00:00+00:00,20.6,0.0,25,12,29020.0,3.3,5.2,11.9,319,1005.4,1
1,2026-09-08T12:00:00+00:00,2026-09-14T16:00:00+00:00,19.4,0.0,21,8,27300.0,2.3,4.7,8.6,309,1005.4,1
1,2026-09-08T12:00:00+00:00,2026-09-14T17:00:00+00:00,17.7,0.0,17,4,25600.0,1.1,3.7,4.7,270,1005.5,1
1,2026-09-08T12:00:00+00:00,2026-09-14T18:00:00+00:00,16.3,0.0,13,0,23880.0,1.5,3.7,1.8,225,1005.6,1
1,2026-09-08T12:00:00+00:00,2026-09-14T19:00:00+00:00,15.4,0.0,26,16,20420.0,1.9,5.8,2.5,248,1005.6,2
1,2026-09-08T12:00:00+00:00,2026-09-14T20:00:00+00:00,14.7,0.0,40,31,16940.0,2.9,9.0,4.7,277,1005.7,2
1,2026-09-08T12:00:00+00:00,2026-09-14T21:00:00+00:00,14.1,0.0,53,47,13480.0,3.8,10.7,6.1,287,1005.7,2
1,2026-09-08T12:00:00+00:00,2026-09-14T22:00:00+00:00,13.5,0.0,35,31,10000.0,3.8,9.5,6.1,287,1005.7,0
1,2026-09-08T12:00:00+00:00,2026-09-14T23:00:00+00:00,13.0,0.0,18,16,6540.0,3.7,7.2,5.8,281,1005.6,0
1,2026-09-08T13:00:00+00:00,2026-09-08T00:00:00+00:00,11.5,0.0,0,0,29260.0,4.3,19.5,12.2,275,1005.2,0
1,2026-09-08T13:00:00+00:00,2026-09-08T01:00:00+00:00,11.3,0.0,0,0,28680.0,4.3,18.9,13.0,265,1004.9,0
1,2026-09-08T13:00:00+00:00,2026-09-08T02:00:00+00:00,10.9,0.0,2,0,26760.0,3.7,17.7,12.2,259,1004.4,0
1,2026-09-08T13:00:00+00:00,2026-09-08T03:00:00+00:00,10.1,0.0,7,0,23020.0,3.3,15.3,11.2,257,1004.6,1
1,2026-09-08T13:00:00+00:00,2026-09-08T04:00:00+00:00,9.9,0.0,1,1,19040.0,3.4,14.1,10.1,252,1004.4,0
1,2026-09-08T13:00:00+00:00,2026-09-08T05:00:00+00:00,11.3,0.0,38,0,25640.0,3.0,13.4,10.1,256,1004.5,1
1,2026-09-08T13:00:00+00:00,2026-09-08T06:00:00+00:00,13.4,0.0,100,0,32120.0,4.7,13.3,13.7,266,1004.7,3
1,2026-09-08T13:00:00+00:00,2026-09-08T07:00:00+00:00,15.3,0.0,100,0,36820.0,4.7,6.4,16.2,266,1004.8,3
1,2026-09-08T13:00:00+00:00,2026-09-08T08:00:00+00:00,17.2,0.0,84,1,39560.0,5.4,8.1,16.9,262,1004.1,2
1,2026-09-08T13:00:00+00:00,2026-09-08T09:00:00+00:00,19.2,0.0,76,55,40940.0,7.2,10.9,20.9,270,1003.5,2
1,2026-09-08T13:00:00+00:00,2026-09-08T10:00:00+00:00,19.8,0.0,79,60,41120.0,6.8,10.6,22.3,270,1002.5,2
1,2026-09-08T13:00:00+00:00,2026-09-08T11:00:00+00:00,20.2,0.0,85,56,41200.0,6.5,9.9,21.6,267,1001.8,3
1,2026-09-08T13:00:00+00:00,2026-09-08T12:00:00+00:00,20.6,0.0,69,54,41240.0,6.2,8.9,20.5,260,1001.0,2
1,2026-09-08T13:00:00+00:00,2026-09-08T13:00:00+00:00,20.9,0.0,67,50,41360.0,5.2,7.7,19.1,254,1000.7,2
1,2026-09-08T13:00:00+00:00,2026-09-08T14:00:00+00:00,20.9,0.0,58,50,41320.0,4.9,7.7,16.6,253,1000.5,2
1,2026-09-08T13:00:00+00:00,2026-09-08T15:00:00+00:00,20.7,0.0,71,43,41520.0,4.5,7.7,15.5,256,999.9,2
1,2026-09-08T13:00:00+00:00,2026-09-08T16:00:00+00:00,20.1,0.0,53,36,41460.0,3.0,6.9,14.0,256,999.5,2
1,2026-09-08T13:00:00+00:00,2026-09-08T17:00:00+00:00,19.0,0.0,14,1,41060.0,1.6,3.5,7.9,153,999.3,1
1,2026-09-08T13:00:00+00:00,2026-09-08T18:00:00+00:00,18.2,0.0,36,0,40800.0,2.6,4.9,4.7,146,999.1,1
1,2026-09-08T13:00:00+00:00,2026-09-08T19:00:00+00:00,17.3,0.0,44,0,39780.0,3.4,10.6,8.3,148,998.9,2
1,2026-09-08T13:00:00+00:00,2026-09-08T20:00:00+00:00,16.4,0.0,28,0,38800.0,3.7,16.3,8.6,151,998.8,1
1,2026-09-08T13:00:00+00:00,2026-09-08T21:00:00+00:00,15.9,0.0,56,0,38900.0,3.9,17.4,9.7,146,998.9,2
1,2026-09-08T13:00:00+00:00,2026-09-08T22:00:00+00:00,15.3,0.0,100,0,38200.0,4.2,20.5,10.8,160,998.4,3
1,2026-09-08T13:00:00+00:00,2026-09-08T23:00:00+00:00,15.1,0.0,100,0,37680.0,3.8,20.2,11.5,163,998.1,3
1,2026-09-08T13:00:00+00:00,2026-09-09T00:00:00+00:00,15.1,0.0,26,0,37640.0,4.1,20.1,10.8,165,998.2,1
1,2026-09-08T13:00:00+00:00,2026-09-09T01:00:00+00:00,14.5,0.0,54,0,36700.0,4.1,20.8,10.4,165,998.4,2
1,2026-09-08T13:00:00+00:00,2026-09-09T02:00:00+00:00,14.3,0.0,58,0,37200.0,4.2,21.5,10.8,160,998.2,2
1,2026-09-08T13:00:00+00:00,2026-09-09T03:00:00+00:00,14.1,0.0,46,0,35380.0,4.6,22.6,11.9,162,997.6,2
1,2026-09-08T13:00:00+00:00,2026-09-09T04:00:00+00:00,13.9,0.0,100,0,31880.0,4.3,21.9,11.9,156,997.5,3
1,2026-09-08T13:00:00+00:00,2026-09-09T05:00:00+00:00,14.8,0.0,43,0,31240.0,5.2,22.2,14.0,168,997.5,1
1,2026-09-08T13:00:00+00:00,2026-09-09T06:00:00+00:00,16.8,0.0,63,0,36340.0,6.2,19.0,17.3,173,997.9,2
1,2026-09-08T13:00:00+00:00,2026-09-09T07:00:00+00:00,19.1,0.0,67,0,40460.0,6.5,10.6,19.8,177,998.1,2
1,2026-09-08T13:00:00+00:00,2026-09-09T08:00:00+00:00,21.5,0.0,36,0,41060.0,7.2,11.6,22.0,174,997.9,1
1,2026-09-08T13:00:00+00:00,2026-09-09T09:00:00+00:00,23.5,0.0,93,0,41640.0,8.3,13.4,24.5,178,997.5,3
1,2026-09-08T13:00:00+00:00,2026-09-09T10:00:00+00:00,24.9,0.0,90,0,42480.0,9.1,15.8,27.0,187,997.1,3
1,2026-09-08T13:00:00+00:00,2026-09-09T11:00:00+00:00,25.4,0.0,100,0,43260.0,9.3,16.7,27.4,196,996.7,3
1,2026-09-08T13:00:00+00:00,2026-09-09T12:00:00+00:00,25.9,0.0,100,0,43640.0,9.4,16.7,27.0,198,996.3,3
1,2026-09-08T13:00:00+00:00,2026-09-09T13:00:00+00:00,26.3,0.0,67,0,44060.0,9.0,16.6,27.0,196,996.1,2
1,2026-09-08T13:00:00+00:00,2026-09-09T14:00:00+00:00,26.3,0.0,47,0,44780.0,8.7,15.9,26.3,197,995.8,2
1,2026-09-08T13:00:00+00:00,2026-09-09T15:00:00+00:00,25.7,0.0,32,0,44500.0,7.9,16.3,24.1,196,995.5,1
1,2026-09-08T13:00:00+00:00,2026-09-09T16:00:00+00:00,24.0,0.0,0,0,42240.0,4.7,17.6,21.2,171,995.2,0
1,2026-09-08T13:00:00+00:00,2026-09-09T17:00:00+00:00,22.4,0.0,0,0,41380.0,4.0,19.4,13.0,170,995.4,0
1,2026-09-08T13:00:00+00:00,2026-09-09T18:00:00+00:00,21.4,0.0,0,0,41020.0,4.4,21.2,10.4,171,995.6,0
1,2026-09-08T13:00:00+00:00,2026-09-09T19:00:00+00:00,20.7,0.0,0,0,40860.0,5.1,24.8,13.0,176,995.4,0
1,2026-09-08T13:00:00+00:00,2026-09-09T20:00:00+00:00,20.1,0.0,1,0,40920.0,5.8,29.5,15.5,184,995.5,0
1,2026-09-08T13:00:00+00:00,2026-09-09T21:00:00+00:00,19.8,0.0,13,0,40860.0,6.8,32.5,18.4,198,995.6,1
1,2026-09-08T13:00:00+00:00,2026-09-09T22:00:00+00:00,19.4,0.0,0,0,40680.0,6.6,33.3,19.1,202,995.6,0
1,2026-09-08T13:00:00+00:00,2026-09-09T23:00:00+00:00,18.9,0.0,0,0,40500.0,6.6,32.5,18.4,209,995.6,0
1,2026-09-08T13:00:00+00:00,2026-09-10T00:00:00+00:00,18.5,0.0,8,0,40420.0,6.8,31.7,18.7,205,995.5,1
1,2026-09-08T13:00:00+00:00,2026-09-10T01:00:00+00:00,17.8,0.0,7,0,37840.0,7.3,32.7,20.5,200,995.5,1
1,2026-09-08T13:00:00+00:00,2026-09-10T02:00:00+00:00,17.2,0.0,37,0,32560.0,7.6,33.2,21.2,199,995.5,1
1,2026-09-08T13:00:00+00:00,2026-09-10T03:00:00+00:00,16.6,0.0,3,0,29680.0,8.0,33.1,22.0,198,995.6,0
1,2026-09-08T13:00:00+00:00,2026-09-10T04:00:00+00:00,16.0,0.0,0,0,26860.0,8.0,33.1,22.3,190,995.5,0
1,2026-09-08T13:00:00+00:00,2026-09-10T05:00:00+00:00,16.4,0.0,0,0,25540.0,9.4,36.4,25.2,184,995.7,0
1,2026-09-08T13:00:00+00:00,2026-09-10T06:00:00+00:00,18.1,0.0,0,0,33740.0,11.2,24.5,31.3,182,995.7,0
1,2026-09-08T13:00:00+00:00,2026-09-10T07:00:00+00:00,20.1,0.0,0,0,38360.0,11.9,23.4,34.6,183,995.7,0
1,2026-09-08T13:00:00+00:00,2026-09-10T08:00:00+00:00,22.1,0.0,0,0,39860.0,13.0,24.7,36.4,180,995.6,0
1,2026-09-08T13:00:00+00:00,2026-09-10T09:00:00+00:00,24.1,0.0,0,0,41000.0,14.8,29.0,40.0,181,995.3,0
1,2026-09-08T13:00:00+00:00,2026-09-10T10:00:00+00:00,25.6,0.0,0,0,41920.0,16.3,33.6,44.6,188,995.0,0
1,2026-09-08T13:00:00+00:00,2026-09-10T11:00:00+00:00,26.7,0.0,0,0,42560.0,15.9,32.9,45.0,198,994.9,0
1,2026-09-08T13:00:00+00:00,2026-09-10T12:00:00+00:00,27.5,0.0,0,0,43140.0,15.3,31.7,43.6,204,994.7,0
1,2026-09-08T13:00:00+00:00,2026-09-10T13:00:00+00:00,27.8,0.0,0,0,42940.0,14.4,30.4,41.8,212,994.5,0
1,2026-09-08T13:00:00+00:00,2026-09-10T14:00:00+00:00,27.7,0.0,0,0,42820.0,13.4,29.5,39.2,211,994.5,0
1,2026-09-08T13:00:00+00:00,2026-09-10T15:00:00+00:00,27.2,0.0,100,0,42680.0,11.5,28.2,36.4,219,994.6,3
1,2026-09-08T13:00:00+00:00,2026-09-10T16:00:00+00:00,26.0,0.0,96,0,42000.0,8.2,25.5,30.6,209,994.5,3
1,2026-09-08T13:00:00+00:00,2026-09-10T17:00:00+00:00,24.6,0.0,100,41,41340.0,6.5,26.9,20.2,214,994.7,3
1,2026-09-08T13:00:00+00:00,2026-09-10T18:00:00+00:00,21.3,0.1,99,23,35400.0,17.2,36.8,48.2,299,996.2,3
1,2026-09-08T13:00:00+00:00,2026-09-10T19:00:00+00:00,19.7,0.1,96,52,27640.0,12.1,28.0,45.0,307,996.6,61
1,2026-09-08T13:00:00+00:00,2026-09-10T20:00:00+00:00,18.5,0.0,100,65,28300.0,12.6,27.3,33.5,307,997.3,3
1,2026-09-08T13:00:00+00:00,2026-09-10T21:00:00+00:00,17.3,0.3,100,76,27700.0,11.8,27.0,32.8,310,998.0,61
1,2026-09-08T13:00:00+00:00,2026-09-10T22:00:00+00:00,16.8,0.0,97,67,28860.0,9.2,22.0,31.3,309,998.2,3
1,2026-09-08T13:00:00+00:00,2026-09-10T23:00:00+00:00,16.4,0.0,99,60,28260.0,8.7,20.3,23.8,300,998.6,3
1,2026-09-08T13:00:00+00:00,2026-09-11T00:00:00+00:00,16.0,0.0,94,33,26460.0,8.4,20.1,24.1,295,999.0,3
1,2026-09-08T13:00:00+00:00,2026-09-11T01:00:00+00:00,15.7,0.0,100,33,24860.0,7.2,18.6,22.3,288,999.2,3
1,2026-09-08T13:00:00+00:00,2026-09-11T02:00:00+00:00,15.2,0.0,100,35,22320.0,7.1,21.2,19.1,285,999.5,3
1,2026-09-08T13:00:00+00:00,2026-09-11T03:00:00+00:00,14.6,0.0,99,33,22680.0,6.8,22.4,18.7,288,999.7,3
1,2026-09-08T13:00:00+00:00,2026-09-11T04:00:00+00:00,14.1,0.0,98,31,20720.0,6.6,23.0,17.6,283,1000.1,3
1,2026-09-08T13:00:00+00:00,2026-09-11T05:00:00+00:00,14.4,0.0,96,41,23320.0,9.1,21.8,23.8,288,1000.6,3
1,2026-09-08T13:00:00+00:00,2026-09-11T06:00:00+00:00,15.3,0.0,100,31,28020.0,7.9,13.9,25.9,294,1001.2,3
1,2026-09-08T13:00:00+00:00,2026-09-11T07:00:00+00:00,16.8,0.0,100,33,34060.0,8.9,15.7,25.9,302,1001.7,3
1,2026-09-08T13:00:00+00:00,2026-09-11T08:00:00+00:00,18.4,0.0,62,27,38620.0,9.0,14.8,27.4,307,1001.9,2
1,2026-09-08T13:00:00+00:00,2026-09-11T09:00:00+00:00,19.6,0.0,71,40,40800.0,10.9,18.5,32.0,297,1001.9,2
1,2026-09-08T13:00:00+00:00,2026-09-11T10:00:00+00:00,20.3,0.0,91,37,41900.0,10.5,17.2,32.0,297,1001.8,3
1,2026-09-08T13:00:00+00:00,2026-09-11T11:00:00+00:00,20.6,0.0,76,54,41920.0,10.5,16.9,31.0,297,1001.7,2
1,2026-09-08T13:00:00+00:00,2026-09-11T12:00:00+00:00,20.7,0.0,74,51,42080.0,9.4,14.9,30.6,302,1001.4,2
1,2026-09-08T13:00:00+00:00,2026-09-11T13:00:00+00:00,20.5,0.0,79,49,42020.0,9.1,14.6,29.2,304,1001.5,3
1,2026-09-08T13:00:00+00:00,2026-09-11T14:00:00+00:00,20.1,0.0,83,48,41940.0,8.9,14.6,27.0,302,1001.8,3
1,2026-09-08T13:00:00+00:00,2026-09-11T15:00:00+00:00,19.6,0.0,88,46,41880.0,8.1,14.7,24.1,302,1001.9,3
1,2026-09-08T13:00:00+00:00,2026-09-11T16:00:00+00:00,18.9,0.0,90,34,41520.0,6.5,14.5,19.8,304,1002.0,3
1,2026-09-08T13:00:00+00:00,2026-09-11T17:00:00+00:00,18.1,0.0,93,23,41140.0,4.6,14.6,14.8,309,1002.0,3
1,2026-09-08T13:00:00+00:00,2026-09-11T18:00:00+00:00,17.3,0.0,95,11,40780.0,3.6,15.3,11.2,315,1002.2,3
1,2026-09-08T13:00:00+00:00,2026-09-11T19:00:00+00:00,16.6,0.0,90,8,40480.0,3.3,16.3,10.4,319,1002.5,2
1,2026-09-08T13:00:00+00:00,2026-09-11T20:00:00+00:00,16.0,0.0,85,4,40160.0,3.8,17.3,10.8,319,1003.0,2
1,2026-09-08T13:00:00+00:00,2026-09-11T21:00:00+00:00,15.5,0.0,80,1,39860.0,4.1,17.3,11.2,322,1003.3,2
1,2026-09-08T13:00:00+00:00,2026-09-11T22:00:00+00:00,14.9,0.0,86,1,39320.0,3.8,16.1,10.4,319,1003.3,3
1,2026-09-08T13:00:00+00:00,2026-09-11T23:00:00+00:00,14.3,0.0,92,2,38800.0,3.3,14.1,9.0,319,1003.3,3
1,2026-09-08T13:00:00+00:00,2026-09-12T00:00:00+00:00,13.9,0.0,98,2,38260.0,2.8,12.2,7.6,320,1003.3,3
1,2026-09-08T13:00:00+00:00,2026-09-12T01:00:00+00:00,13.6,0.0,97,1,37620.0,2.3,10.0,5.8,321,1003.2,3
1,2026-09-08T13:00:00+00:00,2026-09-12T02:00:00+00:00,13.4,0.0,96,1,36960.0,1.5,7.7,3.6,315,1003.3,3
1,2026-09-08T13:00:00+00:00,2026-09-12T03:00:00+00:00,13.4,0.0,95,0,36320.0,1.0,6.0,2.5,315,1003.4,3
1,2026-09-08T13:00:00+00:00,2026-09-12T04:00:00+00:00,13.6,0.0,97,13,35980.0,0.4,5.5,2.9,360,1003.6,3
1,2026-09-08T13:00:00+00:00,2026-09-12T05:00:00+00:00,13.9,0.0,98,26,35660.0,0.7,5.4,4.3,90,1003.8,3
1,2026-09-08T13:00:00+00:00,2026-09-12T06:00:00+00:00,14.4,0.0,100,39,35320.0,1.4,5.7,5.8,90,1004.0,3
1,2026-09-08T13:00:00+00:00,2026-09-12T07:00:00+00:00,15.1,0.0,98,38,36720.0,2.2,5.3,7.6,90,1004.0,3
1,2026-09-08T13:00:00+00:00,2026-09-12T08:00:00+00:00,16.0,0.0,97,37,38140.0,2.5,4.6,9.4,90,1004.1,3
1,2026-09-08T13:00:00+00:00,2026-09-12T09:00:00+00:00,16.5,0.0,95,36,39540.0,2.9,3.9,11.2,83,1004.0,3
1,2026-09-08T13:00:00+00:00,2026-09-12T10:00:00+00:00,16.2,1.1,97,37,30320.0,3.1,4.7,13.0,54,1003.8,61
1,2026-09-08T13:00:00+00:00,2026-09-12T11:00:00+00:00,15.5,1.1,98,37,21120.0,4.5,7.6,15.1,29,1003.5,61
1,2026-09-08T13:00:00+00:00,2026-09-12T12:00:00+00:00,14.8,1.1,100,38,11900.0,5.2,9.5,16.2,16,1003.3,61
1,2026-09-08T13:00:00+00:00,2026-09-12T13:00:00+00:00,14.3,0.9,100,50,13020.0,5.1,9.4,16.2,8,1003.4,61
1,2026-09-08T13:00:00+00:00,2026-09-12T14:00:00+00:00,13.8,0.9,100,61,14120.0,4.0,8.1,15.5,355,1003.5,61
1,2026-09-08T13:00:00+00:00,2026-09-12T15:00:00+00:00,13.3,0.9,100,73,15240.0,3.3,7.6,14.4,347,1003.6,61
1,2026-09-08T13:00:00+00:00,2026-09-12T16:00:00+00:00,13.0,0.8,100,65,19140.0,2.9,8.8,12.6,353,1003.6,61
1,2026-09-08T13:00:00+00:00,2026-09-12T17:00:00+00:00,12.8,0.8,100,57,23040.0,3.0,11.2,10.4,14,1003.5,61
1,2026-09-08T13:00:00+00:00,2026-09-12T18:00:00+00:00,12.7,0.8,100,49,26940.0,2.7,13.1,8.6,23,1003.5,61
1,2026-09-08T13:00:00+00:00,2026-09-12T19:00:00+00:00,12.8,0.0,100,52,26180.0,1.9,13.1,7.9,22,1003.6,3
1,2026-09-08T13:00:00+00:00,2026-09-12T20:00:00+00:00,13.1,0.0,100,54,25440.0,0.8,12.0,7.9,333,1003.8,3
1,2026-09-08T13:00:00+00:00,2026-09-12T21:00:00+00:00,13.3,0.0,100,57,24680.0,1.1,11.1,7.6,270,1003.9,3
1,2026-09-08T13:00:00+00:00,2026-09-12T22:00:00+00:00,13.3,0.0,100,54,21600.0,1.1,10.4,6.8,288,1003.9,3
1,2026-09-08T13:00:00+00:00,2026-09-12T23:00:00+00:00,13.3,0.0,100,50,18500.0,1.6,10.2,6.5,333,1003.9,3
1,2026-09-08T13:00:00+00:00,2026-09-13T00:00:00+00:00,13.3,0.0,100,47,15420.0,2.2,10.6,6.5,351,1003.9,3
1,2026-09-08T13:00:00+00:00,2026-09-13T01:00:00+00:00,13.3,0.0,100,38,18620.0,2.9,12.1,7.9,7,1003.9,3
1,2026-09-08T13:00:00+00:00,2026-09-13T02:00:00+00:00,13.1,0.0,100,28,21820.0,3.7,14.4,10.4,11,1004.0,3
1,2026-09-08T13:00:00+00:00,2026-09-13T03:00:00+00:00,13.1,0.0,100,19,25020.0,4.2,15.6,12.2,20,1004.1,3
1,2026-09-08T13:00:00+00:00,2026-09-13T04:00:00+00:00,13.1,0.0,100,10,24760.0,4.6,14.8,12.6,25,1004.5,3
1,2026-09-08T13:00:00+00:00,2026-09-13T05:00:00+00:00,13.4,0.0,100,3,27670.0,5.0,13.0,13.7,30,1005.0,3
1,2026-09-08T13:00:00+00:00,2026-09-13T06:00:00+00:00,13.6,0.0,100,0,33760.0,5.5,11.8,14.9,33,1005.4,3
1,2026-09-08T13:00:00+00:00,2026-09-13T07:00:00+00:00,15.1,0.0,67,0,36380.0,5.0,10.0,14.0,30,1007.4,0
1,2026-09-08T13:00:00+00:00,2026-09-13T08:00:00+00:00,16.9,0.0,33,0,38600.0,5.9,9.3,16.6,38,1007.5,0
1,2026-09-08T13:00:00+00:00,2026-09-13T09:00:00+00:00,18.3,0.0,0,0,40800.0,6.4,8.8,18.4,38,1007.5,0
1,2026-09-08T13:00:00+00:00,2026-09-13T10:00:00+00:00,19.2,0.0,11,11,41720.0,6.2,7.5,18.4,36,1007.2,1
1,2026-09-08T13:00:00+00:00,2026-09-13T11:00:00+00:00,19.7,0.0,23,23,42640.0,5.3,6.7,17.6,28,1006.9,1
1,2026-09-08T13:00:00+00:00,2026-09-13T12:00:00+00:00,20.0,0.0,34,34,43560.0,5.0,6.2,16.9,21,1006.5,1
1,2026-09-08T13:00:00+00:00,2026-09-13T13:00:00+00:00,20.0,0.0,23,23,42640.0,4.8,6.2,16.6,13,1006.2,0
1,2026-09-08T13:00:00+00:00,2026-09-13T14:00:00+00:00,19.6,0.0,11,11,41720.0,5.1,7.1,15.8,4,1005.9,0
1,2026-09-08T13:00:00+00:00,2026-09-13T15:00:00+00:00,19.0,0.0,0,0,40800.0,4.7,7.4,14.4,360,1005.7,0
1,2026-09-08T13:00:00+00:00,2026-09-13T16:00:00+00:00,17.9,0.0,0,0,40800.0,3.3,7.2,10.8,6,1005.8,0
1,2026-09-08T13:00:00+00:00,2026-09-13T17:00:00+00:00,16.5,0.0,0,0,40820.0,2.3,7.4,6.1,39,1005.9,0
1,2026-09-08T13:00:00+00:00,2026-09-13T18:00:00+00:00,15.2,0.0,0,0,40820.0,1.5,7.3,2.9,76,1006.0,0
1,2026-09-08T13:00:00+00:00,2026-09-13T19:00:00+00:00,14.3,0.0,0,0,39800.0,0.0,5.9,2.5,270,1006.1,0
1,2026-09-08T13:00:00+00:00,2026-09-13T20:00:00+00:00,13.6,0.0,0,0,38800.0,2.5,3.7,3.6,270,1006.3,0
1,2026-09-08T13:00:00+00:00,2026-09-13T21:00:00+00:00,12.9,0.0,0,0,37780.0,4.0,3.2,4.7,275,1006.3,0
1,2026-09-08T13:00:00+00:00,2026-09-13T22:00:00+00:00,12.2,0.0,0,0,37780.0,4.0,5.0,5.4,280,1006.4,0
1,2026-09-08T13:00:00+00:00,2026-09-13T23:00:00+00:00,11.7,0.0,0,0,37780.0,3.5,7.8,6.1,294,1006.4,0
1,2026-09-08T13:00:00+00:00,2026-09-14T00:00:00+00:00,11.2,0.0,0,0,37780.0,3.4,9.5,6.5,302,1006.4,0
1,2026-09-08T13:00:00+00:00,2026-09-14T01:00:00+00:00,10.7,0.0,0,0,37040.0,3.4,9.2,6.1,302,1006.4,0
1,2026-09-08T13:00:00+00:00,2026-09-14T02:00:00+00:00,10.2,0.0,0,0,36280.0,3.5,8.2,5.0,294,1006.4,0
1,2026-09-08T13:00:00+00:00,2026-09-14T03:00:00+00:00,10.3,0.0,0,0,35540.0,3.4,7.2,4.7,288,1006.5,0
1,2026-09-08T13:00:00+00:00,2026-09-14T04:00:00+00:00,11.2,0.0,0,0,36280.0,2.7,6.8,4.7,293,1006.7,0
1,2026-09-08T13:00:00+00:00,2026-09-14T05:00:00+00:00,12.6,0.0,0,0,37040.0,2.3,6.5,5.4,309,1007.1,0
1,2026-09-08T13:00:00+00:00,2026-09-14T06:00:00+00:00,14.1,0.0,0,0,37780.0,1.8,5.8,6.1,323,1007.4,0
1,2026-09-08T13:00:00+00:00,2026-09-14T07:00:00+00:00,16.0,0.0,7,7,16860.0,1.5,4.7,7.2,346,1007.6,1
1,2026-09-08T13:00:00+00:00,2026-09-14T08:00:00+00:00,18.0,0.0,15,15,20320.0,1.8,3.3,9.0,360,1007.7,1
1,2026-09-08T13:00:00+00:00,2026-09-14T09:00:00+00:00,19.7,0.0,22,22,23780.0,1.8,2.1,10.1,360,1007.6,1
1,2026-09-08T13:00:00+00:00,2026-09-14T10:00:00+00:00,20.7,0.0,25,22,27240.0,1.9,2.1,10.4,338,1007.3,1
1,2026-09-08T13:00:00+00:00,2026-09-14T11:00:00+00:00,21.2,0.0,29,22,30700.0,2.6,3.0,10.8,304,1006.9,1
1,2026-09-08T13:00:00+00:00,2026-09-14T12:00:00+00:00,21.5,0.0,32,22,34160.0,3.2,3.9,10.8,297,1006.4,1
1,2026-09-08T13:00:00+00:00,2026-09-14T13:00:00+00:00,21.5,0.0,30,19,32440.0,3.4,4.6,11.5,302,1006.0,1
1,2026-09-08T13:00:00+00:00,2026-09-14T14:00:00+00:00,21.3,0.0,27,15,30740.0,3.6,5.0,12.2,315,1005.7,1
1,2026-09-08T13:00:00+00:00,2026-09-14T15:00:00+00:00,20.6,0.0,25,12,29020.0,3.3,5.2,11.9,319,1005.4,1
1,2026-09-08T13:00:00+00:00,2026-09-14T16:00:00+00:00,19.4,0.0,21,8,27300.0,2.3,4.7,8.6,309,1005.4,1
1,2026-09-08T13:00:00+00:00,2026-09-14T17:00:00+00:00,17.7,0.0,17,4,25600.0,1.1,3.7,4.7,270,1005.5,1
1,2026-09-08T13:00:00+00:00,2026-09-14T18:00:00+00:00,16.3,0.0,13,0,23880.0,1.5,3.7,1.8,225,1005.6,1
1,2026-09-08T13:00:00+00:00,2026-09-14T19:00:00+00:00,15.4,0.0,26,16,20420.0,1.9,5.8,2.5,248,1005.6,2
1,2026-09-08T13:00:00+00:00,2026-09-14T20:00:00+00:00,14.7,0.0,40,31,16940.0,2.9,9.0,4.7,277,1005.7,2
1,2026-09-08T13:00:00+00:00,2026-09-14T21:00:00+00:00,14.1,0.0,53,47,13480.0,3.8,10.7,6.1,287,1005.7,2
1,2026-09-08T13:00:00+00:00,2026-09-14T22:00:00+00:00,13.5,0.0,35,31,10000.0,3.8,9.5,6.1,287,1005.7,0
1,2026-09-08T13:00:00+00:00,2026-09-14T23:00:00+00:00,13.0,0.0,18,16,6540.0,3.7,7.2,5.8,281,1005.6,0
1,2026-09-08T14:00:00+00:00,2026-09-08T00:00:00+00:00,11.5,0.0,0,0,29260.0,4.3,19.5,12.2,275,1005.2,0
1,2026-09-08T14:00:00+00:00,2026-09-08T01:00:00+00:00,11.3,0.0,0,0,28680.0,4.3,18.9,13.0,265,1004.9,0
1,2026-09-08T14:00:00+00:00,2026-09-08T02:00:00+00:00,10.9,0.0,2,0,26760.0,3.7,17.7,12.2,259,1004.4,0
1,2026-09-08T14:00:00+00:00,2026-09-08T03:00:00+00:00,10.1,0.0,7,0,23020.0,3.3,15.3,11.2,257,1004.6,1
1,2026-09-08T14:00:00+00:00,2026-09-08T04:00:00+00:00,9.9,0.0,1,1,19040.0,3.4,14.1,10.1,252,1004.4,0
1,2026-09-08T14:00:00+00:00,2026-09-08T05:00:00+00:00,11.3,0.0,38,0,25640.0,3.0,13.4,10.1,256,1004.5,1
1,2026-09-08T14:00:00+00:00,2026-09-08T06:00:00+00:00,13.4,0.0,100,0,32120.0,4.7,13.3,13.7,266,1004.7,3
1,2026-09-08T14:00:00+00:00,2026-09-08T07:00:00+00:00,15.3,0.0,100,0,36820.0,4.7,6.4,16.2,266,1004.8,3
1,2026-09-08T14:00:00+00:00,2026-09-08T08:00:00+00:00,17.2,0.0,84,1,39560.0,5.4,8.1,16.9,262,1004.1,2
1,2026-09-08T14:00:00+00:00,2026-09-08T09:00:00+00:00,19.2,0.0,76,55,40940.0,7.2,10.9,20.9,270,1003.5,2
1,2026-09-08T14:00:00+00:00,2026-09-08T10:00:00+00:00,19.8,0.0,79,60,41120.0,6.8,10.6,22.3,270,1002.5,2
1,2026-09-08T14:00:00+00:00,2026-09-08T11:00:00+00:00,20.2,0.0,85,56,41200.0,6.5,9.9,21.6,267,1001.8,3
1,2026-09-08T14:00:00+00:00,2026-09-08T12:00:00+00:00,20.6,0.0,69,54,41240.0,6.2,8.9,20.5,260,1001.0,2
1,2026-09-08T14:00:00+00:00,2026-09-08T13:00:00+00:00,20.9,0.0,67,50,41360.0,5.2,7.7,19.1,254,1000.7,2
1,2026-09-08T14:00:00+00:00,2026-09-08T14:00:00+00:00,20.9,0.0,58,50,41320.0,4.9,7.7,16.6,253,1000.5,2
1,2026-09-08T14:00:00+00:00,2026-09-08T15:00:00+00:00,20.7,0.0,71,43,41520.0,4.5,7.7,15.5,256,999.9,2
1,2026-09-08T14:00:00+00:00,2026-09-08T16:00:00+00:00,20.1,0.0,53,36,41460.0,3.0,6.9,14.0,256,999.5,2
1,2026-09-08T14:00:00+00:00,2026-09-08T17:00:00+00:00,19.0,0.0,14,1,41060.0,1.6,3.5,7.9,153,999.3,1
1,2026-09-08T14:00:00+00:00,2026-09-08T18:00:00+00:00,18.2,0.0,36,0,40800.0,2.6,4.9,4.7,146,999.1,1
1,2026-09-08T14:00:00+00:00,2026-09-08T19:00:00+00:00,17.3,0.0,44,0,39780.0,3.4,10.6,8.3,148,998.9,2
1,2026-09-08T14:00:00+00:00,2026-09-08T20:00:00+00:00,16.4,0.0,28,0,38800.0,3.7,16.3,8.6,151,998.8,1
1,2026-09-08T14:00:00+00:00,2026-09-08T21:00:00+00:00,15.9,0.0,56,0,38900.0,3.9,17.4,9.7,146,998.9,2
1,2026-09-08T14:00:00+00:00,2026-09-08T22:00:00+00:00,15.3,0.0,100,0,38200.0,4.2,20.5,10.8,160,998.4,3
1,2026-09-08T14:00:00+00:00,2026-09-08T23:00:00+00:00,15.1,0.0,100,0,37680.0,3.8,20.2,11.5,163,998.1,3
1,2026-09-08T14:00:00+00:00,2026-09-09T00:00:00+00:00,15.1,0.0,26,0,37640.0,4.1,20.1,10.8,165,998.2,1
1,2026-09-08T14:00:00+00:00,2026-09-09T01:00:00+00:00,14.5,0.0,54,0,36700.0,4.1,20.8,10.4,165,998.4,2
1,2026-09-08T14:00:00+00:00,2026-09-09T02:00:00+00:00,14.3,0.0,58,0,37200.0,4.2,21.5,10.8,160,998.2,2
1,2026-09-08T14:00:00+00:00,2026-09-09T03:00:00+00:00,14.1,0.0,46,0,35380.0,4.6,22.6,11.9,162,997.6,2
1,2026-09-08T14:00:00+00:00,2026-09-09T04:00:00+00:00,13.9,0.0,100,0,31880.0,4.3,21.9,11.9,156,997.5,3
1,2026-09-08T14:00:00+00:00,2026-09-09T05:00:00+00:00,14.8,0.0,43,0,31240.0,5.2,22.2,14.0,168,997.5,1
1,2026-09-08T14:00:00+00:00,2026-09-09T06:00:00+00:00,16.8,0.0,63,0,36340.0,6.2,19.0,17.3,173,997.9,2
1,2026-09-08T14:00:00+00:00,2026-09-09T07:00:00+00:00,19.1,0.0,67,0,40460.0,6.5,10.6,19.8,177,998.1,2
1,2026-09-08T14:00:00+00:00,2026-09-09T08:00:00+00:00,21.5,0.0,36,0,41060.0,7.2,11.6,22.0,174,997.9,1
1,2026-09-08T14:00:00+00:00,2026-09-09T09:00:00+00:00,23.5,0.0,93,0,41640.0,8.3,13.4,24.5,178,997.5,3
1,2026-09-08T14:00:00+00:00,2026-09-09T10:00:00+00:00,24.9,0.0,90,0,42480.0,9.1,15.8,27.0,187,997.1,3
1,2026-09-08T14:00:00+00:00,2026-09-09T11:00:00+00:00,25.4,0.0,100,0,43260.0,9.3,16.7,27.4,196,996.7,3
1,2026-09-08T14:00:00+00:00,2026-09-09T12:00:00+00:00,25.9,0.0,100,0,43640.0,9.4,16.7,27.0,198,996.3,3
1,2026-09-08T14:00:00+00:00,2026-09-09T13:00:00+00:00,26.3,0.0,67,0,44060.0,9.0,16.6,27.0,196,996.1,2
1,2026-09-08T14:00:00+00:00,2026-09-09T14:00:00+00:00,26.3,0.0,47,0,44780.0,8.7,15.9,26.3,197,995.8,2
1,2026-09-08T14:00:00+00:00,2026-09-09T15:00:00+00:00,25.7,0.0,32,0,44500.0,7.9,16.3,24.1,196,995.5,1
1,2026-09-08T14:00:00+00:00,2026-09-09T16:00:00+00:00,24.0,0.0,0,0,42240.0,4.7,17.6,21.2,171,995.2,0
1,2026-09-08T14:00:00+00:00,2026-09-09T17:00:00+00:00,22.4,0.0,0,0,41380.0,4.0,19.4,13.0,170,995.4,0
1,2026-09-08T14:00:00+00:00,2026-09-09T18:00:00+00:00,21.4,0.0,0,0,41020.0,4.4,21.2,10.4,171,995.6,0
1,2026-09-08T14:00:00+00:00,2026-09-09T19:00:00+00:00,20.7,0.0,0,0,40860.0,5.1,24.8,13.0,176,995.4,0
1,2026-09-08T14:00:00+00:00,2026-09-09T20:00:00+00:00,20.1,0.0,1,0,40920.0,5.8,29.5,15.5,184,995.5,0
1,2026-09-08T14:00:00+00:00,2026-09-09T21:00:00+00:00,19.8,0.0,13,0,40860.0,6.8,32.5,18.4,198,995.6,1
1,2026-09-08T14:00:00+00:00,2026-09-09T22:00:00+00:00,19.4,0.0,0,0,40680.0,6.6,33.3,19.1,202,995.6,0
1,2026-09-08T14:00:00+00:00,2026-09-09T23:00:00+00:00,18.9,0.0,0,0,40500.0,6.6,32.5,18.4,209,995.6,0
1,2026-09-08T14:00:00+00:00,2026-09-10T00:00:00+00:00,18.5,0.0,8,0,40420.0,6.8,31.7,18.7,205,995.5,1
1,2026-09-08T14:00:00+00:00,2026-09-10T01:00:00+00:00,17.8,0.0,7,0,37840.0,7.3,32.7,20.5,200,995.5,1
1,2026-09-08T14:00:00+00:00,2026-09-10T02:00:00+00:00,17.2,0.0,37,0,32560.0,7.6,33.2,21.2,199,995.5,1
1,2026-09-08T14:00:00+00:00,2026-09-10T03:00:00+00:00,16.6,0.0,3,0,29680.0,8.0,33.1,22.0,198,995.6,0
1,2026-09-08T14:00:00+00:00,2026-09-10T04:00:00+00:00,16.0,0.0,0,0,26860.0,8.0,33.1,22.3,190,995.5,0
1,2026-09-08T14:00:00+00:00,2026-09-10T05:00:00+00:00,16.4,0.0,0,0,25540.0,9.4,36.4,25.2,184,995.7,0
1,2026-09-08T14:00:00+00:00,2026-09-10T06:00:00+00:00,18.1,0.0,0,0,33740.0,11.2,24.5,31.3,182,995.7,0
1,2026-09-08T14:00:00+00:00,2026-09-10T07:00:00+00:00,20.1,0.0,0,0,38360.0,11.9,23.4,34.6,183,995.7,0
1,2026-09-08T14:00:00+00:00,2026-09-10T08:00:00+00:00,22.1,0.0,0,0,39860.0,13.0,24.7,36.4,180,995.6,0
1,2026-09-08T14:00:00+00:00,2026-09-10T09:00:00+00:00,24.1,0.0,0,0,41000.0,14.8,29.0,40.0,181,995.3,0
1,2026-09-08T14:00:00+00:00,2026-09-10T10:00:00+00:00,25.6,0.0,0,0,41920.0,16.3,33.6,44.6,188,995.0,0
1,2026-09-08T14:00:00+00:00,2026-09-10T11:00:00+00:00,26.7,0.0,0,0,42560.0,15.9,32.9,45.0,198,994.9,0
1,2026-09-08T14:00:00+00:00,2026-09-10T12:00:00+00:00,27.5,0.0,0,0,43140.0,15.3,31.7,43.6,204,994.7,0
1,2026-09-08T14:00:00+00:00,2026-09-10T13:00:00+00:00,27.8,0.0,0,0,42940.0,14.4,30.4,41.8,212,994.5,0
1,2026-09-08T14:00:00+00:00,2026-09-10T14:00:00+00:00,27.7,0.0,0,0,42820.0,13.4,29.5,39.2,211,994.5,0
1,2026-09-08T14:00:00+00:00,2026-09-10T15:00:00+00:00,27.2,0.0,100,0,42680.0,11.5,28.2,36.4,219,994.6,3
1,2026-09-08T14:00:00+00:00,2026-09-10T16:00:00+00:00,26.0,0.0,96,0,42000.0,8.2,25.5,30.6,209,994.5,3
1,2026-09-08T14:00:00+00:00,2026-09-10T17:00:00+00:00,24.6,0.0,100,41,41340.0,6.5,26.9,20.2,214,994.7,3
1,2026-09-08T14:00:00+00:00,2026-09-10T18:00:00+00:00,21.3,0.1,99,23,35400.0,17.2,36.8,48.2,299,996.2,3
1,2026-09-08T14:00:00+00:00,2026-09-10T19:00:00+00:00,19.7,0.1,96,52,27640.0,12.1,28.0,45.0,307,996.6,61
1,2026-09-08T14:00:00+00:00,2026-09-10T20:00:00+00:00,18.5,0.0,100,65,28300.0,12.6,27.3,33.5,307,997.3,3
1,2026-09-08T14:00:00+00:00,2026-09-10T21:00:00+00:00,17.3,0.3,100,76,27700.0,11.8,27.0,32.8,310,998.0,61
1,2026-09-08T14:00:00+00:00,2026-09-10T22:00:00+00:00,16.8,0.0,97,67,28860.0,9.2,22.0,31.3,309,998.2,3
1,2026-09-08T14:00:00+00:00,2026-09-10T23:00:00+00:00,16.4,0.0,99,60,28260.0,8.7,20.3,23.8,300,998.6,3
1,2026-09-08T14:00:00+00:00,2026-09-11T00:00:00+00:00,16.0,0.0,94,33,26460.0,8.4,20.1,24.1,295,999.0,3
1,2026-09-08T14:00:00+00:00,2026-09-11T01:00:00+00:00,15.7,0.0,100,33,24860.0,7.2,18.6,22.3,288,999.2,3
1,2026-09-08T14:00:00+00:00,2026-09-11T02:00:00+00:00,15.2,0.0,100,35,22320.0,7.1,21.2,19.1,285,999.5,3
1,2026-09-08T14:00:00+00:00,2026-09-11T03:00:00+00:00,14.6,0.0,99,33,22680.0,6.8,22.4,18.7,288,999.7,3
1,2026-09-08T14:00:00+00:00,2026-09-11T04:00:00+00:00,14.1,0.0,98,31,20720.0,6.6,23.0,17.6,283,1000.1,3
1,2026-09-08T14:00:00+00:00,2026-09-11T05:00:00+00:00,14.4,0.0,96,41,23320.0,9.1,21.8,23.8,288,1000.6,3
1,2026-09-08T14:00:00+00:00,2026-09-11T06:00:00+00:00,15.3,0.0,100,31,28020.0,7.9,13.9,25.9,294,1001.2,3
1,2026-09-08T14:00:00+00:00,2026-09-11T07:00:00+00:00,16.8,0.0,100,33,34060.0,8.9,15.7,25.9,302,1001.7,3
1,2026-09-08T14:00:00+00:00,2026-09-11T08:00:00+00:00,18.4,0.0,62,27,38620.0,9.0,14.8,27.4,307,1001.9,2
1,2026-09-08T14:00:00+00:00,2026-09-11T09:00:00+00:00,19.6,0.0,71,40,40800.0,10.9,18.5,32.0,297,1001.9,2
1,2026-09-08T14:00:00+00:00,2026-09-11T10:00:00+00:00,20.3,0.0,91,37,41900.0,10.5,17.2,32.0,297,1001.8,3
1,2026-09-08T14:00:00+00:00,2026-09-11T11:00:00+00:00,20.6,0.0,76,54,41920.0,10.5,16.9,31.0,297,1001.7,2
1,2026-09-08T14:00:00+00:00,2026-09-11T12:00:00+00:00,20.7,0.0,74,51,42080.0,9.4,14.9,30.6,302,1001.4,2
1,2026-09-08T14:00:00+00:00,2026-09-11T13:00:00+00:00,20.5,0.0,79,49,42020.0,9.1,14.6,29.2,304,1001.5,3
1,2026-09-08T14:00:00+00:00,2026-09-11T14:00:00+00:00,20.1,0.0,83,48,41940.0,8.9,14.6,27.0,302,1001.8,3
1,2026-09-08T14:00:00+00:00,2026-09-11T15:00:00+00:00,19.6,0.0,88,46,41880.0,8.1,14.7,24.1,302,1001.9,3
1,2026-09-08T14:00:00+00:00,2026-09-11T16:00:00+00:00,18.9,0.0,90,34,41520.0,6.5,14.5,19.8,304,1002.0,3
1,2026-09-08T14:00:00+00:00,2026-09-11T17:00:00+00:00,18.1,0.0,93,23,41140.0,4.6,14.6,14.8,309,1002.0,3
1,2026-09-08T14:00:00+00:00,2026-09-11T18:00:00+00:00,17.3,0.0,95,11,40780.0,3.6,15.3,11.2,315,1002.2,3
1,2026-09-08T14:00:00+00:00,2026-09-11T19:00:00+00:00,16.6,0.0,90,8,40480.0,3.3,16.3,10.4,319,1002.5,2
1,2026-09-08T14:00:00+00:00,2026-09-11T20:00:00+00:00,16.0,0.0,85,4,40160.0,3.8,17.3,10.8,319,1003.0,2
1,2026-09-08T14:00:00+00:00,2026-09-11T21:00:00+00:00,15.5,0.0,80,1,39860.0,4.1,17.3,11.2,322,1003.3,2
1,2026-09-08T14:00:00+00:00,2026-09-11T22:00:00+00:00,14.9,0.0,86,1,39320.0,3.8,16.1,10.4,319,1003.3,3
1,2026-09-08T14:00:00+00:00,2026-09-11T23:00:00+00:00,14.3,0.0,92,2,38800.0,3.3,14.1,9.0,319,1003.3,3
1,2026-09-08T14:00:00+00:00,2026-09-12T00:00:00+00:00,13.9,0.0,98,2,38260.0,2.8,12.2,7.6,320,1003.3,3
1,2026-09-08T14:00:00+00:00,2026-09-12T01:00:00+00:00,13.6,0.0,97,1,37620.0,2.3,10.0,5.8,321,1003.2,3
1,2026-09-08T14:00:00+00:00,2026-09-12T02:00:00+00:00,13.4,0.0,96,1,36960.0,1.5,7.7,3.6,315,1003.3,3
1,2026-09-08T14:00:00+00:00,2026-09-12T03:00:00+00:00,13.4,0.0,95,0,36320.0,1.0,6.0,2.5,315,1003.4,3
1,2026-09-08T14:00:00+00:00,2026-09-12T04:00:00+00:00,13.6,0.0,97,13,35980.0,0.4,5.5,2.9,360,1003.6,3
1,2026-09-08T14:00:00+00:00,2026-09-12T05:00:00+00:00,13.9,0.0,98,26,35660.0,0.7,5.4,4.3,90,1003.8,3
1,2026-09-08T14:00:00+00:00,2026-09-12T06:00:00+00:00,14.4,0.0,100,39,35320.0,1.4,5.7,5.8,90,1004.0,3
1,2026-09-08T14:00:00+00:00,2026-09-12T07:00:00+00:00,15.1,0.0,98,38,36720.0,2.2,5.3,7.6,90,1004.0,3
1,2026-09-08T14:00:00+00:00,2026-09-12T08:00:00+00:00,16.0,0.0,97,37,38140.0,2.5,4.6,9.4,90,1004.1,3
1,2026-09-08T14:00:00+00:00,2026-09-12T09:00:00+00:00,16.5,0.0,95,36,39540.0,2.9,3.9,11.2,83,1004.0,3
1,2026-09-08T14:00:00+00:00,2026-09-12T10:00:00+00:00,16.2,1.1,97,37,30320.0,3.1,4.7,13.0,54,1003.8,61
1,2026-09-08T14:00:00+00:00,2026-09-12T11:00:00+00:00,15.5,1.1,98,37,21120.0,4.5,7.6,15.1,29,1003.5,61
1,2026-09-08T14:00:00+00:00,2026-09-12T12:00:00+00:00,14.8,1.1,100,38,11900.0,5.2,9.5,16.2,16,1003.3,61
1,2026-09-08T14:00:00+00:00,2026-09-12T13:00:00+00:00,14.3,0.9,100,50,13020.0,5.1,9.4,16.2,8,1003.4,61
1,2026-09-08T14:00:00+00:00,2026-09-12T14:00:00+00:00,13.8,0.9,100,61,14120.0,4.0,8.1,15.5,355,1003.5,61
1,2026-09-08T14:00:00+00:00,2026-09-12T15:00:00+00:00,13.3,0.9,100,73,15240.0,3.3,7.6,14.4,347,1003.6,61
1,2026-09-08T14:00:00+00:00,2026-09-12T16:00:00+00:00,13.0,0.8,100,65,19140.0,2.9,8.8,12.6,353,1003.6,61
1,2026-09-08T14:00:00+00:00,2026-09-12T17:00:00+00:00,12.8,0.8,100,57,23040.0,3.0,11.2,10.4,14,1003.5,61
1,2026-09-08T14:00:00+00:00,2026-09-12T18:00:00+00:00,12.7,0.8,100,49,26940.0,2.7,13.1,8.6,23,1003.5,61
1,2026-09-08T14:00:00+00:00,2026-09-12T19:00:00+00:00,12.8,0.0,100,52,26180.0,1.9,13.1,7.9,22,1003.6,3
1,2026-09-08T14:00:00+00:00,2026-09-12T20:00:00+00:00,13.1,0.0,100,54,25440.0,0.8,12.0,7.9,333,1003.8,3
1,2026-09-08T14:00:00+00:00,2026-09-12T21:00:00+00:00,13.3,0.0,100,57,24680.0,1.1,11.1,7.6,270,1003.9,3
1,2026-09-08T14:00:00+00:00,2026-09-12T22:00:00+00:00,13.3,0.0,100,54,21600.0,1.1,10.4,6.8,288,1003.9,3
1,2026-09-08T14:00:00+00:00,2026-09-12T23:00:00+00:00,13.3,0.0,100,50,18500.0,1.6,10.2,6.5,333,1003.9,3
1,2026-09-08T14:00:00+00:00,2026-09-13T00:00:00+00:00,13.3,0.0,100,47,15420.0,2.2,10.6,6.5,351,1003.9,3
1,2026-09-08T14:00:00+00:00,2026-09-13T01:00:00+00:00,13.3,0.0,100,38,18620.0,2.9,12.1,7.9,7,1003.9,3
1,2026-09-08T14:00:00+00:00,2026-09-13T02:00:00+00:00,13.1,0.0,100,28,21820.0,3.7,14.4,10.4,11,1004.0,3
1,2026-09-08T14:00:00+00:00,2026-09-13T03:00:00+00:00,13.1,0.0,100,19,25020.0,4.2,15.6,12.2,20,1004.1,3
1,2026-09-08T14:00:00+00:00,2026-09-13T04:00:00+00:00,13.1,0.0,100,10,24760.0,4.6,14.8,12.6,25,1004.5,3
1,2026-09-08T14:00:00+00:00,2026-09-13T05:00:00+00:00,13.4,0.0,100,3,27670.0,5.0,13.0,13.7,30,1005.0,3
1,2026-09-08T14:00:00+00:00,2026-09-13T06:00:00+00:00,13.6,0.0,100,0,33760.0,5.5,11.8,14.9,33,1005.4,3
1,2026-09-08T14:00:00+00:00,2026-09-13T07:00:00+00:00,15.1,0.0,67,0,36380.0,5.0,10.0,14.0,30,1007.4,0
1,2026-09-08T14:00:00+00:00,2026-09-13T08:00:00+00:00,16.9,0.0,33,0,38600.0,5.9,9.3,16.6,38,1007.5,0
1,2026-09-08T14:00:00+00:00,2026-09-13T09:00:00+00:00,18.3,0.0,0,0,40800.0,6.4,8.8,18.4,38,1007.5,0
1,2026-09-08T14:00:00+00:00,2026-09-13T10:00:00+00:00,19.2,0.0,11,11,41720.0,6.2,7.5,18.4,36,1007.2,1
1,2026-09-08T14:00:00+00:00,2026-09-13T11:00:00+00:00,19.7,0.0,23,23,42640.0,5.3,6.7,17.6,28,1006.9,1
1,2026-09-08T14:00:00+00:00,2026-09-13T12:00:00+00:00,20.0,0.0,34,34,43560.0,5.0,6.2,16.9,21,1006.5,1
1,2026-09-08T14:00:00+00:00,2026-09-13T13:00:00+00:00,20.0,0.0,23,23,42640.0,4.8,6.2,16.6,13,1006.2,0
1,2026-09-08T14:00:00+00:00,2026-09-13T14:00:00+00:00,19.6,0.0,11,11,41720.0,5.1,7.1,15.8,4,1005.9,0
1,2026-09-08T14:00:00+00:00,2026-09-13T15:00:00+00:00,19.0,0.0,0,0,40800.0,4.7,7.4,14.4,360,1005.7,0
1,2026-09-08T14:00:00+00:00,2026-09-13T16:00:00+00:00,17.9,0.0,0,0,40800.0,3.3,7.2,10.8,6,1005.8,0
1,2026-09-08T14:00:00+00:00,2026-09-13T17:00:00+00:00,16.5,0.0,0,0,40820.0,2.3,7.4,6.1,39,1005.9,0
1,2026-09-08T14:00:00+00:00,2026-09-13T18:00:00+00:00,15.2,0.0,0,0,40820.0,1.5,7.3,2.9,76,1006.0,0
1,2026-09-08T14:00:00+00:00,2026-09-13T19:00:00+00:00,14.3,0.0,0,0,39800.0,0.0,5.9,2.5,270,1006.1,0
1,2026-09-08T14:00:00+00:00,2026-09-13T20:00:00+00:00,13.6,0.0,0,0,38800.0,2.5,3.7,3.6,270,1006.3,0
1,2026-09-08T14:00:00+00:00,2026-09-13T21:00:00+00:00,12.9,0.0,0,0,37780.0,4.0,3.2,4.7,275,1006.3,0
1,2026-09-08T14:00:00+00:00,2026-09-13T22:00:00+00:00,12.2,0.0,0,0,37780.0,4.0,5.0,5.4,280,1006.4,0
1,2026-09-08T14:00:00+00:00,2026-09-13T23:00:00+00:00,11.7,0.0,0,0,37780.0,3.5,7.8,6.1,294,1006.4,0
1,2026-09-08T14:00:00+00:00,2026-09-14T00:00:00+00:00,11.2,0.0,0,0,37780.0,3.4,9.5,6.5,302,1006.4,0
1,2026-09-08T14:00:00+00:00,2026-09-14T01:00:00+00:00,10.7,0.0,0,0,37040.0,3.4,9.2,6.1,302,1006.4,0
1,2026-09-08T14:00:00+00:00,2026-09-14T02:00:00+00:00,10.2,0.0,0,0,36280.0,3.5,8.2,5.0,294,1006.4,0
1,2026-09-08T14:00:00+00:00,2026-09-14T03:00:00+00:00,10.3,0.0,0,0,35540.0,3.4,7.2,4.7,288,1006.5,0
1,2026-09-08T14:00:00+00:00,2026-09-14T04:00:00+00:00,11.2,0.0,0,0,36280.0,2.7,6.8,4.7,293,1006.7,0
1,2026-09-08T14:00:00+00:00,2026-09-14T05:00:00+00:00,12.6,0.0,0,0,37040.0,2.3,6.5,5.4,309,1007.1,0
1,2026-09-08T14:00:00+00:00,2026-09-14T06:00:00+00:00,14.1,0.0,0,0,37780.0,1.8,5.8,6.1,323,1007.4,0
1,2026-09-08T14:00:00+00:00,2026-09-14T07:00:00+00:00,16.0,0.0,7,7,16860.0,1.5,4.7,7.2,346,1007.6,1
1,2026-09-08T14:00:00+00:00,2026-09-14T08:00:00+00:00,18.0,0.0,15,15,20320.0,1.8,3.3,9.0,360,1007.7,1
1,2026-09-08T14:00:00+00:00,2026-09-14T09:00:00+00:00,19.7,0.0,22,22,23780.0,1.8,2.1,10.1,360,1007.6,1
1,2026-09-08T14:00:00+00:00,2026-09-14T10:00:00+00:00,20.7,0.0,25,22,27240.0,1.9,2.1,10.4,338,1007.3,1
1,2026-09-08T14:00:00+00:00,2026-09-14T11:00:00+00:00,21.2,0.0,29,22,30700.0,2.6,3.0,10.8,304,1006.9,1
1,2026-09-08T14:00:00+00:00,2026-09-14T12:00:00+00:00,21.5,0.0,32,22,34160.0,3.2,3.9,10.8,297,1006.4,1
1,2026-09-08T14:00:00+00:00,2026-09-14T13:00:00+00:00,21.5,0.0,30,19,32440.0,3.4,4.6,11.5,302,1006.0,1
1,2026-09-08T14:00:00+00:00,2026-09-14T14:00:00+00:00,21.3,0.0,27,15,30740.0,3.6,5.0,12.2,315,1005.7,1
1,2026-09-08T14:00:00+00:00,2026-09-14T15:00:00+00:00,20.6,0.0,25,12,29020.0,3.3,5.2,11.9,319,1005.4,1
1,2026-09-08T14:00:00+00:00,2026-09-14T16:00:00+00:00,19.4,0.0,21,8,27300.0,2.3,4.7,8.6,309,1005.4,1
1,2026-09-08T14:00:00+00:00,2026-09-14T17:00:00+00:00,17.7,0.0,17,4,25600.0,1.1,3.7,4.7,270,1005.5,1
1,2026-09-08T14:00:00+00:00,2026-09-14T18:00:00+00:00,16.3,0.0,13,0,23880.0,1.5,3.7,1.8,225,1005.6,1
1,2026-09-08T14:00:00+00:00,2026-09-14T19:00:00+00:00,15.4,0.0,26,16,20420.0,1.9,5.8,2.5,248,1005.6,2
1,2026-09-08T14:00:00+00:00,2026-09-14T20:00:00+00:00,14.7,0.0,40,31,16940.0,2.9,9.0,4.7,277,1005.7,2
1,2026-09-08T14:00:00+00:00,2026-09-14T21:00:00+00:00,14.1,0.0,53,47,13480.0,3.8,10.7,6.1,287,1005.7,2
1,2026-09-08T14:00:00+00:00,2026-09-14T22:00:00+00:00,13.5,0.0,35,31,10000.0,3.8,9.5,6.1,287,1005.7,0
1,2026-09-08T14:00:00+00:00,2026-09-14T23:00:00+00:00,13.0,0.0,18,16,6540.0,3.7,7.2,5.8,281,1005.6,0
1,2026-09-08T15:00:00+00:00,2026-09-08T00:00:00+00:00,11.5,0.0,0,0,29260.0,4.3,19.5,12.2,275,1005.2,0
1,2026-09-08T15:00:00+00:00,2026-09-08T01:00:00+00:00,11.3,0.0,0,0,28680.0,4.3,18.9,13.0,265,1004.9,0
1,2026-09-08T15:00:00+00:00,2026-09-08T02:00:00+00:00,10.9,0.0,2,0,26760.0,3.7,17.7,12.2,259,1004.4,0
1,2026-09-08T15:00:00+00:00,2026-09-08T03:00:00+00:00,10.1,0.0,7,0,23020.0,3.3,15.3,11.2,257,1004.6,1
1,2026-09-08T15:00:00+00:00,2026-09-08T04:00:00+00:00,9.9,0.0,1,1,19040.0,3.4,14.1,10.1,252,1004.4,0
1,2026-09-08T15:00:00+00:00,2026-09-08T05:00:00+00:00,11.3,0.0,38,0,25640.0,3.0,13.4,10.1,256,1004.5,1
1,2026-09-08T15:00:00+00:00,2026-09-08T06:00:00+00:00,13.4,0.0,100,0,32120.0,4.7,13.3,13.7,266,1004.7,3
1,2026-09-08T15:00:00+00:00,2026-09-08T07:00:00+00:00,15.3,0.0,100,0,36820.0,4.7,6.4,16.2,266,1004.8,3
1,2026-09-08T15:00:00+00:00,2026-09-08T08:00:00+00:00,17.2,0.0,84,1,39560.0,5.4,8.1,16.9,262,1004.1,2
1,2026-09-08T15:00:00+00:00,2026-09-08T09:00:00+00:00,19.2,0.0,76,55,40940.0,7.2,10.9,20.9,270,1003.5,2
1,2026-09-08T15:00:00+00:00,2026-09-08T10:00:00+00:00,19.8,0.0,79,60,41120.0,6.8,10.6,22.3,270,1002.5,2
1,2026-09-08T15:00:00+00:00,2026-09-08T11:00:00+00:00,20.2,0.0,85,56,41200.0,6.5,9.9,21.6,267,1001.8,3
1,2026-09-08T15:00:00+00:00,2026-09-08T12:00:00+00:00,20.6,0.0,69,54,41240.0,6.2,8.9,20.5,260,1001.0,2
1,2026-09-08T15:00:00+00:00,2026-09-08T13:00:00+00:00,20.9,0.0,67,50,41360.0,5.2,7.7,19.1,254,1000.7,2
1,2026-09-08T15:00:00+00:00,2026-09-08T14:00:00+00:00,20.9,0.0,58,50,41320.0,4.9,7.7,16.6,253,1000.5,2
1,2026-09-08T15:00:00+00:00,2026-09-08T15:00:00+00:00,20.7,0.0,71,43,41520.0,4.5,7.7,15.5,256,999.9,2
1,2026-09-08T15:00:00+00:00,2026-09-08T16:00:00+00:00,20.1,0.0,53,36,41460.0,3.0,6.9,14.0,256,999.5,2
1,2026-09-08T15:00:00+00:00,2026-09-08T17:00:00+00:00,19.0,0.0,14,1,41060.0,1.6,3.5,7.9,153,999.3,1
1,2026-09-08T15:00:00+00:00,2026-09-08T18:00:00+00:00,18.2,0.0,36,0,40800.0,2.6,4.9,4.7,146,999.1,1
1,2026-09-08T15:00:00+00:00,2026-09-08T19:00:00+00:00,17.3,0.0,44,0,39780.0,3.4,10.6,8.3,148,998.9,2
1,2026-09-08T15:00:00+00:00,2026-09-08T20:00:00+00:00,16.4,0.0,28,0,38800.0,3.7,16.3,8.6,151,998.8,1
1,2026-09-08T15:00:00+00:00,2026-09-08T21:00:00+00:00,15.9,0.0,56,0,38900.0,3.9,17.4,9.7,146,998.9,2
1,2026-09-08T15:00:00+00:00,2026-09-08T22:00:00+00:00,15.3,0.0,100,0,38200.0,4.2,20.5,10.8,160,998.4,3
1,2026-09-08T15:00:00+00:00,2026-09-08T23:00:00+00:00,15.1,0.0,100,0,37680.0,3.8,20.2,11.5,163,998.1,3
1,2026-09-08T15:00:00+00:00,2026-09-09T00:00:00+00:00,15.1,0.0,26,0,37640.0,4.1,20.1,10.8,165,998.2,1
1,2026-09-08T15:00:00+00:00,2026-09-09T01:00:00+00:00,14.5,0.0,54,0,36700.0,4.1,20.8,10.4,165,998.4,2
1,2026-09-08T15:00:00+00:00,2026-09-09T02:00:00+00:00,14.3,0.0,58,0,37200.0,4.2,21.5,10.8,160,998.2,2
1,2026-09-08T15:00:00+00:00,2026-09-09T03:00:00+00:00,14.1,0.0,46,0,35380.0,4.6,22.6,11.9,162,997.6,2
1,2026-09-08T15:00:00+00:00,2026-09-09T04:00:00+00:00,13.9,0.0,100,0,31880.0,4.3,21.9,11.9,156,997.5,3
1,2026-09-08T15:00:00+00:00,2026-09-09T05:00:00+00:00,14.8,0.0,43,0,31240.0,5.2,22.2,14.0,168,997.5,1
1,2026-09-08T15:00:00+00:00,2026-09-09T06:00:00+00:00,16.8,0.0,63,0,36340.0,6.2,19.0,17.3,173,997.9,2
1,2026-09-08T15:00:00+00:00,2026-09-09T07:00:00+00:00,19.1,0.0,67,0,40460.0,6.5,10.6,19.8,177,998.1,2
1,2026-09-08T15:00:00+00:00,2026-09-09T08:00:00+00:00,21.5,0.0,36,0,41060.0,7.2,11.6,22.0,174,997.9,1
1,2026-09-08T15:00:00+00:00,2026-09-09T09:00:00+00:00,23.5,0.0,93,0,41640.0,8.3,13.4,24.5,178,997.5,3
1,2026-09-08T15:00:00+00:00,2026-09-09T10:00:00+00:00,24.9,0.0,90,0,42480.0,9.1,15.8,27.0,187,997.1,3
1,2026-09-08T15:00:00+00:00,2026-09-09T11:00:00+00:00,25.4,0.0,100,0,43260.0,9.3,16.7,27.4,196,996.7,3
1,2026-09-08T15:00:00+00:00,2026-09-09T12:00:00+00:00,25.9,0.0,100,0,43640.0,9.4,16.7,27.0,198,996.3,3
1,2026-09-08T15:00:00+00:00,2026-09-09T13:00:00+00:00,26.3,0.0,67,0,44060.0,9.0,16.6,27.0,196,996.1,2
1,2026-09-08T15:00:00+00:00,2026-09-09T14:00:00+00:00,26.3,0.0,47,0,44780.0,8.7,15.9,26.3,197,995.8,2
1,2026-09-08T15:00:00+00:00,2026-09-09T15:00:00+00:00,25.7,0.0,32,0,44500.0,7.9,16.3,24.1,196,995.5,1
1,2026-09-08T15:00:00+00:00,2026-09-09T16:00:00+00:00,24.0,0.0,0,0,42240.0,4.7,17.6,21.2,171,995.2,0
1,2026-09-08T15:00:00+00:00,2026-09-09T17:00:00+00:00,22.4,0.0,0,0,41380.0,4.0,19.4,13.0,170,995.4,0
1,2026-09-08T15:00:00+00:00,2026-09-09T18:00:00+00:00,21.4,0.0,0,0,41020.0,4.4,21.2,10.4,171,995.6,0
1,2026-09-08T15:00:00+00:00,2026-09-09T19:00:00+00:00,20.7,0.0,0,0,40860.0,5.1,24.8,13.0,176,995.4,0
1,2026-09-08T15:00:00+00:00,2026-09-09T20:00:00+00:00,20.1,0.0,1,0,40920.0,5.8,29.5,15.5,184,995.5,0
1,2026-09-08T15:00:00+00:00,2026-09-09T21:00:00+00:00,19.8,0.0,13,0,40860.0,6.8,32.5,18.4,198,995.6,1
1,2026-09-08T15:00:00+00:00,2026-09-09T22:00:00+00:00,19.4,0.0,0,0,40680.0,6.6,33.3,19.1,202,995.6,0
1,2026-09-08T15:00:00+00:00,2026-09-09T23:00:00+00:00,18.9,0.0,0,0,40500.0,6.6,32.5,18.4,209,995.6,0
1,2026-09-08T15:00:00+00:00,2026-09-10T00:00:00+00:00,18.5,0.0,8,0,40420.0,6.8,31.7,18.7,205,995.5,1
1,2026-09-08T15:00:00+00:00,2026-09-10T01:00:00+00:00,17.8,0.0,7,0,37840.0,7.3,32.7,20.5,200,995.5,1
1,2026-09-08T15:00:00+00:00,2026-09-10T02:00:00+00:00,17.2,0.0,37,0,32560.0,7.6,33.2,21.2,199,995.5,1
1,2026-09-08T15:00:00+00:00,2026-09-10T03:00:00+00:00,16.6,0.0,3,0,29680.0,8.0,33.1,22.0,198,995.6,0
1,2026-09-08T15:00:00+00:00,2026-09-10T04:00:00+00:00,16.0,0.0,0,0,26860.0,8.0,33.1,22.3,190,995.5,0
1,2026-09-08T15:00:00+00:00,2026-09-10T05:00:00+00:00,16.4,0.0,0,0,25540.0,9.4,36.4,25.2,184,995.7,0
1,2026-09-08T15:00:00+00:00,2026-09-10T06:00:00+00:00,18.1,0.0,0,0,33740.0,11.2,24.5,31.3,182,995.7,0
1,2026-09-08T15:00:00+00:00,2026-09-10T07:00:00+00:00,20.1,0.0,0,0,38360.0,11.9,23.4,34.6,183,995.7,0
1,2026-09-08T15:00:00+00:00,2026-09-10T08:00:00+00:00,22.1,0.0,0,0,39860.0,13.0,24.7,36.4,180,995.6,0
1,2026-09-08T15:00:00+00:00,2026-09-10T09:00:00+00:00,24.1,0.0,0,0,41000.0,14.8,29.0,40.0,181,995.3,0
1,2026-09-08T15:00:00+00:00,2026-09-10T10:00:00+00:00,25.6,0.0,0,0,41920.0,16.3,33.6,44.6,188,995.0,0
1,2026-09-08T15:00:00+00:00,2026-09-10T11:00:00+00:00,26.7,0.0,0,0,42560.0,15.9,32.9,45.0,198,994.9,0
1,2026-09-08T15:00:00+00:00,2026-09-10T12:00:00+00:00,27.5,0.0,0,0,43140.0,15.3,31.7,43.6,204,994.7,0
1,2026-09-08T15:00:00+00:00,2026-09-10T13:00:00+00:00,27.8,0.0,0,0,42940.0,14.4,30.4,41.8,212,994.5,0
1,2026-09-08T15:00:00+00:00,2026-09-10T14:00:00+00:00,27.7,0.0,0,0,42820.0,13.4,29.5,39.2,211,994.5,0
1,2026-09-08T15:00:00+00:00,2026-09-10T15:00:00+00:00,27.2,0.0,100,0,42680.0,11.5,28.2,36.4,219,994.6,3
1,2026-09-08T15:00:00+00:00,2026-09-10T16:00:00+00:00,26.0,0.0,96,0,42000.0,8.2,25.5,30.6,209,994.5,3
1,2026-09-08T15:00:00+00:00,2026-09-10T17:00:00+00:00,24.6,0.0,100,41,41340.0,6.5,26.9,20.2,214,994.7,3
1,2026-09-08T15:00:00+00:00,2026-09-10T18:00:00+00:00,21.3,0.1,99,23,35400.0,17.2,36.8,48.2,299,996.2,3
1,2026-09-08T15:00:00+00:00,2026-09-10T19:00:00+00:00,19.7,0.1,96,52,27640.0,12.1,28.0,45.0,307,996.6,61
1,2026-09-08T15:00:00+00:00,2026-09-10T20:00:00+00:00,18.5,0.0,100,65,28300.0,12.6,27.3,33.5,307,997.3,3
1,2026-09-08T15:00:00+00:00,2026-09-10T21:00:00+00:00,17.3,0.3,100,76,27700.0,11.8,27.0,32.8,310,998.0,61
1,2026-09-08T15:00:00+00:00,2026-09-10T22:00:00+00:00,16.8,0.0,97,67,28860.0,9.2,22.0,31.3,309,998.2,3
1,2026-09-08T15:00:00+00:00,2026-09-10T23:00:00+00:00,16.4,0.0,99,60,28260.0,8.7,20.3,23.8,300,998.6,3
1,2026-09-08T15:00:00+00:00,2026-09-11T00:00:00+00:00,16.0,0.0,94,33,26460.0,8.4,20.1,24.1,295,999.0,3
1,2026-09-08T15:00:00+00:00,2026-09-11T01:00:00+00:00,15.7,0.0,100,33,24860.0,7.2,18.6,22.3,288,999.2,3
1,2026-09-08T15:00:00+00:00,2026-09-11T02:00:00+00:00,15.2,0.0,100,35,22320.0,7.1,21.2,19.1,285,999.5,3
1,2026-09-08T15:00:00+00:00,2026-09-11T03:00:00+00:00,14.6,0.0,99,33,22680.0,6.8,22.4,18.7,288,999.7,3
1,2026-09-08T15:00:00+00:00,2026-09-11T04:00:00+00:00,14.1,0.0,98,31,20720.0,6.6,23.0,17.6,283,1000.1,3
1,2026-09-08T15:00:00+00:00,2026-09-11T05:00:00+00:00,14.4,0.0,96,41,23320.0,9.1,21.8,23.8,288,1000.6,3
1,2026-09-08T15:00:00+00:00,2026-09-11T06:00:00+00:00,15.3,0.0,100,31,28020.0,7.9,13.9,25.9,294,1001.2,3
1,2026-09-08T15:00:00+00:00,2026-09-11T07:00:00+00:00,16.8,0.0,100,33,34060.0,8.9,15.7,25.9,302,1001.7,3
1,2026-09-08T15:00:00+00:00,2026-09-11T08:00:00+00:00,18.4,0.0,62,27,38620.0,9.0,14.8,27.4,307,1001.9,2
1,2026-09-08T15:00:00+00:00,2026-09-11T09:00:00+00:00,19.6,0.0,71,40,40800.0,10.9,18.5,32.0,297,1001.9,2
1,2026-09-08T15:00:00+00:00,2026-09-11T10:00:00+00:00,20.3,0.0,91,37,41900.0,10.5,17.2,32.0,297,1001.8,3
1,2026-09-08T15:00:00+00:00,2026-09-11T11:00:00+00:00,20.6,0.0,76,54,41920.0,10.5,16.9,31.0,297,1001.7,2
1,2026-09-08T15:00:00+00:00,2026-09-11T12:00:00+00:00,20.7,0.0,74,51,42080.0,9.4,14.9,30.6,302,1001.4,2
1,2026-09-08T15:00:00+00:00,2026-09-11T13:00:00+00:00,20.5,0.0,79,49,42020.0,9.1,14.6,29.2,304,1001.5,3
1,2026-09-08T15:00:00+00:00,2026-09-11T14:00:00+00:00,20.1,0.0,83,48,41940.0,8.9,14.6,27.0,302,1001.8,3
1,2026-09-08T15:00:00+00:00,2026-09-11T15:00:00+00:00,19.6,0.0,88,46,41880.0,8.1,14.7,24.1,302,1001.9,3
1,2026-09-08T15:00:00+00:00,2026-09-11T16:00:00+00:00,18.9,0.0,90,34,41520.0,6.5,14.5,19.8,304,1002.0,3
1,2026-09-08T15:00:00+00:00,2026-09-11T17:00:00+00:00,18.1,0.0,93,23,41140.0,4.6,14.6,14.8,309,1002.0,3
1,2026-09-08T15:00:00+00:00,2026-09-11T18:00:00+00:00,17.3,0.0,95,11,40780.0,3.6,15.3,11.2,315,1002.2,3
1,2026-09-08T15:00:00+00:00,2026-09-11T19:00:00+00:00,16.6,0.0,90,8,40480.0,3.3,16.3,10.4,319,1002.5,2
1,2026-09-08T15:00:00+00:00,2026-09-11T20:00:00+00:00,16.0,0.0,85,4,40160.0,3.8,17.3,10.8,319,1003.0,2
1,2026-09-08T15:00:00+00:00,2026-09-11T21:00:00+00:00,15.5,0.0,80,1,39860.0,4.1,17.3,11.2,322,1003.3,2
1,2026-09-08T15:00:00+00:00,2026-09-11T22:00:00+00:00,14.9,0.0,86,1,39320.0,3.8,16.1,10.4,319,1003.3,3
1,2026-09-08T15:00:00+00:00,2026-09-11T23:00:00+00:00,14.3,0.0,92,2,38800.0,3.3,14.1,9.0,319,1003.3,3
1,2026-09-08T15:00:00+00:00,2026-09-12T00:00:00+00:00,13.9,0.0,98,2,38260.0,2.8,12.2,7.6,320,1003.3,3
1,2026-09-08T15:00:00+00:00,2026-09-12T01:00:00+00:00,13.6,0.0,97,1,37620.0,2.3,10.0,5.8,321,1003.2,3
1,2026-09-08T15:00:00+00:00,2026-09-12T02:00:00+00:00,13.4,0.0,96,1,36960.0,1.5,7.7,3.6,315,1003.3,3
1,2026-09-08T15:00:00+00:00,2026-09-12T03:00:00+00:00,13.4,0.0,95,0,36320.0,1.0,6.0,2.5,315,1003.4,3
1,2026-09-08T15:00:00+00:00,2026-09-12T04:00:00+00:00,13.6,0.0,97,13,35980.0,0.4,5.5,2.9,360,1003.6,3
1,2026-09-08T15:00:00+00:00,2026-09-12T05:00:00+00:00,13.9,0.0,98,26,35660.0,0.7,5.4,4.3,90,1003.8,3
1,2026-09-08T15:00:00+00:00,2026-09-12T06:00:00+00:00,14.4,0.0,100,39,35320.0,1.4,5.7,5.8,90,1004.0,3
1,2026-09-08T15:00:00+00:00,2026-09-12T07:00:00+00:00,15.1,0.0,98,38,36720.0,2.2,5.3,7.6,90,1004.0,3
1,2026-09-08T15:00:00+00:00,2026-09-12T08:00:00+00:00,16.0,0.0,97,37,38140.0,2.5,4.6,9.4,90,1004.1,3
1,2026-09-08T15:00:00+00:00,2026-09-12T09:00:00+00:00,16.5,0.0,95,36,39540.0,2.9,3.9,11.2,83,1004.0,3
1,2026-09-08T15:00:00+00:00,2026-09-12T10:00:00+00:00,16.2,1.1,97,37,30320.0,3.1,4.7,13.0,54,1003.8,61
1,2026-09-08T15:00:00+00:00,2026-09-12T11:00:00+00:00,15.5,1.1,98,37,21120.0,4.5,7.6,15.1,29,1003.5,61
1,2026-09-08T15:00:00+00:00,2026-09-12T12:00:00+00:00,14.8,1.1,100,38,11900.0,5.2,9.5,16.2,16,1003.3,61
1,2026-09-08T15:00:00+00:00,2026-09-12T13:00:00+00:00,14.3,0.9,100,50,13020.0,5.1,9.4,16.2,8,1003.4,61
1,2026-09-08T15:00:00+00:00,2026-09-12T14:00:00+00:00,13.8,0.9,100,61,14120.0,4.0,8.1,15.5,355,1003.5,61
1,2026-09-08T15:00:00+00:00,2026-09-12T15:00:00+00:00,13.3,0.9,100,73,15240.0,3.3,7.6,14.4,347,1003.6,61
1,2026-09-08T15:00:00+00:00,2026-09-12T16:00:00+00:00,13.0,0.8,100,65,19140.0,2.9,8.8,12.6,353,1003.6,61
1,2026-09-08T15:00:00+00:00,2026-09-12T17:00:00+00:00,12.8,0.8,100,57,23040.0,3.0,11.2,10.4,14,1003.5,61
1,2026-09-08T15:00:00+00:00,2026-09-12T18:00:00+00:00,12.7,0.8,100,49,26940.0,2.7,13.1,8.6,23,1003.5,61
1,2026-09-08T15:00:00+00:00,2026-09-12T19:00:00+00:00,12.8,0.0,100,52,26180.0,1.9,13.1,7.9,22,1003.6,3
1,2026-09-08T15:00:00+00:00,2026-09-12T20:00:00+00:00,13.1,0.0,100,54,25440.0,0.8,12.0,7.9,333,1003.8,3
1,2026-09-08T15:00:00+00:00,2026-09-12T21:00:00+00:00,13.3,0.0,100,57,24680.0,1.1,11.1,7.6,270,1003.9,3
1,2026-09-08T15:00:00+00:00,2026-09-12T22:00:00+00:00,13.3,0.0,100,54,21600.0,1.1,10.4,6.8,288,1003.9,3
1,2026-09-08T15:00:00+00:00,2026-09-12T23:00:00+00:00,13.3,0.0,100,50,18500.0,1.6,10.2,6.5,333,1003.9,3
1,2026-09-08T15:00:00+00:00,2026-09-13T00:00:00+00:00,13.3,0.0,100,47,15420.0,2.2,10.6,6.5,351,1003.9,3
1,2026-09-08T15:00:00+00:00,2026-09-13T01:00:00+00:00,13.3,0.0,100,38,18620.0,2.9,12.1,7.9,7,1003.9,3
1,2026-09-08T15:00:00+00:00,2026-09-13T02:00:00+00:00,13.1,0.0,100,28,21820.0,3.7,14.4,10.4,11,1004.0,3
1,2026-09-08T15:00:00+00:00,2026-09-13T03:00:00+00:00,13.1,0.0,100,19,25020.0,4.2,15.6,12.2,20,1004.1,3
1,2026-09-08T15:00:00+00:00,2026-09-13T04:00:00+00:00,13.1,0.0,100,10,24760.0,4.6,14.8,12.6,25,1004.5,3
1,2026-09-08T15:00:00+00:00,2026-09-13T05:00:00+00:00,13.4,0.0,100,3,27670.0,5.0,13.0,13.7,30,1005.0,3
1,2026-09-08T15:00:00+00:00,2026-09-13T06:00:00+00:00,13.6,0.0,100,0,33760.0,5.5,11.8,14.9,33,1005.4,3
1,2026-09-08T15:00:00+00:00,2026-09-13T07:00:00+00:00,15.1,0.0,67,0,36380.0,5.0,10.0,14.0,30,1007.4,0
1,2026-09-08T15:00:00+00:00,2026-09-13T08:00:00+00:00,16.9,0.0,33,0,38600.0,5.9,9.3,16.6,38,1007.5,0
1,2026-09-08T15:00:00+00:00,2026-09-13T09:00:00+00:00,18.3,0.0,0,0,40800.0,6.4,8.8,18.4,38,1007.5,0
1,2026-09-08T15:00:00+00:00,2026-09-13T10:00:00+00:00,19.2,0.0,11,11,41720.0,6.2,7.5,18.4,36,1007.2,1
1,2026-09-08T15:00:00+00:00,2026-09-13T11:00:00+00:00,19.7,0.0,23,23,42640.0,5.3,6.7,17.6,28,1006.9,1
1,2026-09-08T15:00:00+00:00,2026-09-13T12:00:00+00:00,20.0,0.0,34,34,43560.0,5.0,6.2,16.9,21,1006.5,1
1,2026-09-08T15:00:00+00:00,2026-09-13T13:00:00+00:00,20.0,0.0,23,23,42640.0,4.8,6.2,16.6,13,1006.2,0
1,2026-09-08T15:00:00+00:00,2026-09-13T14:00:00+00:00,19.6,0.0,11,11,41720.0,5.1,7.1,15.8,4,1005.9,0
1,2026-09-08T15:00:00+00:00,2026-09-13T15:00:00+00:00,19.0,0.0,0,0,40800.0,4.7,7.4,14.4,360,1005.7,0
1,2026-09-08T15:00:00+00:00,2026-09-13T16:00:00+00:00,17.9,0.0,0,0,40800.0,3.3,7.2,10.8,6,1005.8,0
1,2026-09-08T15:00:00+00:00,2026-09-13T17:00:00+00:00,16.5,0.0,0,0,40820.0,2.3,7.4,6.1,39,1005.9,0
1,2026-09-08T15:00:00+00:00,2026-09-13T18:00:00+00:00,15.2,0.0,0,0,40820.0,1.5,7.3,2.9,76,1006.0,0
1,2026-09-08T15:00:00+00:00,2026-09-13T19:00:00+00:00,14.3,0.0,0,0,39800.0,0.0,5.9,2.5,270,1006.1,0
1,2026-09-08T15:00:00+00:00,2026-09-13T20:00:00+00:00,13.6,0.0,0,0,38800.0,2.5,3.7,3.6,270,1006.3,0
1,2026-09-08T15:00:00+00:00,2026-09-13T21:00:00+00:00,12.9,0.0,0,0,37780.0,4.0,3.2,4.7,275,1006.3,0
1,2026-09-08T15:00:00+00:00,2026-09-13T22:00:00+00:00,12.2,0.0,0,0,37780.0,4.0,5.0,5.4,280,1006.4,0
1,2026-09-08T15:00:00+00:00,2026-09-13T23:00:00+00:00,11.7,0.0,0,0,37780.0,3.5,7.8,6.1,294,1006.4,0
1,2026-09-08T15:00:00+00:00,2026-09-14T00:00:00+00:00,11.2,0.0,0,0,37780.0,3.4,9.5,6.5,302,1006.4,0
1,2026-09-08T15:00:00+00:00,2026-09-14T01:00:00+00:00,10.7,0.0,0,0,37040.0,3.4,9.2,6.1,302,1006.4,0
1,2026-09-08T15:00:00+00:00,2026-09-14T02:00:00+00:00,10.2,0.0,0,0,36280.0,3.5,8.2,5.0,294,1006.4,0
1,2026-09-08T15:00:00+00:00,2026-09-14T03:00:00+00:00,10.3,0.0,0,0,35540.0,3.4,7.2,4.7,288,1006.5,0
1,2026-09-08T15:00:00+00:00,2026-09-14T04:00:00+00:00,11.2,0.0,0,0,36280.0,2.7,6.8,4.7,293,1006.7,0
1,2026-09-08T15:00:00+00:00,2026-09-14T05:00:00+00:00,12.6,0.0,0,0,37040.0,2.3,6.5,5.4,309,1007.1,0
1,2026-09-08T15:00:00+00:00,2026-09-14T06:00:00+00:00,14.1,0.0,0,0,37780.0,1.8,5.8,6.1,323,1007.4,0
1,2026-09-08T15:00:00+00:00,2026-09-14T07:00:00+00:00,16.0,0.0,7,7,16860.0,1.5,4.7,7.2,346,1007.6,1
1,2026-09-08T15:00:00+00:00,2026-09-14T08:00:00+00:00,18.0,0.0,15,15,20320.0,1.8,3.3,9.0,360,1007.7,1
1,2026-09-08T15:00:00+00:00,2026-09-14T09:00:00+00:00,19.7,0.0,22,22,23780.0,1.8,2.1,10.1,360,1007.6,1
1,2026-09-08T15:00:00+00:00,2026-09-14T10:00:00+00:00,20.7,0.0,25,22,27240.0,1.9,2.1,10.4,338,1007.3,1
1,2026-09-08T15:00:00+00:00,2026-09-14T11:00:00+00:00,21.2,0.0,29,22,30700.0,2.6,3.0,10.8,304,1006.9,1
1,2026-09-08T15:00:00+00:00,2026-09-14T12:00:00+00:00,21.5,0.0,32,22,34160.0,3.2,3.9,10.8,297,1006.4,1
1,2026-09-08T15:00:00+00:00,2026-09-14T13:00:00+00:00,21.5,0.0,30,19,32440.0,3.4,4.6,11.5,302,1006.0,1
1,2026-09-08T15:00:00+00:00,2026-09-14T14:00:00+00:00,21.3,0.0,27,15,30740.0,3.6,5.0,12.2,315,1005.7,1
1,2026-09-08T15:00:00+00:00,2026-09-14T15:00:00+00:00,20.6,0.0,25,12,29020.0,3.3,5.2,11.9,319,1005.4,1
1,2026-09-08T15:00:00+00:00,2026-09-14T16:00:00+00:00,19.4,0.0,21,8,27300.0,2.3,4.7,8.6,309,1005.4,1
1,2026-09-08T15:00:00+00:00,2026-09-14T17:00:00+00:00,17.7,0.0,17,4,25600.0,1.1,3.7,4.7,270,1005.5,1
1,2026-09-08T15:00:00+00:00,2026-09-14T18:00:00+00:00,16.3,0.0,13,0,23880.0,1.5,3.7,1.8,225,1005.6,1
1,2026-09-08T15:00:00+00:00,2026-09-14T19:00:00+00:00,15.4,0.0,26,16,20420.0,1.9,5.8,2.5,248,1005.6,2
1,2026-09-08T15:00:00+00:00,2026-09-14T20:00:00+00:00,14.7,0.0,40,31,16940.0,2.9,9.0,4.7,277,1005.7,2
1,2026-09-08T15:00:00+00:00,2026-09-14T21:00:00+00:00,14.1,0.0,53,47,13480.0,3.8,10.7,6.1,287,1005.7,2
1,2026-09-08T15:00:00+00:00,2026-09-14T22:00:00+00:00,13.5,0.0,35,31,10000.0,3.8,9.5,6.1,287,1005.7,0
1,2026-09-08T15:00:00+00:00,2026-09-14T23:00:00+00:00,13.0,0.0,18,16,6540.0,3.7,7.2,5.8,281,1005.6,0
1,2026-09-08T16:00:00+00:00,2026-09-08T00:00:00+00:00,11.5,0.0,0,0,29260.0,4.3,19.5,12.2,275,1005.2,0
1,2026-09-08T16:00:00+00:00,2026-09-08T01:00:00+00:00,11.3,0.0,0,0,28680.0,4.3,18.9,13.0,265,1004.9,0
1,2026-09-08T16:00:00+00:00,2026-09-08T02:00:00+00:00,10.9,0.0,2,0,26760.0,3.7,17.7,12.2,259,1004.4,0
1,2026-09-08T16:00:00+00:00,2026-09-08T03:00:00+00:00,10.1,0.0,7,0,23020.0,3.3,15.3,11.2,257,1004.6,1
1,2026-09-08T16:00:00+00:00,2026-09-08T04:00:00+00:00,9.9,0.0,1,1,19040.0,3.4,14.1,10.1,252,1004.4,0
1,2026-09-08T16:00:00+00:00,2026-09-08T05:00:00+00:00,11.3,0.0,38,0,25640.0,3.0,13.4,10.1,256,1004.5,1
1,2026-09-08T16:00:00+00:00,2026-09-08T06:00:00+00:00,13.4,0.0,100,0,32120.0,4.7,13.3,13.7,266,1004.7,3
1,2026-09-08T16:00:00+00:00,2026-09-08T07:00:00+00:00,15.3,0.0,100,0,36820.0,4.7,6.4,16.2,266,1004.8,3
1,2026-09-08T16:00:00+00:00,2026-09-08T08:00:00+00:00,17.2,0.0,84,1,39560.0,5.4,8.1,16.9,262,1004.1,2
1,2026-09-08T16:00:00+00:00,2026-09-08T09:00:00+00:00,19.2,0.0,76,55,40940.0,7.2,10.9,20.9,270,1003.5,2
1,2026-09-08T16:00:00+00:00,2026-09-08T10:00:00+00:00,19.8,0.0,79,60,41120.0,6.8,10.6,22.3,270,1002.5,2
1,2026-09-08T16:00:00+00:00,2026-09-08T11:00:00+00:00,20.2,0.0,85,56,41200.0,6.5,9.9,21.6,267,1001.8,3
1,2026-09-08T16:00:00+00:00,2026-09-08T12:00:00+00:00,21.0,0.0,60,49,41460.0,4.7,6.8,20.5,261,1001.4,2
1,2026-09-08T16:00:00+00:00,2026-09-08T13:00:00+00:00,21.3,0.0,52,44,41540.0,4.1,6.2,17.3,255,1001.0,2
1,2026-09-08T16:00:00+00:00,2026-09-08T14:00:00+00:00,21.4,0.0,51,41,41600.0,3.9,6.0,14.4,248,1000.6,2
1,2026-09-08T16:00:00+00:00,2026-09-08T15:00:00+00:00,21.2,0.0,47,15,42280.0,4.6,7.1,14.0,252,1000.0,2
1,2026-09-08T16:00:00+00:00,2026-09-08T16:00:00+00:00,20.4,0.0,7,1,42220.0,3.3,6.9,13.7,257,999.5,0
1,2026-09-08T16:00:00+00:00,2026-09-08T17:00:00+00:00,19.2,0.0,1,1,41600.0,1.1,4.1,7.9,198,999.4,0
1,2026-09-08T16:00:00+00:00,2026-09-08T18:00:00+00:00,18.4,0.0,25,0,41260.0,3.2,5.7,4.7,153,999.1,1
1,2026-09-08T16:00:00+00:00,2026-09-08T19:00:00+00:00,17.3,0.0,24,0,40580.0,3.2,10.8,7.6,153,998.9,1
1,2026-09-08T16:00:00+00:00,2026-09-08T20:00:00+00:00,16.5,0.0,0,0,39960.0,3.7,15.5,8.6,151,998.6,0
1,2026-09-08T16:00:00+00:00,2026-09-08T21:00:00+00:00,16.0,0.0,100,0,39660.0,3.7,17.3,9.4,151,998.7,3
1,2026-09-08T16:00:00+00:00,2026-09-08T22:00:00+00:00,15.4,0.0,42,0,38880.0,4.2,21.1,10.8,160,998.3,1
1,2026-09-08T16:00:00+00:00,2026-09-08T23:00:00+00:00,15.0,0.0,47,0,37960.0,4.2,21.7,10.8,160,998.2,2
1,2026-09-08T16:00:00+00:00,2026-09-09T00:00:00+00:00,14.7,0.0,37,0,37600.0,4.1,21.6,10.1,165,998.5,1
1,2026-09-08T16:00:00+00:00,2026-09-09T01:00:00+00:00,14.5,0.0,33,0,38100.0,4.2,22.3,10.4,160,998.7,1
1,2026-09-08T16:00:00+00:00,2026-09-09T02:00:00+00:00,14.5,0.0,97,0,39240.0,5.1,25.1,13.0,172,998.5,3
1,2026-09-08T16:00:00+00:00,2026-09-09T03:00:00+00:00,14.1,0.0,13,0,36700.0,5.2,25.7,14.0,168,998.1,1
1,2026-09-08T16:00:00+00:00,2026-09-09T04:00:00+00:00,14.0,0.0,5,0,31080.0,5.6,25.7,15.1,165,997.7,1
1,2026-09-08T16:00:00+00:00,2026-09-09T05:00:00+00:00,14.9,0.0,1,0,29600.0,6.3,24.7,17.3,167,997.5,0
1,2026-09-08T16:00:00+00:00,2026-09-09T06:00:00+00:00,16.7,0.0,0,0,34400.0,6.9,20.7,19.1,171,997.8,0
1,2026-09-08T16:00:00+00:00,2026-09-09T07:00:00+00:00,19.2,0.0,2,0,40680.0,6.5,11.0,20.5,180,998.0,0
1,2026-09-08T16:00:00+00:00,2026-09-09T08:00:00+00:00,21.9,0.0,80,0,41340.0,7.2,11.3,21.6,177,998.0,2
1,2026-09-08T16:00:00+00:00,2026-09-09T09:00:00+00:00,23.8,0.0,100,0,42020.0,7.9,13.4,23.8,180,997.6,3
1,2026-09-08T16:00:00+00:00,2026-09-09T10:00:00+00:00,24.8,0.0,100,0,42820.0,9.1,16.1,26.3,187,997.2,3
1,2026-09-08T16:00:00+00:00,2026-09-09T11:00:00+00:00,26.0,0.0,83,0,43780.0,9.5,17.0,28.1,191,996.8,3
1,2026-09-08T16:00:00+00:00,2026-09-09T12:00:00+00:00,26.7,0.0,97,0,44560.0,9.7,17.0,28.1,195,996.4,3
1,2026-09-08T16:00:00+00:00,2026-09-09T13:00:00+00:00,26.9,0.0,61,0,44860.0,9.3,16.5,27.7,196,996.1,2
1,2026-09-08T16:00:00+00:00,2026-09-09T14:00:00+00:00,26.9,0.0,4,0,45760.0,8.7,16.4,25.9,197,995.7,0
1,2026-09-08T16:00:00+00:00,2026-09-09T15:00:00+00:00,26.3,0.0,1,0,45580.0,8.2,17.1,24.5,195,995.4,0
1,2026-09-08T16:00:00+00:00,2026-09-09T16:00:00+00:00,24.9,0.0,0,0,43700.0,5.1,17.6,22.0,188,995.2,0
1,2026-09-08T16:00:00+00:00,2026-09-09T17:00:00+00:00,23.2,0.0,0,0,42340.0,4.0,18.2,13.3,185,995.3,0
1,2026-09-08T16:00:00+00:00,2026-09-09T18:00:00+00:00,22.1,0.0,9,0,41880.0,4.0,19.7,9.4,180,995.4,1
1,2026-09-08T16:00:00+00:00,2026-09-09T19:00:00+00:00,21.3,0.0,7,0,41760.0,4.7,23.7,11.5,180,995.2,1
1,2026-09-08T16:00:00+00:00,2026-09-09T20:00:00+00:00,20.7,0.0,51,0,41580.0,5.1,27.0,13.7,188,995.2,2
1,2026-09-08T16:00:00+00:00,2026-09-09T21:00:00+00:00,20.1,0.0,100,0,41280.0,6.2,30.8,16.2,201,995.5,3
1,2026-09-08T16:00:00+00:00,2026-09-09T22:00:00+00:00,19.6,0.0,82,0,40920.0,6.9,33.4,19.1,208,995.6,2
1,2026-09-08T16:00:00+00:00,2026-09-09T23:00:00+00:00,19.2,0.0,85,0,40460.0,7.0,33.2,19.4,215,995.5,3
1,2026-09-08T16:00:00+00:00,2026-09-10T00:00:00+00:00,18.7,0.0,90,0,39020.0,7.3,33.5,19.8,213,995.5,3
1,2026-09-08T16:00:00+00:00,2026-09-10T01:00:00+00:00,18.1,0.0,22,0,36300.0,7.6,34.4,22.3,205,995.6,1
1,2026-09-08T16:00:00+00:00,2026-09-10T02:00:00+00:00,17.6,0.0,32,0,32460.0,7.6,33.1,22.0,205,995.4,1
1,2026-09-08T16:00:00+00:00,2026-09-10T03:00:00+00:00,17.0,0.0,0,0,30340.0,7.8,32.8,22.0,202,995.5,0
1,2026-09-08T16:00:00+00:00,2026-09-10T04:00:00+00:00,16.4,0.0,0,0,27140.0,8.2,33.9,23.0,195,995.5,0
1,2026-09-08T16:00:00+00:00,2026-09-10T05:00:00+00:00,16.8,0.0,0,0,25920.0,9.0,35.8,24.1,185,995.6,0
1,2026-09-08T16:00:00+00:00,2026-09-10T06:00:00+00:00,18.6,0.0,0,0,34920.0,10.6,22.8,29.9,190,995.7,0
1,2026-09-08T16:00:00+00:00,2026-09-10T07:00:00+00:00,20.6,0.0,0,0,39240.0,11.3,21.9,33.1,189,995.8,0
1,2026-09-08T16:00:00+00:00,2026-09-10T08:00:00+00:00,22.7,0.0,0,0,40360.0,12.6,24.1,36.0,183,995.6,0
1,2026-09-08T16:00:00+00:00,2026-09-10T09:00:00+00:00,24.7,0.0,0,0,41300.0,14.5,28.2,39.6,187,995.2,0
1,2026-09-08T16:00:00+00:00,2026-09-10T10:00:00+00:00,26.3,0.0,0,0,42400.0,15.3,30.6,41.8,189,994.7,0
1,2026-09-08T16:00:00+00:00,2026-09-10T11:00:00+00:00,27.4,0.0,0,0,43340.0,15.0,30.2,42.1,201,994.7,0
1,2026-09-08T16:00:00+00:00,2026-09-10T12:00:00+00:00,28.2,0.0,0,0,44100.0,14.7,29.7,41.8,202,994.2,0
1,2026-09-08T16:00:00+00:00,2026-09-10T13:00:00+00:00,28.5,0.0,0,0,43620.0,14.3,28.9,40.3,214,994.1,0
1,2026-09-08T16:00:00+00:00,2026-09-10T14:00:00+00:00,28.4,0.0,0,0,43460.0,13.1,28.4,38.5,217,994.0,0
1,2026-09-08T16:00:00+00:00,2026-09-10T15:00:00+00:00,27.9,0.0,1,1,43360.0,11.2,26.7,35.6,222,994.1,0
1,2026-09-08T16:00:00+00:00,2026-09-10T16:00:00+00:00,26.7,0.0,23,0,42680.0,7.3,23.3,30.2,213,993.9,1
1,2026-09-08T16:00:00+00:00,2026-09-10T17:00:00+00:00,25.0,0.0,82,4,41840.0,5.8,23.9,18.4,202,993.9,3
1,2026-09-08T16:00:00+00:00,2026-09-10T18:00:00+00:00,23.7,0.0,68,1,41320.0,7.6,24.4,20.5,262,994.3,2
1,2026-09-08T16:00:00+00:00,2026-09-10T19:00:00+00:00,19.5,0.0,100,25,35380.0,16.8,36.2,49.3,312,996.0,3
1,2026-09-08T16:00:00+00:00,2026-09-10T20:00:00+00:00,16.9,0.1,99,67,28800.0,14.3,31.3,44.3,317,996.8,61
1,2026-09-08T16:00:00+00:00,2026-09-10T21:00:00+00:00,15.4,0.3,98,75,25300.0,13.8,30.2,37.4,313,997.7,61
1,2026-09-08T16:00:00+00:00,2026-09-10T22:00:00+00:00,14.5,1.4,100,83,22220.0,12.3,27.9,36.0,310,998.4,61
1,2026-09-08T16:00:00+00:00,2026-09-10T23:00:00+00:00,14.1,0.4,100,68,26000.0,10.0,23.0,32.0,308,998.9,61
1,2026-09-08T16:00:00+00:00,2026-09-11T00:00:00+00:00,14.0,0.0,100,40,23240.0,8.8,22.3,26.6,289,999.3,3
1,2026-09-08T16:00:00+00:00,2026-09-11T01:00:00+00:00,13.7,0.0,99,47,20880.0,9.3,24.8,24.5,283,999.5,3
1,2026-09-08T16:00:00+00:00,2026-09-11T02:00:00+00:00,13.5,0.0,79,48,18860.0,8.9,25.5,24.1,284,999.8,3
1,2026-09-08T16:00:00+00:00,2026-09-11T03:00:00+00:00,13.1,0.0,100,52,17380.0,8.1,24.9,23.0,283,1000.1,3
1,2026-09-08T16:00:00+00:00,2026-09-11T04:00:00+00:00,12.9,0.0,69,62,10400.0,9.0,27.8,23.4,286,1000.7,2
1,2026-09-08T16:00:00+00:00,2026-09-11T05:00:00+00:00,13.3,0.0,63,63,16340.0,9.3,19.1,25.2,298,1001.3,2
1,2026-09-08T16:00:00+00:00,2026-09-11T06:00:00+00:00,14.2,0.0,57,57,23980.0,9.0,16.5,26.6,307,1001.7,2
1,2026-09-08T16:00:00+00:00,2026-09-11T07:00:00+00:00,15.8,0.0,59,36,31440.0,7.6,12.4,25.2,301,1002.2,2
1,2026-09-08T16:00:00+00:00,2026-09-11T08:00:00+00:00,17.5,0.0,97,39,38460.0,8.9,14.5,26.3,313,1002.3,3
1,2026-09-08T16:00:00+00:00,2026-09-11T09:00:00+00:00,18.8,0.0,100,29,40700.0,10.0,16.3,29.2,308,1002.4,3
1,2026-09-08T16:00:00+00:00,2026-09-11T10:00:00+00:00,19.6,0.0,100,16,42100.0,10.8,17.5,30.6,300,1002.4,3
1,2026-09-08T16:00:00+00:00,2026-09-11T11:00:00+00:00,20.3,0.0,95,21,42960.0,11.1,18.3,32.0,295,1002.4,3
1,2026-09-08T16:00:00+00:00,2026-09-11T12:00:00+00:00,20.5,0.0,100,31,42340.0,10.3,16.9,31.7,299,1002.0,3
1,2026-09-08T16:00:00+00:00,2026-09-11T13:00:00+00:00,20.1,0.0,100,32,42020.0,10.5,18.1,30.2,297,1001.9,3
1,2026-09-08T16:00:00+00:00,2026-09-11T14:00:00+00:00,19.6,0.0,100,20,42260.0,10.0,18.5,29.5,300,1002.0,3
1,2026-09-08T16:00:00+00:00,2026-09-11T15:00:00+00:00,19.0,0.0,97,8,42140.0,9.7,18.6,27.7,301,1002.1,3
1,2026-09-08T16:00:00+00:00,2026-09-11T16:00:00+00:00,18.1,0.0,97,0,41880.0,7.2,17.1,25.6,307,1002.1,3
1,2026-09-08T16:00:00+00:00,2026-09-11T17:00:00+00:00,16.9,0.0,100,0,41000.0,4.9,18.2,18.4,306,1002.5,3
1,2026-09-08T16:00:00+00:00,2026-09-11T18:00:00+00:00,16.2,0.0,100,0,40640.0,4.9,19.1,14.4,306,1002.7,3
1,2026-09-08T16:00:00+00:00,2026-09-11T19:00:00+00:00,15.5,0.0,95,0,40340.0,4.5,19.3,12.6,299,1003.0,3
1,2026-09-08T16:00:00+00:00,2026-09-11T20:00:00+00:00,15.0,0.0,90,0,40040.0,4.6,19.5,12.2,288,1003.2,3
1,2026-09-08T16:00:00+00:00,2026-09-11T21:00:00+00:00,14.5,0.0,85,0,39740.0,4.5,19.0,11.5,284,1003.5,3
1,2026-09-08T16:00:00+00:00,2026-09-11T22:00:00+00:00,13.8,0.0,90,0,38740.0,4.0,17.5,10.4,280,1003.5,3
1,2026-09-08T16:00:00+00:00,2026-09-11T23:00:00+00:00,13.2,0.0,95,0,37740.0,3.3,15.7,9.4,283,1003.6,3
1,2026-09-08T16:00:00+00:00,2026-09-12T00:00:00+00:00,12.7,0.0,100,0,36740.0,3.0,14.0,8.6,284,1003.6,3
1,2026-09-08T16:00:00+00:00,2026-09-12T01:00:00+00:00,12.2,0.0,100,0,35840.0,3.0,12.8,8.3,284,1003.5,3
1,2026-09-08T16:00:00+00:00,2026-09-12T02:00:00+00:00,11.9,0.0,100,0,34960.0,2.9,11.6,7.9,277,1003.5,3
1,2026-09-08T16:00:00+00:00,2026-09-12T03:00:00+00:00,11.8,0.0,100,0,34060.0,2.9,9.9,7.6,277,1003.5,3
1,2026-09-08T16:00:00+00:00,2026-09-12T04:00:00+00:00,12.2,0.0,100,0,35180.0,2.5,7.2,6.5,278,1003.7,3
1,2026-09-08T16:00:00+00:00,2026-09-12T05:00:00+00:00,12.9,0.0,99,0,36280.0,1.8,3.9,5.4,270,1004.0,3
1,2026-09-08T16:00:00+00:00,2026-09-12T06:00:00+00:00,13.8,0.0,99,0,37400.0,1.1,1.3,5.0,252,1004.2,3
1,2026-09-08T16:00:00+00:00,2026-09-12T07:00:00+00:00,15.1,0.0,99,0,38580.0,1.3,0.8,6.1,214,1004.4,3
1,2026-09-08T16:00:00+00:00,2026-09-12T08:00:00+00:00,16.7,0.0,100,0,39760.0,1.9,2.1,7.9,202,1004.6,3
1,2026-09-08T16:00:00+00:00,2026-09-12T09:00:00+00:00,17.9,0.0,100,0,40940.0,2.2,2.9,9.0,189,1004.7,3
1,2026-09-08T16:00:00+00:00,2026-09-12T10:00:00+00:00,18.5,0.0,100,7,41140.0,1.8,2.5,7.9,180,1004.4,3
1,2026-09-08T16:00:00+00:00,2026-09-12T11:00:00+00:00,18.6,0.0,100,15,41320.0,1.6,1.9,6.5,153,1003.9,3
1,2026-09-08T16:00:00+00:00,2026-09-12T12:00:00+00:00,18.5,0.0,100,22,41520.0,1.1,1.5,6.1,162,1003.6,3
1,2026-09-08T16:00:00+00:00,2026-09-12T13:00:00+00:00,18.0,0.1,100,24,40600.0,1.8,3.3,9.0,233,1003.5,61
1,2026-09-08T16:00:00+00:00,2026-09-12T14:00:00+00:00,17.2,0.1,100,27,39660.0,4.6,7.5,13.7,252,1003.4,61
1,2026-09-08T16:00:00+00:00,2026-09-12T15:00:00+00:00,16.3,0.1,100,29,38740.0,6.4,11.3,16.9,254,1003.4,61
1,2026-09-08T16:00:00+00:00,2026-09-12T16:00:00+00:00,15.4,0.0,100,27,34420.0,6.7,14.0,17.6,254,1003.5,3
1,2026-09-08T16:00:00+00:00,2026-09-12T17:00:00+00:00,14.6,0.0,100,24,30100.0,6.4,16.8,17.3,254,1003.8,3
1,2026-09-08T16:00:00+00:00,2026-09-12T18:00:00+00:00,13.8,0.0,100,22,25780.0,6.0,17.7,16.2,253,1004.0,3
1,2026-09-08T16:00:00+00:00,2026-09-12T19:00:00+00:00,13.0,0.0,69,15,26700.0,5.2,17.1,14.8,254,1004.2,1
1,2026-09-08T16:00:00+00:00,2026-09-12T20:00:00+00:00,12.4,0.0,38,7,27600.0,4.4,16.4,12.6,261,1004.2,1
1,2026-09-08T16:00:00+00:00,2026-09-12T21:00:00+00:00,11.7,0.0,7,0,28520.0,3.6,16.2,11.2,270,1004.3,1
1,2026-09-08T16:00:00+00:00,2026-09-12T22:00:00+00:00,11.1,0.0,5,0,27040.0,3.3,15.5,10.4,276,1004.4,0
1,2026-09-08T16:00:00+00:00,2026-09-12T23:00:00+00:00,10.5,0.0,2,0,25560.0,3.3,14.4,10.1,276,1004.5,0
1,2026-09-08T16:00:00+00:00,2026-09-13T00:00:00+00:00,10.1,0.0,0,0,24080.0,3.3,13.5,9.7,276,1004.6,0
1,2026-09-08T16:00:00+00:00,2026-09-13T01:00:00+00:00,9.6,0.0,1,1,22680.0,3.3,12.8,9.0,276,1004.5,0
1,2026-09-08T16:00:00+00:00,2026-09-13T02:00:00+00:00,9.2,0.0,2,2,21280.0,3.3,12.4,8.6,283,1004.5,0
1,2026-09-08T16:00:00+00:00,2026-09-13T03:00:00+00:00,9.3,0.0,3,3,19880.0,3.0,11.6,7.9,284,1004.5,0
1,2026-09-08T16:00:00+00:00,2026-09-13T04:00:00+00:00,10.2,0.0,2,2,23960.0,2.6,9.5,6.8,286,1004.8,0
1,2026-09-08T16:00:00+00:00,2026-09-13T05:00:00+00:00,11.6,0.0,1,1,28020.0,1.9,6.5,6.1,292,1005.2,0
1,2026-09-08T16:00:00+00:00,2026-09-13T06:00:00+00:00,13.3,0.0,0,0,32100.0,1.1,4.2,6.1,288,1005.5,0
1,2026-09-08T16:00:00+00:00,2026-09-13T07:00:00+00:00,15.5,0.0,0,0,35340.0,0.7,4.0,8.3,90,1005.7,0
1,2026-09-08T16:00:00+00:00,2026-09-13T08:00:00+00:00,18.0,0.0,0,0,38600.0,2.5,4.6,11.9,98,1005.9,0
1,2026-09-08T16:00:00+00:00,2026-09-13T09:00:00+00:00,20.0,0.0,0,0,41840.0,3.7,4.7,13.7,101,1005.8,0
1,2026-09-08T16:00:00+00:00,2026-09-13T10:00:00+00:00,21.0,0.0,11,11,42200.0,3.0,3.3,11.7,107,1005.5,1
1,2026-09-08T16:00:00+00:00,2026-09-13T11:00:00+00:00,21.5,0.0,19,19,42760.0,1.2,1.5,8.6,105,1005.1,1
1,2026-09-08T16:00:00+00:00,2026-09-13T12:00:00+00:00,21.7,0.0,21,21,43520.0,0.9,1.3,6.3,259,1004.7,1
1,2026-09-08T16:00:00+00:00,2026-09-13T13:00:00+00:00,21.8,0.0,26,26,42640.0,1.6,2.1,6.1,297,1004.3,1
1,2026-09-08T16:00:00+00:00,2026-09-13T14:00:00+00:00,21.7,0.0,33,33,41720.0,2.6,2.9,6.8,304,1004.0,1
1,2026-09-08T16:00:00+00:00,2026-09-13T15:00:00+00:00,21.1,0.0,40,40,40800.0,2.8,3.2,7.2,310,1003.8,1
1,2026-09-08T16:00:00+00:00,2026-09-13T16:00:00+00:00,19.6,0.0,38,38,40800.0,2.1,2.8,6.5,329,1003.8,1
1,2026-09-08T16:00:00+00:00,2026-09-13T17:00:00+00:00,17.6,0.0,35,35,40820.0,1.8,3.9,5.0,11,1004.0,1
1,2026-09-08T16:00:00+00:00,2026-09-13T18:00:00+00:00,16.0,0.0,33,33,40820.0,1.8,4.7,4.0,37,1004.2,1
1,2026-09-08T16:00:00+00:00,2026-09-13T19:00:00+00:00,15.1,0.0,51,34,39800.0,0.7,3.0,3.6,90,1004.2,3
1,2026-09-08T16:00:00+00:00,2026-09-13T20:00:00+00:00,14.5,0.0,69,35,38800.0,1.9,1.3,4.0,202,1004.3,3
1,2026-09-08T16:00:00+00:00,2026-09-13T21:00:00+00:00,14.0,0.0,87,36,37780.0,3.2,2.8,4.0,207,1004.2,3
1,2026-09-08T16:00:00+00:00,2026-09-13T22:00:00+00:00,13.4,0.0,68,34,37780.0,3.7,3.6,4.0,209,1004.2,1
1,2026-09-08T16:00:00+00:00,2026-09-13T23:00:00+00:00,12.9,0.0,50,33,37780.0,3.4,4.3,4.0,212,1004.1,1
1,2026-09-08T16:00:00+00:00,2026-09-14T00:00:00+00:00,12.4,0.0,31,31,37780.0,3.1,4.4,4.0,216,1004.0,1
1,2026-09-08T16:00:00+00:00,2026-09-14T01:00:00+00:00,11.7,0.0,39,39,37040.0,3.1,4.3,3.6,216,1004.0,2
1,2026-09-08T16:00:00+00:00,2026-09-14T02:00:00+00:00,11.0,0.0,47,47,36280.0,3.1,3.7,3.2,225,1004.0,2
1,2026-09-08T16:00:00+00:00,2026-09-14T03:00:00+00:00,11.1,0.0,55,55,35540.0,2.5,3.2,3.2,225,1004.0,2
1,2026-09-08T16:00:00+00:00,2026-09-14T04:00:00+00:00,12.3,0.0,55,55,36280.0,1.5,3.2,3.2,225,1004.0,2
1,2026-09-08T16:00:00+00:00,2026-09-14T05:00:00+00:00,14.3,0.0,56,56,37040.0,0.4,4.2,3.2,90,1004.2,2
1,2026-09-08T16:00:00+00:00,2026-09-14T06:00:00+00:00,16.2,0.0,56,56,37780.0,1.1,5.3,4.7,90,1004.2,2
1,2026-09-08T16:00:00+00:00,2026-09-14T07:00:00+00:00,17.9,0.0,66,63,16860.0,2.1,5.8,8.3,149,1004.2,3
1,2026-09-08T16:00:00+00:00,2026-09-14T08:00:00+00:00,19.5,0.0,75,69,20320.0,4.5,7.0,13.3,166,1004.3,3
1,2026-09-08T16:00:00+00:00,2026-09-14T09:00:00+00:00,20.8,0.0,85,76,23780.0,6.2,8.5,16.9,173,1004.2,3
1,2026-09-08T16:00:00+00:00,2026-09-14T10:00:00+00:00,21.5,0.0,87,72,27240.0,6.8,9.2,18.0,177,1003.9,3
1,2026-09-08T16:00:00+00:00,2026-09-14T11:00:00+00:00,21.9,0.0,88,69,30700.0,6.5,9.2,18.0,180,1003.5,3
1,2026-09-08T16:00:00+00:00,2026-09-14T12:00:00+00:00,22.0,0.0,90,65,34160.0,6.2,8.9,17.3,187,1003.1,3
1,2026-09-08T16:00:00+00:00,2026-09-14T13:00:00+00:00,21.9,0.0,93,68,32440.0,5.6,8.8,16.6,195,1002.7,3
1,2026-09-08T16:00:00+00:00,2026-09-14T14:00:00+00:00,21.6,0.0,95,71,30740.0,5.3,9.0,15.8,208,1002.4,3
1,2026-09-08T16:00:00+00:00,2026-09-14T15:00:00+00:00,21.2,0.0,98,74,29020.0,4.6,8.3,14.0,219,1002.0,3
1,2026-09-08T16:00:00+00:00,2026-09-14T16:00:00+00:00,20.5,0.0,99,79,27300.0,3.6,6.8,10.8,233,1001.9,3
1,2026-09-08T16:00:00+00:00,2026-09-14T17:00:00+00:00,19.7,0.0,99,83,25600.0,2.5,6.4,6.8,262,1002.0,3
1,2026-09-08T16:00:00+00:00,2026-09-14T18:00:00+00:00,19.0,0.0,100,88,23880.0,2.3,6.9,4.3,288,1001.9,3
1,2026-09-08T16:00:00+00:00,2026-09-14T19:00:00+00:00,18.6,0.0,100,87,20420.0,2.3,7.8,4.0,288,1001.8,3
1,2026-09-08T16:00:00+00:00,2026-09-14T20:00:00+00:00,18.2,0.0,100,86,16940.0,2.5,8.2,5.0,278,1001.7,3
1,2026-09-08T16:00:00+00:00,2026-09-14T21:00:00+00:00,17.9,0.0,100,85,13480.0,2.5,8.4,5.8,270,1001.5,3
1,2026-09-08T16:00:00+00:00,2026-09-14T22:00:00+00:00,17.5,0.2,100,76,10000.0,1.8,7.9,5.4,281,1001.3,61
1,2026-09-08T16:00:00+00:00,2026-09-14T23:00:00+00:00,17.1,0.2,100,67,6540.0,1.3,7.4,5.0,304,1001.1,61
1,2026-09-08T17:00:00+00:00,2026-09-08T00:00:00+00:00,11.5,0.0,0,0,29260.0,4.3,19.5,12.2,275,1005.2,0
1,2026-09-08T17:00:00+00:00,2026-09-08T01:00:00+00:00,11.3,0.0,0,0,28680.0,4.3,18.9,13.0,265,1004.9,0
1,2026-09-08T17:00:00+00:00,2026-09-08T02:00:00+00:00,10.9,0.0,2,0,26760.0,3.7,17.7,12.2,259,1004.4,0
1,2026-09-08T17:00:00+00:00,2026-09-08T03:00:00+00:00,10.1,0.0,7,0,23020.0,3.3,15.3,11.2,257,1004.6,1
1,2026-09-08T17:00:00+00:00,2026-09-08T04:00:00+00:00,9.9,0.0,1,1,19040.0,3.4,14.1,10.1,252,1004.4,0
1,2026-09-08T17:00:00+00:00,2026-09-08T05:00:00+00:00,11.3,0.0,38,0,25640.0,3.0,13.4,10.1,256,1004.5,1
1,2026-09-08T17:00:00+00:00,2026-09-08T06:00:00+00:00,13.4,0.0,100,0,32120.0,4.7,13.3,13.7,266,1004.7,3
1,2026-09-08T17:00:00+00:00,2026-09-08T07:00:00+00:00,15.3,0.0,100,0,36820.0,4.7,6.4,16.2,266,1004.8,3
1,2026-09-08T17:00:00+00:00,2026-09-08T08:00:00+00:00,17.2,0.0,84,1,39560.0,5.4,8.1,16.9,262,1004.1,2
1,2026-09-08T17:00:00+00:00,2026-09-08T09:00:00+00:00,19.2,0.0,76,55,40940.0,7.2,10.9,20.9,270,1003.5,2
1,2026-09-08T17:00:00+00:00,2026-09-08T10:00:00+00:00,19.8,0.0,79,60,41120.0,6.8,10.6,22.3,270,1002.5,2
1,2026-09-08T17:00:00+00:00,2026-09-08T11:00:00+00:00,20.2,0.0,85,56,41200.0,6.5,9.9,21.6,267,1001.8,3
1,2026-09-08T17:00:00+00:00,2026-09-08T12:00:00+00:00,21.0,0.0,60,49,41460.0,4.7,6.8,20.5,261,1001.4,2
1,2026-09-08T17:00:00+00:00,2026-09-08T13:00:00+00:00,21.3,0.0,52,44,41540.0,4.1,6.2,17.3,255,1001.0,2
1,2026-09-08T17:00:00+00:00,2026-09-08T14:00:00+00:00,21.4,0.0,51,41,41600.0,3.9,6.0,14.4,248,1000.6,2
1,2026-09-08T17:00:00+00:00,2026-09-08T15:00:00+00:00,21.2,0.0,47,15,42280.0,4.6,7.1,14.0,252,1000.0,2
1,2026-09-08T17:00:00+00:00,2026-09-08T16:00:00+00:00,20.4,0.0,7,1,42220.0,3.3,6.9,13.7,257,999.5,0
1,2026-09-08T17:00:00+00:00,2026-09-08T17:00:00+00:00,19.2,0.0,1,1,41600.0,1.1,4.1,7.9,198,999.4,0
1,2026-09-08T17:00:00+00:00,2026-09-08T18:00:00+00:00,18.4,0.0,25,0,41260.0,3.2,5.7,4.7,153,999.1,1
1,2026-09-08T17:00:00+00:00,2026-09-08T19:00:00+00:00,17.3,0.0,24,0,40580.0,3.2,10.8,7.6,153,998.9,1
1,2026-09-08T17:00:00+00:00,2026-09-08T20:00:00+00:00,16.5,0.0,0,0,39960.0,3.7,15.5,8.6,151,998.6,0
1,2026-09-08T17:00:00+00:00,2026-09-08T21:00:00+00:00,16.0,0.0,100,0,39660.0,3.7,17.3,9.4,151,998.7,3
1,2026-09-08T17:00:00+00:00,2026-09-08T22:00:00+00:00,15.4,0.0,42,0,38880.0,4.2,21.1,10.8,160,998.3,1
1,2026-09-08T17:00:00+00:00,2026-09-08T23:00:00+00:00,15.0,0.0,47,0,37960.0,4.2,21.7,10.8,160,998.2,2
1,2026-09-08T17:00:00+00:00,2026-09-09T00:00:00+00:00,14.7,0.0,37,0,37600.0,4.1,21.6,10.1,165,998.5,1
1,2026-09-08T17:00:00+00:00,2026-09-09T01:00:00+00:00,14.5,0.0,33,0,38100.0,4.2,22.3,10.4,160,998.7,1
1,2026-09-08T17:00:00+00:00,2026-09-09T02:00:00+00:00,14.5,0.0,97,0,39240.0,5.1,25.1,13.0,172,998.5,3
1,2026-09-08T17:00:00+00:00,2026-09-09T03:00:00+00:00,14.1,0.0,13,0,36700.0,5.2,25.7,14.0,168,998.1,1
1,2026-09-08T17:00:00+00:00,2026-09-09T04:00:00+00:00,14.0,0.0,5,0,31080.0,5.6,25.7,15.1,165,997.7,1
1,2026-09-08T17:00:00+00:00,2026-09-09T05:00:00+00:00,14.9,0.0,1,0,29600.0,6.3,24.7,17.3,167,997.5,0
1,2026-09-08T17:00:00+00:00,2026-09-09T06:00:00+00:00,16.7,0.0,0,0,34400.0,6.9,20.7,19.1,171,997.8,0
1,2026-09-08T17:00:00+00:00,2026-09-09T07:00:00+00:00,19.2,0.0,2,0,40680.0,6.5,11.0,20.5,180,998.0,0
1,2026-09-08T17:00:00+00:00,2026-09-09T08:00:00+00:00,21.9,0.0,80,0,41340.0,7.2,11.3,21.6,177,998.0,2
1,2026-09-08T17:00:00+00:00,2026-09-09T09:00:00+00:00,23.8,0.0,100,0,42020.0,7.9,13.4,23.8,180,997.6,3
1,2026-09-08T17:00:00+00:00,2026-09-09T10:00:00+00:00,24.8,0.0,100,0,42820.0,9.1,16.1,26.3,187,997.2,3
1,2026-09-08T17:00:00+00:00,2026-09-09T11:00:00+00:00,26.0,0.0,83,0,43780.0,9.5,17.0,28.1,191,996.8,3
1,2026-09-08T17:00:00+00:00,2026-09-09T12:00:00+00:00,26.7,0.0,97,0,44560.0,9.7,17.0,28.1,195,996.4,3
1,2026-09-08T17:00:00+00:00,2026-09-09T13:00:00+00:00,26.9,0.0,61,0,44860.0,9.3,16.5,27.7,196,996.1,2
1,2026-09-08T17:00:00+00:00,2026-09-09T14:00:00+00:00,26.9,0.0,4,0,45760.0,8.7,16.4,25.9,197,995.7,0
1,2026-09-08T17:00:00+00:00,2026-09-09T15:00:00+00:00,26.3,0.0,1,0,45580.0,8.2,17.1,24.5,195,995.4,0
1,2026-09-08T17:00:00+00:00,2026-09-09T16:00:00+00:00,24.9,0.0,0,0,43700.0,5.1,17.6,22.0,188,995.2,0
1,2026-09-08T17:00:00+00:00,2026-09-09T17:00:00+00:00,23.2,0.0,0,0,42340.0,4.0,18.2,13.3,185,995.3,0
1,2026-09-08T17:00:00+00:00,2026-09-09T18:00:00+00:00,22.1,0.0,9,0,41880.0,4.0,19.7,9.4,180,995.4,1
1,2026-09-08T17:00:00+00:00,2026-09-09T19:00:00+00:00,21.3,0.0,7,0,41760.0,4.7,23.7,11.5,180,995.2,1
1,2026-09-08T17:00:00+00:00,2026-09-09T20:00:00+00:00,20.7,0.0,51,0,41580.0,5.1,27.0,13.7,188,995.2,2
1,2026-09-08T17:00:00+00:00,2026-09-09T21:00:00+00:00,20.1,0.0,100,0,41280.0,6.2,30.8,16.2,201,995.5,3
1,2026-09-08T17:00:00+00:00,2026-09-09T22:00:00+00:00,19.6,0.0,82,0,40920.0,6.9,33.4,19.1,208,995.6,2
1,2026-09-08T17:00:00+00:00,2026-09-09T23:00:00+00:00,19.2,0.0,85,0,40460.0,7.0,33.2,19.4,215,995.5,3
1,2026-09-08T17:00:00+00:00,2026-09-10T00:00:00+00:00,18.7,0.0,90,0,39020.0,7.3,33.5,19.8,213,995.5,3
1,2026-09-08T17:00:00+00:00,2026-09-10T01:00:00+00:00,18.1,0.0,22,0,36300.0,7.6,34.4,22.3,205,995.6,1
1,2026-09-08T17:00:00+00:00,2026-09-10T02:00:00+00:00,17.6,0.0,32,0,32460.0,7.6,33.1,22.0,205,995.4,1
1,2026-09-08T17:00:00+00:00,2026-09-10T03:00:00+00:00,17.0,0.0,0,0,30340.0,7.8,32.8,22.0,202,995.5,0
1,2026-09-08T17:00:00+00:00,2026-09-10T04:00:00+00:00,16.4,0.0,0,0,27140.0,8.2,33.9,23.0,195,995.5,0
1,2026-09-08T17:00:00+00:00,2026-09-10T05:00:00+00:00,16.8,0.0,0,0,25920.0,9.0,35.8,24.1,185,995.6,0
1,2026-09-08T17:00:00+00:00,2026-09-10T06:00:00+00:00,18.6,0.0,0,0,34920.0,10.6,22.8,29.9,190,995.7,0
1,2026-09-08T17:00:00+00:00,2026-09-10T07:00:00+00:00,20.6,0.0,0,0,39240.0,11.3,21.9,33.1,189,995.8,0
1,2026-09-08T17:00:00+00:00,2026-09-10T08:00:00+00:00,22.7,0.0,0,0,40360.0,12.6,24.1,36.0,183,995.6,0
1,2026-09-08T17:00:00+00:00,2026-09-10T09:00:00+00:00,24.7,0.0,0,0,41300.0,14.5,28.2,39.6,187,995.2,0
1,2026-09-08T17:00:00+00:00,2026-09-10T10:00:00+00:00,26.3,0.0,0,0,42400.0,15.3,30.6,41.8,189,994.7,0
1,2026-09-08T17:00:00+00:00,2026-09-10T11:00:00+00:00,27.4,0.0,0,0,43340.0,15.0,30.2,42.1,201,994.7,0
1,2026-09-08T17:00:00+00:00,2026-09-10T12:00:00+00:00,28.2,0.0,0,0,44100.0,14.7,29.7,41.8,202,994.2,0
1,2026-09-08T17:00:00+00:00,2026-09-10T13:00:00+00:00,28.5,0.0,0,0,43620.0,14.3,28.9,40.3,214,994.1,0
1,2026-09-08T17:00:00+00:00,2026-09-10T14:00:00+00:00,28.4,0.0,0,0,43460.0,13.1,28.4,38.5,217,994.0,0
1,2026-09-08T17:00:00+00:00,2026-09-10T15:00:00+00:00,27.9,0.0,1,1,43360.0,11.2,26.7,35.6,222,994.1,0
1,2026-09-08T17:00:00+00:00,2026-09-10T16:00:00+00:00,26.7,0.0,23,0,42680.0,7.3,23.3,30.2,213,993.9,1
1,2026-09-08T17:00:00+00:00,2026-09-10T17:00:00+00:00,25.0,0.0,82,4,41840.0,5.8,23.9,18.4,202,993.9,3
1,2026-09-08T17:00:00+00:00,2026-09-10T18:00:00+00:00,23.7,0.0,68,1,41320.0,7.6,24.4,20.5,262,994.3,2
1,2026-09-08T17:00:00+00:00,2026-09-10T19:00:00+00:00,19.5,0.0,100,25,35380.0,16.8,36.2,49.3,312,996.0,3
1,2026-09-08T17:00:00+00:00,2026-09-10T20:00:00+00:00,16.9,0.1,99,67,28800.0,14.3,31.3,44.3,317,996.8,61
1,2026-09-08T17:00:00+00:00,2026-09-10T21:00:00+00:00,15.4,0.3,98,75,25300.0,13.8,30.2,37.4,313,997.7,61
1,2026-09-08T17:00:00+00:00,2026-09-10T22:00:00+00:00,14.5,1.4,100,83,22220.0,12.3,27.9,36.0,310,998.4,61
1,2026-09-08T17:00:00+00:00,2026-09-10T23:00:00+00:00,14.1,0.4,100,68,26000.0,10.0,23.0,32.0,308,998.9,61
1,2026-09-08T17:00:00+00:00,2026-09-11T00:00:00+00:00,14.0,0.0,100,40,23240.0,8.8,22.3,26.6,289,999.3,3
1,2026-09-08T17:00:00+00:00,2026-09-11T01:00:00+00:00,13.7,0.0,99,47,20880.0,9.3,24.8,24.5,283,999.5,3
1,2026-09-08T17:00:00+00:00,2026-09-11T02:00:00+00:00,13.5,0.0,79,48,18860.0,8.9,25.5,24.1,284,999.8,3
1,2026-09-08T17:00:00+00:00,2026-09-11T03:00:00+00:00,13.1,0.0,100,52,17380.0,8.1,24.9,23.0,283,1000.1,3
1,2026-09-08T17:00:00+00:00,2026-09-11T04:00:00+00:00,12.9,0.0,69,62,10400.0,9.0,27.8,23.4,286,1000.7,2
1,2026-09-08T17:00:00+00:00,2026-09-11T05:00:00+00:00,13.3,0.0,63,63,16340.0,9.3,19.1,25.2,298,1001.3,2
1,2026-09-08T17:00:00+00:00,2026-09-11T06:00:00+00:00,14.2,0.0,57,57,23980.0,9.0,16.5,26.6,307,1001.7,2
1,2026-09-08T17:00:00+00:00,2026-09-11T07:00:00+00:00,15.8,0.0,59,36,31440.0,7.6,12.4,25.2,301,1002.2,2
1,2026-09-08T17:00:00+00:00,2026-09-11T08:00:00+00:00,17.5,0.0,97,39,38460.0,8.9,14.5,26.3,313,1002.3,3
1,2026-09-08T17:00:00+00:00,2026-09-11T09:00:00+00:00,18.8,0.0,100,29,40700.0,10.0,16.3,29.2,308,1002.4,3
1,2026-09-08T17:00:00+00:00,2026-09-11T10:00:00+00:00,19.6,0.0,100,16,42100.0,10.8,17.5,30.6,300,1002.4,3
1,2026-09-08T17:00:00+00:00,2026-09-11T11:00:00+00:00,20.3,0.0,95,21,42960.0,11.1,18.3,32.0,295,1002.4,3
1,2026-09-08T17:00:00+00:00,2026-09-11T12:00:00+00:00,20.5,0.0,100,31,42340.0,10.3,16.9,31.7,299,1002.0,3
1,2026-09-08T17:00:00+00:00,2026-09-11T13:00:00+00:00,20.1,0.0,100,32,42020.0,10.5,18.1,30.2,297,1001.9,3
1,2026-09-08T17:00:00+00:00,2026-09-11T14:00:00+00:00,19.6,0.0,100,20,42260.0,10.0,18.5,29.5,300,1002.0,3
1,2026-09-08T17:00:00+00:00,2026-09-11T15:00:00+00:00,19.0,0.0,97,8,42140.0,9.7,18.6,27.7,301,1002.1,3
1,2026-09-08T17:00:00+00:00,2026-09-11T16:00:00+00:00,18.1,0.0,97,0,41880.0,7.2,17.1,25.6,307,1002.1,3
1,2026-09-08T17:00:00+00:00,2026-09-11T17:00:00+00:00,16.9,0.0,100,0,41000.0,4.9,18.2,18.4,306,1002.5,3
1,2026-09-08T17:00:00+00:00,2026-09-11T18:00:00+00:00,16.2,0.0,100,0,40640.0,4.9,19.1,14.4,306,1002.7,3
1,2026-09-08T17:00:00+00:00,2026-09-11T19:00:00+00:00,15.5,0.0,95,0,40340.0,4.5,19.3,12.6,299,1003.0,3
1,2026-09-08T17:00:00+00:00,2026-09-11T20:00:00+00:00,15.0,0.0,90,0,40040.0,4.6,19.5,12.2,288,1003.2,3
1,2026-09-08T17:00:00+00:00,2026-09-11T21:00:00+00:00,14.5,0.0,85,0,39740.0,4.5,19.0,11.5,284,1003.5,3
1,2026-09-08T17:00:00+00:00,2026-09-11T22:00:00+00:00,13.8,0.0,90,0,38740.0,4.0,17.5,10.4,280,1003.5,3
1,2026-09-08T17:00:00+00:00,2026-09-11T23:00:00+00:00,13.2,0.0,95,0,37740.0,3.3,15.7,9.4,283,1003.6,3
1,2026-09-08T17:00:00+00:00,2026-09-12T00:00:00+00:00,12.7,0.0,100,0,36740.0,3.0,14.0,8.6,284,1003.6,3
1,2026-09-08T17:00:00+00:00,2026-09-12T01:00:00+00:00,12.2,0.0,100,0,35840.0,3.0,12.8,8.3,284,1003.5,3
1,2026-09-08T17:00:00+00:00,2026-09-12T02:00:00+00:00,11.9,0.0,100,0,34960.0,2.9,11.6,7.9,277,1003.5,3
1,2026-09-08T17:00:00+00:00,2026-09-12T03:00:00+00:00,11.8,0.0,100,0,34060.0,2.9,9.9,7.6,277,1003.5,3
1,2026-09-08T17:00:00+00:00,2026-09-12T04:00:00+00:00,12.2,0.0,100,0,35180.0,2.5,7.2,6.5,278,1003.7,3
1,2026-09-08T17:00:00+00:00,2026-09-12T05:00:00+00:00,12.9,0.0,99,0,36280.0,1.8,3.9,5.4,270,1004.0,3
1,2026-09-08T17:00:00+00:00,2026-09-12T06:00:00+00:00,13.8,0.0,99,0,37400.0,1.1,1.3,5.0,252,1004.2,3
1,2026-09-08T17:00:00+00:00,2026-09-12T07:00:00+00:00,15.1,0.0,99,0,38580.0,1.3,0.8,6.1,214,1004.4,3
1,2026-09-08T17:00:00+00:00,2026-09-12T08:00:00+00:00,16.7,0.0,100,0,39760.0,1.9,2.1,7.9,202,1004.6,3
1,2026-09-08T17:00:00+00:00,2026-09-12T09:00:00+00:00,17.9,0.0,100,0,40940.0,2.2,2.9,9.0,189,1004.7,3
1,2026-09-08T17:00:00+00:00,2026-09-12T10:00:00+00:00,18.5,0.0,100,7,41140.0,1.8,2.5,7.9,180,1004.4,3
1,2026-09-08T17:00:00+00:00,2026-09-12T11:00:00+00:00,18.6,0.0,100,15,41320.0,1.6,1.9,6.5,153,1003.9,3
1,2026-09-08T17:00:00+00:00,2026-09-12T12:00:00+00:00,18.5,0.0,100,22,41520.0,1.1,1.5,6.1,162,1003.6,3
1,2026-09-08T17:00:00+00:00,2026-09-12T13:00:00+00:00,18.0,0.1,100,24,40600.0,1.8,3.3,9.0,233,1003.5,61
1,2026-09-08T17:00:00+00:00,2026-09-12T14:00:00+00:00,17.2,0.1,100,27,39660.0,4.6,7.5,13.7,252,1003.4,61
1,2026-09-08T17:00:00+00:00,2026-09-12T15:00:00+00:00,16.3,0.1,100,29,38740.0,6.4,11.3,16.9,254,1003.4,61
1,2026-09-08T17:00:00+00:00,2026-09-12T16:00:00+00:00,15.4,0.0,100,27,34420.0,6.7,14.0,17.6,254,1003.5,3
1,2026-09-08T17:00:00+00:00,2026-09-12T17:00:00+00:00,14.6,0.0,100,24,30100.0,6.4,16.8,17.3,254,1003.8,3
1,2026-09-08T17:00:00+00:00,2026-09-12T18:00:00+00:00,13.8,0.0,100,22,25780.0,6.0,17.7,16.2,253,1004.0,3
1,2026-09-08T17:00:00+00:00,2026-09-12T19:00:00+00:00,13.0,0.0,69,15,26700.0,5.2,17.1,14.8,254,1004.2,1
1,2026-09-08T17:00:00+00:00,2026-09-12T20:00:00+00:00,12.4,0.0,38,7,27600.0,4.4,16.4,12.6,261,1004.2,1
1,2026-09-08T17:00:00+00:00,2026-09-12T21:00:00+00:00,11.7,0.0,7,0,28520.0,3.6,16.2,11.2,270,1004.3,1
1,2026-09-08T17:00:00+00:00,2026-09-12T22:00:00+00:00,11.1,0.0,5,0,27040.0,3.3,15.5,10.4,276,1004.4,0
1,2026-09-08T17:00:00+00:00,2026-09-12T23:00:00+00:00,10.5,0.0,2,0,25560.0,3.3,14.4,10.1,276,1004.5,0
1,2026-09-08T17:00:00+00:00,2026-09-13T00:00:00+00:00,10.1,0.0,0,0,24080.0,3.3,13.5,9.7,276,1004.6,0
1,2026-09-08T17:00:00+00:00,2026-09-13T01:00:00+00:00,9.6,0.0,1,1,22680.0,3.3,12.8,9.0,276,1004.5,0
1,2026-09-08T17:00:00+00:00,2026-09-13T02:00:00+00:00,9.2,0.0,2,2,21280.0,3.3,12.4,8.6,283,1004.5,0
1,2026-09-08T17:00:00+00:00,2026-09-13T03:00:00+00:00,9.3,0.0,3,3,19880.0,3.0,11.6,7.9,284,1004.5,0
1,2026-09-08T17:00:00+00:00,2026-09-13T04:00:00+00:00,10.2,0.0,2,2,23960.0,2.6,9.5,6.8,286,1004.8,0
1,2026-09-08T17:00:00+00:00,2026-09-13T05:00:00+00:00,11.6,0.0,1,1,28020.0,1.9,6.5,6.1,292,1005.2,0
1,2026-09-08T17:00:00+00:00,2026-09-13T06:00:00+00:00,13.3,0.0,0,0,32100.0,1.1,4.2,6.1,288,1005.5,0
1,2026-09-08T17:00:00+00:00,2026-09-13T07:00:00+00:00,15.5,0.0,0,0,35340.0,0.7,4.0,8.3,90,1005.7,0
1,2026-09-08T17:00:00+00:00,2026-09-13T08:00:00+00:00,18.0,0.0,0,0,38600.0,2.5,4.6,11.9,98,1005.9,0
1,2026-09-08T17:00:00+00:00,2026-09-13T09:00:00+00:00,20.0,0.0,0,0,41840.0,3.7,4.7,13.7,101,1005.8,0
1,2026-09-08T17:00:00+00:00,2026-09-13T10:00:00+00:00,21.0,0.0,11,11,42200.0,3.0,3.3,11.7,107,1005.5,1
1,2026-09-08T17:00:00+00:00,2026-09-13T11:00:00+00:00,21.5,0.0,19,19,42760.0,1.2,1.5,8.6,105,1005.1,1
1,2026-09-08T17:00:00+00:00,2026-09-13T12:00:00+00:00,21.7,0.0,21,21,43520.0,0.9,1.3,6.3,259,1004.7,1
1,2026-09-08T17:00:00+00:00,2026-09-13T13:00:00+00:00,21.8,0.0,26,26,42640.0,1.6,2.1,6.1,297,1004.3,1
1,2026-09-08T17:00:00+00:00,2026-09-13T14:00:00+00:00,21.7,0.0,33,33,41720.0,2.6,2.9,6.8,304,1004.0,1
1,2026-09-08T17:00:00+00:00,2026-09-13T15:00:00+00:00,21.1,0.0,40,40,40800.0,2.8,3.2,7.2,310,1003.8,1
1,2026-09-08T17:00:00+00:00,2026-09-13T16:00:00+00:00,19.6,0.0,38,38,40800.0,2.1,2.8,6.5,329,1003.8,1
1,2026-09-08T17:00:00+00:00,2026-09-13T17:00:00+00:00,17.6,0.0,35,35,40820.0,1.8,3.9,5.0,11,1004.0,1
1,2026-09-08T17:00:00+00:00,2026-09-13T18:00:00+00:00,16.0,0.0,33,33,40820.0,1.8,4.7,4.0,37,1004.2,1
1,2026-09-08T17:00:00+00:00,2026-09-13T19:00:00+00:00,15.1,0.0,51,34,39800.0,0.7,3.0,3.6,90,1004.2,3
1,2026-09-08T17:00:00+00:00,2026-09-13T20:00:00+00:00,14.5,0.0,69,35,38800.0,1.9,1.3,4.0,202,1004.3,3
1,2026-09-08T17:00:00+00:00,2026-09-13T21:00:00+00:00,14.0,0.0,87,36,37780.0,3.2,2.8,4.0,207,1004.2,3
1,2026-09-08T17:00:00+00:00,2026-09-13T22:00:00+00:00,13.4,0.0,68,34,37780.0,3.7,3.6,4.0,209,1004.2,1
1,2026-09-08T17:00:00+00:00,2026-09-13T23:00:00+00:00,12.9,0.0,50,33,37780.0,3.4,4.3,4.0,212,1004.1,1
1,2026-09-08T17:00:00+00:00,2026-09-14T00:00:00+00:00,12.4,0.0,31,31,37780.0,3.1,4.4,4.0,216,1004.0,1
1,2026-09-08T17:00:00+00:00,2026-09-14T01:00:00+00:00,11.7,0.0,39,39,37040.0,3.1,4.3,3.6,216,1004.0,2
1,2026-09-08T17:00:00+00:00,2026-09-14T02:00:00+00:00,11.0,0.0,47,47,36280.0,3.1,3.7,3.2,225,1004.0,2
1,2026-09-08T17:00:00+00:00,2026-09-14T03:00:00+00:00,11.1,0.0,55,55,35540.0,2.5,3.2,3.2,225,1004.0,2
1,2026-09-08T17:00:00+00:00,2026-09-14T04:00:00+00:00,12.3,0.0,55,55,36280.0,1.5,3.2,3.2,225,1004.0,2
1,2026-09-08T17:00:00+00:00,2026-09-14T05:00:00+00:00,14.3,0.0,56,56,37040.0,0.4,4.2,3.2,90,1004.2,2
1,2026-09-08T17:00:00+00:00,2026-09-14T06:00:00+00:00,16.2,0.0,56,56,37780.0,1.1,5.3,4.7,90,1004.2,2
1,2026-09-08T17:00:00+00:00,2026-09-14T07:00:00+00:00,17.9,0.0,66,63,16860.0,2.1,5.8,8.3,149,1004.2,3
1,2026-09-08T17:00:00+00:00,2026-09-14T08:00:00+00:00,19.5,0.0,75,69,20320.0,4.5,7.0,13.3,166,1004.3,3
1,2026-09-08T17:00:00+00:00,2026-09-14T09:00:00+00:00,20.8,0.0,85,76,23780.0,6.2,8.5,16.9,173,1004.2,3
1,2026-09-08T17:00:00+00:00,2026-09-14T10:00:00+00:00,21.5,0.0,87,72,27240.0,6.8,9.2,18.0,177,1003.9,3
1,2026-09-08T17:00:00+00:00,2026-09-14T11:00:00+00:00,21.9,0.0,88,69,30700.0,6.5,9.2,18.0,180,1003.5,3
1,2026-09-08T17:00:00+00:00,2026-09-14T12:00:00+00:00,22.0,0.0,90,65,34160.0,6.2,8.9,17.3,187,1003.1,3
1,2026-09-08T17:00:00+00:00,2026-09-14T13:00:00+00:00,21.9,0.0,93,68,32440.0,5.6,8.8,16.6,195,1002.7,3
1,2026-09-08T17:00:00+00:00,2026-09-14T14:00:00+00:00,21.6,0.0,95,71,30740.0,5.3,9.0,15.8,208,1002.4,3
1,2026-09-08T17:00:00+00:00,2026-09-14T15:00:00+00:00,21.2,0.0,98,74,29020.0,4.6,8.3,14.0,219,1002.0,3
1,2026-09-08T17:00:00+00:00,2026-09-14T16:00:00+00:00,20.5,0.0,99,79,27300.0,3.6,6.8,10.8,233,1001.9,3
1,2026-09-08T17:00:00+00:00,2026-09-14T17:00:00+00:00,19.7,0.0,99,83,25600.0,2.5,6.4,6.8,262,1002.0,3
1,2026-09-08T17:00:00+00:00,2026-09-14T18:00:00+00:00,19.0,0.0,100,88,23880.0,2.3,6.9,4.3,288,1001.9,3
1,2026-09-08T17:00:00+00:00,2026-09-14T19:00:00+00:00,18.6,0.0,100,87,20420.0,2.3,7.8,4.0,288,1001.8,3
1,2026-09-08T17:00:00+00:00,2026-09-14T20:00:00+00:00,18.2,0.0,100,86,16940.0,2.5,8.2,5.0,278,1001.7,3
1,2026-09-08T17:00:00+00:00,2026-09-14T21:00:00+00:00,17.9,0.0,100,85,13480.0,2.5,8.4,5.8,270,1001.5,3
1,2026-09-08T17:00:00+00:00,2026-09-14T22:00:00+00:00,17.5,0.2,100,76,10000.0,1.8,7.9,5.4,281,1001.3,61
1,2026-09-08T17:00:00+00:00,2026-09-14T23:00:00+00:00,17.1,0.2,100,67,6540.0,1.3,7.4,5.0,304,1001.1,61
1,2026-09-08T18:00:00+00:00,2026-09-08T00:00:00+00:00,11.5,0.0,0,0,29260.0,4.3,19.5,12.2,275,1005.2,0
1,2026-09-08T18:00:00+00:00,2026-09-08T01:00:00+00:00,11.3,0.0,0,0,28680.0,4.3,18.9,13.0,265,1004.9,0
1,2026-09-08T18:00:00+00:00,2026-09-08T02:00:00+00:00,10.9,0.0,2,0,26760.0,3.7,17.7,12.2,259,1004.4,0
1,2026-09-08T18:00:00+00:00,2026-09-08T03:00:00+00:00,10.1,0.0,7,0,23020.0,3.3,15.3,11.2,257,1004.6,1
1,2026-09-08T18:00:00+00:00,2026-09-08T04:00:00+00:00,9.9,0.0,1,1,19040.0,3.4,14.1,10.1,252,1004.4,0
1,2026-09-08T18:00:00+00:00,2026-09-08T05:00:00+00:00,11.3,0.0,38,0,25640.0,3.0,13.4,10.1,256,1004.5,1
1,2026-09-08T18:00:00+00:00,2026-09-08T06:00:00+00:00,13.4,0.0,100,0,32120.0,4.7,13.3,13.7,266,1004.7,3
1,2026-09-08T18:00:00+00:00,2026-09-08T07:00:00+00:00,15.3,0.0,100,0,36820.0,4.7,6.4,16.2,266,1004.8,3
1,2026-09-08T18:00:00+00:00,2026-09-08T08:00:00+00:00,17.2,0.0,84,1,39560.0,5.4,8.1,16.9,262,1004.1,2
1,2026-09-08T18:00:00+00:00,2026-09-08T09:00:00+00:00,19.2,0.0,76,55,40940.0,7.2,10.9,20.9,270,1003.5,2
1,2026-09-08T18:00:00+00:00,2026-09-08T10:00:00+00:00,19.8,0.0,79,60,41120.0,6.8,10.6,22.3,270,1002.5,2
1,2026-09-08T18:00:00+00:00,2026-09-08T11:00:00+00:00,20.2,0.0,85,56,41200.0,6.5,9.9,21.6,267,1001.8,3
1,2026-09-08T18:00:00+00:00,2026-09-08T12:00:00+00:00,21.0,0.0,60,49,41460.0,4.7,6.8,20.5,261,1001.4,2
1,2026-09-08T18:00:00+00:00,2026-09-08T13:00:00+00:00,21.3,0.0,52,44,41540.0,4.1,6.2,17.3,255,1001.0,2
1,2026-09-08T18:00:00+00:00,2026-09-08T14:00:00+00:00,21.4,0.0,51,41,41600.0,3.9,6.0,14.4,248,1000.6,2
1,2026-09-08T18:00:00+00:00,2026-09-08T15:00:00+00:00,21.9,0.0,56,33,42640.0,4.0,7.1,14.0,265,999.8,2
1,2026-09-08T18:00:00+00:00,2026-09-08T16:00:00+00:00,21.0,0.0,15,9,42660.0,2.5,6.9,12.6,262,999.3,1
1,2026-09-08T18:00:00+00:00,2026-09-08T17:00:00+00:00,20.0,0.0,1,1,42160.0,1.0,4.1,6.1,135,999.0,0
1,2026-09-08T18:00:00+00:00,2026-09-08T18:00:00+00:00,18.9,0.0,39,0,41640.0,3.4,5.7,4.3,148,998.9,1
1,2026-09-08T18:00:00+00:00,2026-09-08T19:00:00+00:00,18.0,0.0,36,0,40920.0,3.4,10.8,7.6,148,998.6,1
1,2026-09-08T18:00:00+00:00,2026-09-08T20:00:00+00:00,17.1,0.0,15,0,40180.0,3.7,15.5,9.4,151,998.5,1
1,2026-09-08T18:00:00+00:00,2026-09-08T21:00:00+00:00,16.5,0.0,100,0,39800.0,3.6,17.3,10.1,143,998.5,3
1,2026-09-08T18:00:00+00:00,2026-09-08T22:00:00+00:00,15.9,0.0,80,0,39260.0,4.7,21.1,11.5,157,998.3,2
1,2026-09-08T18:00:00+00:00,2026-09-08T23:00:00+00:00,15.5,0.0,41,0,38740.0,4.6,21.7,11.5,162,998.0,1
1,2026-09-08T18:00:00+00:00,2026-09-09T00:00:00+00:00,15.2,0.0,29,0,38320.0,4.2,21.6,11.5,160,998.2,1
1,2026-09-08T18:00:00+00:00,2026-09-09T01:00:00+00:00,15.1,0.0,24,0,38780.0,4.5,22.3,11.2,166,998.3,1
1,2026-09-08T18:00:00+00:00,2026-09-09T02:00:00+00:00,14.9,0.0,100,0,39400.0,5.1,25.1,13.3,172,998.3,3
1,2026-09-08T18:00:00+00:00,2026-09-09T03:00:00+00:00,14.7,0.0,27,0,37540.0,5.8,25.7,15.1,173,997.8,1
1,2026-09-08T18:00:00+00:00,2026-09-09T04:00:00+00:00,14.6,0.0,16,0,31460.0,5.9,25.7,16.2,169,997.6,1
1,2026-09-08T18:00:00+00:00,2026-09-09T05:00:00+00:00,15.5,0.0,7,0,29160.0,6.5,24.7,19.1,174,997.6,1
1,2026-09-08T18:00:00+00:00,2026-09-09T06:00:00+00:00,17.3,0.0,29,0,33620.0,7.2,20.7,20.2,177,997.9,1
1,2026-09-08T18:00:00+00:00,2026-09-09T07:00:00+00:00,19.9,0.0,0,0,40900.0,6.8,11.0,21.2,177,997.8,0
1,2026-09-08T18:00:00+00:00,2026-09-09T08:00:00+00:00,22.5,0.0,63,0,41560.0,6.9,11.3,21.6,174,997.8,2
1,2026-09-08T18:00:00+00:00,2026-09-09T09:00:00+00:00,24.5,0.0,100,0,42340.0,8.3,13.4,24.5,180,997.5,3
1,2026-09-08T18:00:00+00:00,2026-09-09T10:00:00+00:00,25.9,0.0,100,0,43720.0,9.8,16.1,28.4,188,997.2,3
1,2026-09-08T18:00:00+00:00,2026-09-09T11:00:00+00:00,26.7,0.0,100,0,44760.0,10.0,17.0,28.8,193,996.7,3
1,2026-09-08T18:00:00+00:00,2026-09-09T12:00:00+00:00,27.4,0.0,90,0,45960.0,10.1,17.0,29.5,197,996.1,3
1,2026-09-08T18:00:00+00:00,2026-09-09T13:00:00+00:00,27.7,0.0,3,0,45980.0,9.8,16.5,29.5,197,995.8,0
1,2026-09-08T18:00:00+00:00,2026-09-09T14:00:00+00:00,27.7,0.0,3,0,46620.0,9.0,16.4,27.7,196,995.5,0
1,2026-09-08T18:00:00+00:00,2026-09-09T15:00:00+00:00,27.1,0.0,2,0,46440.0,7.9,17.1,25.6,196,995.2,0
1,2026-09-08T18:00:00+00:00,2026-09-09T16:00:00+00:00,25.6,0.0,14,0,44760.0,4.7,17.6,21.2,184,995.0,1
1,2026-09-08T18:00:00+00:00,2026-09-09T17:00:00+00:00,23.7,0.0,25,0,42860.0,4.0,18.2,12.2,180,995.2,1
1,2026-09-08T18:00:00+00:00,2026-09-09T18:00:00+00:00,22.6,0.0,74,0,42200.0,4.0,19.7,9.0,180,995.3,2
1,2026-09-08T18:00:00+00:00,2026-09-09T19:00:00+00:00,21.8,0.0,100,0,41720.0,4.3,23.7,10.8,175,995.2,3
1,2026-09-08T18:00:00+00:00,2026-09-09T20:00:00+00:00,21.3,0.0,100,0,41640.0,5.1,27.0,13.0,184,995.3,3
1,2026-09-08T18:00:00+00:00,2026-09-09T21:00:00+00:00,20.7,0.0,100,0,41640.0,6.0,30.8,16.2,197,995.4,3
1,2026-09-08T18:00:00+00:00,2026-09-09T22:00:00+00:00,19.6,0.0,82,0,40920.0,6.9,33.4,19.1,208,995.6,2
1,2026-09-08T18:00:00+00:00,2026-09-09T23:00:00+00:00,19.2,0.0,85,0,40460.0,7.0,33.2,19.4,215,995.5,3
1,2026-09-08T18:00:00+00:00,2026-09-10T00:00:00+00:00,18.7,0.0,90,0,39020.0,7.3,33.5,19.8,213,995.5,3
1,2026-09-08T18:00:00+00:00,2026-09-10T01:00:00+00:00,18.1,0.0,22,0,36300.0,7.6,34.4,22.3,205,995.6,1
1,2026-09-08T18:00:00+00:00,2026-09-10T02:00:00+00:00,17.6,0.0,32,0,32460.0,7.6,33.1,22.0,205,995.4,1
1,2026-09-08T18:00:00+00:00,2026-09-10T03:00:00+00:00,17.0,0.0,0,0,30340.0,7.8,32.8,22.0,202,995.5,0
1,2026-09-08T18:00:00+00:00,2026-09-10T04:00:00+00:00,16.4,0.0,0,0,27140.0,8.2,33.9,23.0,195,995.5,0
1,2026-09-08T18:00:00+00:00,2026-09-10T05:00:00+00:00,16.8,0.0,0,0,25920.0,9.0,35.8,24.1,185,995.6,0
1,2026-09-08T18:00:00+00:00,2026-09-10T06:00:00+00:00,18.6,0.0,0,0,34920.0,10.6,22.8,29.9,190,995.7,0
1,2026-09-08T18:00:00+00:00,2026-09-10T07:00:00+00:00,20.6,0.0,0,0,39240.0,11.3,21.9,33.1,189,995.8,0
1,2026-09-08T18:00:00+00:00,2026-09-10T08:00:00+00:00,22.7,0.0,0,0,40360.0,12.6,24.1,36.0,183,995.6,0
1,2026-09-08T18:00:00+00:00,2026-09-10T09:00:00+00:00,24.7,0.0,0,0,41300.0,14.5,28.2,39.6,187,995.2,0
1,2026-09-08T18:00:00+00:00,2026-09-10T10:00:00+00:00,26.3,0.0,0,0,42400.0,15.3,30.6,41.8,189,994.7,0
1,2026-09-08T18:00:00+00:00,2026-09-10T11:00:00+00:00,27.4,0.0,0,0,43340.0,15.0,30.2,42.1,201,994.7,0
1,2026-09-08T18:00:00+00:00,2026-09-10T12:00:00+00:00,28.2,0.0,0,0,44100.0,14.7,29.7,41.8,202,994.2,0
1,2026-09-08T18:00:00+00:00,2026-09-10T13:00:00+00:00,28.5,0.0,0,0,43620.0,14.3,28.9,40.3,214,994.1,0
1,2026-09-08T18:00:00+00:00,2026-09-10T14:00:00+00:00,28.4,0.0,0,0,43460.0,13.1,28.4,38.5,217,994.0,0
1,2026-09-08T18:00:00+00:00,2026-09-10T15:00:00+00:00,27.9,0.0,1,1,43360.0,11.2,26.7,35.6,222,994.1,0
1,2026-09-08T18:00:00+00:00,2026-09-10T16:00:00+00:00,26.7,0.0,23,0,42680.0,7.3,23.3,30.2,213,993.9,1
1,2026-09-08T18:00:00+00:00,2026-09-10T17:00:00+00:00,25.0,0.0,82,4,41840.0,5.8,23.9,18.4,202,993.9,3
1,2026-09-08T18:00:00+00:00,2026-09-10T18:00:00+00:00,23.7,0.0,68,1,41320.0,7.6,24.4,20.5,262,994.3,2
1,2026-09-08T18:00:00+00:00,2026-09-10T19:00:00+00:00,19.5,0.0,100,25,35380.0,16.8,36.2,49.3,312,996.0,3
1,2026-09-08T18:00:00+00:00,2026-09-10T20:00:00+00:00,16.9,0.1,99,67,28800.0,14.3,31.3,44.3,317,996.8,61
1,2026-09-08T18:00:00+00:00,2026-09-10T21:00:00+00:00,15.4,0.3,98,75,25300.0,13.8,30.2,37.4,313,997.7,61
1,2026-09-08T18:00:00+00:00,2026-09-10T22:00:00+00:00,14.5,1.4,100,83,22220.0,12.3,27.9,36.0,310,998.4,61
1,2026-09-08T18:00:00+00:00,2026-09-10T23:00:00+00:00,14.1,0.4,100,68,26000.0,10.0,23.0,32.0,308,998.9,61
1,2026-09-08T18:00:00+00:00,2026-09-11T00:00:00+00:00,14.0,0.0,100,40,23240.0,8.8,22.3,26.6,289,999.3,3
1,2026-09-08T18:00:00+00:00,2026-09-11T01:00:00+00:00,13.7,0.0,99,47,20880.0,9.3,24.8,24.5,283,999.5,3
1,2026-09-08T18:00:00+00:00,2026-09-11T02:00:00+00:00,13.5,0.0,79,48,18860.0,8.9,25.5,24.1,284,999.8,3
1,2026-09-08T18:00:00+00:00,2026-09-11T03:00:00+00:00,13.1,0.0,100,52,17380.0,8.1,24.9,23.0,283,1000.1,3
1,2026-09-08T18:00:00+00:00,2026-09-11T04:00:00+00:00,12.9,0.0,69,62,10400.0,9.0,27.8,23.4,286,1000.7,2
1,2026-09-08T18:00:00+00:00,2026-09-11T05:00:00+00:00,13.3,0.0,63,63,16340.0,9.3,19.1,25.2,298,1001.3,2
1,2026-09-08T18:00:00+00:00,2026-09-11T06:00:00+00:00,14.2,0.0,57,57,23980.0,9.0,16.5,26.6,307,1001.7,2
1,2026-09-08T18:00:00+00:00,2026-09-11T07:00:00+00:00,15.8,0.0,59,36,31440.0,7.6,12.4,25.2,301,1002.2,2
1,2026-09-08T18:00:00+00:00,2026-09-11T08:00:00+00:00,17.5,0.0,97,39,38460.0,8.9,14.5,26.3,313,1002.3,3
1,2026-09-08T18:00:00+00:00,2026-09-11T09:00:00+00:00,18.8,0.0,100,29,40700.0,10.0,16.3,29.2,308,1002.4,3
1,2026-09-08T18:00:00+00:00,2026-09-11T10:00:00+00:00,19.6,0.0,100,16,42100.0,10.8,17.5,30.6,300,1002.4,3
1,2026-09-08T18:00:00+00:00,2026-09-11T11:00:00+00:00,20.3,0.0,95,21,42960.0,11.1,18.3,32.0,295,1002.4,3
1,2026-09-08T18:00:00+00:00,2026-09-11T12:00:00+00:00,20.5,0.0,100,31,42340.0,10.3,16.9,31.7,299,1002.0,3
1,2026-09-08T18:00:00+00:00,2026-09-11T13:00:00+00:00,20.1,0.0,100,32,42020.0,10.5,18.1,30.2,297,1001.9,3
1,2026-09-08T18:00:00+00:00,2026-09-11T14:00:00+00:00,19.6,0.0,100,20,42260.0,10.0,18.5,29.5,300,1002.0,3
1,2026-09-08T18:00:00+00:00,2026-09-11T15:00:00+00:00,19.0,0.0,97,8,42140.0,9.7,18.6,27.7,301,1002.1,3
1,2026-09-08T18:00:00+00:00,2026-09-11T16:00:00+00:00,18.1,0.0,97,0,41880.0,7.2,17.1,25.6,307,1002.1,3
1,2026-09-08T18:00:00+00:00,2026-09-11T17:00:00+00:00,16.9,0.0,100,0,41000.0,4.9,18.2,18.4,306,1002.5,3
1,2026-09-08T18:00:00+00:00,2026-09-11T18:00:00+00:00,16.2,0.0,100,0,40640.0,4.9,19.1,14.4,306,1002.7,3
1,2026-09-08T18:00:00+00:00,2026-09-11T19:00:00+00:00,15.5,0.0,95,0,40340.0,4.5,19.3,12.6,299,1003.0,3
1,2026-09-08T18:00:00+00:00,2026-09-11T20:00:00+00:00,15.0,0.0,90,0,40040.0,4.6,19.5,12.2,288,1003.2,3
1,2026-09-08T18:00:00+00:00,2026-09-11T21:00:00+00:00,14.5,0.0,85,0,39740.0,4.5,19.0,11.5,284,1003.5,3
1,2026-09-08T18:00:00+00:00,2026-09-11T22:00:00+00:00,13.8,0.0,90,0,38740.0,4.0,17.5,10.4,280,1003.5,3
1,2026-09-08T18:00:00+00:00,2026-09-11T23:00:00+00:00,13.2,0.0,95,0,37740.0,3.3,15.7,9.4,283,1003.6,3
1,2026-09-08T18:00:00+00:00,2026-09-12T00:00:00+00:00,12.7,0.0,100,0,36740.0,3.0,14.0,8.6,284,1003.6,3
1,2026-09-08T18:00:00+00:00,2026-09-12T01:00:00+00:00,12.2,0.0,100,0,35840.0,3.0,12.8,8.3,284,1003.5,3
1,2026-09-08T18:00:00+00:00,2026-09-12T02:00:00+00:00,11.9,0.0,100,0,34960.0,2.9,11.6,7.9,277,1003.5,3
1,2026-09-08T18:00:00+00:00,2026-09-12T03:00:00+00:00,11.8,0.0,100,0,34060.0,2.9,9.9,7.6,277,1003.5,3
1,2026-09-08T18:00:00+00:00,2026-09-12T04:00:00+00:00,12.2,0.0,100,0,35180.0,2.5,7.2,6.5,278,1003.7,3
1,2026-09-08T18:00:00+00:00,2026-09-12T05:00:00+00:00,12.9,0.0,99,0,36280.0,1.8,3.9,5.4,270,1004.0,3
1,2026-09-08T18:00:00+00:00,2026-09-12T06:00:00+00:00,13.8,0.0,99,0,37400.0,1.1,1.3,5.0,252,1004.2,3
1,2026-09-08T18:00:00+00:00,2026-09-12T07:00:00+00:00,15.1,0.0,99,0,38580.0,1.3,0.8,6.1,214,1004.4,3
1,2026-09-08T18:00:00+00:00,2026-09-12T08:00:00+00:00,16.7,0.0,100,0,39760.0,1.9,2.1,7.9,202,1004.6,3
1,2026-09-08T18:00:00+00:00,2026-09-12T09:00:00+00:00,17.9,0.0,100,0,40940.0,2.2,2.9,9.0,189,1004.7,3
1,2026-09-08T18:00:00+00:00,2026-09-12T10:00:00+00:00,18.5,0.0,100,7,41140.0,1.8,2.5,7.9,180,1004.4,3
1,2026-09-08T18:00:00+00:00,2026-09-12T11:00:00+00:00,18.6,0.0,100,15,41320.0,1.6,1.9,6.5,153,1003.9,3
1,2026-09-08T18:00:00+00:00,2026-09-12T12:00:00+00:00,18.5,0.0,100,22,41520.0,1.1,1.5,6.1,162,1003.6,3
1,2026-09-08T18:00:00+00:00,2026-09-12T13:00:00+00:00,18.0,0.1,100,24,40600.0,1.8,3.3,9.0,233,1003.5,61
1,2026-09-08T18:00:00+00:00,2026-09-12T14:00:00+00:00,17.2,0.1,100,27,39660.0,4.6,7.5,13.7,252,1003.4,61
1,2026-09-08T18:00:00+00:00,2026-09-12T15:00:00+00:00,16.3,0.1,100,29,38740.0,6.4,11.3,16.9,254,1003.4,61
1,2026-09-08T18:00:00+00:00,2026-09-12T16:00:00+00:00,15.4,0.0,100,27,34420.0,6.7,14.0,17.6,254,1003.5,3
1,2026-09-08T18:00:00+00:00,2026-09-12T17:00:00+00:00,14.6,0.0,100,24,30100.0,6.4,16.8,17.3,254,1003.8,3
1,2026-09-08T18:00:00+00:00,2026-09-12T18:00:00+00:00,13.8,0.0,100,22,25780.0,6.0,17.7,16.2,253,1004.0,3
1,2026-09-08T18:00:00+00:00,2026-09-12T19:00:00+00:00,13.0,0.0,69,15,26700.0,5.2,17.1,14.8,254,1004.2,1
1,2026-09-08T18:00:00+00:00,2026-09-12T20:00:00+00:00,12.4,0.0,38,7,27600.0,4.4,16.4,12.6,261,1004.2,1
1,2026-09-08T18:00:00+00:00,2026-09-12T21:00:00+00:00,11.7,0.0,7,0,28520.0,3.6,16.2,11.2,270,1004.3,1
1,2026-09-08T18:00:00+00:00,2026-09-12T22:00:00+00:00,11.1,0.0,5,0,27040.0,3.3,15.5,10.4,276,1004.4,0
1,2026-09-08T18:00:00+00:00,2026-09-12T23:00:00+00:00,10.5,0.0,2,0,25560.0,3.3,14.4,10.1,276,1004.5,0
1,2026-09-08T18:00:00+00:00,2026-09-13T00:00:00+00:00,10.1,0.0,0,0,24080.0,3.3,13.5,9.7,276,1004.6,0
1,2026-09-08T18:00:00+00:00,2026-09-13T01:00:00+00:00,9.6,0.0,1,1,22680.0,3.3,12.8,9.0,276,1004.5,0
1,2026-09-08T18:00:00+00:00,2026-09-13T02:00:00+00:00,9.2,0.0,2,2,21280.0,3.3,12.4,8.6,283,1004.5,0
1,2026-09-08T18:00:00+00:00,2026-09-13T03:00:00+00:00,9.3,0.0,3,3,19880.0,3.0,11.6,7.9,284,1004.5,0
1,2026-09-08T18:00:00+00:00,2026-09-13T04:00:00+00:00,10.2,0.0,2,2,23960.0,2.6,9.5,6.8,286,1004.8,0
1,2026-09-08T18:00:00+00:00,2026-09-13T05:00:00+00:00,11.6,0.0,1,1,28020.0,1.9,6.5,6.1,292,1005.2,0
1,2026-09-08T18:00:00+00:00,2026-09-13T06:00:00+00:00,13.3,0.0,0,0,32100.0,1.1,4.2,6.1,288,1005.5,0
1,2026-09-08T18:00:00+00:00,2026-09-13T07:00:00+00:00,15.5,0.0,0,0,35340.0,0.7,4.0,8.3,90,1005.7,0
1,2026-09-08T18:00:00+00:00,2026-09-13T08:00:00+00:00,18.0,0.0,0,0,38600.0,2.5,4.6,11.9,98,1005.9,0
1,2026-09-08T18:00:00+00:00,2026-09-13T09:00:00+00:00,20.0,0.0,0,0,41840.0,3.7,4.7,13.7,101,1005.8,0
1,2026-09-08T18:00:00+00:00,2026-09-13T10:00:00+00:00,21.0,0.0,11,11,42200.0,3.0,3.3,11.7,107,1005.5,1
1,2026-09-08T18:00:00+00:00,2026-09-13T11:00:00+00:00,21.5,0.0,19,19,42760.0,1.2,1.5,8.6,105,1005.1,1
1,2026-09-08T18:00:00+00:00,2026-09-13T12:00:00+00:00,21.7,0.0,21,21,43520.0,0.9,1.3,6.3,259,1004.7,1
1,2026-09-08T18:00:00+00:00,2026-09-13T13:00:00+00:00,21.8,0.0,26,26,42640.0,1.6,2.1,6.1,297,1004.3,1
1,2026-09-08T18:00:00+00:00,2026-09-13T14:00:00+00:00,21.7,0.0,33,33,41720.0,2.6,2.9,6.8,304,1004.0,1
1,2026-09-08T18:00:00+00:00,2026-09-13T15:00:00+00:00,21.1,0.0,40,40,40800.0,2.8,3.2,7.2,310,1003.8,1
1,2026-09-08T18:00:00+00:00,2026-09-13T16:00:00+00:00,19.6,0.0,38,38,40800.0,2.1,2.8,6.5,329,1003.8,1
1,2026-09-08T18:00:00+00:00,2026-09-13T17:00:00+00:00,17.6,0.0,35,35,40820.0,1.8,3.9,5.0,11,1004.0,1
1,2026-09-08T18:00:00+00:00,2026-09-13T18:00:00+00:00,16.0,0.0,33,33,40820.0,1.8,4.7,4.0,37,1004.2,1
1,2026-09-08T18:00:00+00:00,2026-09-13T19:00:00+00:00,15.1,0.0,51,34,39800.0,0.7,3.0,3.6,90,1004.2,3
1,2026-09-08T18:00:00+00:00,2026-09-13T20:00:00+00:00,14.5,0.0,69,35,38800.0,1.9,1.3,4.0,202,1004.3,3
1,2026-09-08T18:00:00+00:00,2026-09-13T21:00:00+00:00,14.0,0.0,87,36,37780.0,3.2,2.8,4.0,207,1004.2,3
1,2026-09-08T18:00:00+00:00,2026-09-13T22:00:00+00:00,13.4,0.0,68,34,37780.0,3.7,3.6,4.0,209,1004.2,1
1,2026-09-08T18:00:00+00:00,2026-09-13T23:00:00+00:00,12.9,0.0,50,33,37780.0,3.4,4.3,4.0,212,1004.1,1
1,2026-09-08T18:00:00+00:00,2026-09-14T00:00:00+00:00,12.4,0.0,31,31,37780.0,3.1,4.4,4.0,216,1004.0,1
1,2026-09-08T18:00:00+00:00,2026-09-14T01:00:00+00:00,11.7,0.0,39,39,37040.0,3.1,4.3,3.6,216,1004.0,2
1,2026-09-08T18:00:00+00:00,2026-09-14T02:00:00+00:00,11.0,0.0,47,47,36280.0,3.1,3.7,3.2,225,1004.0,2
1,2026-09-08T18:00:00+00:00,2026-09-14T03:00:00+00:00,11.1,0.0,55,55,35540.0,2.5,3.2,3.2,225,1004.0,2
1,2026-09-08T18:00:00+00:00,2026-09-14T04:00:00+00:00,12.3,0.0,55,55,36280.0,1.5,3.2,3.2,225,1004.0,2
1,2026-09-08T18:00:00+00:00,2026-09-14T05:00:00+00:00,14.3,0.0,56,56,37040.0,0.4,4.2,3.2,90,1004.2,2
1,2026-09-08T18:00:00+00:00,2026-09-14T06:00:00+00:00,16.2,0.0,56,56,37780.0,1.1,5.3,4.7,90,1004.2,2
1,2026-09-08T18:00:00+00:00,2026-09-14T07:00:00+00:00,17.9,0.0,66,63,16860.0,2.1,5.8,8.3,149,1004.2,3
1,2026-09-08T18:00:00+00:00,2026-09-14T08:00:00+00:00,19.5,0.0,75,69,20320.0,4.5,7.0,13.3,166,1004.3,3
1,2026-09-08T18:00:00+00:00,2026-09-14T09:00:00+00:00,20.8,0.0,85,76,23780.0,6.2,8.5,16.9,173,1004.2,3
1,2026-09-08T18:00:00+00:00,2026-09-14T10:00:00+00:00,21.5,0.0,87,72,27240.0,6.8,9.2,18.0,177,1003.9,3
1,2026-09-08T18:00:00+00:00,2026-09-14T11:00:00+00:00,21.9,0.0,88,69,30700.0,6.5,9.2,18.0,180,1003.5,3
1,2026-09-08T18:00:00+00:00,2026-09-14T12:00:00+00:00,22.0,0.0,90,65,34160.0,6.2,8.9,17.3,187,1003.1,3
1,2026-09-08T18:00:00+00:00,2026-09-14T13:00:00+00:00,21.9,0.0,93,68,32440.0,5.6,8.8,16.6,195,1002.7,3
1,2026-09-08T18:00:00+00:00,2026-09-14T14:00:00+00:00,21.6,0.0,95,71,30740.0,5.3,9.0,15.8,208,1002.4,3
1,2026-09-08T18:00:00+00:00,2026-09-14T15:00:00+00:00,21.2,0.0,98,74,29020.0,4.6,8.3,14.0,219,1002.0,3
1,2026-09-08T18:00:00+00:00,2026-09-14T16:00:00+00:00,20.5,0.0,99,79,27300.0,3.6,6.8,10.8,233,1001.9,3
1,2026-09-08T18:00:00+00:00,2026-09-14T17:00:00+00:00,19.7,0.0,99,83,25600.0,2.5,6.4,6.8,262,1002.0,3
1,2026-09-08T18:00:00+00:00,2026-09-14T18:00:00+00:00,19.0,0.0,100,88,23880.0,2.3,6.9,4.3,288,1001.9,3
1,2026-09-08T18:00:00+00:00,2026-09-14T19:00:00+00:00,18.6,0.0,100,87,20420.0,2.3,7.8,4.0,288,1001.8,3
1,2026-09-08T18:00:00+00:00,2026-09-14T20:00:00+00:00,18.2,0.0,100,86,16940.0,2.5,8.2,5.0,278,1001.7,3
1,2026-09-08T18:00:00+00:00,2026-09-14T21:00:00+00:00,17.9,0.0,100,85,13480.0,2.5,8.4,5.8,270,1001.5,3
1,2026-09-08T18:00:00+00:00,2026-09-14T22:00:00+00:00,17.5,0.2,100,76,10000.0,1.8,7.9,5.4,281,1001.3,61
1,2026-09-08T18:00:00+00:00,2026-09-14T23:00:00+00:00,17.1,0.2,100,67,6540.0,1.3,7.4,5.0,304,1001.1,61
1,2026-09-08T19:00:00+00:00,2026-09-08T00:00:00+00:00,11.5,0.0,0,0,29260.0,4.3,19.5,12.2,275,1005.2,0
1,2026-09-08T19:00:00+00:00,2026-09-08T01:00:00+00:00,11.3,0.0,0,0,28680.0,4.3,18.9,13.0,265,1004.9,0
1,2026-09-08T19:00:00+00:00,2026-09-08T02:00:00+00:00,10.9,0.0,2,0,26760.0,3.7,17.7,12.2,259,1004.4,0
1,2026-09-08T19:00:00+00:00,2026-09-08T03:00:00+00:00,10.1,0.0,7,0,23020.0,3.3,15.3,11.2,257,1004.6,1
1,2026-09-08T19:00:00+00:00,2026-09-08T04:00:00+00:00,9.9,0.0,1,1,19040.0,3.4,14.1,10.1,252,1004.4,0
1,2026-09-08T19:00:00+00:00,2026-09-08T05:00:00+00:00,11.3,0.0,38,0,25640.0,3.0,13.4,10.1,256,1004.5,1
1,2026-09-08T19:00:00+00:00,2026-09-08T06:00:00+00:00,13.4,0.0,100,0,32120.0,4.7,13.3,13.7,266,1004.7,3
1,2026-09-08T19:00:00+00:00,2026-09-08T07:00:00+00:00,15.3,0.0,100,0,36820.0,4.7,6.4,16.2,266,1004.8,3
1,2026-09-08T19:00:00+00:00,2026-09-08T08:00:00+00:00,17.2,0.0,84,1,39560.0,5.4,8.1,16.9,262,1004.1,2
1,2026-09-08T19:00:00+00:00,2026-09-08T09:00:00+00:00,19.2,0.0,76,55,40940.0,7.2,10.9,20.9,270,1003.5,2
1,2026-09-08T19:00:00+00:00,2026-09-08T10:00:00+00:00,19.8,0.0,79,60,41120.0,6.8,10.6,22.3,270,1002.5,2
1,2026-09-08T19:00:00+00:00,2026-09-08T11:00:00+00:00,20.2,0.0,85,56,41200.0,6.5,9.9,21.6,267,1001.8,3
1,2026-09-08T19:00:00+00:00,2026-09-08T12:00:00+00:00,21.0,0.0,60,49,41460.0,4.7,6.8,20.5,261,1001.4,2
1,2026-09-08T19:00:00+00:00,2026-09-08T13:00:00+00:00,21.3,0.0,52,44,41540.0,4.1,6.2,17.3,255,1001.0,2
1,2026-09-08T19:00:00+00:00,2026-09-08T14:00:00+00:00,21.4,0.0,51,41,41600.0,3.9,6.0,14.4,248,1000.6,2
1,2026-09-08T19:00:00+00:00,2026-09-08T15:00:00+00:00,21.9,0.0,56,33,42640.0,4.0,6.0,14.0,265,999.8,2
1,2026-09-08T19:00:00+00:00,2026-09-08T16:00:00+00:00,21.0,0.0,15,9,42660.0,2.5,6.1,12.6,262,999.3,1
1,2026-09-08T19:00:00+00:00,2026-09-08T17:00:00+00:00,20.0,0.0,1,1,42160.0,1.0,3.3,6.1,135,999.0,0
1,2026-09-08T19:00:00+00:00,2026-09-08T18:00:00+00:00,18.9,0.0,39,0,41640.0,3.4,4.7,4.3,148,998.9,1
1,2026-09-08T19:00:00+00:00,2026-09-08T19:00:00+00:00,18.0,0.0,36,0,40920.0,3.4,10.4,7.6,148,998.6,1
1,2026-09-08T19:00:00+00:00,2026-09-08T20:00:00+00:00,17.1,0.0,15,0,40180.0,3.7,15.7,9.4,151,998.5,1
1,2026-09-08T19:00:00+00:00,2026-09-08T21:00:00+00:00,16.5,0.0,100,0,39800.0,3.6,18.5,10.1,143,998.5,3
1,2026-09-08T19:00:00+00:00,2026-09-08T22:00:00+00:00,15.9,0.0,80,0,39260.0,4.7,22.3,11.5,157,998.3,2
1,2026-09-08T19:00:00+00:00,2026-09-08T23:00:00+00:00,15.5,0.0,41,0,38740.0,4.6,24.2,11.5,162,998.0,1
1,2026-09-08T19:00:00+00:00,2026-09-09T00:00:00+00:00,15.2,0.0,29,0,38320.0,4.2,23.4,11.5,160,998.2,1
1,2026-09-08T19:00:00+00:00,2026-09-09T01:00:00+00:00,15.1,0.0,24,0,38780.0,4.5,24.0,11.2,166,998.3,1
1,2026-09-08T19:00:00+00:00,2026-09-09T02:00:00+00:00,14.9,0.0,100,0,39400.0,5.1,26.1,13.3,172,998.3,3
1,2026-09-08T19:00:00+00:00,2026-09-09T03:00:00+00:00,14.7,0.0,27,0,37540.0,5.8,27.2,15.1,173,997.8,1
1,2026-09-08T19:00:00+00:00,2026-09-09T04:00:00+00:00,14.6,0.0,16,0,31460.0,5.9,27.2,16.2,169,997.6,1
1,2026-09-08T19:00:00+00:00,2026-09-09T05:00:00+00:00,15.5,0.0,7,0,29160.0,6.5,26.5,19.1,174,997.6,1
1,2026-09-08T19:00:00+00:00,2026-09-09T06:00:00+00:00,17.3,0.0,29,0,33620.0,7.2,22.3,20.2,177,997.9,1
1,2026-09-08T19:00:00+00:00,2026-09-09T07:00:00+00:00,19.9,0.0,0,0,40900.0,6.8,11.3,21.2,177,997.8,0
1,2026-09-08T19:00:00+00:00,2026-09-09T08:00:00+00:00,22.5,0.0,63,0,41560.0,6.9,10.9,21.6,174,997.8,2
1,2026-09-08T19:00:00+00:00,2026-09-09T09:00:00+00:00,24.5,0.0,100,0,42340.0,8.3,13.8,24.5,180,997.5,3
1,2026-09-08T19:00:00+00:00,2026-09-09T10:00:00+00:00,25.9,0.0,100,0,43720.0,9.8,17.3,28.4,188,997.2,3
1,2026-09-08T19:00:00+00:00,2026-09-09T11:00:00+00:00,26.7,0.0,100,0,44760.0,10.0,17.9,28.8,193,996.7,3
1,2026-09-08T19:00:00+00:00,2026-09-09T12:00:00+00:00,27.4,0.0,90,0,45960.0,10.1,18.6,29.5,197,996.1,3
1,2026-09-08T19:00:00+00:00,2026-09-09T13:00:00+00:00,27.7,0.0,3,0,45980.0,9.8,17.8,29.5,197,995.8,0
1,2026-09-08T19:00:00+00:00,2026-09-09T14:00:00+00:00,27.7,0.0,3,0,46620.0,9.0,17.5,27.7,196,995.5,0
1,2026-09-08T19:00:00+00:00,2026-09-09T15:00:00+00:00,27.1,0.0,2,0,46440.0,7.9,16.8,25.6,196,995.2,0
1,2026-09-08T19:00:00+00:00,2026-09-09T16:00:00+00:00,25.6,0.0,14,0,44760.0,4.7,16.4,21.2,184,995.0,1
1,2026-09-08T19:00:00+00:00,2026-09-09T17:00:00+00:00,23.7,0.0,25,0,42860.0,4.0,17.5,12.2,180,995.2,1
1,2026-09-08T19:00:00+00:00,2026-09-09T18:00:00+00:00,22.6,0.0,74,0,42200.0,4.0,18.6,9.0,180,995.3,2
1,2026-09-08T19:00:00+00:00,2026-09-09T19:00:00+00:00,21.8,0.0,100,0,41720.0,4.3,22.2,10.8,175,995.2,3
1,2026-09-08T19:00:00+00:00,2026-09-09T20:00:00+00:00,21.3,0.0,100,0,41640.0,5.1,25.9,13.0,184,995.3,3
1,2026-09-08T19:00:00+00:00,2026-09-09T21:00:00+00:00,20.7,0.0,100,0,41640.0,6.0,30.2,16.2,197,995.4,3
1,2026-09-08T19:00:00+00:00,2026-09-09T22:00:00+00:00,19.6,0.0,82,0,40920.0,6.9,33.4,19.1,208,995.6,2
1,2026-09-08T19:00:00+00:00,2026-09-09T23:00:00+00:00,19.2,0.0,85,0,40460.0,7.0,33.2,19.4,215,995.5,3
1,2026-09-08T19:00:00+00:00,2026-09-10T00:00:00+00:00,18.7,0.0,90,0,39020.0,7.3,33.5,19.8,213,995.5,3
1,2026-09-08T19:00:00+00:00,2026-09-10T01:00:00+00:00,18.1,0.0,22,0,36300.0,7.6,34.4,22.3,205,995.6,1
1,2026-09-08T19:00:00+00:00,2026-09-10T02:00:00+00:00,17.6,0.0,32,0,32460.0,7.6,33.1,22.0,205,995.4,1
1,2026-09-08T19:00:00+00:00,2026-09-10T03:00:00+00:00,17.0,0.0,0,0,30340.0,7.8,32.8,22.0,202,995.5,0
1,2026-09-08T19:00:00+00:00,2026-09-10T04:00:00+00:00,16.4,0.0,0,0,27140.0,8.2,33.9,23.0,195,995.5,0
1,2026-09-08T19:00:00+00:00,2026-09-10T05:00:00+00:00,16.8,0.0,0,0,25920.0,9.0,35.8,24.1,185,995.6,0
1,2026-09-08T19:00:00+00:00,2026-09-10T06:00:00+00:00,18.6,0.0,0,0,34920.0,10.6,22.8,29.9,190,995.7,0
1,2026-09-08T19:00:00+00:00,2026-09-10T07:00:00+00:00,20.6,0.0,0,0,39240.0,11.3,21.9,33.1,189,995.8,0
1,2026-09-08T19:00:00+00:00,2026-09-10T08:00:00+00:00,22.7,0.0,0,0,40360.0,12.6,24.1,36.0,183,995.6,0
1,2026-09-08T19:00:00+00:00,2026-09-10T09:00:00+00:00,24.7,0.0,0,0,41300.0,14.5,28.2,39.6,187,995.2,0
1,2026-09-08T19:00:00+00:00,2026-09-10T10:00:00+00:00,26.3,0.0,0,0,42400.0,15.3,30.6,41.8,189,994.7,0
1,2026-09-08T19:00:00+00:00,2026-09-10T11:00:00+00:00,27.4,0.0,0,0,43340.0,15.0,30.2,42.1,201,994.7,0
1,2026-09-08T19:00:00+00:00,2026-09-10T12:00:00+00:00,28.2,0.0,0,0,44100.0,14.7,29.7,41.8,202,994.2,0
1,2026-09-08T19:00:00+00:00,2026-09-10T13:00:00+00:00,28.5,0.0,0,0,43620.0,14.3,28.9,40.3,214,994.1,0
1,2026-09-08T19:00:00+00:00,2026-09-10T14:00:00+00:00,28.4,0.0,0,0,43460.0,13.1,28.4,38.5,217,994.0,0
1,2026-09-08T19:00:00+00:00,2026-09-10T15:00:00+00:00,27.9,0.0,1,1,43360.0,11.2,26.7,35.6,222,994.1,0
1,2026-09-08T19:00:00+00:00,2026-09-10T16:00:00+00:00,26.7,0.0,23,0,42680.0,7.3,23.3,30.2,213,993.9,1
1,2026-09-08T19:00:00+00:00,2026-09-10T17:00:00+00:00,25.0,0.0,82,4,41840.0,5.8,23.9,18.4,202,993.9,3
1,2026-09-08T19:00:00+00:00,2026-09-10T18:00:00+00:00,23.7,0.0,68,1,41320.0,7.6,24.4,20.5,262,994.3,2
1,2026-09-08T19:00:00+00:00,2026-09-10T19:00:00+00:00,19.5,0.0,100,25,35380.0,16.8,36.2,49.3,312,996.0,3
1,2026-09-08T19:00:00+00:00,2026-09-10T20:00:00+00:00,16.9,0.1,99,67,28800.0,14.3,31.3,44.3,317,996.8,61
1,2026-09-08T19:00:00+00:00,2026-09-10T21:00:00+00:00,15.4,0.3,98,75,25300.0,13.8,30.2,37.4,313,997.7,61
1,2026-09-08T19:00:00+00:00,2026-09-10T22:00:00+00:00,14.5,1.4,100,83,22220.0,12.3,27.9,36.0,310,998.4,61
1,2026-09-08T19:00:00+00:00,2026-09-10T23:00:00+00:00,14.1,0.4,100,68,26000.0,10.0,23.0,32.0,308,998.9,61
1,2026-09-08T19:00:00+00:00,2026-09-11T00:00:00+00:00,14.0,0.0,100,40,23240.0,8.8,22.3,26.6,289,999.3,3
1,2026-09-08T19:00:00+00:00,2026-09-11T01:00:00+00:00,13.7,0.0,99,47,20880.0,9.3,24.8,24.5,283,999.5,3
1,2026-09-08T19:00:00+00:00,2026-09-11T02:00:00+00:00,13.5,0.0,79,48,18860.0,8.9,25.5,24.1,284,999.8,3
1,2026-09-08T19:00:00+00:00,2026-09-11T03:00:00+00:00,13.1,0.0,100,52,17380.0,8.1,24.9,23.0,283,1000.1,3
1,2026-09-08T19:00:00+00:00,2026-09-11T04:00:00+00:00,12.9,0.0,69,62,10400.0,9.0,27.8,23.4,286,1000.7,2
1,2026-09-08T19:00:00+00:00,2026-09-11T05:00:00+00:00,13.3,0.0,63,63,16340.0,9.3,19.1,25.2,298,1001.3,2
1,2026-09-08T19:00:00+00:00,2026-09-11T06:00:00+00:00,14.2,0.0,57,57,23980.0,9.0,16.5,26.6,307,1001.7,2
1,2026-09-08T19:00:00+00:00,2026-09-11T07:00:00+00:00,15.8,0.0,59,36,31440.0,7.6,12.4,25.2,301,1002.2,2
1,2026-09-08T19:00:00+00:00,2026-09-11T08:00:00+00:00,17.5,0.0,97,39,38460.0,8.9,14.5,26.3,313,1002.3,3
1,2026-09-08T19:00:00+00:00,2026-09-11T09:00:00+00:00,18.8,0.0,100,29,40700.0,10.0,16.3,29.2,308,1002.4,3
1,2026-09-08T19:00:00+00:00,2026-09-11T10:00:00+00:00,19.6,0.0,100,16,42100.0,10.8,17.5,30.6,300,1002.4,3
1,2026-09-08T19:00:00+00:00,2026-09-11T11:00:00+00:00,20.3,0.0,95,21,42960.0,11.1,18.3,32.0,295,1002.4,3
1,2026-09-08T19:00:00+00:00,2026-09-11T12:00:00+00:00,20.5,0.0,100,31,42340.0,10.3,16.9,31.7,299,1002.0,3
1,2026-09-08T19:00:00+00:00,2026-09-11T13:00:00+00:00,20.1,0.0,100,32,42020.0,10.5,18.1,30.2,297,1001.9,3
1,2026-09-08T19:00:00+00:00,2026-09-11T14:00:00+00:00,19.6,0.0,100,20,42260.0,10.0,18.5,29.5,300,1002.0,3
1,2026-09-08T19:00:00+00:00,2026-09-11T15:00:00+00:00,19.0,0.0,97,8,42140.0,9.7,18.6,27.7,301,1002.1,3
1,2026-09-08T19:00:00+00:00,2026-09-11T16:00:00+00:00,18.1,0.0,97,0,41880.0,7.2,17.1,25.6,307,1002.1,3
1,2026-09-08T19:00:00+00:00,2026-09-11T17:00:00+00:00,16.9,0.0,100,0,41000.0,4.9,18.2,18.4,306,1002.5,3
1,2026-09-08T19:00:00+00:00,2026-09-11T18:00:00+00:00,16.2,0.0,100,0,40640.0,4.9,19.1,14.4,306,1002.7,3
1,2026-09-08T19:00:00+00:00,2026-09-11T19:00:00+00:00,15.5,0.0,95,0,40340.0,4.5,19.3,12.6,299,1003.0,3
1,2026-09-08T19:00:00+00:00,2026-09-11T20:00:00+00:00,15.0,0.0,90,0,40040.0,4.6,19.5,12.2,288,1003.2,3
1,2026-09-08T19:00:00+00:00,2026-09-11T21:00:00+00:00,14.5,0.0,85,0,39740.0,4.5,19.0,11.5,284,1003.5,3
1,2026-09-08T19:00:00+00:00,2026-09-11T22:00:00+00:00,13.8,0.0,90,0,38740.0,4.0,17.5,10.4,280,1003.5,3
1,2026-09-08T19:00:00+00:00,2026-09-11T23:00:00+00:00,13.2,0.0,95,0,37740.0,3.3,15.7,9.4,283,1003.6,3
1,2026-09-08T19:00:00+00:00,2026-09-12T00:00:00+00:00,12.7,0.0,100,0,36740.0,3.0,14.0,8.6,284,1003.6,3
1,2026-09-08T19:00:00+00:00,2026-09-12T01:00:00+00:00,12.2,0.0,100,0,35840.0,3.0,12.8,8.3,284,1003.5,3
1,2026-09-08T19:00:00+00:00,2026-09-12T02:00:00+00:00,11.9,0.0,100,0,34960.0,2.9,11.6,7.9,277,1003.5,3
1,2026-09-08T19:00:00+00:00,2026-09-12T03:00:00+00:00,11.8,0.0,100,0,34060.0,2.9,9.9,7.6,277,1003.5,3
1,2026-09-08T19:00:00+00:00,2026-09-12T04:00:00+00:00,12.2,0.0,100,0,35180.0,2.5,7.2,6.5,278,1003.7,3
1,2026-09-08T19:00:00+00:00,2026-09-12T05:00:00+00:00,12.9,0.0,99,0,36280.0,1.8,3.9,5.4,270,1004.0,3
1,2026-09-08T19:00:00+00:00,2026-09-12T06:00:00+00:00,13.8,0.0,99,0,37400.0,1.1,1.3,5.0,252,1004.2,3
1,2026-09-08T19:00:00+00:00,2026-09-12T07:00:00+00:00,15.1,0.0,99,0,38580.0,1.3,0.8,6.1,214,1004.4,3
1,2026-09-08T19:00:00+00:00,2026-09-12T08:00:00+00:00,16.7,0.0,100,0,39760.0,1.9,2.1,7.9,202,1004.6,3
1,2026-09-08T19:00:00+00:00,2026-09-12T09:00:00+00:00,17.9,0.0,100,0,40940.0,2.2,2.9,9.0,189,1004.7,3
1,2026-09-08T19:00:00+00:00,2026-09-12T10:00:00+00:00,18.5,0.0,100,7,41140.0,1.8,2.5,7.9,180,1004.4,3
1,2026-09-08T19:00:00+00:00,2026-09-12T11:00:00+00:00,18.6,0.0,100,15,41320.0,1.6,1.9,6.5,153,1003.9,3
1,2026-09-08T19:00:00+00:00,2026-09-12T12:00:00+00:00,18.5,0.0,100,22,41520.0,1.1,1.5,6.1,162,1003.6,3
1,2026-09-08T19:00:00+00:00,2026-09-12T13:00:00+00:00,18.0,0.1,100,24,40600.0,1.8,3.3,9.0,233,1003.5,61
1,2026-09-08T19:00:00+00:00,2026-09-12T14:00:00+00:00,17.2,0.1,100,27,39660.0,4.6,7.5,13.7,252,1003.4,61
1,2026-09-08T19:00:00+00:00,2026-09-12T15:00:00+00:00,16.3,0.1,100,29,38740.0,6.4,11.3,16.9,254,1003.4,61
1,2026-09-08T19:00:00+00:00,2026-09-12T16:00:00+00:00,15.4,0.0,100,27,34420.0,6.7,14.0,17.6,254,1003.5,3
1,2026-09-08T19:00:00+00:00,2026-09-12T17:00:00+00:00,14.6,0.0,100,24,30100.0,6.4,16.8,17.3,254,1003.8,3
1,2026-09-08T19:00:00+00:00,2026-09-12T18:00:00+00:00,13.8,0.0,100,22,25780.0,6.0,17.7,16.2,253,1004.0,3
1,2026-09-08T19:00:00+00:00,2026-09-12T19:00:00+00:00,13.0,0.0,69,15,26700.0,5.2,17.1,14.8,254,1004.2,1
1,2026-09-08T19:00:00+00:00,2026-09-12T20:00:00+00:00,12.4,0.0,38,7,27600.0,4.4,16.4,12.6,261,1004.2,1
1,2026-09-08T19:00:00+00:00,2026-09-12T21:00:00+00:00,11.7,0.0,7,0,28520.0,3.6,16.2,11.2,270,1004.3,1
1,2026-09-08T19:00:00+00:00,2026-09-12T22:00:00+00:00,11.1,0.0,5,0,27040.0,3.3,15.5,10.4,276,1004.4,0
1,2026-09-08T19:00:00+00:00,2026-09-12T23:00:00+00:00,10.5,0.0,2,0,25560.0,3.3,14.4,10.1,276,1004.5,0
1,2026-09-08T19:00:00+00:00,2026-09-13T00:00:00+00:00,10.1,0.0,0,0,24080.0,3.3,13.5,9.7,276,1004.6,0
1,2026-09-08T19:00:00+00:00,2026-09-13T01:00:00+00:00,9.6,0.0,1,1,22680.0,3.3,12.8,9.0,276,1004.5,0
1,2026-09-08T19:00:00+00:00,2026-09-13T02:00:00+00:00,9.2,0.0,2,2,21280.0,3.3,12.4,8.6,283,1004.5,0
1,2026-09-08T19:00:00+00:00,2026-09-13T03:00:00+00:00,9.3,0.0,3,3,19880.0,3.0,11.6,7.9,284,1004.5,0
1,2026-09-08T19:00:00+00:00,2026-09-13T04:00:00+00:00,10.2,0.0,2,2,23960.0,2.6,9.5,6.8,286,1004.8,0
1,2026-09-08T19:00:00+00:00,2026-09-13T05:00:00+00:00,11.6,0.0,1,1,28020.0,1.9,6.5,6.1,292,1005.2,0
1,2026-09-08T19:00:00+00:00,2026-09-13T06:00:00+00:00,13.3,0.0,0,0,32100.0,1.1,4.2,6.1,288,1005.5,0
1,2026-09-08T19:00:00+00:00,2026-09-13T07:00:00+00:00,15.5,0.0,0,0,35340.0,0.7,4.0,8.3,90,1005.7,0
1,2026-09-08T19:00:00+00:00,2026-09-13T08:00:00+00:00,18.0,0.0,0,0,38600.0,2.5,4.6,11.9,98,1005.9,0
1,2026-09-08T19:00:00+00:00,2026-09-13T09:00:00+00:00,20.0,0.0,0,0,41840.0,3.7,4.7,13.7,101,1005.8,0
1,2026-09-08T19:00:00+00:00,2026-09-13T10:00:00+00:00,21.0,0.0,11,11,42200.0,3.0,3.3,11.7,107,1005.5,1
1,2026-09-08T19:00:00+00:00,2026-09-13T11:00:00+00:00,21.5,0.0,19,19,42760.0,1.2,1.5,8.6,105,1005.1,1
1,2026-09-08T19:00:00+00:00,2026-09-13T12:00:00+00:00,21.7,0.0,21,21,43520.0,0.9,1.3,6.3,259,1004.7,1
1,2026-09-08T19:00:00+00:00,2026-09-13T13:00:00+00:00,21.8,0.0,26,26,42640.0,1.6,2.1,6.1,297,1004.3,1
1,2026-09-08T19:00:00+00:00,2026-09-13T14:00:00+00:00,21.7,0.0,33,33,41720.0,2.6,2.9,6.8,304,1004.0,1
1,2026-09-08T19:00:00+00:00,2026-09-13T15:00:00+00:00,21.1,0.0,40,40,40800.0,2.8,3.2,7.2,310,1003.8,1
1,2026-09-08T19:00:00+00:00,2026-09-13T16:00:00+00:00,19.6,0.0,38,38,40800.0,2.1,2.8,6.5,329,1003.8,1
1,2026-09-08T19:00:00+00:00,2026-09-13T17:00:00+00:00,17.6,0.0,35,35,40820.0,1.8,3.9,5.0,11,1004.0,1
1,2026-09-08T19:00:00+00:00,2026-09-13T18:00:00+00:00,16.0,0.0,33,33,40820.0,1.8,4.7,4.0,37,1004.2,1
1,2026-09-08T19:00:00+00:00,2026-09-13T19:00:00+00:00,15.1,0.0,51,34,39800.0,0.7,3.0,3.6,90,1004.2,3
1,2026-09-08T19:00:00+00:00,2026-09-13T20:00:00+00:00,14.5,0.0,69,35,38800.0,1.9,1.3,4.0,202,1004.3,3
1,2026-09-08T19:00:00+00:00,2026-09-13T21:00:00+00:00,14.0,0.0,87,36,37780.0,3.2,2.8,4.0,207,1004.2,3
1,2026-09-08T19:00:00+00:00,2026-09-13T22:00:00+00:00,13.4,0.0,68,34,37780.0,3.7,3.6,4.0,209,1004.2,1
1,2026-09-08T19:00:00+00:00,2026-09-13T23:00:00+00:00,12.9,0.0,50,33,37780.0,3.4,4.3,4.0,212,1004.1,1
1,2026-09-08T19:00:00+00:00,2026-09-14T00:00:00+00:00,12.4,0.0,31,31,37780.0,3.1,4.4,4.0,216,1004.0,1
1,2026-09-08T19:00:00+00:00,2026-09-14T01:00:00+00:00,11.7,0.0,39,39,37040.0,3.1,4.3,3.6,216,1004.0,2
1,2026-09-08T19:00:00+00:00,2026-09-14T02:00:00+00:00,11.0,0.0,47,47,36280.0,3.1,3.7,3.2,225,1004.0,2
1,2026-09-08T19:00:00+00:00,2026-09-14T03:00:00+00:00,11.1,0.0,55,55,35540.0,2.5,3.2,3.2,225,1004.0,2
1,2026-09-08T19:00:00+00:00,2026-09-14T04:00:00+00:00,12.3,0.0,55,55,36280.0,1.5,3.2,3.2,225,1004.0,2
1,2026-09-08T19:00:00+00:00,2026-09-14T05:00:00+00:00,14.3,0.0,56,56,37040.0,0.4,4.2,3.2,90,1004.2,2
1,2026-09-08T19:00:00+00:00,2026-09-14T06:00:00+00:00,16.2,0.0,56,56,37780.0,1.1,5.3,4.7,90,1004.2,2
1,2026-09-08T19:00:00+00:00,2026-09-14T07:00:00+00:00,17.9,0.0,66,63,16860.0,2.1,5.8,8.3,149,1004.2,3
1,2026-09-08T19:00:00+00:00,2026-09-14T08:00:00+00:00,19.5,0.0,75,69,20320.0,4.5,7.0,13.3,166,1004.3,3
1,2026-09-08T19:00:00+00:00,2026-09-14T09:00:00+00:00,20.8,0.0,85,76,23780.0,6.2,8.5,16.9,173,1004.2,3
1,2026-09-08T19:00:00+00:00,2026-09-14T10:00:00+00:00,21.5,0.0,87,72,27240.0,6.8,9.2,18.0,177,1003.9,3
1,2026-09-08T19:00:00+00:00,2026-09-14T11:00:00+00:00,21.9,0.0,88,69,30700.0,6.5,9.2,18.0,180,1003.5,3
1,2026-09-08T19:00:00+00:00,2026-09-14T12:00:00+00:00,22.0,0.0,90,65,34160.0,6.2,8.9,17.3,187,1003.1,3
1,2026-09-08T19:00:00+00:00,2026-09-14T13:00:00+00:00,21.9,0.0,93,68,32440.0,5.6,8.8,16.6,195,1002.7,3
1,2026-09-08T19:00:00+00:00,2026-09-14T14:00:00+00:00,21.6,0.0,95,71,30740.0,5.3,9.0,15.8,208,1002.4,3
1,2026-09-08T19:00:00+00:00,2026-09-14T15:00:00+00:00,21.2,0.0,98,74,29020.0,4.6,8.3,14.0,219,1002.0,3
1,2026-09-08T19:00:00+00:00,2026-09-14T16:00:00+00:00,20.5,0.0,99,79,27300.0,3.6,6.8,10.8,233,1001.9,3
1,2026-09-08T19:00:00+00:00,2026-09-14T17:00:00+00:00,19.7,0.0,99,83,25600.0,2.5,6.4,6.8,262,1002.0,3
1,2026-09-08T19:00:00+00:00,2026-09-14T18:00:00+00:00,19.0,0.0,100,88,23880.0,2.3,6.9,4.3,288,1001.9,3
1,2026-09-08T19:00:00+00:00,2026-09-14T19:00:00+00:00,18.6,0.0,100,87,20420.0,2.3,7.8,4.0,288,1001.8,3
1,2026-09-08T19:00:00+00:00,2026-09-14T20:00:00+00:00,18.2,0.0,100,86,16940.0,2.5,8.2,5.0,278,1001.7,3
1,2026-09-08T19:00:00+00:00,2026-09-14T21:00:00+00:00,17.9,0.0,100,85,13480.0,2.5,8.4,5.8,270,1001.5,3
1,2026-09-08T19:00:00+00:00,2026-09-14T22:00:00+00:00,17.5,0.2,100,76,10000.0,1.8,7.9,5.4,281,1001.3,61
1,2026-09-08T19:00:00+00:00,2026-09-14T23:00:00+00:00,17.1,0.2,100,67,6540.0,1.3,7.4,5.0,304,1001.1,61
1,2026-09-08T20:00:00+00:00,2026-09-08T00:00:00+00:00,11.5,0.0,0,0,29260.0,4.3,19.5,12.2,275,1005.2,0
1,2026-09-08T20:00:00+00:00,2026-09-08T01:00:00+00:00,11.3,0.0,0,0,28680.0,4.3,18.9,13.0,265,1004.9,0
1,2026-09-08T20:00:00+00:00,2026-09-08T02:00:00+00:00,10.9,0.0,2,0,26760.0,3.7,17.7,12.2,259,1004.4,0
1,2026-09-08T20:00:00+00:00,2026-09-08T03:00:00+00:00,10.1,0.0,7,0,23020.0,3.3,15.3,11.2,257,1004.6,1
1,2026-09-08T20:00:00+00:00,2026-09-08T04:00:00+00:00,9.9,0.0,1,1,19040.0,3.4,14.1,10.1,252,1004.4,0
1,2026-09-08T20:00:00+00:00,2026-09-08T05:00:00+00:00,11.3,0.0,38,0,25640.0,3.0,13.4,10.1,256,1004.5,1
1,2026-09-08T20:00:00+00:00,2026-09-08T06:00:00+00:00,13.4,0.0,100,0,32120.0,4.7,13.3,13.7,266,1004.7,3
1,2026-09-08T20:00:00+00:00,2026-09-08T07:00:00+00:00,15.3,0.0,100,0,36820.0,4.7,6.4,16.2,266,1004.8,3
1,2026-09-08T20:00:00+00:00,2026-09-08T08:00:00+00:00,17.2,0.0,84,1,39560.0,5.4,8.1,16.9,262,1004.1,2
1,2026-09-08T20:00:00+00:00,2026-09-08T09:00:00+00:00,19.2,0.0,76,55,40940.0,7.2,10.9,20.9,270,1003.5,2
1,2026-09-08T20:00:00+00:00,2026-09-08T10:00:00+00:00,19.8,0.0,79,60,41120.0,6.8,10.6,22.3,270,1002.5,2
1,2026-09-08T20:00:00+00:00,2026-09-08T11:00:00+00:00,20.2,0.0,85,56,41200.0,6.5,9.9,21.6,267,1001.8,3
1,2026-09-08T20:00:00+00:00,2026-09-08T12:00:00+00:00,21.0,0.0,60,49,41460.0,4.7,6.8,20.5,261,1001.4,2
1,2026-09-08T20:00:00+00:00,2026-09-08T13:00:00+00:00,21.3,0.0,52,44,41540.0,4.1,6.2,17.3,255,1001.0,2
1,2026-09-08T20:00:00+00:00,2026-09-08T14:00:00+00:00,21.4,0.0,51,41,41600.0,3.9,6.0,14.4,248,1000.6,2
1,2026-09-08T20:00:00+00:00,2026-09-08T15:00:00+00:00,21.9,0.0,56,33,42640.0,4.0,6.0,14.0,265,999.8,2
1,2026-09-08T20:00:00+00:00,2026-09-08T16:00:00+00:00,21.0,0.0,15,9,42660.0,2.5,6.1,12.6,262,999.3,1
1,2026-09-08T20:00:00+00:00,2026-09-08T17:00:00+00:00,20.0,0.0,1,1,42160.0,1.0,3.3,6.1,135,999.0,0
1,2026-09-08T20:00:00+00:00,2026-09-08T18:00:00+00:00,18.9,0.0,39,0,41640.0,3.4,4.7,4.3,148,998.9,1
1,2026-09-08T20:00:00+00:00,2026-09-08T19:00:00+00:00,18.0,0.0,36,0,40920.0,3.4,10.4,7.6,148,998.6,1
1,2026-09-08T20:00:00+00:00,2026-09-08T20:00:00+00:00,17.1,0.0,15,0,40180.0,3.7,15.7,9.4,151,998.5,1
1,2026-09-08T20:00:00+00:00,2026-09-08T21:00:00+00:00,16.5,0.0,100,0,39800.0,3.6,18.5,10.1,143,998.5,3
1,2026-09-08T20:00:00+00:00,2026-09-08T22:00:00+00:00,15.9,0.0,80,0,39260.0,4.7,22.3,11.5,157,998.3,2
1,2026-09-08T20:00:00+00:00,2026-09-08T23:00:00+00:00,15.5,0.0,41,0,38740.0,4.6,24.2,11.5,162,998.0,1
1,2026-09-08T20:00:00+00:00,2026-09-09T00:00:00+00:00,15.2,0.0,29,0,38320.0,4.2,23.4,11.5,160,998.2,1
1,2026-09-08T20:00:00+00:00,2026-09-09T01:00:00+00:00,15.1,0.0,24,0,38780.0,4.5,24.0,11.2,166,998.3,1
1,2026-09-08T20:00:00+00:00,2026-09-09T02:00:00+00:00,14.9,0.0,100,0,39400.0,5.1,26.1,13.3,172,998.3,3
1,2026-09-08T20:00:00+00:00,2026-09-09T03:00:00+00:00,14.7,0.0,27,0,37540.0,5.8,27.2,15.1,173,997.8,1
1,2026-09-08T20:00:00+00:00,2026-09-09T04:00:00+00:00,14.6,0.0,16,0,31460.0,5.9,27.2,16.2,169,997.6,1
1,2026-09-08T20:00:00+00:00,2026-09-09T05:00:00+00:00,15.5,0.0,7,0,29160.0,6.5,26.5,19.1,174,997.6,1
1,2026-09-08T20:00:00+00:00,2026-09-09T06:00:00+00:00,17.3,0.0,29,0,33620.0,7.2,22.3,20.2,177,997.9,1
1,2026-09-08T20:00:00+00:00,2026-09-09T07:00:00+00:00,19.9,0.0,0,0,40900.0,6.8,11.3,21.2,177,997.8,0
1,2026-09-08T20:00:00+00:00,2026-09-09T08:00:00+00:00,22.5,0.0,63,0,41560.0,6.9,10.9,21.6,174,997.8,2
1,2026-09-08T20:00:00+00:00,2026-09-09T09:00:00+00:00,24.5,0.0,100,0,42340.0,8.3,13.8,24.5,180,997.5,3
1,2026-09-08T20:00:00+00:00,2026-09-09T10:00:00+00:00,25.9,0.0,100,0,43720.0,9.8,17.3,28.4,188,997.2,3
1,2026-09-08T20:00:00+00:00,2026-09-09T11:00:00+00:00,26.7,0.0,100,0,44760.0,10.0,17.9,28.8,193,996.7,3
1,2026-09-08T20:00:00+00:00,2026-09-09T12:00:00+00:00,27.4,0.0,90,0,45960.0,10.1,18.6,29.5,197,996.1,3
1,2026-09-08T20:00:00+00:00,2026-09-09T13:00:00+00:00,27.7,0.0,3,0,45980.0,9.8,17.8,29.5,197,995.8,0
1,2026-09-08T20:00:00+00:00,2026-09-09T14:00:00+00:00,27.7,0.0,3,0,46620.0,9.0,17.5,27.7,196,995.5,0
1,2026-09-08T20:00:00+00:00,2026-09-09T15:00:00+00:00,27.1,0.0,2,0,46440.0,7.9,16.8,25.6,196,995.2,0
1,2026-09-08T20:00:00+00:00,2026-09-09T16:00:00+00:00,25.6,0.0,14,0,44760.0,4.7,16.4,21.2,184,995.0,1
1,2026-09-08T20:00:00+00:00,2026-09-09T17:00:00+00:00,23.7,0.0,25,0,42860.0,4.0,17.5,12.2,180,995.2,1
1,2026-09-08T20:00:00+00:00,2026-09-09T18:00:00+00:00,22.6,0.0,74,0,42200.0,4.0,18.6,9.0,180,995.3,2
1,2026-09-08T20:00:00+00:00,2026-09-09T19:00:00+00:00,21.8,0.0,100,0,41720.0,4.3,22.2,10.8,175,995.2,3
1,2026-09-08T20:00:00+00:00,2026-09-09T20:00:00+00:00,21.3,0.0,100,0,41640.0,5.1,25.9,13.0,184,995.3,3
1,2026-09-08T20:00:00+00:00,2026-09-09T21:00:00+00:00,20.7,0.0,100,0,41640.0,6.0,30.2,16.2,197,995.4,3
1,2026-09-08T20:00:00+00:00,2026-09-09T22:00:00+00:00,19.6,0.0,82,0,40920.0,6.9,33.4,19.1,208,995.6,2
1,2026-09-08T20:00:00+00:00,2026-09-09T23:00:00+00:00,19.2,0.0,85,0,40460.0,7.0,33.2,19.4,215,995.5,3
1,2026-09-08T20:00:00+00:00,2026-09-10T00:00:00+00:00,18.7,0.0,90,0,39020.0,7.3,33.5,19.8,213,995.5,3
1,2026-09-08T20:00:00+00:00,2026-09-10T01:00:00+00:00,18.1,0.0,22,0,36300.0,7.6,34.4,22.3,205,995.6,1
1,2026-09-08T20:00:00+00:00,2026-09-10T02:00:00+00:00,17.6,0.0,32,0,32460.0,7.6,33.1,22.0,205,995.4,1
1,2026-09-08T20:00:00+00:00,2026-09-10T03:00:00+00:00,17.0,0.0,0,0,30340.0,7.8,32.8,22.0,202,995.5,0
1,2026-09-08T20:00:00+00:00,2026-09-10T04:00:00+00:00,16.4,0.0,0,0,27140.0,8.2,33.9,23.0,195,995.5,0
1,2026-09-08T20:00:00+00:00,2026-09-10T05:00:00+00:00,16.8,0.0,0,0,25920.0,9.0,35.8,24.1,185,995.6,0
1,2026-09-08T20:00:00+00:00,2026-09-10T06:00:00+00:00,18.6,0.0,0,0,34920.0,10.6,22.8,29.9,190,995.7,0
1,2026-09-08T20:00:00+00:00,2026-09-10T07:00:00+00:00,20.6,0.0,0,0,39240.0,11.3,21.9,33.1,189,995.8,0
1,2026-09-08T20:00:00+00:00,2026-09-10T08:00:00+00:00,22.7,0.0,0,0,40360.0,12.6,24.1,36.0,183,995.6,0
1,2026-09-08T20:00:00+00:00,2026-09-10T09:00:00+00:00,24.7,0.0,0,0,41300.0,14.5,28.2,39.6,187,995.2,0
1,2026-09-08T20:00:00+00:00,2026-09-10T10:00:00+00:00,26.3,0.0,0,0,42400.0,15.3,30.6,41.8,189,994.7,0
1,2026-09-08T20:00:00+00:00,2026-09-10T11:00:00+00:00,27.4,0.0,0,0,43340.0,15.0,30.2,42.1,201,994.7,0
1,2026-09-08T20:00:00+00:00,2026-09-10T12:00:00+00:00,28.2,0.0,0,0,44100.0,14.7,29.7,41.8,202,994.2,0
1,2026-09-08T20:00:00+00:00,2026-09-10T13:00:00+00:00,28.5,0.0,0,0,43620.0,14.3,28.9,40.3,214,994.1,0
1,2026-09-08T20:00:00+00:00,2026-09-10T14:00:00+00:00,28.4,0.0,0,0,43460.0,13.1,28.4,38.5,217,994.0,0
1,2026-09-08T20:00:00+00:00,2026-09-10T15:00:00+00:00,27.9,0.0,1,1,43360.0,11.2,26.7,35.6,222,994.1,0
1,2026-09-08T20:00:00+00:00,2026-09-10T16:00:00+00:00,26.7,0.0,23,0,42680.0,7.3,23.3,30.2,213,993.9,1
1,2026-09-08T20:00:00+00:00,2026-09-10T17:00:00+00:00,25.0,0.0,82,4,41840.0,5.8,23.9,18.4,202,993.9,3
1,2026-09-08T20:00:00+00:00,2026-09-10T18:00:00+00:00,23.7,0.0,68,1,41320.0,7.6,24.4,20.5,262,994.3,2
1,2026-09-08T20:00:00+00:00,2026-09-10T19:00:00+00:00,19.5,0.0,100,25,35380.0,16.8,36.2,49.3,312,996.0,3
1,2026-09-08T20:00:00+00:00,2026-09-10T20:00:00+00:00,16.9,0.1,99,67,28800.0,14.3,31.3,44.3,317,996.8,61
1,2026-09-08T20:00:00+00:00,2026-09-10T21:00:00+00:00,15.4,0.3,98,75,25300.0,13.8,30.2,37.4,313,997.7,61
1,2026-09-08T20:00:00+00:00,2026-09-10T22:00:00+00:00,14.5,1.4,100,83,22220.0,12.3,27.9,36.0,310,998.4,61
1,2026-09-08T20:00:00+00:00,2026-09-10T23:00:00+00:00,14.1,0.4,100,68,26000.0,10.0,23.0,32.0,308,998.9,61
1,2026-09-08T20:00:00+00:00,2026-09-11T00:00:00+00:00,14.0,0.0,100,40,23240.0,8.8,22.3,26.6,289,999.3,3
1,2026-09-08T20:00:00+00:00,2026-09-11T01:00:00+00:00,13.7,0.0,99,47,20880.0,9.3,24.8,24.5,283,999.5,3
1,2026-09-08T20:00:00+00:00,2026-09-11T02:00:00+00:00,13.5,0.0,79,48,18860.0,8.9,25.5,24.1,284,999.8,3
1,2026-09-08T20:00:00+00:00,2026-09-11T03:00:00+00:00,13.1,0.0,100,52,17380.0,8.1,24.9,23.0,283,1000.1,3
1,2026-09-08T20:00:00+00:00,2026-09-11T04:00:00+00:00,12.9,0.0,69,62,10400.0,9.0,27.8,23.4,286,1000.7,2
1,2026-09-08T20:00:00+00:00,2026-09-11T05:00:00+00:00,13.3,0.0,63,63,16340.0,9.3,19.1,25.2,298,1001.3,2
1,2026-09-08T20:00:00+00:00,2026-09-11T06:00:00+00:00,14.2,0.0,57,57,23980.0,9.0,16.5,26.6,307,1001.7,2
1,2026-09-08T20:00:00+00:00,2026-09-11T07:00:00+00:00,15.8,0.0,59,36,31440.0,7.6,12.4,25.2,301,1002.2,2
1,2026-09-08T20:00:00+00:00,2026-09-11T08:00:00+00:00,17.5,0.0,97,39,38460.0,8.9,14.5,26.3,313,1002.3,3
1,2026-09-08T20:00:00+00:00,2026-09-11T09:00:00+00:00,18.8,0.0,100,29,40700.0,10.0,16.3,29.2,308,1002.4,3
1,2026-09-08T20:00:00+00:00,2026-09-11T10:00:00+00:00,19.6,0.0,100,16,42100.0,10.8,17.5,30.6,300,1002.4,3
1,2026-09-08T20:00:00+00:00,2026-09-11T11:00:00+00:00,20.3,0.0,95,21,42960.0,11.1,18.3,32.0,295,1002.4,3
1,2026-09-08T20:00:00+00:00,2026-09-11T12:00:00+00:00,20.5,0.0,100,31,42340.0,10.3,16.9,31.7,299,1002.0,3
1,2026-09-08T20:00:00+00:00,2026-09-11T13:00:00+00:00,20.1,0.0,100,32,42020.0,10.5,18.1,30.2,297,1001.9,3
1,2026-09-08T20:00:00+00:00,2026-09-11T14:00:00+00:00,19.6,0.0,100,20,42260.0,10.0,18.5,29.5,300,1002.0,3
1,2026-09-08T20:00:00+00:00,2026-09-11T15:00:00+00:00,19.0,0.0,97,8,42140.0,9.7,18.6,27.7,301,1002.1,3
1,2026-09-08T20:00:00+00:00,2026-09-11T16:00:00+00:00,18.1,0.0,97,0,41880.0,7.2,17.1,25.6,307,1002.1,3
1,2026-09-08T20:00:00+00:00,2026-09-11T17:00:00+00:00,16.9,0.0,100,0,41000.0,4.9,18.2,18.4,306,1002.5,3
1,2026-09-08T20:00:00+00:00,2026-09-11T18:00:00+00:00,16.2,0.0,100,0,40640.0,4.9,19.1,14.4,306,1002.7,3
1,2026-09-08T20:00:00+00:00,2026-09-11T19:00:00+00:00,15.5,0.0,95,0,40340.0,4.5,19.3,12.6,299,1003.0,3
1,2026-09-08T20:00:00+00:00,2026-09-11T20:00:00+00:00,15.0,0.0,90,0,40040.0,4.6,19.5,12.2,288,1003.2,3
1,2026-09-08T20:00:00+00:00,2026-09-11T21:00:00+00:00,14.5,0.0,85,0,39740.0,4.5,19.0,11.5,284,1003.5,3
1,2026-09-08T20:00:00+00:00,2026-09-11T22:00:00+00:00,13.8,0.0,90,0,38740.0,4.0,17.5,10.4,280,1003.5,3
1,2026-09-08T20:00:00+00:00,2026-09-11T23:00:00+00:00,13.2,0.0,95,0,37740.0,3.3,15.7,9.4,283,1003.6,3
1,2026-09-08T20:00:00+00:00,2026-09-12T00:00:00+00:00,12.7,0.0,100,0,36740.0,3.0,14.0,8.6,284,1003.6,3
1,2026-09-08T20:00:00+00:00,2026-09-12T01:00:00+00:00,12.2,0.0,100,0,35840.0,3.0,12.8,8.3,284,1003.5,3
1,2026-09-08T20:00:00+00:00,2026-09-12T02:00:00+00:00,11.9,0.0,100,0,34960.0,2.9,11.6,7.9,277,1003.5,3
1,2026-09-08T20:00:00+00:00,2026-09-12T03:00:00+00:00,11.8,0.0,100,0,34060.0,2.9,9.9,7.6,277,1003.5,3
1,2026-09-08T20:00:00+00:00,2026-09-12T04:00:00+00:00,12.2,0.0,100,0,35180.0,2.5,7.2,6.5,278,1003.7,3
1,2026-09-08T20:00:00+00:00,2026-09-12T05:00:00+00:00,12.9,0.0,99,0,36280.0,1.8,3.9,5.4,270,1004.0,3
1,2026-09-08T20:00:00+00:00,2026-09-12T06:00:00+00:00,13.8,0.0,99,0,37400.0,1.1,1.3,5.0,252,1004.2,3
1,2026-09-08T20:00:00+00:00,2026-09-12T07:00:00+00:00,15.1,0.0,99,0,38580.0,1.3,0.8,6.1,214,1004.4,3
1,2026-09-08T20:00:00+00:00,2026-09-12T08:00:00+00:00,16.7,0.0,100,0,39760.0,1.9,2.1,7.9,202,1004.6,3
1,2026-09-08T20:00:00+00:00,2026-09-12T09:00:00+00:00,17.9,0.0,100,0,40940.0,2.2,2.9,9.0,189,1004.7,3
1,2026-09-08T20:00:00+00:00,2026-09-12T10:00:00+00:00,18.5,0.0,100,7,41140.0,1.8,2.5,7.9,180,1004.4,3
1,2026-09-08T20:00:00+00:00,2026-09-12T11:00:00+00:00,18.6,0.0,100,15,41320.0,1.6,1.9,6.5,153,1003.9,3
1,2026-09-08T20:00:00+00:00,2026-09-12T12:00:00+00:00,18.5,0.0,100,22,41520.0,1.1,1.5,6.1,162,1003.6,3
1,2026-09-08T20:00:00+00:00,2026-09-12T13:00:00+00:00,18.0,0.1,100,24,40600.0,1.8,3.3,9.0,233,1003.5,61
1,2026-09-08T20:00:00+00:00,2026-09-12T14:00:00+00:00,17.2,0.1,100,27,39660.0,4.6,7.5,13.7,252,1003.4,61
1,2026-09-08T20:00:00+00:00,2026-09-12T15:00:00+00:00,16.3,0.1,100,29,38740.0,6.4,11.3,16.9,254,1003.4,61
1,2026-09-08T20:00:00+00:00,2026-09-12T16:00:00+00:00,15.4,0.0,100,27,34420.0,6.7,14.0,17.6,254,1003.5,3
1,2026-09-08T20:00:00+00:00,2026-09-12T17:00:00+00:00,14.6,0.0,100,24,30100.0,6.4,16.8,17.3,254,1003.8,3
1,2026-09-08T20:00:00+00:00,2026-09-12T18:00:00+00:00,13.8,0.0,100,22,25780.0,6.0,17.7,16.2,253,1004.0,3
1,2026-09-08T20:00:00+00:00,2026-09-12T19:00:00+00:00,13.0,0.0,69,15,26700.0,5.2,17.1,14.8,254,1004.2,1
1,2026-09-08T20:00:00+00:00,2026-09-12T20:00:00+00:00,12.4,0.0,38,7,27600.0,4.4,16.4,12.6,261,1004.2,1
1,2026-09-08T20:00:00+00:00,2026-09-12T21:00:00+00:00,11.7,0.0,7,0,28520.0,3.6,16.2,11.2,270,1004.3,1
1,2026-09-08T20:00:00+00:00,2026-09-12T22:00:00+00:00,11.1,0.0,5,0,27040.0,3.3,15.5,10.4,276,1004.4,0
1,2026-09-08T20:00:00+00:00,2026-09-12T23:00:00+00:00,10.5,0.0,2,0,25560.0,3.3,14.4,10.1,276,1004.5,0
1,2026-09-08T20:00:00+00:00,2026-09-13T00:00:00+00:00,10.1,0.0,0,0,24080.0,3.3,13.5,9.7,276,1004.6,0
1,2026-09-08T20:00:00+00:00,2026-09-13T01:00:00+00:00,9.6,0.0,1,1,22680.0,3.3,12.8,9.0,276,1004.5,0
1,2026-09-08T20:00:00+00:00,2026-09-13T02:00:00+00:00,9.2,0.0,2,2,21280.0,3.3,12.4,8.6,283,1004.5,0
1,2026-09-08T20:00:00+00:00,2026-09-13T03:00:00+00:00,9.3,0.0,3,3,19880.0,3.0,11.6,7.9,284,1004.5,0
1,2026-09-08T20:00:00+00:00,2026-09-13T04:00:00+00:00,10.2,0.0,2,2,23960.0,2.6,9.5,6.8,286,1004.8,0
1,2026-09-08T20:00:00+00:00,2026-09-13T05:00:00+00:00,11.6,0.0,1,1,28020.0,1.9,6.5,6.1,292,1005.2,0
1,2026-09-08T20:00:00+00:00,2026-09-13T06:00:00+00:00,13.3,0.0,0,0,32100.0,1.1,4.2,6.1,288,1005.5,0
1,2026-09-08T20:00:00+00:00,2026-09-13T07:00:00+00:00,15.5,0.0,0,0,35340.0,0.7,4.0,8.3,90,1005.7,0
1,2026-09-08T20:00:00+00:00,2026-09-13T08:00:00+00:00,18.0,0.0,0,0,38600.0,2.5,4.6,11.9,98,1005.9,0
1,2026-09-08T20:00:00+00:00,2026-09-13T09:00:00+00:00,20.0,0.0,0,0,41840.0,3.7,4.7,13.7,101,1005.8,0
1,2026-09-08T20:00:00+00:00,2026-09-13T10:00:00+00:00,21.0,0.0,11,11,41210.0,3.0,3.3,11.7,107,1005.5,1
1,2026-09-08T20:00:00+00:00,2026-09-13T11:00:00+00:00,21.5,0.0,19,19,40320.0,1.2,1.5,8.6,105,1005.1,1
1,2026-09-08T20:00:00+00:00,2026-09-13T12:00:00+00:00,21.7,0.0,21,21,39170.0,0.9,1.3,6.3,259,1004.7,1
1,2026-09-08T20:00:00+00:00,2026-09-13T13:00:00+00:00,21.8,0.0,26,26,27980.0,1.6,2.1,6.1,297,1004.3,1
1,2026-09-08T20:00:00+00:00,2026-09-13T14:00:00+00:00,21.7,0.0,33,33,18200.0,2.6,2.9,6.8,304,1004.0,1
1,2026-09-08T20:00:00+00:00,2026-09-13T15:00:00+00:00,21.1,0.0,40,40,8420.0,2.8,3.2,7.2,310,1003.8,1
1,2026-09-08T20:00:00+00:00,2026-09-13T16:00:00+00:00,19.6,0.0,38,38,9580.0,2.1,2.8,6.5,329,1003.8,1
1,2026-09-08T20:00:00+00:00,2026-09-13T17:00:00+00:00,17.6,0.0,35,35,10740.0,1.8,3.9,5.0,11,1004.0,1
1,2026-09-08T20:00:00+00:00,2026-09-13T18:00:00+00:00,16.0,0.0,33,33,11900.0,1.8,4.7,4.0,37,1004.2,1
1,2026-09-08T20:00:00+00:00,2026-09-13T19:00:00+00:00,15.1,0.0,51,34,10900.0,0.7,3.0,3.6,90,1004.2,3
1,2026-09-08T20:00:00+00:00,2026-09-13T20:00:00+00:00,14.5,0.0,69,35,9880.0,1.9,1.3,4.0,202,1004.3,3
1,2026-09-08T20:00:00+00:00,2026-09-13T21:00:00+00:00,14.0,0.0,87,36,8880.0,3.2,2.8,4.0,207,1004.2,3
1,2026-09-08T20:00:00+00:00,2026-09-13T22:00:00+00:00,13.4,0.0,68,34,7380.0,3.7,3.6,4.0,209,1004.2,1
1,2026-09-08T20:00:00+00:00,2026-09-13T23:00:00+00:00,12.9,0.0,50,33,5900.0,3.4,4.3,4.0,212,1004.1,1
1,2026-09-08T20:00:00+00:00,2026-09-14T00:00:00+00:00,12.4,0.0,31,31,4400.0,3.1,4.4,4.0,216,1004.0,1
1,2026-09-08T20:00:00+00:00,2026-09-14T01:00:00+00:00,11.7,0.0,39,39,4100.0,3.1,4.3,3.6,216,1004.0,2
1,2026-09-08T20:00:00+00:00,2026-09-14T02:00:00+00:00,11.0,0.0,47,47,3820.0,3.1,3.7,3.2,225,1004.0,2
1,2026-09-08T20:00:00+00:00,2026-09-14T03:00:00+00:00,11.1,0.0,55,55,3520.0,2.5,3.2,3.2,225,1004.0,2
1,2026-09-08T20:00:00+00:00,2026-09-14T04:00:00+00:00,12.3,0.0,55,55,3600.0,1.5,3.2,3.2,225,1004.0,2
1,2026-09-08T20:00:00+00:00,2026-09-14T05:00:00+00:00,14.3,0.0,56,56,3700.0,0.4,4.2,3.2,90,1004.2,2
1,2026-09-08T20:00:00+00:00,2026-09-14T06:00:00+00:00,16.2,0.0,56,56,3780.0,1.1,5.3,4.7,90,1004.2,2
1,2026-09-08T20:00:00+00:00,2026-09-14T07:00:00+00:00,17.9,0.0,66,63,4580.0,2.1,5.8,8.3,149,1004.2,3
1,2026-09-08T20:00:00+00:00,2026-09-14T08:00:00+00:00,19.5,0.0,75,69,5360.0,4.5,7.0,13.3,166,1004.3,3
1,2026-09-08T20:00:00+00:00,2026-09-14T09:00:00+00:00,20.8,0.0,85,76,6160.0,6.2,8.5,16.9,173,1004.2,3
1,2026-09-08T20:00:00+00:00,2026-09-14T10:00:00+00:00,21.5,0.0,87,72,8880.0,6.8,9.2,18.0,177,1003.9,3
1,2026-09-08T20:00:00+00:00,2026-09-14T11:00:00+00:00,21.9,0.0,88,69,11600.0,6.5,9.2,18.0,180,1003.5,3
1,2026-09-08T20:00:00+00:00,2026-09-14T12:00:00+00:00,22.0,0.0,90,65,14320.0,6.2,8.9,17.3,187,1003.1,3
1,2026-09-08T20:00:00+00:00,2026-09-14T13:00:00+00:00,21.9,0.0,93,68,13840.0,5.6,8.8,16.6,195,1002.7,3
1,2026-09-08T20:00:00+00:00,2026-09-14T14:00:00+00:00,21.6,0.0,95,71,13340.0,5.3,9.0,15.8,208,1002.4,3
1,2026-09-08T20:00:00+00:00,2026-09-14T15:00:00+00:00,21.2,0.0,98,74,12860.0,4.6,8.3,14.0,219,1002.0,3
1,2026-09-08T20:00:00+00:00,2026-09-14T16:00:00+00:00,20.5,0.0,99,79,12360.0,3.6,6.8,10.8,233,1001.9,3
1,2026-09-08T20:00:00+00:00,2026-09-14T17:00:00+00:00,19.7,0.0,99,83,11880.0,2.5,6.4,6.8,262,1002.0,3
1,2026-09-08T20:00:00+00:00,2026-09-14T18:00:00+00:00,19.0,0.0,100,88,11380.0,2.3,6.9,4.3,288,1001.9,3
1,2026-09-08T20:00:00+00:00,2026-09-14T19:00:00+00:00,18.6,0.0,100,87,10480.0,2.3,7.8,4.0,288,1001.8,3
1,2026-09-08T20:00:00+00:00,2026-09-14T20:00:00+00:00,18.2,0.0,100,86,9580.0,2.5,8.2,5.0,278,1001.7,3
1,2026-09-08T20:00:00+00:00,2026-09-14T21:00:00+00:00,17.9,0.0,100,85,8680.0,2.5,8.4,5.8,270,1001.5,3
1,2026-09-08T20:00:00+00:00,2026-09-14T22:00:00+00:00,17.5,0.2,100,76,7760.0,1.8,7.9,5.4,281,1001.3,61
1,2026-09-08T20:00:00+00:00,2026-09-14T23:00:00+00:00,17.1,0.2,100,67,6860.0,1.3,7.4,5.0,304,1001.1,61
1,2026-09-08T21:00:00+00:00,2026-09-08T00:00:00+00:00,11.5,0.0,0,0,29260.0,4.3,19.5,12.2,275,1005.2,0
1,2026-09-08T21:00:00+00:00,2026-09-08T01:00:00+00:00,11.3,0.0,0,0,28680.0,4.3,18.9,13.0,265,1004.9,0
1,2026-09-08T21:00:00+00:00,2026-09-08T02:00:00+00:00,10.9,0.0,2,0,26760.0,3.7,17.7,12.2,259,1004.4,0
1,2026-09-08T21:00:00+00:00,2026-09-08T03:00:00+00:00,10.1,0.0,7,0,23020.0,3.3,15.3,11.2,257,1004.6,1
1,2026-09-08T21:00:00+00:00,2026-09-08T04:00:00+00:00,9.9,0.0,1,1,19040.0,3.4,14.1,10.1,252,1004.4,0
1,2026-09-08T21:00:00+00:00,2026-09-08T05:00:00+00:00,11.3,0.0,38,0,25640.0,3.0,13.4,10.1,256,1004.5,1
1,2026-09-08T21:00:00+00:00,2026-09-08T06:00:00+00:00,13.4,0.0,100,0,32120.0,4.7,13.3,13.7,266,1004.7,3
1,2026-09-08T21:00:00+00:00,2026-09-08T07:00:00+00:00,15.3,0.0,100,0,36820.0,4.7,6.4,16.2,266,1004.8,3
1,2026-09-08T21:00:00+00:00,2026-09-08T08:00:00+00:00,17.2,0.0,84,1,39560.0,5.4,8.1,16.9,262,1004.1,2
1,2026-09-08T21:00:00+00:00,2026-09-08T09:00:00+00:00,19.2,0.0,76,55,40940.0,7.2,10.9,20.9,270,1003.5,2
1,2026-09-08T21:00:00+00:00,2026-09-08T10:00:00+00:00,19.8,0.0,79,60,41120.0,6.8,10.6,22.3,270,1002.5,2
1,2026-09-08T21:00:00+00:00,2026-09-08T11:00:00+00:00,20.2,0.0,85,56,41200.0,6.5,9.9,21.6,267,1001.8,3
1,2026-09-08T21:00:00+00:00,2026-09-08T12:00:00+00:00,21.0,0.0,60,49,41460.0,4.7,6.8,20.5,261,1001.4,2
1,2026-09-08T21:00:00+00:00,2026-09-08T13:00:00+00:00,21.3,0.0,52,44,41540.0,4.1,6.2,17.3,255,1001.0,2
1,2026-09-08T21:00:00+00:00,2026-09-08T14:00:00+00:00,21.4,0.0,51,41,41600.0,3.9,6.0,14.4,248,1000.6,2
1,2026-09-08T21:00:00+00:00,2026-09-08T15:00:00+00:00,21.9,0.0,56,33,42640.0,4.0,6.0,14.0,265,999.8,2
1,2026-09-08T21:00:00+00:00,2026-09-08T16:00:00+00:00,21.0,0.0,15,9,42660.0,2.5,6.1,12.6,262,999.3,1
1,2026-09-08T21:00:00+00:00,2026-09-08T17:00:00+00:00,20.0,0.0,1,1,42160.0,1.0,3.3,6.1,135,999.0,0
1,2026-09-08T21:00:00+00:00,2026-09-08T18:00:00+00:00,18.9,0.0,39,0,41640.0,3.4,4.7,4.3,148,998.9,1
1,2026-09-08T21:00:00+00:00,2026-09-08T19:00:00+00:00,18.0,0.0,36,0,40920.0,3.4,10.4,7.6,148,998.6,1
1,2026-09-08T21:00:00+00:00,2026-09-08T20:00:00+00:00,17.1,0.0,15,0,40180.0,3.7,15.7,9.4,151,998.5,1
1,2026-09-08T21:00:00+00:00,2026-09-08T21:00:00+00:00,16.5,0.0,100,0,39800.0,3.6,18.5,10.1,143,998.5,3
1,2026-09-08T21:00:00+00:00,2026-09-08T22:00:00+00:00,15.9,0.0,80,0,39260.0,4.7,22.3,11.5,157,998.3,2
1,2026-09-08T21:00:00+00:00,2026-09-08T23:00:00+00:00,15.5,0.0,41,0,38740.0,4.6,24.2,11.5,162,998.0,1
1,2026-09-08T21:00:00+00:00,2026-09-09T00:00:00+00:00,15.2,0.0,29,0,38320.0,4.2,23.4,11.5,160,998.2,1
1,2026-09-08T21:00:00+00:00,2026-09-09T01:00:00+00:00,15.1,0.0,24,0,38780.0,4.5,24.0,11.2,166,998.3,1
1,2026-09-08T21:00:00+00:00,2026-09-09T02:00:00+00:00,14.9,0.0,100,0,39400.0,5.1,26.1,13.3,172,998.3,3
1,2026-09-08T21:00:00+00:00,2026-09-09T03:00:00+00:00,14.7,0.0,27,0,37540.0,5.8,27.2,15.1,173,997.8,1
1,2026-09-08T21:00:00+00:00,2026-09-09T04:00:00+00:00,14.6,0.0,16,0,31460.0,5.9,27.2,16.2,169,997.6,1
1,2026-09-08T21:00:00+00:00,2026-09-09T05:00:00+00:00,15.5,0.0,7,0,29160.0,6.5,26.5,19.1,174,997.6,1
1,2026-09-08T21:00:00+00:00,2026-09-09T06:00:00+00:00,17.3,0.0,29,0,33620.0,7.2,22.3,20.2,177,997.9,1
1,2026-09-08T21:00:00+00:00,2026-09-09T07:00:00+00:00,19.9,0.0,0,0,40900.0,6.8,11.3,21.2,177,997.8,0
1,2026-09-08T21:00:00+00:00,2026-09-09T08:00:00+00:00,22.5,0.0,63,0,41560.0,6.9,10.9,21.6,174,997.8,2
1,2026-09-08T21:00:00+00:00,2026-09-09T09:00:00+00:00,24.5,0.0,100,0,42340.0,8.3,13.8,24.5,180,997.5,3
1,2026-09-08T21:00:00+00:00,2026-09-09T10:00:00+00:00,25.9,0.0,100,0,43720.0,9.8,17.3,28.4,188,997.2,3
1,2026-09-08T21:00:00+00:00,2026-09-09T11:00:00+00:00,26.7,0.0,100,0,44760.0,10.0,17.9,28.8,193,996.7,3
1,2026-09-08T21:00:00+00:00,2026-09-09T12:00:00+00:00,27.4,0.0,90,0,45960.0,10.1,18.6,29.5,197,996.1,3
1,2026-09-08T21:00:00+00:00,2026-09-09T13:00:00+00:00,27.7,0.0,3,0,45980.0,9.8,17.8,29.5,197,995.8,0
1,2026-09-08T21:00:00+00:00,2026-09-09T14:00:00+00:00,27.7,0.0,3,0,46620.0,9.0,17.5,27.7,196,995.5,0
1,2026-09-08T21:00:00+00:00,2026-09-09T15:00:00+00:00,27.1,0.0,2,0,46440.0,7.9,16.8,25.6,196,995.2,0
1,2026-09-08T21:00:00+00:00,2026-09-09T16:00:00+00:00,25.6,0.0,14,0,44760.0,4.7,16.4,21.2,184,995.0,1
1,2026-09-08T21:00:00+00:00,2026-09-09T17:00:00+00:00,23.7,0.0,25,0,42860.0,4.0,17.5,12.2,180,995.2,1
1,2026-09-08T21:00:00+00:00,2026-09-09T18:00:00+00:00,22.6,0.0,74,0,42200.0,4.0,18.6,9.0,180,995.3,2
1,2026-09-08T21:00:00+00:00,2026-09-09T19:00:00+00:00,21.8,0.0,100,0,41720.0,4.3,22.2,10.8,175,995.2,3
1,2026-09-08T21:00:00+00:00,2026-09-09T20:00:00+00:00,21.3,0.0,100,0,41640.0,5.1,25.9,13.0,184,995.3,3
1,2026-09-08T21:00:00+00:00,2026-09-09T21:00:00+00:00,20.7,0.0,100,0,41640.0,6.0,30.2,16.2,197,995.4,3
1,2026-09-08T21:00:00+00:00,2026-09-09T22:00:00+00:00,19.6,0.0,82,0,40920.0,6.9,33.4,19.1,208,995.6,2
1,2026-09-08T21:00:00+00:00,2026-09-09T23:00:00+00:00,19.2,0.0,85,0,40460.0,7.0,33.2,19.4,215,995.5,3
1,2026-09-08T21:00:00+00:00,2026-09-10T00:00:00+00:00,18.7,0.0,90,0,39020.0,7.3,33.5,19.8,213,995.5,3
1,2026-09-08T21:00:00+00:00,2026-09-10T01:00:00+00:00,18.1,0.0,22,0,36300.0,7.6,34.4,22.3,205,995.6,1
1,2026-09-08T21:00:00+00:00,2026-09-10T02:00:00+00:00,17.6,0.0,32,0,32460.0,7.6,33.1,22.0,205,995.4,1
1,2026-09-08T21:00:00+00:00,2026-09-10T03:00:00+00:00,17.0,0.0,0,0,30340.0,7.8,32.8,22.0,202,995.5,0
1,2026-09-08T21:00:00+00:00,2026-09-10T04:00:00+00:00,16.4,0.0,0,0,27140.0,8.2,33.9,23.0,195,995.5,0
1,2026-09-08T21:00:00+00:00,2026-09-10T05:00:00+00:00,16.8,0.0,0,0,25920.0,9.0,35.8,24.1,185,995.6,0
1,2026-09-08T21:00:00+00:00,2026-09-10T06:00:00+00:00,18.6,0.0,0,0,34920.0,10.6,22.8,29.9,190,995.7,0
1,2026-09-08T21:00:00+00:00,2026-09-10T07:00:00+00:00,20.6,0.0,0,0,39240.0,11.3,21.9,33.1,189,995.8,0
1,2026-09-08T21:00:00+00:00,2026-09-10T08:00:00+00:00,22.7,0.0,0,0,40360.0,12.6,24.1,36.0,183,995.6,0
1,2026-09-08T21:00:00+00:00,2026-09-10T09:00:00+00:00,24.7,0.0,0,0,41300.0,14.5,28.2,39.6,187,995.2,0
1,2026-09-08T21:00:00+00:00,2026-09-10T10:00:00+00:00,26.3,0.0,0,0,42400.0,15.3,30.6,41.8,189,994.7,0
1,2026-09-08T21:00:00+00:00,2026-09-10T11:00:00+00:00,27.4,0.0,0,0,43340.0,15.0,30.2,42.1,201,994.7,0
1,2026-09-08T21:00:00+00:00,2026-09-10T12:00:00+00:00,28.2,0.0,0,0,44100.0,14.7,29.7,41.8,202,994.2,0
1,2026-09-08T21:00:00+00:00,2026-09-10T13:00:00+00:00,28.5,0.0,0,0,43620.0,14.3,28.9,40.3,214,994.1,0
1,2026-09-08T21:00:00+00:00,2026-09-10T14:00:00+00:00,28.4,0.0,0,0,43460.0,13.1,28.4,38.5,217,994.0,0
1,2026-09-08T21:00:00+00:00,2026-09-10T15:00:00+00:00,27.9,0.0,1,1,43360.0,11.2,26.7,35.6,222,994.1,0
1,2026-09-08T21:00:00+00:00,2026-09-10T16:00:00+00:00,26.7,0.0,23,0,42680.0,7.3,23.3,30.2,213,993.9,1
1,2026-09-08T21:00:00+00:00,2026-09-10T17:00:00+00:00,25.0,0.0,82,4,41840.0,5.8,23.9,18.4,202,993.9,3
1,2026-09-08T21:00:00+00:00,2026-09-10T18:00:00+00:00,23.7,0.0,68,1,41320.0,7.6,24.4,20.5,262,994.3,2
1,2026-09-08T21:00:00+00:00,2026-09-10T19:00:00+00:00,19.5,0.0,100,25,35380.0,16.8,36.2,49.3,312,996.0,3
1,2026-09-08T21:00:00+00:00,2026-09-10T20:00:00+00:00,16.9,0.1,99,67,28800.0,14.3,31.3,44.3,317,996.8,61
1,2026-09-08T21:00:00+00:00,2026-09-10T21:00:00+00:00,15.4,0.3,98,75,25300.0,13.8,30.2,37.4,313,997.7,61
1,2026-09-08T21:00:00+00:00,2026-09-10T22:00:00+00:00,14.5,1.4,100,83,22220.0,12.3,27.9,36.0,310,998.4,61
1,2026-09-08T21:00:00+00:00,2026-09-10T23:00:00+00:00,14.1,0.4,100,68,26000.0,10.0,23.0,32.0,308,998.9,61
1,2026-09-08T21:00:00+00:00,2026-09-11T00:00:00+00:00,14.0,0.0,100,40,23240.0,8.8,22.3,26.6,289,999.3,3
1,2026-09-08T21:00:00+00:00,2026-09-11T01:00:00+00:00,13.7,0.0,99,47,20880.0,9.3,24.8,24.5,283,999.5,3
1,2026-09-08T21:00:00+00:00,2026-09-11T02:00:00+00:00,13.5,0.0,79,48,18860.0,8.9,25.5,24.1,284,999.8,3
1,2026-09-08T21:00:00+00:00,2026-09-11T03:00:00+00:00,13.1,0.0,100,52,17380.0,8.1,24.9,23.0,283,1000.1,3
1,2026-09-08T21:00:00+00:00,2026-09-11T04:00:00+00:00,12.9,0.0,69,62,10400.0,9.0,27.8,23.4,286,1000.7,2
1,2026-09-08T21:00:00+00:00,2026-09-11T05:00:00+00:00,13.3,0.0,63,63,16340.0,9.3,19.1,25.2,298,1001.3,2
1,2026-09-08T21:00:00+00:00,2026-09-11T06:00:00+00:00,14.2,0.0,57,57,23980.0,9.0,16.5,26.6,307,1001.7,2
1,2026-09-08T21:00:00+00:00,2026-09-11T07:00:00+00:00,15.8,0.0,59,36,31440.0,7.6,12.4,25.2,301,1002.2,2
1,2026-09-08T21:00:00+00:00,2026-09-11T08:00:00+00:00,17.5,0.0,97,39,38460.0,8.9,14.5,26.3,313,1002.3,3
1,2026-09-08T21:00:00+00:00,2026-09-11T09:00:00+00:00,18.8,0.0,100,29,40700.0,10.0,16.3,29.2,308,1002.4,3
1,2026-09-08T21:00:00+00:00,2026-09-11T10:00:00+00:00,19.6,0.0,100,16,42100.0,10.8,17.5,30.6,300,1002.4,3
1,2026-09-08T21:00:00+00:00,2026-09-11T11:00:00+00:00,20.3,0.0,95,21,42960.0,11.1,18.3,32.0,295,1002.4,3
1,2026-09-08T21:00:00+00:00,2026-09-11T12:00:00+00:00,20.5,0.0,100,31,42340.0,10.3,16.9,31.7,299,1002.0,3
1,2026-09-08T21:00:00+00:00,2026-09-11T13:00:00+00:00,20.1,0.0,100,32,42020.0,10.5,18.1,30.2,297,1001.9,3
1,2026-09-08T21:00:00+00:00,2026-09-11T14:00:00+00:00,19.6,0.0,100,20,42260.0,10.0,18.5,29.5,300,1002.0,3
1,2026-09-08T21:00:00+00:00,2026-09-11T15:00:00+00:00,19.0,0.0,97,8,42140.0,9.7,18.6,27.7,301,1002.1,3
1,2026-09-08T21:00:00+00:00,2026-09-11T16:00:00+00:00,18.1,0.0,97,0,41880.0,7.2,17.1,25.6,307,1002.1,3
1,2026-09-08T21:00:00+00:00,2026-09-11T17:00:00+00:00,16.9,0.0,100,0,41000.0,4.9,18.2,18.4,306,1002.5,3
1,2026-09-08T21:00:00+00:00,2026-09-11T18:00:00+00:00,16.2,0.0,100,0,40640.0,4.9,19.1,14.4,306,1002.7,3
1,2026-09-08T21:00:00+00:00,2026-09-11T19:00:00+00:00,15.5,0.0,95,0,40340.0,4.5,19.3,12.6,299,1003.0,3
1,2026-09-08T21:00:00+00:00,2026-09-11T20:00:00+00:00,15.0,0.0,90,0,40040.0,4.6,19.5,12.2,288,1003.2,3
1,2026-09-08T21:00:00+00:00,2026-09-11T21:00:00+00:00,14.5,0.0,85,0,39740.0,4.5,19.0,11.5,284,1003.5,3
1,2026-09-08T21:00:00+00:00,2026-09-11T22:00:00+00:00,13.8,0.0,90,0,38740.0,4.0,17.5,10.4,280,1003.5,3
1,2026-09-08T21:00:00+00:00,2026-09-11T23:00:00+00:00,13.2,0.0,95,0,37740.0,3.3,15.7,9.4,283,1003.6,3
1,2026-09-08T21:00:00+00:00,2026-09-12T00:00:00+00:00,12.7,0.0,100,0,36740.0,3.0,14.0,8.6,284,1003.6,3
1,2026-09-08T21:00:00+00:00,2026-09-12T01:00:00+00:00,12.2,0.0,100,0,35840.0,3.0,12.8,8.3,284,1003.5,3
1,2026-09-08T21:00:00+00:00,2026-09-12T02:00:00+00:00,11.9,0.0,100,0,34960.0,2.9,11.6,7.9,277,1003.5,3
1,2026-09-08T21:00:00+00:00,2026-09-12T03:00:00+00:00,11.8,0.0,100,0,34060.0,2.9,9.9,7.6,277,1003.5,3
1,2026-09-08T21:00:00+00:00,2026-09-12T04:00:00+00:00,12.2,0.0,100,0,35180.0,2.5,7.2,6.5,278,1003.7,3
1,2026-09-08T21:00:00+00:00,2026-09-12T05:00:00+00:00,12.9,0.0,99,0,36280.0,1.8,3.9,5.4,270,1004.0,3
1,2026-09-08T21:00:00+00:00,2026-09-12T06:00:00+00:00,13.8,0.0,99,0,37400.0,1.1,1.3,5.0,252,1004.2,3
1,2026-09-08T21:00:00+00:00,2026-09-12T07:00:00+00:00,15.1,0.0,99,0,38580.0,1.3,0.8,6.1,214,1004.4,3
1,2026-09-08T21:00:00+00:00,2026-09-12T08:00:00+00:00,16.7,0.0,100,0,39760.0,1.9,2.1,7.9,202,1004.6,3
1,2026-09-08T21:00:00+00:00,2026-09-12T09:00:00+00:00,17.9,0.0,100,0,40940.0,2.2,2.9,9.0,189,1004.7,3
1,2026-09-08T21:00:00+00:00,2026-09-12T10:00:00+00:00,18.5,0.0,100,7,41140.0,1.8,2.5,7.9,180,1004.4,3
1,2026-09-08T21:00:00+00:00,2026-09-12T11:00:00+00:00,18.6,0.0,100,15,41320.0,1.6,1.9,6.5,153,1003.9,3
1,2026-09-08T21:00:00+00:00,2026-09-12T12:00:00+00:00,18.5,0.0,100,22,41520.0,1.1,1.5,6.1,162,1003.6,3
1,2026-09-08T21:00:00+00:00,2026-09-12T13:00:00+00:00,18.0,0.1,100,24,40600.0,1.8,3.3,9.0,233,1003.5,61
1,2026-09-08T21:00:00+00:00,2026-09-12T14:00:00+00:00,17.2,0.1,100,27,39660.0,4.6,7.5,13.7,252,1003.4,61
1,2026-09-08T21:00:00+00:00,2026-09-12T15:00:00+00:00,16.3,0.1,100,29,38740.0,6.4,11.3,16.9,254,1003.4,61
1,2026-09-08T21:00:00+00:00,2026-09-12T16:00:00+00:00,15.4,0.0,100,27,34420.0,6.7,14.0,17.6,254,1003.5,3
1,2026-09-08T21:00:00+00:00,2026-09-12T17:00:00+00:00,14.6,0.0,100,24,30100.0,6.4,16.8,17.3,254,1003.8,3
1,2026-09-08T21:00:00+00:00,2026-09-12T18:00:00+00:00,13.8,0.0,100,22,25780.0,6.0,17.7,16.2,253,1004.0,3
1,2026-09-08T21:00:00+00:00,2026-09-12T19:00:00+00:00,13.0,0.0,69,15,26700.0,5.2,17.1,14.8,254,1004.2,1
1,2026-09-08T21:00:00+00:00,2026-09-12T20:00:00+00:00,12.4,0.0,38,7,27600.0,4.4,16.4,12.6,261,1004.2,1
1,2026-09-08T21:00:00+00:00,2026-09-12T21:00:00+00:00,11.7,0.0,7,0,28520.0,3.6,16.2,11.2,270,1004.3,1
1,2026-09-08T21:00:00+00:00,2026-09-12T22:00:00+00:00,11.1,0.0,5,0,27040.0,3.3,15.5,10.4,276,1004.4,0
1,2026-09-08T21:00:00+00:00,2026-09-12T23:00:00+00:00,10.5,0.0,2,0,25560.0,3.3,14.4,10.1,276,1004.5,0
1,2026-09-08T21:00:00+00:00,2026-09-13T00:00:00+00:00,10.1,0.0,0,0,24080.0,3.3,13.5,9.7,276,1004.6,0
1,2026-09-08T21:00:00+00:00,2026-09-13T01:00:00+00:00,9.6,0.0,1,1,22680.0,3.3,12.8,9.0,276,1004.5,0
1,2026-09-08T21:00:00+00:00,2026-09-13T02:00:00+00:00,9.2,0.0,2,2,21280.0,3.3,12.4,8.6,283,1004.5,0
1,2026-09-08T21:00:00+00:00,2026-09-13T03:00:00+00:00,9.3,0.0,3,3,19880.0,3.0,11.6,7.9,284,1004.5,0
1,2026-09-08T21:00:00+00:00,2026-09-13T04:00:00+00:00,10.2,0.0,2,2,23960.0,2.6,9.5,6.8,286,1004.8,0
1,2026-09-08T21:00:00+00:00,2026-09-13T05:00:00+00:00,11.6,0.0,1,1,28020.0,1.9,6.5,6.1,292,1005.2,0
1,2026-09-08T21:00:00+00:00,2026-09-13T06:00:00+00:00,13.3,0.0,0,0,32100.0,1.1,4.2,6.1,288,1005.5,0
1,2026-09-08T21:00:00+00:00,2026-09-13T07:00:00+00:00,15.5,0.0,0,0,35340.0,0.7,4.0,8.3,90,1005.7,0
1,2026-09-08T21:00:00+00:00,2026-09-13T08:00:00+00:00,18.0,0.0,0,0,38600.0,2.5,4.6,11.9,98,1005.9,0
1,2026-09-08T21:00:00+00:00,2026-09-13T09:00:00+00:00,20.0,0.0,0,0,41840.0,3.7,4.7,13.7,101,1005.8,0
1,2026-09-08T21:00:00+00:00,2026-09-13T10:00:00+00:00,21.0,0.0,11,11,41210.0,3.0,3.3,11.7,107,1005.5,1
1,2026-09-08T21:00:00+00:00,2026-09-13T11:00:00+00:00,21.5,0.0,19,19,40320.0,1.2,1.5,8.6,105,1005.1,1
1,2026-09-08T21:00:00+00:00,2026-09-13T12:00:00+00:00,21.7,0.0,21,21,39170.0,0.9,1.3,6.3,259,1004.7,1
1,2026-09-08T21:00:00+00:00,2026-09-13T13:00:00+00:00,21.8,0.0,26,26,27980.0,1.6,2.1,6.1,297,1004.3,1
1,2026-09-08T21:00:00+00:00,2026-09-13T14:00:00+00:00,21.7,0.0,33,33,18200.0,2.6,2.9,6.8,304,1004.0,1
1,2026-09-08T21:00:00+00:00,2026-09-13T15:00:00+00:00,21.1,0.0,40,40,8420.0,2.8,3.2,7.2,310,1003.8,1
1,2026-09-08T21:00:00+00:00,2026-09-13T16:00:00+00:00,19.6,0.0,38,38,9580.0,2.1,2.8,6.5,329,1003.8,1
1,2026-09-08T21:00:00+00:00,2026-09-13T17:00:00+00:00,17.6,0.0,35,35,10740.0,1.8,3.9,5.0,11,1004.0,1
1,2026-09-08T21:00:00+00:00,2026-09-13T18:00:00+00:00,16.0,0.0,33,33,11900.0,1.8,4.7,4.0,37,1004.2,1
1,2026-09-08T21:00:00+00:00,2026-09-13T19:00:00+00:00,15.1,0.0,51,34,10900.0,0.7,3.0,3.6,90,1004.2,3
1,2026-09-08T21:00:00+00:00,2026-09-13T20:00:00+00:00,14.5,0.0,69,35,9880.0,1.9,1.3,4.0,202,1004.3,3
1,2026-09-08T21:00:00+00:00,2026-09-13T21:00:00+00:00,14.0,0.0,87,36,8880.0,3.2,2.8,4.0,207,1004.2,3
1,2026-09-08T21:00:00+00:00,2026-09-13T22:00:00+00:00,13.4,0.0,68,34,7380.0,3.7,3.6,4.0,209,1004.2,1
1,2026-09-08T21:00:00+00:00,2026-09-13T23:00:00+00:00,12.9,0.0,50,33,5900.0,3.4,4.3,4.0,212,1004.1,1
1,2026-09-08T21:00:00+00:00,2026-09-14T00:00:00+00:00,12.4,0.0,31,31,4400.0,3.1,4.4,4.0,216,1004.0,1
1,2026-09-08T21:00:00+00:00,2026-09-14T01:00:00+00:00,11.7,0.0,39,39,4100.0,3.1,4.3,3.6,216,1004.0,2
1,2026-09-08T21:00:00+00:00,2026-09-14T02:00:00+00:00,11.0,0.0,47,47,3820.0,3.1,3.7,3.2,225,1004.0,2
1,2026-09-08T21:00:00+00:00,2026-09-14T03:00:00+00:00,11.1,0.0,55,55,3520.0,2.5,3.2,3.2,225,1004.0,2
1,2026-09-08T21:00:00+00:00,2026-09-14T04:00:00+00:00,12.3,0.0,55,55,3600.0,1.5,3.2,3.2,225,1004.0,2
1,2026-09-08T21:00:00+00:00,2026-09-14T05:00:00+00:00,14.3,0.0,56,56,3700.0,0.4,4.2,3.2,90,1004.2,2
1,2026-09-08T21:00:00+00:00,2026-09-14T06:00:00+00:00,16.2,0.0,56,56,3780.0,1.1,5.3,4.7,90,1004.2,2
1,2026-09-08T21:00:00+00:00,2026-09-14T07:00:00+00:00,17.9,0.0,66,63,4580.0,2.1,5.8,8.3,149,1004.2,3
1,2026-09-08T21:00:00+00:00,2026-09-14T08:00:00+00:00,19.5,0.0,75,69,5360.0,4.5,7.0,13.3,166,1004.3,3
1,2026-09-08T21:00:00+00:00,2026-09-14T09:00:00+00:00,20.8,0.0,85,76,6160.0,6.2,8.5,16.9,173,1004.2,3
1,2026-09-08T21:00:00+00:00,2026-09-14T10:00:00+00:00,21.5,0.0,87,72,8880.0,6.8,9.2,18.0,177,1003.9,3
1,2026-09-08T21:00:00+00:00,2026-09-14T11:00:00+00:00,21.9,0.0,88,69,11600.0,6.5,9.2,18.0,180,1003.5,3
1,2026-09-08T21:00:00+00:00,2026-09-14T12:00:00+00:00,22.0,0.0,90,65,14320.0,6.2,8.9,17.3,187,1003.1,3
1,2026-09-08T21:00:00+00:00,2026-09-14T13:00:00+00:00,21.9,0.0,93,68,13840.0,5.6,8.8,16.6,195,1002.7,3
1,2026-09-08T21:00:00+00:00,2026-09-14T14:00:00+00:00,21.6,0.0,95,71,13340.0,5.3,9.0,15.8,208,1002.4,3
1,2026-09-08T21:00:00+00:00,2026-09-14T15:00:00+00:00,21.2,0.0,98,74,12860.0,4.6,8.3,14.0,219,1002.0,3
1,2026-09-08T21:00:00+00:00,2026-09-14T16:00:00+00:00,20.5,0.0,99,79,12360.0,3.6,6.8,10.8,233,1001.9,3
1,2026-09-08T21:00:00+00:00,2026-09-14T17:00:00+00:00,19.7,0.0,99,83,11880.0,2.5,6.4,6.8,262,1002.0,3
1,2026-09-08T21:00:00+00:00,2026-09-14T18:00:00+00:00,19.0,0.0,100,88,11380.0,2.3,6.9,4.3,288,1001.9,3
1,2026-09-08T21:00:00+00:00,2026-09-14T19:00:00+00:00,18.6,0.0,100,87,10480.0,2.3,7.8,4.0,288,1001.8,3
1,2026-09-08T21:00:00+00:00,2026-09-14T20:00:00+00:00,18.2,0.0,100,86,9580.0,2.5,8.2,5.0,278,1001.7,3
1,2026-09-08T21:00:00+00:00,2026-09-14T21:00:00+00:00,17.9,0.0,100,85,8680.0,2.5,8.4,5.8,270,1001.5,3
1,2026-09-08T21:00:00+00:00,2026-09-14T22:00:00+00:00,17.5,0.2,100,76,7760.0,1.8,7.9,5.4,281,1001.3,61
1,2026-09-08T21:00:00+00:00,2026-09-14T23:00:00+00:00,17.1,0.2,100,67,6860.0,1.3,7.4,5.0,304,1001.1,61
1,2026-09-08T22:00:00+00:00,2026-09-08T00:00:00+00:00,11.5,0.0,0,0,29260.0,4.3,19.5,12.2,275,1005.2,0
1,2026-09-08T22:00:00+00:00,2026-09-08T01:00:00+00:00,11.3,0.0,0,0,28680.0,4.3,18.9,13.0,265,1004.9,0
1,2026-09-08T22:00:00+00:00,2026-09-08T02:00:00+00:00,10.9,0.0,2,0,26760.0,3.7,17.7,12.2,259,1004.4,0
1,2026-09-08T22:00:00+00:00,2026-09-08T03:00:00+00:00,10.1,0.0,7,0,23020.0,3.3,15.3,11.2,257,1004.6,1
1,2026-09-08T22:00:00+00:00,2026-09-08T04:00:00+00:00,9.9,0.0,1,1,19040.0,3.4,14.1,10.1,252,1004.4,0
1,2026-09-08T22:00:00+00:00,2026-09-08T05:00:00+00:00,11.3,0.0,38,0,25640.0,3.0,13.4,10.1,256,1004.5,1
1,2026-09-08T22:00:00+00:00,2026-09-08T06:00:00+00:00,13.4,0.0,100,0,32120.0,4.7,13.3,13.7,266,1004.7,3
1,2026-09-08T22:00:00+00:00,2026-09-08T07:00:00+00:00,15.3,0.0,100,0,36820.0,4.7,6.4,16.2,266,1004.8,3
1,2026-09-08T22:00:00+00:00,2026-09-08T08:00:00+00:00,17.2,0.0,84,1,39560.0,5.4,8.1,16.9,262,1004.1,2
1,2026-09-08T22:00:00+00:00,2026-09-08T09:00:00+00:00,19.2,0.0,76,55,40940.0,7.2,10.9,20.9,270,1003.5,2
1,2026-09-08T22:00:00+00:00,2026-09-08T10:00:00+00:00,19.8,0.0,79,60,41120.0,6.8,10.6,22.3,270,1002.5,2
1,2026-09-08T22:00:00+00:00,2026-09-08T11:00:00+00:00,20.2,0.0,85,56,41200.0,6.5,9.9,21.6,267,1001.8,3
1,2026-09-08T22:00:00+00:00,2026-09-08T12:00:00+00:00,21.0,0.0,60,49,41460.0,4.7,6.8,20.5,261,1001.4,2
1,2026-09-08T22:00:00+00:00,2026-09-08T13:00:00+00:00,21.3,0.0,52,44,41540.0,4.1,6.2,17.3,255,1001.0,2
1,2026-09-08T22:00:00+00:00,2026-09-08T14:00:00+00:00,21.4,0.0,51,41,41600.0,3.9,6.0,14.4,248,1000.6,2
1,2026-09-08T22:00:00+00:00,2026-09-08T15:00:00+00:00,21.9,0.0,56,33,42640.0,4.0,6.0,14.0,265,999.8,2
1,2026-09-08T22:00:00+00:00,2026-09-08T16:00:00+00:00,21.0,0.0,15,9,42660.0,2.5,6.1,12.6,262,999.3,1
1,2026-09-08T22:00:00+00:00,2026-09-08T17:00:00+00:00,20.0,0.0,1,1,42160.0,1.0,3.3,6.1,135,999.0,0
1,2026-09-08T22:00:00+00:00,2026-09-08T18:00:00+00:00,18.6,0.0,47,0,41060.0,3.1,3.7,4.3,135,999.3,1
1,2026-09-08T22:00:00+00:00,2026-09-08T19:00:00+00:00,17.7,0.0,49,0,40280.0,3.3,9.8,7.6,139,998.9,2
1,2026-09-08T22:00:00+00:00,2026-09-08T20:00:00+00:00,16.9,0.0,41,0,38820.0,3.4,14.7,9.4,148,998.7,1
1,2026-09-08T22:00:00+00:00,2026-09-08T21:00:00+00:00,16.3,0.0,100,0,38440.0,3.6,17.8,10.1,143,998.6,3
1,2026-09-08T22:00:00+00:00,2026-09-08T22:00:00+00:00,15.8,0.0,50,0,37680.0,4.5,21.6,11.5,151,998.4,2
1,2026-09-08T22:00:00+00:00,2026-09-08T23:00:00+00:00,15.2,0.0,74,0,36760.0,4.3,23.6,11.9,156,998.2,2
1,2026-09-08T22:00:00+00:00,2026-09-09T00:00:00+00:00,14.9,0.0,32,0,36120.0,4.3,23.3,11.5,156,998.4,1
1,2026-09-08T22:00:00+00:00,2026-09-09T01:00:00+00:00,14.7,0.0,18,0,36040.0,4.6,24.1,11.5,162,998.3,1
1,2026-09-08T22:00:00+00:00,2026-09-09T02:00:00+00:00,14.4,0.0,15,0,36860.0,5.0,25.2,12.6,159,998.2,1
1,2026-09-08T22:00:00+00:00,2026-09-09T03:00:00+00:00,14.3,0.0,51,0,35980.0,5.5,27.9,15.5,169,997.5,2
1,2026-09-08T22:00:00+00:00,2026-09-09T04:00:00+00:00,14.3,0.0,100,0,31000.0,5.9,27.2,15.8,166,997.6,3
1,2026-09-08T22:00:00+00:00,2026-09-09T05:00:00+00:00,15.2,0.0,76,0,28460.0,6.9,26.8,19.4,174,997.4,3
1,2026-09-08T22:00:00+00:00,2026-09-09T06:00:00+00:00,16.7,0.0,94,0,31980.0,7.2,22.2,19.8,174,997.9,3
1,2026-09-08T22:00:00+00:00,2026-09-09T07:00:00+00:00,19.1,0.0,99,0,40380.0,6.9,11.6,20.9,174,997.9,3
1,2026-09-08T22:00:00+00:00,2026-09-09T08:00:00+00:00,21.4,0.0,67,0,41080.0,6.9,11.3,21.2,174,997.9,2
1,2026-09-08T22:00:00+00:00,2026-09-09T09:00:00+00:00,23.8,0.0,60,0,41760.0,7.7,11.7,23.0,169,997.7,2
1,2026-09-08T22:00:00+00:00,2026-09-09T10:00:00+00:00,25.5,0.0,96,0,42960.0,9.0,15.7,27.0,185,997.4,3
1,2026-09-08T22:00:00+00:00,2026-09-09T11:00:00+00:00,26.6,0.0,52,0,44440.0,10.0,17.9,29.2,193,996.9,2
1,2026-09-08T22:00:00+00:00,2026-09-09T12:00:00+00:00,27.2,0.0,24,0,45920.0,10.1,18.3,29.2,197,996.3,1
1,2026-09-08T22:00:00+00:00,2026-09-09T13:00:00+00:00,27.4,0.0,4,0,45340.0,9.8,17.5,29.2,197,996.0,0
1,2026-09-08T22:00:00+00:00,2026-09-09T14:00:00+00:00,27.2,0.0,13,0,45260.0,9.3,17.4,27.7,196,995.5,1
1,2026-09-08T22:00:00+00:00,2026-09-09T15:00:00+00:00,26.7,0.0,22,0,45040.0,8.2,17.1,25.6,195,995.3,1
1,2026-09-08T22:00:00+00:00,2026-09-09T16:00:00+00:00,25.3,0.0,8,0,43760.0,4.7,17.4,22.0,184,995.2,0
1,2026-09-08T22:00:00+00:00,2026-09-09T17:00:00+00:00,23.4,0.0,19,0,42460.0,4.0,19.3,12.6,180,995.3,1
1,2026-09-08T22:00:00+00:00,2026-09-09T18:00:00+00:00,22.4,0.0,80,0,42000.0,4.3,22.2,10.8,185,995.4,3
1,2026-09-08T22:00:00+00:00,2026-09-09T19:00:00+00:00,21.6,0.0,100,0,41840.0,5.1,25.6,13.3,184,995.2,3
1,2026-09-08T22:00:00+00:00,2026-09-09T20:00:00+00:00,21.1,0.0,94,0,41680.0,5.8,29.3,15.8,184,995.3,3
1,2026-09-08T22:00:00+00:00,2026-09-09T21:00:00+00:00,20.5,0.0,41,0,41380.0,6.4,32.3,17.3,196,995.5,1
1,2026-09-08T22:00:00+00:00,2026-09-09T22:00:00+00:00,19.9,0.0,4,0,41040.0,7.2,34.4,20.5,207,995.7,0
1,2026-09-08T22:00:00+00:00,2026-09-09T23:00:00+00:00,19.4,0.0,0,0,39260.0,7.6,35.3,21.2,211,995.5,0
1,2026-09-08T22:00:00+00:00,2026-09-10T00:00:00+00:00,18.8,0.0,1,0,37400.0,7.6,35.3,22.0,211,995.4,0
1,2026-09-08T22:00:00+00:00,2026-09-10T01:00:00+00:00,18.2,0.0,0,0,34280.0,7.7,36.0,22.7,208,995.4,0
1,2026-09-08T22:00:00+00:00,2026-09-10T02:00:00+00:00,17.6,0.0,0,0,31340.0,7.9,34.8,22.7,210,995.2,0
1,2026-09-08T22:00:00+00:00,2026-09-10T03:00:00+00:00,17.0,0.0,0,0,29160.0,7.9,33.3,22.3,204,995.3,0
1,2026-09-08T22:00:00+00:00,2026-09-10T04:00:00+00:00,16.4,0.0,0,0,26220.0,8.1,34.1,22.7,193,995.4,0
1,2026-09-08T22:00:00+00:00,2026-09-10T05:00:00+00:00,16.9,0.0,23,0,25240.0,9.4,35.5,24.5,184,995.5,1
1,2026-09-08T22:00:00+00:00,2026-09-10T06:00:00+00:00,18.7,0.0,0,0,34620.0,10.9,22.9,30.6,188,995.7,0
1,2026-09-08T22:00:00+00:00,2026-09-10T07:00:00+00:00,20.8,0.0,0,0,39580.0,11.9,23.1,34.2,185,995.8,0
1,2026-09-08T22:00:00+00:00,2026-09-10T08:00:00+00:00,22.8,0.0,0,0,40520.0,13.0,24.4,36.7,180,995.7,0
1,2026-09-08T22:00:00+00:00,2026-09-10T09:00:00+00:00,24.8,0.0,4,0,41460.0,15.2,30.5,41.8,184,995.2,0
1,2026-09-08T22:00:00+00:00,2026-09-10T10:00:00+00:00,26.4,0.0,0,0,42860.0,16.3,33.3,44.6,188,994.5,0
1,2026-09-08T22:00:00+00:00,2026-09-10T11:00:00+00:00,27.5,0.0,0,0,43940.0,16.5,34.1,45.4,196,994.3,0
1,2026-09-08T22:00:00+00:00,2026-09-10T12:00:00+00:00,28.2,0.0,0,0,44780.0,16.1,33.2,45.4,196,993.6,0
1,2026-09-08T22:00:00+00:00,2026-09-10T13:00:00+00:00,28.6,0.0,0,0,43960.0,15.3,32.2,43.9,207,993.6,0
1,2026-09-08T22:00:00+00:00,2026-09-10T14:00:00+00:00,28.5,0.0,38,0,43840.0,14.2,31.4,41.0,210,993.5,1
1,2026-09-08T22:00:00+00:00,2026-09-10T15:00:00+00:00,28.0,0.0,31,0,43740.0,12.2,29.6,38.2,214,993.3,1
1,2026-09-08T22:00:00+00:00,2026-09-10T16:00:00+00:00,26.9,0.0,94,0,42880.0,8.9,26.4,32.4,207,993.2,3
1,2026-09-08T22:00:00+00:00,2026-09-10T17:00:00+00:00,22.6,0.4,91,0,39940.0,18.0,39.2,47.5,299,995.2,80
1,2026-09-08T22:00:00+00:00,2026-09-10T18:00:00+00:00,19.8,0.1,98,57,33140.0,12.9,29.8,47.9,300,996.4,61
1,2026-09-08T22:00:00+00:00,2026-09-10T19:00:00+00:00,18.3,0.2,100,70,27520.0,14.6,31.8,38.9,303,997.3,61
1,2026-09-08T22:00:00+00:00,2026-09-10T20:00:00+00:00,16.4,0.5,100,71,29820.0,11.7,25.7,38.5,315,998.0,61
1,2026-09-08T22:00:00+00:00,2026-09-10T21:00:00+00:00,15.7,0.0,99,42,31440.0,11.0,24.5,31.0,308,998.7,3
1,2026-09-08T22:00:00+00:00,2026-09-10T22:00:00+00:00,15.1,0.0,87,20,30760.0,8.5,20.5,29.2,298,999.2,3
1,2026-09-08T22:00:00+00:00,2026-09-10T23:00:00+00:00,14.4,0.0,94,13,27580.0,7.4,21.6,22.3,284,999.6,3
1,2026-09-08T22:00:00+00:00,2026-09-11T00:00:00+00:00,13.8,0.0,96,14,23600.0,6.6,23.8,19.8,279,999.7,3
1,2026-09-08T22:00:00+00:00,2026-09-11T01:00:00+00:00,13.5,0.0,100,20,23160.0,6.9,25.6,19.4,279,999.9,3
1,2026-09-08T22:00:00+00:00,2026-09-11T02:00:00+00:00,13.3,0.0,100,24,23580.0,6.8,26.8,19.8,273,1000.3,3
1,2026-09-08T22:00:00+00:00,2026-09-11T03:00:00+00:00,13.0,0.0,100,30,21960.0,6.8,26.3,19.8,267,1000.6,3
1,2026-09-08T22:00:00+00:00,2026-09-11T04:00:00+00:00,12.8,0.0,58,32,19640.0,7.3,26.0,20.2,279,1001.0,2
1,2026-09-08T22:00:00+00:00,2026-09-11T05:00:00+00:00,13.2,0.0,91,45,20680.0,8.7,24.9,23.0,287,1001.7,3
1,2026-09-08T22:00:00+00:00,2026-09-11T06:00:00+00:00,14.5,0.0,92,24,27000.0,8.0,13.7,24.5,297,1002.3,3
1,2026-09-08T22:00:00+00:00,2026-09-11T07:00:00+00:00,16.4,0.0,100,12,34180.0,7.2,11.4,23.8,297,1002.6,3
1,2026-09-08T22:00:00+00:00,2026-09-11T08:00:00+00:00,18.2,0.0,100,34,39760.0,8.9,14.0,26.3,297,1002.6,3
1,2026-09-08T22:00:00+00:00,2026-09-11T09:00:00+00:00,19.0,0.0,100,34,40680.0,10.2,16.3,29.5,293,1002.7,3
1,2026-09-08T22:00:00+00:00,2026-09-11T10:00:00+00:00,19.7,0.0,100,36,41360.0,10.2,16.1,29.9,293,1002.6,3
1,2026-09-08T22:00:00+00:00,2026-09-11T11:00:00+00:00,20.3,0.0,98,35,42120.0,9.5,15.2,29.5,299,1002.6,3
1,2026-09-08T22:00:00+00:00,2026-09-11T12:00:00+00:00,20.6,0.0,100,48,42160.0,8.2,12.9,28.4,299,1002.0,3
1,2026-09-08T22:00:00+00:00,2026-09-11T13:00:00+00:00,20.4,0.0,100,45,42320.0,8.6,13.9,24.5,292,1001.9,3
1,2026-09-08T22:00:00+00:00,2026-09-11T14:00:00+00:00,20.2,0.0,100,45,42220.0,8.6,14.7,24.5,292,1002.0,3
1,2026-09-08T22:00:00+00:00,2026-09-11T15:00:00+00:00,19.5,0.0,100,48,42140.0,7.7,14.8,23.8,298,1002.2,3
1,2026-09-08T22:00:00+00:00,2026-09-11T16:00:00+00:00,18.7,0.0,100,42,42020.0,6.0,14.8,20.9,303,1002.4,3
1,2026-09-08T22:00:00+00:00,2026-09-11T17:00:00+00:00,17.7,0.0,100,20,41280.0,4.1,15.5,15.5,308,1002.7,3
1,2026-09-08T22:00:00+00:00,2026-09-11T18:00:00+00:00,16.8,0.0,100,0,40700.0,3.6,15.5,10.8,307,1002.7,3
1,2026-09-08T22:00:00+00:00,2026-09-11T19:00:00+00:00,16.0,0.0,100,0,40160.0,3.4,15.8,9.4,302,1003.0,3
1,2026-09-08T22:00:00+00:00,2026-09-11T20:00:00+00:00,15.4,0.0,91,1,39700.0,3.2,15.1,8.6,297,1003.2,3
1,2026-09-08T22:00:00+00:00,2026-09-11T21:00:00+00:00,14.9,0.0,94,0,39240.0,3.2,15.1,8.3,297,1003.4,3
1,2026-09-08T22:00:00+00:00,2026-09-11T22:00:00+00:00,14.6,0.0,90,0,39220.0,2.3,12.5,7.9,288,1003.3,3
1,2026-09-08T22:00:00+00:00,2026-09-11T23:00:00+00:00,14.1,0.0,78,0,38900.0,2.9,9.8,6.8,277,1003.3,2
1,2026-09-08T22:00:00+00:00,2026-09-12T00:00:00+00:00,13.5,0.0,91,0,38180.0,2.8,10.4,6.5,310,1003.1,3
1,2026-09-08T22:00:00+00:00,2026-09-12T01:00:00+00:00,13.3,0.0,94,0,38320.0,2.1,7.8,5.0,301,1003.1,3
1,2026-09-08T22:00:00+00:00,2026-09-12T02:00:00+00:00,13.1,0.0,97,0,38440.0,1.5,5.4,3.2,284,1003.0,3
1,2026-09-08T22:00:00+00:00,2026-09-12T03:00:00+00:00,13.2,0.0,100,0,38580.0,0.8,5.2,2.5,243,1003.0,3
1,2026-09-08T22:00:00+00:00,2026-09-12T04:00:00+00:00,13.5,0.0,100,2,38020.0,0.8,6.7,4.3,153,1002.9,3
1,2026-09-08T22:00:00+00:00,2026-09-12T05:00:00+00:00,14.0,0.0,100,5,37460.0,1.9,8.6,7.2,112,1003.0,3
1,2026-09-08T22:00:00+00:00,2026-09-12T06:00:00+00:00,14.7,0.0,100,7,36900.0,2.7,9.6,9.7,113,1002.9,3
1,2026-09-08T22:00:00+00:00,2026-09-12T07:00:00+00:00,15.7,0.0,100,7,37760.0,3.3,9.0,11.9,131,1002.9,3
1,2026-09-08T22:00:00+00:00,2026-09-12T08:00:00+00:00,17.0,0.0,100,8,38620.0,4.2,7.6,13.7,149,1002.9,3
1,2026-09-08T22:00:00+00:00,2026-09-12T09:00:00+00:00,17.5,0.0,100,8,39480.0,4.7,6.8,14.8,157,1002.7,3
1,2026-09-08T22:00:00+00:00,2026-09-12T10:00:00+00:00,16.9,1.2,100,22,29540.0,4.5,5.8,14.4,151,1002.5,61
1,2026-09-08T22:00:00+00:00,2026-09-12T11:00:00+00:00,15.6,1.2,100,37,19600.0,3.6,5.0,13.3,135,1002.1,61
1,2026-09-08T22:00:00+00:00,2026-09-12T12:00:00+00:00,14.6,1.2,100,51,9660.0,3.4,4.8,12.2,122,1001.8,61
1,2026-09-08T22:00:00+00:00,2026-09-12T13:00:00+00:00,14.2,0.9,100,61,12820.0,3.4,4.8,11.5,122,1001.6,61
1,2026-09-08T22:00:00+00:00,2026-09-12T14:00:00+00:00,14.1,0.9,100,70,15960.0,3.1,4.5,10.8,126,1001.4,61
1,2026-09-08T22:00:00+00:00,2026-09-12T15:00:00+00:00,14.0,0.9,100,80,19120.0,2.9,4.1,10.4,120,1001.2,61
1,2026-09-08T22:00:00+00:00,2026-09-12T16:00:00+00:00,13.7,1.0,100,79,13120.0,2.5,5.0,10.4,90,1001.1,61
1,2026-09-08T22:00:00+00:00,2026-09-12T17:00:00+00:00,13.4,1.0,100,78,7140.0,3.4,7.7,10.8,58,1001.0,61
1,2026-09-08T22:00:00+00:00,2026-09-12T18:00:00+00:00,13.1,1.0,100,77,1140.0,4.3,10.5,11.5,42,1000.8,61
1,2026-09-08T22:00:00+00:00,2026-09-12T19:00:00+00:00,13.0,0.4,100,77,5140.0,4.7,12.4,12.6,32,1000.8,61
1,2026-09-08T22:00:00+00:00,2026-09-12T20:00:00+00:00,12.8,0.4,100,78,9140.0,5.0,14.1,14.0,21,1000.7,61
1,2026-09-08T22:00:00+00:00,2026-09-12T21:00:00+00:00,12.7,0.4,100,78,13140.0,5.2,15.4,14.8,12,1000.7,61
1,2026-09-08T22:00:00+00:00,2026-09-12T22:00:00+00:00,12.6,0.0,95,59,15880.0,5.4,15.8,14.8,8,1000.6,3
1,2026-09-08T22:00:00+00:00,2026-09-12T23:00:00+00:00,12.4,0.0,89,39,18600.0,5.4,15.4,14.4,4,1000.5,3
1,2026-09-08T22:00:00+00:00,2026-09-13T00:00:00+00:00,12.2,0.0,84,20,21340.0,5.0,14.9,13.7,360,1000.4,3
1,2026-09-08T22:00:00+00:00,2026-09-13T01:00:00+00:00,12.0,0.0,88,22,24340.0,3.7,13.8,12.6,349,1000.4,3
1,2026-09-08T22:00:00+00:00,2026-09-13T02:00:00+00:00,11.7,0.0,92,23,27360.0,2.0,12.7,11.5,315,1000.4,3
1,2026-09-08T22:00:00+00:00,2026-09-13T03:00:00+00:00,11.7,0.0,96,25,30360.0,2.2,12.4,11.2,279,1000.5,3
1,2026-09-08T22:00:00+00:00,2026-09-13T04:00:00+00:00,12.0,0.0,82,23,30400.0,3.1,13.4,12.6,291,1000.8,2
1,2026-09-08T22:00:00+00:00,2026-09-13T05:00:00+00:00,12.6,0.0,69,21,30420.0,4.3,15.5,15.1,312,1001.2,2
1,2026-09-08T22:00:00+00:00,2026-09-13T06:00:00+00:00,13.4,0.0,55,19,30460.0,5.9,16.9,17.6,322,1001.6,2
1,2026-09-08T22:00:00+00:00,2026-09-13T07:00:00+00:00,14.6,0.0,70,14,33160.0,6.4,16.1,19.4,333,1001.6,3
1,2026-09-08T22:00:00+00:00,2026-09-13T08:00:00+00:00,16.0,0.0,85,9,35860.0,7.2,14.0,21.2,342,1001.6,3
1,2026-09-08T22:00:00+00:00,2026-09-13T09:00:00+00:00,17.2,0.0,100,4,38560.0,7.7,12.5,22.7,349,1001.6,3
1,2026-09-08T22:00:00+00:00,2026-09-13T10:00:00+00:00,17.9,0.0,100,3,39500.0,7.7,12.2,23.8,349,1001.5,3
1,2026-09-08T22:00:00+00:00,2026-09-13T11:00:00+00:00,18.4,0.0,100,3,40420.0,7.5,12.1,24.5,343,1001.4,3
1,2026-09-08T22:00:00+00:00,2026-09-13T12:00:00+00:00,18.8,0.0,100,2,41360.0,7.0,11.6,24.1,339,1001.2,3
1,2026-09-08T22:00:00+00:00,2026-09-13T13:00:00+00:00,19.2,0.0,78,13,41580.0,6.0,10.1,21.6,335,1001.0,1
1,2026-09-08T22:00:00+00:00,2026-09-13T14:00:00+00:00,19.4,0.0,57,24,41800.0,5.2,8.6,17.6,326,1000.8,1
1,2026-09-08T22:00:00+00:00,2026-09-13T15:00:00+00:00,19.3,0.0,35,35,42020.0,4.3,7.7,14.0,318,1000.6,1
1,2026-09-08T22:00:00+00:00,2026-09-13T16:00:00+00:00,18.2,0.0,59,45,33460.0,3.7,9.2,11.5,304,1000.8,3
1,2026-09-08T22:00:00+00:00,2026-09-13T17:00:00+00:00,16.6,0.0,80,56,25780.0,3.7,10.7,9.5,284,1001.0,3
1,2026-09-08T22:00:00+00:00,2026-09-13T18:00:00+00:00,15.5,0.0,100,65,18980.0,4.1,11.7,7.8,265,1001.1,3
1,2026-09-08T22:00:00+00:00,2026-09-13T19:00:00+00:00,15.1,0.0,51,34,10900.0,0.7,3.0,3.6,90,1004.2,3
1,2026-09-08T22:00:00+00:00,2026-09-13T20:00:00+00:00,14.5,0.0,69,35,9880.0,1.9,1.3,4.0,202,1004.3,3
1,2026-09-08T22:00:00+00:00,2026-09-13T21:00:00+00:00,14.0,0.0,87,36,8880.0,3.2,2.8,4.0,207,1004.2,3
1,2026-09-08T22:00:00+00:00,2026-09-13T22:00:00+00:00,13.4,0.0,68,34,7380.0,3.7,3.6,4.0,209,1004.2,1
1,2026-09-08T22:00:00+00:00,2026-09-13T23:00:00+00:00,12.9,0.0,50,33,5900.0,3.4,4.3,4.0,212,1004.1,1
1,2026-09-08T22:00:00+00:00,2026-09-14T00:00:00+00:00,12.4,0.0,31,31,4400.0,3.1,4.4,4.0,216,1004.0,1
1,2026-09-08T22:00:00+00:00,2026-09-14T01:00:00+00:00,11.7,0.0,39,39,4100.0,3.1,4.3,3.6,216,1004.0,2
1,2026-09-08T22:00:00+00:00,2026-09-14T02:00:00+00:00,11.0,0.0,47,47,3820.0,3.1,3.7,3.2,225,1004.0,2
1,2026-09-08T22:00:00+00:00,2026-09-14T03:00:00+00:00,11.1,0.0,55,55,3520.0,2.5,3.2,3.2,225,1004.0,2
1,2026-09-08T22:00:00+00:00,2026-09-14T04:00:00+00:00,12.3,0.0,55,55,3600.0,1.5,3.2,3.2,225,1004.0,2
1,2026-09-08T22:00:00+00:00,2026-09-14T05:00:00+00:00,14.3,0.0,56,56,3700.0,0.4,4.2,3.2,90,1004.2,2
1,2026-09-08T22:00:00+00:00,2026-09-14T06:00:00+00:00,16.2,0.0,56,56,3780.0,1.1,5.3,4.7,90,1004.2,2
1,2026-09-08T22:00:00+00:00,2026-09-14T07:00:00+00:00,17.9,0.0,66,63,4580.0,2.1,5.8,8.3,149,1004.2,3
1,2026-09-08T22:00:00+00:00,2026-09-14T08:00:00+00:00,19.5,0.0,75,69,5360.0,4.5,7.0,13.3,166,1004.3,3
1,2026-09-08T22:00:00+00:00,2026-09-14T09:00:00+00:00,20.8,0.0,85,76,6160.0,6.2,8.5,16.9,173,1004.2,3
1,2026-09-08T22:00:00+00:00,2026-09-14T10:00:00+00:00,21.5,0.0,87,72,8880.0,6.8,9.2,18.0,177,1003.9,3
1,2026-09-08T22:00:00+00:00,2026-09-14T11:00:00+00:00,21.9,0.0,88,69,11600.0,6.5,9.2,18.0,180,1003.5,3
1,2026-09-08T22:00:00+00:00,2026-09-14T12:00:00+00:00,22.0,0.0,90,65,14320.0,6.2,8.9,17.3,187,1003.1,3
1,2026-09-08T22:00:00+00:00,2026-09-14T13:00:00+00:00,21.9,0.0,93,68,13840.0,5.6,8.8,16.6,195,1002.7,3
1,2026-09-08T22:00:00+00:00,2026-09-14T14:00:00+00:00,21.6,0.0,95,71,13340.0,5.3,9.0,15.8,208,1002.4,3
1,2026-09-08T22:00:00+00:00,2026-09-14T15:00:00+00:00,21.2,0.0,98,74,12860.0,4.6,8.3,14.0,219,1002.0,3
1,2026-09-08T22:00:00+00:00,2026-09-14T16:00:00+00:00,20.5,0.0,99,79,12360.0,3.6,6.8,10.8,233,1001.9,3
1,2026-09-08T22:00:00+00:00,2026-09-14T17:00:00+00:00,19.7,0.0,99,83,11880.0,2.5,6.4,6.8,262,1002.0,3
1,2026-09-08T22:00:00+00:00,2026-09-14T18:00:00+00:00,19.0,0.0,100,88,11380.0,2.3,6.9,4.3,288,1001.9,3
1,2026-09-08T22:00:00+00:00,2026-09-14T19:00:00+00:00,18.6,0.0,100,87,10480.0,2.3,7.8,4.0,288,1001.8,3
1,2026-09-08T22:00:00+00:00,2026-09-14T20:00:00+00:00,18.2,0.0,100,86,9580.0,2.5,8.2,5.0,278,1001.7,3
1,2026-09-08T22:00:00+00:00,2026-09-14T21:00:00+00:00,17.9,0.0,100,85,8680.0,2.5,8.4,5.8,270,1001.5,3
1,2026-09-08T22:00:00+00:00,2026-09-14T22:00:00+00:00,17.5,0.2,100,76,7760.0,1.8,7.9,5.4,281,1001.3,61
1,2026-09-08T22:00:00+00:00,2026-09-14T23:00:00+00:00,17.1,0.2,100,67,6860.0,1.3,7.4,5.0,304,1001.1,61
1,2026-09-08T23:00:00+00:00,2026-09-08T00:00:00+00:00,11.5,0.0,0,0,29260.0,4.3,19.5,12.2,275,1005.2,0
1,2026-09-08T23:00:00+00:00,2026-09-08T01:00:00+00:00,11.3,0.0,0,0,28680.0,4.3,18.9,13.0,265,1004.9,0
1,2026-09-08T23:00:00+00:00,2026-09-08T02:00:00+00:00,10.9,0.0,2,0,26760.0,3.7,17.7,12.2,259,1004.4,0
1,2026-09-08T23:00:00+00:00,2026-09-08T03:00:00+00:00,10.1,0.0,7,0,23020.0,3.3,15.3,11.2,257,1004.6,1
1,2026-09-08T23:00:00+00:00,2026-09-08T04:00:00+00:00,9.9,0.0,1,1,19040.0,3.4,14.1,10.1,252,1004.4,0
1,2026-09-08T23:00:00+00:00,2026-09-08T05:00:00+00:00,11.3,0.0,38,0,25640.0,3.0,13.4,10.1,256,1004.5,1
1,2026-09-08T23:00:00+00:00,2026-09-08T06:00:00+00:00,13.4,0.0,100,0,32120.0,4.7,13.3,13.7,266,1004.7,3
1,2026-09-08T23:00:00+00:00,2026-09-08T07:00:00+00:00,15.3,0.0,100,0,36820.0,4.7,6.4,16.2,266,1004.8,3
1,2026-09-08T23:00:00+00:00,2026-09-08T08:00:00+00:00,17.2,0.0,84,1,39560.0,5.4,8.1,16.9,262,1004.1,2
1,2026-09-08T23:00:00+00:00,2026-09-08T09:00:00+00:00,19.2,0.0,76,55,40940.0,7.2,10.9,20.9,270,1003.5,2
1,2026-09-08T23:00:00+00:00,2026-09-08T10:00:00+00:00,19.8,0.0,79,60,41120.0,6.8,10.6,22.3,270,1002.5,2
1,2026-09-08T23:00:00+00:00,2026-09-08T11:00:00+00:00,20.2,0.0,85,56,41200.0,6.5,9.9,21.6,267,1001.8,3
1,2026-09-08T23:00:00+00:00,2026-09-08T12:00:00+00:00,21.0,0.0,60,49,41460.0,4.7,6.8,20.5,261,1001.4,2
1,2026-09-08T23:00:00+00:00,2026-09-08T13:00:00+00:00,21.3,0.0,52,44,41540.0,4.1,6.2,17.3,255,1001.0,2
1,2026-09-08T23:00:00+00:00,2026-09-08T14:00:00+00:00,21.4,0.0,51,41,41600.0,3.9,6.0,14.4,248,1000.6,2
1,2026-09-08T23:00:00+00:00,2026-09-08T15:00:00+00:00,21.9,0.0,56,33,42640.0,4.0,6.0,14.0,265,999.8,2
1,2026-09-08T23:00:00+00:00,2026-09-08T16:00:00+00:00,21.0,0.0,15,9,42660.0,2.5,6.1,12.6,262,999.3,1
1,2026-09-08T23:00:00+00:00,2026-09-08T17:00:00+00:00,20.0,0.0,1,1,42160.0,1.0,3.3,6.1,135,999.0,0
1,2026-09-08T23:00:00+00:00,2026-09-08T18:00:00+00:00,18.6,0.0,47,0,41060.0,3.1,3.7,4.3,135,999.3,1
1,2026-09-08T23:00:00+00:00,2026-09-08T19:00:00+00:00,17.7,0.0,49,0,40280.0,3.3,9.8,7.6,139,998.9,2
1,2026-09-08T23:00:00+00:00,2026-09-08T20:00:00+00:00,16.9,0.0,41,0,38820.0,3.4,14.7,9.4,148,998.7,1
1,2026-09-08T23:00:00+00:00,2026-09-08T21:00:00+00:00,16.3,0.0,100,0,38440.0,3.6,17.8,10.1,143,998.6,3
1,2026-09-08T23:00:00+00:00,2026-09-08T22:00:00+00:00,15.8,0.0,50,0,37680.0,4.5,21.6,11.5,151,998.4,2
1,2026-09-08T23:00:00+00:00,2026-09-08T23:00:00+00:00,15.2,0.0,74,0,36760.0,4.3,23.6,11.9,156,998.2,2
1,2026-09-08T23:00:00+00:00,2026-09-09T00:00:00+00:00,14.9,0.0,32,0,36120.0,4.3,23.3,11.5,156,998.4,1
1,2026-09-08T23:00:00+00:00,2026-09-09T01:00:00+00:00,14.7,0.0,18,0,36040.0,4.6,24.1,11.5,162,998.3,1
1,2026-09-08T23:00:00+00:00,2026-09-09T02:00:00+00:00,14.4,0.0,15,0,36860.0,5.0,25.2,12.6,159,998.2,1
1,2026-09-08T23:00:00+00:00,2026-09-09T03:00:00+00:00,14.3,0.0,51,0,35980.0,5.5,27.9,15.5,169,997.5,2
1,2026-09-08T23:00:00+00:00,2026-09-09T04:00:00+00:00,14.3,0.0,100,0,31000.0,5.9,27.2,15.8,166,997.6,3
1,2026-09-08T23:00:00+00:00,2026-09-09T05:00:00+00:00,15.2,0.0,76,0,28460.0,6.9,26.8,19.4,174,997.4,3
1,2026-09-08T23:00:00+00:00,2026-09-09T06:00:00+00:00,16.7,0.0,94,0,31980.0,7.2,22.2,19.8,174,997.9,3
1,2026-09-08T23:00:00+00:00,2026-09-09T07:00:00+00:00,19.1,0.0,99,0,40380.0,6.9,11.6,20.9,174,997.9,3
1,2026-09-08T23:00:00+00:00,2026-09-09T08:00:00+00:00,21.4,0.0,67,0,41080.0,6.9,11.3,21.2,174,997.9,2
1,2026-09-08T23:00:00+00:00,2026-09-09T09:00:00+00:00,23.8,0.0,60,0,41760.0,7.7,11.7,23.0,169,997.7,2
1,2026-09-08T23:00:00+00:00,2026-09-09T10:00:00+00:00,25.5,0.0,96,0,42960.0,9.0,15.7,27.0,185,997.4,3
1,2026-09-08T23:00:00+00:00,2026-09-09T11:00:00+00:00,26.6,0.0,52,0,44440.0,10.0,17.9,29.2,193,996.9,2
1,2026-09-08T23:00:00+00:00,2026-09-09T12:00:00+00:00,27.2,0.0,24,0,45920.0,10.1,18.3,29.2,197,996.3,1
1,2026-09-08T23:00:00+00:00,2026-09-09T13:00:00+00:00,27.4,0.0,4,0,45340.0,9.8,17.5,29.2,197,996.0,0
1,2026-09-08T23:00:00+00:00,2026-09-09T14:00:00+00:00,27.2,0.0,13,0,45260.0,9.3,17.4,27.7,196,995.5,1
1,2026-09-08T23:00:00+00:00,2026-09-09T15:00:00+00:00,26.7,0.0,22,0,45040.0,8.2,17.1,25.6,195,995.3,1
1,2026-09-08T23:00:00+00:00,2026-09-09T16:00:00+00:00,25.3,0.0,8,0,43760.0,4.7,17.4,22.0,184,995.2,0
1,2026-09-08T23:00:00+00:00,2026-09-09T17:00:00+00:00,23.4,0.0,19,0,42460.0,4.0,19.3,12.6,180,995.3,1
1,2026-09-08T23:00:00+00:00,2026-09-09T18:00:00+00:00,22.4,0.0,80,0,42000.0,4.3,22.2,10.8,185,995.4,3
1,2026-09-08T23:00:00+00:00,2026-09-09T19:00:00+00:00,21.6,0.0,100,0,41840.0,5.1,25.6,13.3,184,995.2,3
1,2026-09-08T23:00:00+00:00,2026-09-09T20:00:00+00:00,21.1,0.0,94,0,41680.0,5.8,29.3,15.8,184,995.3,3
1,2026-09-08T23:00:00+00:00,2026-09-09T21:00:00+00:00,20.5,0.0,41,0,41380.0,6.4,32.3,17.3,196,995.5,1
1,2026-09-08T23:00:00+00:00,2026-09-09T22:00:00+00:00,19.9,0.0,4,0,41040.0,7.2,34.4,20.5,207,995.7,0
1,2026-09-08T23:00:00+00:00,2026-09-09T23:00:00+00:00,19.4,0.0,0,0,39260.0,7.6,35.3,21.2,211,995.5,0
1,2026-09-08T23:00:00+00:00,2026-09-10T00:00:00+00:00,18.8,0.0,1,0,37400.0,7.6,35.3,22.0,211,995.4,0
1,2026-09-08T23:00:00+00:00,2026-09-10T01:00:00+00:00,18.2,0.0,0,0,34280.0,7.7,36.0,22.7,208,995.4,0
1,2026-09-08T23:00:00+00:00,2026-09-10T02:00:00+00:00,17.6,0.0,0,0,31340.0,7.9,34.8,22.7,210,995.2,0
1,2026-09-08T23:00:00+00:00,2026-09-10T03:00:00+00:00,17.0,0.0,0,0,29160.0,7.9,33.3,22.3,204,995.3,0
1,2026-09-08T23:00:00+00:00,2026-09-10T04:00:00+00:00,16.4,0.0,0,0,26220.0,8.1,34.1,22.7,193,995.4,0
1,2026-09-08T23:00:00+00:00,2026-09-10T05:00:00+00:00,16.9,0.0,23,0,25240.0,9.4,35.5,24.5,184,995.5,1
1,2026-09-08T23:00:00+00:00,2026-09-10T06:00:00+00:00,18.7,0.0,0,0,34620.0,10.9,22.9,30.6,188,995.7,0
1,2026-09-08T23:00:00+00:00,2026-09-10T07:00:00+00:00,20.8,0.0,0,0,39580.0,11.9,23.1,34.2,185,995.8,0
1,2026-09-08T23:00:00+00:00,2026-09-10T08:00:00+00:00,22.8,0.0,0,0,40520.0,13.0,24.4,36.7,180,995.7,0
1,2026-09-08T23:00:00+00:00,2026-09-10T09:00:00+00:00,24.8,0.0,4,0,41460.0,15.2,30.5,41.8,184,995.2,0
1,2026-09-08T23:00:00+00:00,2026-09-10T10:00:00+00:00,26.4,0.0,0,0,42860.0,16.3,33.3,44.6,188,994.5,0
1,2026-09-08T23:00:00+00:00,2026-09-10T11:00:00+00:00,27.5,0.0,0,0,43940.0,16.5,34.1,45.4,196,994.3,0
1,2026-09-08T23:00:00+00:00,2026-09-10T12:00:00+00:00,28.2,0.0,0,0,44780.0,16.1,33.2,45.4,196,993.6,0
1,2026-09-08T23:00:00+00:00,2026-09-10T13:00:00+00:00,28.6,0.0,0,0,43960.0,15.3,32.2,43.9,207,993.6,0
1,2026-09-08T23:00:00+00:00,2026-09-10T14:00:00+00:00,28.5,0.0,38,0,43840.0,14.2,31.4,41.0,210,993.5,1
1,2026-09-08T23:00:00+00:00,2026-09-10T15:00:00+00:00,28.0,0.0,31,0,43740.0,12.2,29.6,38.2,214,993.3,1
1,2026-09-08T23:00:00+00:00,2026-09-10T16:00:00+00:00,26.9,0.0,94,0,42880.0,8.9,26.4,32.4,207,993.2,3
1,2026-09-08T23:00:00+00:00,2026-09-10T17:00:00+00:00,22.6,0.4,91,0,39940.0,18.0,39.2,47.5,299,995.2,80
1,2026-09-08T23:00:00+00:00,2026-09-10T18:00:00+00:00,19.8,0.1,98,57,33140.0,12.9,29.8,47.9,300,996.4,61
1,2026-09-08T23:00:00+00:00,2026-09-10T19:00:00+00:00,18.3,0.2,100,70,27520.0,14.6,31.8,38.9,303,997.3,61
1,2026-09-08T23:00:00+00:00,2026-09-10T20:00:00+00:00,16.4,0.5,100,71,29820.0,11.7,25.7,38.5,315,998.0,61
1,2026-09-08T23:00:00+00:00,2026-09-10T21:00:00+00:00,15.7,0.0,99,42,31440.0,11.0,24.5,31.0,308,998.7,3
1,2026-09-08T23:00:00+00:00,2026-09-10T22:00:00+00:00,15.1,0.0,87,20,30760.0,8.5,20.5,29.2,298,999.2,3
1,2026-09-08T23:00:00+00:00,2026-09-10T23:00:00+00:00,14.4,0.0,94,13,27580.0,7.4,21.6,22.3,284,999.6,3
1,2026-09-08T23:00:00+00:00,2026-09-11T00:00:00+00:00,13.8,0.0,96,14,23600.0,6.6,23.8,19.8,279,999.7,3
1,2026-09-08T23:00:00+00:00,2026-09-11T01:00:00+00:00,13.5,0.0,100,20,23160.0,6.9,25.6,19.4,279,999.9,3
1,2026-09-08T23:00:00+00:00,2026-09-11T02:00:00+00:00,13.3,0.0,100,24,23580.0,6.8,26.8,19.8,273,1000.3,3
1,2026-09-08T23:00:00+00:00,2026-09-11T03:00:00+00:00,13.0,0.0,100,30,21960.0,6.8,26.3,19.8,267,1000.6,3
1,2026-09-08T23:00:00+00:00,2026-09-11T04:00:00+00:00,12.8,0.0,58,32,19640.0,7.3,26.0,20.2,279,1001.0,2
1,2026-09-08T23:00:00+00:00,2026-09-11T05:00:00+00:00,13.2,0.0,91,45,20680.0,8.7,24.9,23.0,287,1001.7,3
1,2026-09-08T23:00:00+00:00,2026-09-11T06:00:00+00:00,14.5,0.0,92,24,27000.0,8.0,13.7,24.5,297,1002.3,3
1,2026-09-08T23:00:00+00:00,2026-09-11T07:00:00+00:00,16.4,0.0,100,12,34180.0,7.2,11.4,23.8,297,1002.6,3
1,2026-09-08T23:00:00+00:00,2026-09-11T08:00:00+00:00,18.2,0.0,100,34,39760.0,8.9,14.0,26.3,297,1002.6,3
1,2026-09-08T23:00:00+00:00,2026-09-11T09:00:00+00:00,19.0,0.0,100,34,40680.0,10.2,16.3,29.5,293,1002.7,3
1,2026-09-08T23:00:00+00:00,2026-09-11T10:00:00+00:00,19.7,0.0,100,36,41360.0,10.2,16.1,29.9,293,1002.6,3
1,2026-09-08T23:00:00+00:00,2026-09-11T11:00:00+00:00,20.3,0.0,98,35,42120.0,9.5,15.2,29.5,299,1002.6,3
1,2026-09-08T23:00:00+00:00,2026-09-11T12:00:00+00:00,20.6,0.0,100,48,42160.0,8.2,12.9,28.4,299,1002.0,3
1,2026-09-08T23:00:00+00:00,2026-09-11T13:00:00+00:00,20.4,0.0,100,45,42320.0,8.6,13.9,24.5,292,1001.9,3
1,2026-09-08T23:00:00+00:00,2026-09-11T14:00:00+00:00,20.2,0.0,100,45,42220.0,8.6,14.7,24.5,292,1002.0,3
1,2026-09-08T23:00:00+00:00,2026-09-11T15:00:00+00:00,19.5,0.0,100,48,42140.0,7.7,14.8,23.8,298,1002.2,3
1,2026-09-08T23:00:00+00:00,2026-09-11T16:00:00+00:00,18.7,0.0,100,42,42020.0,6.0,14.8,20.9,303,1002.4,3
1,2026-09-08T23:00:00+00:00,2026-09-11T17:00:00+00:00,17.7,0.0,100,20,41280.0,4.1,15.5,15.5,308,1002.7,3
1,2026-09-08T23:00:00+00:00,2026-09-11T18:00:00+00:00,16.8,0.0,100,0,40700.0,3.6,15.5,10.8,307,1002.7,3
1,2026-09-08T23:00:00+00:00,2026-09-11T19:00:00+00:00,16.0,0.0,100,0,40160.0,3.4,15.8,9.4,302,1003.0,3
1,2026-09-08T23:00:00+00:00,2026-09-11T20:00:00+00:00,15.4,0.0,91,1,39700.0,3.2,15.1,8.6,297,1003.2,3
1,2026-09-08T23:00:00+00:00,2026-09-11T21:00:00+00:00,14.9,0.0,94,0,39240.0,3.2,15.1,8.3,297,1003.4,3
1,2026-09-08T23:00:00+00:00,2026-09-11T22:00:00+00:00,14.6,0.0,90,0,39220.0,2.3,12.5,7.9,288,1003.3,3
1,2026-09-08T23:00:00+00:00,2026-09-11T23:00:00+00:00,14.1,0.0,78,0,38900.0,2.9,9.8,6.8,277,1003.3,2
1,2026-09-08T23:00:00+00:00,2026-09-12T00:00:00+00:00,13.5,0.0,91,0,38180.0,2.8,10.4,6.5,310,1003.1,3
1,2026-09-08T23:00:00+00:00,2026-09-12T01:00:00+00:00,13.3,0.0,94,0,38320.0,2.1,7.8,5.0,301,1003.1,3
1,2026-09-08T23:00:00+00:00,2026-09-12T02:00:00+00:00,13.1,0.0,97,0,38440.0,1.5,5.4,3.2,284,1003.0,3
1,2026-09-08T23:00:00+00:00,2026-09-12T03:00:00+00:00,13.2,0.0,100,0,38580.0,0.8,5.2,2.5,243,1003.0,3
1,2026-09-08T23:00:00+00:00,2026-09-12T04:00:00+00:00,13.5,0.0,100,2,38020.0,0.8,6.7,4.3,153,1002.9,3
1,2026-09-08T23:00:00+00:00,2026-09-12T05:00:00+00:00,14.0,0.0,100,5,37460.0,1.9,8.6,7.2,112,1003.0,3
1,2026-09-08T23:00:00+00:00,2026-09-12T06:00:00+00:00,14.7,0.0,100,7,36900.0,2.7,9.6,9.7,113,1002.9,3
1,2026-09-08T23:00:00+00:00,2026-09-12T07:00:00+00:00,15.7,0.0,100,7,37760.0,3.3,9.0,11.9,131,1002.9,3
1,2026-09-08T23:00:00+00:00,2026-09-12T08:00:00+00:00,17.0,0.0,100,8,38620.0,4.2,7.6,13.7,149,1002.9,3
1,2026-09-08T23:00:00+00:00,2026-09-12T09:00:00+00:00,17.5,0.0,100,8,39480.0,4.7,6.8,14.8,157,1002.7,3
1,2026-09-08T23:00:00+00:00,2026-09-12T10:00:00+00:00,16.9,1.2,100,22,29540.0,4.5,5.8,14.4,151,1002.5,61
1,2026-09-08T23:00:00+00:00,2026-09-12T11:00:00+00:00,15.6,1.2,100,37,19600.0,3.6,5.0,13.3,135,1002.1,61
1,2026-09-08T23:00:00+00:00,2026-09-12T12:00:00+00:00,14.6,1.2,100,51,9660.0,3.4,4.8,12.2,122,1001.8,61
1,2026-09-08T23:00:00+00:00,2026-09-12T13:00:00+00:00,14.2,0.9,100,61,12820.0,3.4,4.8,11.5,122,1001.6,61
1,2026-09-08T23:00:00+00:00,2026-09-12T14:00:00+00:00,14.1,0.9,100,70,15960.0,3.1,4.5,10.8,126,1001.4,61
1,2026-09-08T23:00:00+00:00,2026-09-12T15:00:00+00:00,14.0,0.9,100,80,19120.0,2.9,4.1,10.4,120,1001.2,61
1,2026-09-08T23:00:00+00:00,2026-09-12T16:00:00+00:00,13.7,1.0,100,79,13120.0,2.5,5.0,10.4,90,1001.1,61
1,2026-09-08T23:00:00+00:00,2026-09-12T17:00:00+00:00,13.4,1.0,100,78,7140.0,3.4,7.7,10.8,58,1001.0,61
1,2026-09-08T23:00:00+00:00,2026-09-12T18:00:00+00:00,13.1,1.0,100,77,1140.0,4.3,10.5,11.5,42,1000.8,61
1,2026-09-08T23:00:00+00:00,2026-09-12T19:00:00+00:00,13.0,0.4,100,77,5140.0,4.7,12.4,12.6,32,1000.8,61
1,2026-09-08T23:00:00+00:00,2026-09-12T20:00:00+00:00,12.8,0.4,100,78,9140.0,5.0,14.1,14.0,21,1000.7,61
1,2026-09-08T23:00:00+00:00,2026-09-12T21:00:00+00:00,12.7,0.4,100,78,13140.0,5.2,15.4,14.8,12,1000.7,61
1,2026-09-08T23:00:00+00:00,2026-09-12T22:00:00+00:00,12.6,0.0,95,59,15880.0,5.4,15.8,14.8,8,1000.6,3
1,2026-09-08T23:00:00+00:00,2026-09-12T23:00:00+00:00,12.4,0.0,89,39,18600.0,5.4,15.4,14.4,4,1000.5,3
1,2026-09-08T23:00:00+00:00,2026-09-13T00:00:00+00:00,12.2,0.0,84,20,21340.0,5.0,14.9,13.7,360,1000.4,3
1,2026-09-08T23:00:00+00:00,2026-09-13T01:00:00+00:00,12.0,0.0,88,22,24340.0,3.7,13.8,12.6,349,1000.4,3
1,2026-09-08T23:00:00+00:00,2026-09-13T02:00:00+00:00,11.7,0.0,92,23,27360.0,2.0,12.7,11.5,315,1000.4,3
1,2026-09-08T23:00:00+00:00,2026-09-13T03:00:00+00:00,11.7,0.0,96,25,30360.0,2.2,12.4,11.2,279,1000.5,3
1,2026-09-08T23:00:00+00:00,2026-09-13T04:00:00+00:00,12.0,0.0,82,23,30400.0,3.1,13.4,12.6,291,1000.8,2
1,2026-09-08T23:00:00+00:00,2026-09-13T05:00:00+00:00,12.6,0.0,69,21,30420.0,4.3,15.5,15.1,312,1001.2,2
1,2026-09-08T23:00:00+00:00,2026-09-13T06:00:00+00:00,13.4,0.0,55,19,30460.0,5.9,16.9,17.6,322,1001.6,2
1,2026-09-08T23:00:00+00:00,2026-09-13T07:00:00+00:00,14.6,0.0,70,14,33160.0,6.4,16.1,19.4,333,1001.6,3
1,2026-09-08T23:00:00+00:00,2026-09-13T08:00:00+00:00,16.0,0.0,85,9,35860.0,7.2,14.0,21.2,342,1001.6,3
1,2026-09-08T23:00:00+00:00,2026-09-13T09:00:00+00:00,17.2,0.0,100,4,38560.0,7.7,12.5,22.7,349,1001.6,3
1,2026-09-08T23:00:00+00:00,2026-09-13T10:00:00+00:00,17.9,0.0,100,3,39500.0,7.7,12.2,23.8,349,1001.5,3
1,2026-09-08T23:00:00+00:00,2026-09-13T11:00:00+00:00,18.4,0.0,100,3,40420.0,7.5,12.1,24.5,343,1001.4,3
1,2026-09-08T23:00:00+00:00,2026-09-13T12:00:00+00:00,18.8,0.0,100,2,41360.0,7.0,11.6,24.1,339,1001.2,3
1,2026-09-08T23:00:00+00:00,2026-09-13T13:00:00+00:00,19.2,0.0,78,13,41580.0,6.0,10.1,21.6,335,1001.0,1
1,2026-09-08T23:00:00+00:00,2026-09-13T14:00:00+00:00,19.4,0.0,57,24,41800.0,5.2,8.6,17.6,326,1000.8,1
1,2026-09-08T23:00:00+00:00,2026-09-13T15:00:00+00:00,19.3,0.0,35,35,42020.0,4.3,7.7,14.0,318,1000.6,1
1,2026-09-08T23:00:00+00:00,2026-09-13T16:00:00+00:00,18.2,0.0,59,45,33460.0,3.7,9.2,11.5,304,1000.8,3
1,2026-09-08T23:00:00+00:00,2026-09-13T17:00:00+00:00,16.6,0.0,80,56,25780.0,3.7,10.7,9.5,284,1001.0,3
1,2026-09-08T23:00:00+00:00,2026-09-13T18:00:00+00:00,15.5,0.0,100,65,18980.0,4.1,11.7,7.8,265,1001.1,3
1,2026-09-08T23:00:00+00:00,2026-09-13T19:00:00+00:00,15.1,0.0,51,34,10900.0,0.7,3.0,3.6,90,1004.2,3
1,2026-09-08T23:00:00+00:00,2026-09-13T20:00:00+00:00,14.5,0.0,69,35,9880.0,1.9,1.3,4.0,202,1004.3,3
1,2026-09-08T23:00:00+00:00,2026-09-13T21:00:00+00:00,14.0,0.0,87,36,8880.0,3.2,2.8,4.0,207,1004.2,3
1,2026-09-08T23:00:00+00:00,2026-09-13T22:00:00+00:00,13.4,0.0,68,34,7380.0,3.7,3.6,4.0,209,1004.2,1
1,2026-09-08T23:00:00+00:00,2026-09-13T23:00:00+00:00,12.9,0.0,50,33,5900.0,3.4,4.3,4.0,212,1004.1,1
1,2026-09-08T23:00:00+00:00,2026-09-14T00:00:00+00:00,12.4,0.0,31,31,4400.0,3.1,4.4,4.0,216,1004.0,1
1,2026-09-08T23:00:00+00:00,2026-09-14T01:00:00+00:00,11.7,0.0,39,39,4100.0,3.1,4.3,3.6,216,1004.0,2
1,2026-09-08T23:00:00+00:00,2026-09-14T02:00:00+00:00,11.0,0.0,47,47,3820.0,3.1,3.7,3.2,225,1004.0,2
1,2026-09-08T23:00:00+00:00,2026-09-14T03:00:00+00:00,11.1,0.0,55,55,3520.0,2.5,3.2,3.2,225,1004.0,2
1,2026-09-08T23:00:00+00:00,2026-09-14T04:00:00+00:00,12.3,0.0,55,55,3600.0,1.5,3.2,3.2,225,1004.0,2
1,2026-09-08T23:00:00+00:00,2026-09-14T05:00:00+00:00,14.3,0.0,56,56,3700.0,0.4,4.2,3.2,90,1004.2,2
1,2026-09-08T23:00:00+00:00,2026-09-14T06:00:00+00:00,16.2,0.0,56,56,3780.0,1.1,5.3,4.7,90,1004.2,2
1,2026-09-08T23:00:00+00:00,2026-09-14T07:00:00+00:00,17.9,0.0,66,63,4580.0,2.1,5.8,8.3,149,1004.2,3
1,2026-09-08T23:00:00+00:00,2026-09-14T08:00:00+00:00,19.5,0.0,75,69,5360.0,4.5,7.0,13.3,166,1004.3,3
1,2026-09-08T23:00:00+00:00,2026-09-14T09:00:00+00:00,20.8,0.0,85,76,6160.0,6.2,8.5,16.9,173,1004.2,3
1,2026-09-08T23:00:00+00:00,2026-09-14T10:00:00+00:00,21.5,0.0,87,72,8880.0,6.8,9.2,18.0,177,1003.9,3
1,2026-09-08T23:00:00+00:00,2026-09-14T11:00:00+00:00,21.9,0.0,88,69,11600.0,6.5,9.2,18.0,180,1003.5,3
1,2026-09-08T23:00:00+00:00,2026-09-14T12:00:00+00:00,22.0,0.0,90,65,14320.0,6.2,8.9,17.3,187,1003.1,3
1,2026-09-08T23:00:00+00:00,2026-09-14T13:00:00+00:00,21.9,0.0,93,68,13840.0,5.6,8.8,16.6,195,1002.7,3
1,2026-09-08T23:00:00+00:00,2026-09-14T14:00:00+00:00,21.6,0.0,95,71,13340.0,5.3,9.0,15.8,208,1002.4,3
1,2026-09-08T23:00:00+00:00,2026-09-14T15:00:00+00:00,21.2,0.0,98,74,12860.0,4.6,8.3,14.0,219,1002.0,3
1,2026-09-08T23:00:00+00:00,2026-09-14T16:00:00+00:00,20.5,0.0,99,79,12360.0,3.6,6.8,10.8,233,1001.9,3
1,2026-09-08T23:00:00+00:00,2026-09-14T17:00:00+00:00,19.7,0.0,99,83,11880.0,2.5,6.4,6.8,262,1002.0,3
1,2026-09-08T23:00:00+00:00,2026-09-14T18:00:00+00:00,19.0,0.0,100,88,11380.0,2.3,6.9,4.3,288,1001.9,3
1,2026-09-08T23:00:00+00:00,2026-09-14T19:00:00+00:00,18.6,0.0,100,87,10480.0,2.3,7.8,4.0,288,1001.8,3
1,2026-09-08T23:00:00+00:00,2026-09-14T20:00:00+00:00,18.2,0.0,100,86,9580.0,2.5,8.2,5.0,278,1001.7,3
1,2026-09-08T23:00:00+00:00,2026-09-14T21:00:00+00:00,17.9,0.0,100,85,8680.0,2.5,8.4,5.8,270,1001.5,3
1,2026-09-08T23:00:00+00:00,2026-09-14T22:00:00+00:00,17.5,0.2,100,76,7760.0,1.8,7.9,5.4,281,1001.3,61
1,2026-09-08T23:00:00+00:00,2026-09-14T23:00:00+00:00,17.1,0.2,100,67,6860.0,1.3,7.4,5.0,304,1001.1,61
1,2026-09-09T00:00:00+00:00,2026-09-09T00:00:00+00:00,14.4,0.0,28,0,34080.0,4.3,23.3,11.5,156,998.3,1
1,2026-09-09T00:00:00+00:00,2026-09-09T01:00:00+00:00,14.2,0.0,15,0,34040.0,4.6,24.1,11.9,162,998.3,1
1,2026-09-09T00:00:00+00:00,2026-09-09T02:00:00+00:00,14.2,0.0,9,0,35840.0,4.9,25.2,13.3,163,998.3,1
1,2026-09-09T00:00:00+00:00,2026-09-09T03:00:00+00:00,13.9,0.0,85,0,34420.0,5.5,27.9,14.8,169,997.7,3
1,2026-09-09T00:00:00+00:00,2026-09-09T04:00:00+00:00,14.0,0.0,100,0,29860.0,5.6,27.2,15.5,165,997.6,3
1,2026-09-09T00:00:00+00:00,2026-09-09T05:00:00+00:00,15.0,0.0,88,0,27680.0,6.6,26.8,18.7,171,997.3,3
1,2026-09-09T00:00:00+00:00,2026-09-09T06:00:00+00:00,16.6,0.0,100,0,31200.0,7.2,22.2,19.8,174,997.8,3
1,2026-09-09T00:00:00+00:00,2026-09-09T07:00:00+00:00,19.2,0.0,18,0,40220.0,6.8,11.6,20.5,180,997.8,1
1,2026-09-09T00:00:00+00:00,2026-09-09T08:00:00+00:00,21.7,0.0,91,0,41080.0,6.8,11.3,20.9,177,997.8,3
1,2026-09-09T00:00:00+00:00,2026-09-09T09:00:00+00:00,23.8,0.0,66,0,41640.0,7.3,11.7,22.3,171,997.5,2
1,2026-09-09T00:00:00+00:00,2026-09-09T10:00:00+00:00,25.6,0.0,50,0,42760.0,8.7,15.7,26.6,187,997.2,2
1,2026-09-09T00:00:00+00:00,2026-09-09T11:00:00+00:00,26.7,0.0,34,0,44100.0,9.6,17.9,28.4,193,996.9,1
1,2026-09-09T00:00:00+00:00,2026-09-09T12:00:00+00:00,27.2,0.0,49,0,44840.0,9.9,18.3,28.4,199,996.2,2
1,2026-09-09T00:00:00+00:00,2026-09-09T13:00:00+00:00,27.4,0.0,27,0,44960.0,9.4,17.5,28.4,198,995.8,1
1,2026-09-09T00:00:00+00:00,2026-09-09T14:00:00+00:00,27.2,0.0,52,0,45260.0,8.8,17.4,27.0,199,995.3,2
1,2026-09-09T00:00:00+00:00,2026-09-09T15:00:00+00:00,26.6,0.0,43,0,45200.0,8.1,17.1,24.8,193,995.1,1
1,2026-09-09T00:00:00+00:00,2026-09-09T16:00:00+00:00,25.1,0.0,33,0,43940.0,5.1,17.4,21.6,184,995.1,1
1,2026-09-09T00:00:00+00:00,2026-09-09T17:00:00+00:00,23.2,0.0,21,0,42380.0,4.3,19.3,13.3,180,995.3,1
1,2026-09-09T00:00:00+00:00,2026-09-09T18:00:00+00:00,22.2,0.0,12,0,41860.0,4.3,22.2,10.4,180,995.3,1
1,2026-09-09T00:00:00+00:00,2026-09-09T19:00:00+00:00,21.4,0.0,98,0,41600.0,5.0,25.6,12.6,180,995.1,3
1,2026-09-09T00:00:00+00:00,2026-09-09T20:00:00+00:00,20.8,0.0,71,0,41460.0,5.4,29.3,14.8,188,995.0,2
1,2026-09-09T00:00:00+00:00,2026-09-09T21:00:00+00:00,20.1,0.0,21,0,41260.0,5.7,32.3,15.8,198,995.4,1
1,2026-09-09T00:00:00+00:00,2026-09-09T22:00:00+00:00,19.5,0.0,0,0,41000.0,6.8,34.4,18.4,205,995.7,0
1,2026-09-09T00:00:00+00:00,2026-09-09T23:00:00+00:00,19.1,0.0,2,0,40360.0,7.1,35.3,20.2,210,995.4,0
1,2026-09-09T00:00:00+00:00,2026-09-10T00:00:00+00:00,18.7,0.0,1,0,38160.0,7.6,35.3,21.2,211,995.3,0
1,2026-09-09T00:00:00+00:00,2026-09-10T01:00:00+00:00,18.0,0.0,20,0,34640.0,7.7,36.0,22.7,208,995.3,1
1,2026-09-09T00:00:00+00:00,2026-09-10T02:00:00+00:00,17.4,0.0,0,0,31100.0,7.7,34.8,22.0,208,995.0,0
1,2026-09-09T00:00:00+00:00,2026-09-10T03:00:00+00:00,16.7,0.0,0,0,29000.0,7.6,33.3,22.3,205,995.2,0
1,2026-09-09T00:00:00+00:00,2026-09-10T04:00:00+00:00,16.4,0.0,0,0,26220.0,8.1,34.1,22.7,193,995.4,0
1,2026-09-09T00:00:00+00:00,2026-09-10T05:00:00+00:00,16.9,0.0,23,0,25240.0,9.4,35.5,24.5,184,995.5,1
1,2026-09-09T00:00:00+00:00,2026-09-10T06:00:00+00:00,18.7,0.0,0,0,34620.0,10.9,22.9,30.6,188,995.7,0
1,2026-09-09T00:00:00+00:00,2026-09-10T07:00:00+00:00,20.8,0.0,0,0,39580.0,11.9,23.1,34.2,185,995.8,0
1,2026-09-09T00:00:00+00:00,2026-09-10T08:00:00+00:00,22.8,0.0,0,0,40520.0,13.0,24.4,36.7,180,995.7,0
1,2026-09-09T00:00:00+00:00,2026-09-10T09:00:00+00:00,24.8,0.0,4,0,41460.0,15.2,30.5,41.8,184,995.2,0
1,2026-09-09T00:00:00+00:00,2026-09-10T10:00:00+00:00,26.4,0.0,0,0,42860.0,16.3,33.3,44.6,188,994.5,0
1,2026-09-09T00:00:00+00:00,2026-09-10T11:00:00+00:00,27.5,0.0,0,0,43940.0,16.5,34.1,45.4,196,994.3,0
1,2026-09-09T00:00:00+00:00,2026-09-10T12:00:00+00:00,28.2,0.0,0,0,44780.0,16.1,33.2,45.4,196,993.6,0
1,2026-09-09T00:00:00+00:00,2026-09-10T13:00:00+00:00,28.6,0.0,0,0,43960.0,15.3,32.2,43.9,207,993.6,0
1,2026-09-09T00:00:00+00:00,2026-09-10T14:00:00+00:00,28.5,0.0,38,0,43840.0,14.2,31.4,41.0,210,993.5,1
1,2026-09-09T00:00:00+00:00,2026-09-10T15:00:00+00:00,28.0,0.0,31,0,43740.0,12.2,29.6,38.2,214,993.3,1
1,2026-09-09T00:00:00+00:00,2026-09-10T16:00:00+00:00,26.9,0.0,94,0,42880.0,8.9,26.4,32.4,207,993.2,3
1,2026-09-09T00:00:00+00:00,2026-09-10T17:00:00+00:00,22.6,0.4,91,0,39940.0,18.0,39.2,47.5,299,995.2,80
1,2026-09-09T00:00:00+00:00,2026-09-10T18:00:00+00:00,19.8,0.1,98,57,33140.0,12.9,29.8,47.9,300,996.4,61
1,2026-09-09T00:00:00+00:00,2026-09-10T19:00:00+00:00,18.3,0.2,100,70,27520.0,14.6,31.8,38.9,303,997.3,61
1,2026-09-09T00:00:00+00:00,2026-09-10T20:00:00+00:00,16.4,0.5,100,71,29820.0,11.7,25.7,38.5,315,998.0,61
1,2026-09-09T00:00:00+00:00,2026-09-10T21:00:00+00:00,15.7,0.0,99,42,31440.0,11.0,24.5,31.0,308,998.7,3
1,2026-09-09T00:00:00+00:00,2026-09-10T22:00:00+00:00,15.1,0.0,87,20,30760.0,8.5,20.5,29.2,298,999.2,3
1,2026-09-09T00:00:00+00:00,2026-09-10T23:00:00+00:00,14.4,0.0,94,13,27580.0,7.4,21.6,22.3,284,999.6,3
1,2026-09-09T00:00:00+00:00,2026-09-11T00:00:00+00:00,13.8,0.0,96,14,23600.0,6.6,23.8,19.8,279,999.7,3
1,2026-09-09T00:00:00+00:00,2026-09-11T01:00:00+00:00,13.5,0.0,100,20,23160.0,6.9,25.6,19.4,279,999.9,3
1,2026-09-09T00:00:00+00:00,2026-09-11T02:00:00+00:00,13.3,0.0,100,24,23580.0,6.8,26.8,19.8,273,1000.3,3
1,2026-09-09T00:00:00+00:00,2026-09-11T03:00:00+00:00,13.0,0.0,100,30,21960.0,6.8,26.3,19.8,267,1000.6,3
1,2026-09-09T00:00:00+00:00,2026-09-11T04:00:00+00:00,12.8,0.0,58,32,19640.0,7.3,26.0,20.2,279,1001.0,2
1,2026-09-09T00:00:00+00:00,2026-09-11T05:00:00+00:00,13.2,0.0,91,45,20680.0,8.7,24.9,23.0,287,1001.7,3
1,2026-09-09T00:00:00+00:00,2026-09-11T06:00:00+00:00,14.5,0.0,92,24,27000.0,8.0,13.7,24.5,297,1002.3,3
1,2026-09-09T00:00:00+00:00,2026-09-11T07:00:00+00:00,16.4,0.0,100,12,34180.0,7.2,11.4,23.8,297,1002.6,3
1,2026-09-09T00:00:00+00:00,2026-09-11T08:00:00+00:00,18.2,0.0,100,34,39760.0,8.9,14.0,26.3,297,1002.6,3
1,2026-09-09T00:00:00+00:00,2026-09-11T09:00:00+00:00,19.0,0.0,100,34,40680.0,10.2,16.3,29.5,293,1002.7,3
1,2026-09-09T00:00:00+00:00,2026-09-11T10:00:00+00:00,19.7,0.0,100,36,41360.0,10.2,16.1,29.9,293,1002.6,3
1,2026-09-09T00:00:00+00:00,2026-09-11T11:00:00+00:00,20.3,0.0,98,35,42120.0,9.5,15.2,29.5,299,1002.6,3
1,2026-09-09T00:00:00+00:00,2026-09-11T12:00:00+00:00,20.6,0.0,100,48,42160.0,8.2,12.9,28.4,299,1002.0,3
1,2026-09-09T00:00:00+00:00,2026-09-11T13:00:00+00:00,20.4,0.0,100,45,42320.0,8.6,13.9,24.5,292,1001.9,3
1,2026-09-09T00:00:00+00:00,2026-09-11T14:00:00+00:00,20.2,0.0,100,45,42220.0,8.6,14.7,24.5,292,1002.0,3
1,2026-09-09T00:00:00+00:00,2026-09-11T15:00:00+00:00,19.5,0.0,100,48,42140.0,7.7,14.8,23.8,298,1002.2,3
1,2026-09-09T00:00:00+00:00,2026-09-11T16:00:00+00:00,18.7,0.0,100,42,42020.0,6.0,14.8,20.9,303,1002.4,3
1,2026-09-09T00:00:00+00:00,2026-09-11T17:00:00+00:00,17.7,0.0,100,20,41280.0,4.1,15.5,15.5,308,1002.7,3
1,2026-09-09T00:00:00+00:00,2026-09-11T18:00:00+00:00,16.8,0.0,100,0,40700.0,3.6,15.5,10.8,307,1002.7,3
1,2026-09-09T00:00:00+00:00,2026-09-11T19:00:00+00:00,16.0,0.0,100,0,40160.0,3.4,15.8,9.4,302,1003.0,3
1,2026-09-09T00:00:00+00:00,2026-09-11T20:00:00+00:00,15.4,0.0,91,1,39700.0,3.2,15.1,8.6,297,1003.2,3
1,2026-09-09T00:00:00+00:00,2026-09-11T21:00:00+00:00,14.9,0.0,94,0,39240.0,3.2,15.1,8.3,297,1003.4,3
1,2026-09-09T00:00:00+00:00,2026-09-11T22:00:00+00:00,14.6,0.0,90,0,39220.0,2.3,12.5,7.9,288,1003.3,3
1,2026-09-09T00:00:00+00:00,2026-09-11T23:00:00+00:00,14.1,0.0,78,0,38900.0,2.9,9.8,6.8,277,1003.3,2
1,2026-09-09T00:00:00+00:00,2026-09-12T00:00:00+00:00,13.5,0.0,91,0,38180.0,2.8,10.4,6.5,310,1003.1,3
1,2026-09-09T00:00:00+00:00,2026-09-12T01:00:00+00:00,13.3,0.0,94,0,38320.0,2.1,7.8,5.0,301,1003.1,3
1,2026-09-09T00:00:00+00:00,2026-09-12T02:00:00+00:00,13.1,0.0,97,0,38440.0,1.5,5.4,3.2,284,1003.0,3
1,2026-09-09T00:00:00+00:00,2026-09-12T03:00:00+00:00,13.2,0.0,100,0,38580.0,0.8,5.2,2.5,243,1003.0,3
1,2026-09-09T00:00:00+00:00,2026-09-12T04:00:00+00:00,13.5,0.0,100,2,38020.0,0.8,6.7,4.3,153,1002.9,3
1,2026-09-09T00:00:00+00:00,2026-09-12T05:00:00+00:00,14.0,0.0,100,5,37460.0,1.9,8.6,7.2,112,1003.0,3
1,2026-09-09T00:00:00+00:00,2026-09-12T06:00:00+00:00,14.7,0.0,100,7,36900.0,2.7,9.6,9.7,113,1002.9,3
1,2026-09-09T00:00:00+00:00,2026-09-12T07:00:00+00:00,15.7,0.0,100,7,37760.0,3.3,9.0,11.9,131,1002.9,3
1,2026-09-09T00:00:00+00:00,2026-09-12T08:00:00+00:00,17.0,0.0,100,8,38620.0,4.2,7.6,13.7,149,1002.9,3
1,2026-09-09T00:00:00+00:00,2026-09-12T09:00:00+00:00,17.5,0.0,100,8,39480.0,4.7,6.8,14.8,157,1002.7,3
1,2026-09-09T00:00:00+00:00,2026-09-12T10:00:00+00:00,16.9,1.2,100,22,29540.0,4.5,5.8,14.4,151,1002.5,61
1,2026-09-09T00:00:00+00:00,2026-09-12T11:00:00+00:00,15.6,1.2,100,37,19600.0,3.6,5.0,13.3,135,1002.1,61
1,2026-09-09T00:00:00+00:00,2026-09-12T12:00:00+00:00,14.6,1.2,100,51,9660.0,3.4,4.8,12.2,122,1001.8,61
1,2026-09-09T00:00:00+00:00,2026-09-12T13:00:00+00:00,14.2,0.9,100,61,12820.0,3.4,4.8,11.5,122,1001.6,61
1,2026-09-09T00:00:00+00:00,2026-09-12T14:00:00+00:00,14.1,0.9,100,70,15960.0,3.1,4.5,10.8,126,1001.4,61
1,2026-09-09T00:00:00+00:00,2026-09-12T15:00:00+00:00,14.0,0.9,100,80,19120.0,2.9,4.1,10.4,120,1001.2,61
1,2026-09-09T00:00:00+00:00,2026-09-12T16:00:00+00:00,13.7,1.0,100,79,13120.0,2.5,5.0,10.4,90,1001.1,61
1,2026-09-09T00:00:00+00:00,2026-09-12T17:00:00+00:00,13.4,1.0,100,78,7140.0,3.4,7.7,10.8,58,1001.0,61
1,2026-09-09T00:00:00+00:00,2026-09-12T18:00:00+00:00,13.1,1.0,100,77,1140.0,4.3,10.5,11.5,42,1000.8,61
1,2026-09-09T00:00:00+00:00,2026-09-12T19:00:00+00:00,13.0,0.4,100,77,5140.0,4.7,12.4,12.6,32,1000.8,61
1,2026-09-09T00:00:00+00:00,2026-09-12T20:00:00+00:00,12.8,0.4,100,78,9140.0,5.0,14.1,14.0,21,1000.7,61
1,2026-09-09T00:00:00+00:00,2026-09-12T21:00:00+00:00,12.7,0.4,100,78,13140.0,5.2,15.4,14.8,12,1000.7,61
1,2026-09-09T00:00:00+00:00,2026-09-12T22:00:00+00:00,12.6,0.0,95,59,15880.0,5.4,15.8,14.8,8,1000.6,3
1,2026-09-09T00:00:00+00:00,2026-09-12T23:00:00+00:00,12.4,0.0,89,39,18600.0,5.4,15.4,14.4,4,1000.5,3
1,2026-09-09T00:00:00+00:00,2026-09-13T00:00:00+00:00,12.2,0.0,84,20,21340.0,5.0,14.9,13.7,360,1000.4,3
1,2026-09-09T00:00:00+00:00,2026-09-13T01:00:00+00:00,12.0,0.0,88,22,24340.0,3.7,13.8,12.6,349,1000.4,3
1,2026-09-09T00:00:00+00:00,2026-09-13T02:00:00+00:00,11.7,0.0,92,23,27360.0,2.0,12.7,11.5,315,1000.4,3
1,2026-09-09T00:00:00+00:00,2026-09-13T03:00:00+00:00,11.7,0.0,96,25,30360.0,2.2,12.4,11.2,279,1000.5,3
1,2026-09-09T00:00:00+00:00,2026-09-13T04:00:00+00:00,12.0,0.0,82,23,30400.0,3.1,13.4,12.6,291,1000.8,2
1,2026-09-09T00:00:00+00:00,2026-09-13T05:00:00+00:00,12.6,0.0,69,21,30420.0,4.3,15.5,15.1,312,1001.2,2
1,2026-09-09T00:00:00+00:00,2026-09-13T06:00:00+00:00,13.4,0.0,55,19,30460.0,5.9,16.9,17.6,322,1001.6,2
1,2026-09-09T00:00:00+00:00,2026-09-13T07:00:00+00:00,14.6,0.0,70,14,33160.0,6.4,16.1,19.4,333,1001.6,3
1,2026-09-09T00:00:00+00:00,2026-09-13T08:00:00+00:00,16.0,0.0,85,9,35860.0,7.2,14.0,21.2,342,1001.6,3
1,2026-09-09T00:00:00+00:00,2026-09-13T09:00:00+00:00,17.2,0.0,100,4,38560.0,7.7,12.5,22.7,349,1001.6,3
1,2026-09-09T00:00:00+00:00,2026-09-13T10:00:00+00:00,17.9,0.0,100,3,39500.0,7.7,12.2,23.8,349,1001.5,3
1,2026-09-09T00:00:00+00:00,2026-09-13T11:00:00+00:00,18.4,0.0,100,3,40420.0,7.5,12.1,24.5,343,1001.4,3
1,2026-09-09T00:00:00+00:00,2026-09-13T12:00:00+00:00,18.8,0.0,100,2,41360.0,7.0,11.6,24.1,339,1001.2,3
1,2026-09-09T00:00:00+00:00,2026-09-13T13:00:00+00:00,19.2,0.0,78,13,41580.0,6.0,10.1,21.6,335,1001.0,1
1,2026-09-09T00:00:00+00:00,2026-09-13T14:00:00+00:00,19.4,0.0,57,24,41800.0,5.2,8.6,17.6,326,1000.8,1
1,2026-09-09T00:00:00+00:00,2026-09-13T15:00:00+00:00,19.3,0.0,35,35,42020.0,4.3,7.7,14.0,318,1000.6,1
1,2026-09-09T00:00:00+00:00,2026-09-13T16:00:00+00:00,18.2,0.0,59,45,33460.0,3.7,9.2,11.5,304,1000.8,3
1,2026-09-09T00:00:00+00:00,2026-09-13T17:00:00+00:00,16.6,0.0,80,56,25780.0,3.7,10.7,9.5,284,1001.0,3
1,2026-09-09T00:00:00+00:00,2026-09-13T18:00:00+00:00,15.5,0.0,100,65,18980.0,4.1,11.7,7.8,265,1001.1,3
1,2026-09-09T00:00:00+00:00,2026-09-13T19:00:00+00:00,15.1,0.0,51,34,10900.0,0.7,3.0,3.6,90,1004.2,3
1,2026-09-09T00:00:00+00:00,2026-09-13T20:00:00+00:00,14.5,0.0,69,35,9880.0,1.9,1.3,4.0,202,1004.3,3
1,2026-09-09T00:00:00+00:00,2026-09-13T21:00:00+00:00,14.0,0.0,87,36,8880.0,3.2,2.8,4.0,207,1004.2,3
1,2026-09-09T00:00:00+00:00,2026-09-13T22:00:00+00:00,13.4,0.0,68,34,7380.0,3.7,3.6,4.0,209,1004.2,1
1,2026-09-09T00:00:00+00:00,2026-09-13T23:00:00+00:00,12.9,0.0,50,33,5900.0,3.4,4.3,4.0,212,1004.1,1
1,2026-09-09T00:00:00+00:00,2026-09-14T00:00:00+00:00,12.4,0.0,31,31,4400.0,3.1,4.4,4.0,216,1004.0,1
1,2026-09-09T00:00:00+00:00,2026-09-14T01:00:00+00:00,11.7,0.0,39,39,4100.0,3.1,4.3,3.6,216,1004.0,2
1,2026-09-09T00:00:00+00:00,2026-09-14T02:00:00+00:00,11.0,0.0,47,47,3820.0,3.1,3.7,3.2,225,1004.0,2
1,2026-09-09T00:00:00+00:00,2026-09-14T03:00:00+00:00,11.1,0.0,55,55,3520.0,2.5,3.2,3.2,225,1004.0,2
1,2026-09-09T00:00:00+00:00,2026-09-14T04:00:00+00:00,12.3,0.0,55,55,3600.0,1.5,3.2,3.2,225,1004.0,2
1,2026-09-09T00:00:00+00:00,2026-09-14T05:00:00+00:00,14.3,0.0,56,56,3700.0,0.4,4.2,3.2,90,1004.2,2
1,2026-09-09T00:00:00+00:00,2026-09-14T06:00:00+00:00,16.2,0.0,56,56,3780.0,1.1,5.3,4.7,90,1004.2,2
1,2026-09-09T00:00:00+00:00,2026-09-14T07:00:00+00:00,17.9,0.0,66,63,4580.0,2.1,5.8,8.3,149,1004.2,3
1,2026-09-09T00:00:00+00:00,2026-09-14T08:00:00+00:00,19.5,0.0,75,69,5360.0,4.5,7.0,13.3,166,1004.3,3
1,2026-09-09T00:00:00+00:00,2026-09-14T09:00:00+00:00,20.8,0.0,85,76,6160.0,6.2,8.5,16.9,173,1004.2,3
1,2026-09-09T00:00:00+00:00,2026-09-14T10:00:00+00:00,21.5,0.0,87,72,8880.0,6.8,9.2,18.0,177,1003.9,3
1,2026-09-09T00:00:00+00:00,2026-09-14T11:00:00+00:00,21.9,0.0,88,69,11600.0,6.5,9.2,18.0,180,1003.5,3
1,2026-09-09T00:00:00+00:00,2026-09-14T12:00:00+00:00,22.0,0.0,90,65,14320.0,6.2,8.9,17.3,187,1003.1,3
1,2026-09-09T00:00:00+00:00,2026-09-14T13:00:00+00:00,21.9,0.0,93,68,13840.0,5.6,8.8,16.6,195,1002.7,3
1,2026-09-09T00:00:00+00:00,2026-09-14T14:00:00+00:00,21.6,0.0,95,71,13340.0,5.3,9.0,15.8,208,1002.4,3
1,2026-09-09T00:00:00+00:00,2026-09-14T15:00:00+00:00,21.2,0.0,98,74,12860.0,4.6,8.3,14.0,219,1002.0,3
1,2026-09-09T00:00:00+00:00,2026-09-14T16:00:00+00:00,20.5,0.0,99,79,12360.0,3.6,6.8,10.8,233,1001.9,3
1,2026-09-09T00:00:00+00:00,2026-09-14T17:00:00+00:00,19.7,0.0,99,83,11880.0,2.5,6.4,6.8,262,1002.0,3
1,2026-09-09T00:00:00+00:00,2026-09-14T18:00:00+00:00,19.0,0.0,100,88,11380.0,2.3,6.9,4.3,288,1001.9,3
1,2026-09-09T00:00:00+00:00,2026-09-14T19:00:00+00:00,18.6,0.0,100,87,10480.0,2.3,7.8,4.0,288,1001.8,3
1,2026-09-09T00:00:00+00:00,2026-09-14T20:00:00+00:00,18.2,0.0,100,86,9580.0,2.5,8.2,5.0,278,1001.7,3
1,2026-09-09T00:00:00+00:00,2026-09-14T21:00:00+00:00,17.9,0.0,100,85,8680.0,2.5,8.4,5.8,270,1001.5,3
1,2026-09-09T00:00:00+00:00,2026-09-14T22:00:00+00:00,17.5,0.2,100,76,7760.0,1.8,7.9,5.4,281,1001.3,61
1,2026-09-09T00:00:00+00:00,2026-09-14T23:00:00+00:00,17.1,0.2,100,67,6860.0,1.3,7.4,5.0,304,1001.1,61
1,2026-09-09T00:00:00+00:00,2026-09-15T00:00:00+00:00,16.7,0.2,100,58,5960.0,1.3,7.4,4.7,326,1000.9,61
1,2026-09-09T00:00:00+00:00,2026-09-15T01:00:00+00:00,16.1,0.0,98,46,6440.0,2.0,7.4,5.4,315,1000.7,3
1,2026-09-09T00:00:00+00:00,2026-09-15T02:00:00+00:00,15.5,0.0,95,34,6920.0,3.1,7.5,6.1,306,1000.5,3
1,2026-09-09T00:00:00+00:00,2026-09-15T03:00:00+00:00,15.1,0.0,93,22,7400.0,3.9,7.8,7.2,304,1000.5,3
1,2026-09-09T00:00:00+00:00,2026-09-15T04:00:00+00:00,15.2,0.0,78,15,7860.0,3.9,8.5,7.6,304,1000.6,2
1,2026-09-09T00:00:00+00:00,2026-09-15T05:00:00+00:00,15.6,0.0,63,7,8340.0,3.6,9.4,8.3,307,1000.7,2
1,2026-09-09T00:00:00+00:00,2026-09-15T06:00:00+00:00,16.4,0.0,48,0,8820.0,3.6,10.0,9.7,315,1000.9,2
1,2026-09-09T00:00:00+00:00,2026-09-15T07:00:00+00:00,18.0,0.0,33,0,14620.0,4.3,10.3,13.3,336,1000.9,0
1,2026-09-09T00:00:00+00:00,2026-09-15T08:00:00+00:00,20.1,0.0,19,0,20420.0,6.3,10.6,18.0,347,1000.8,0
1,2026-09-09T00:00:00+00:00,2026-09-15T09:00:00+00:00,21.7,0.0,4,0,26220.0,8.0,11.0,21.6,355,1000.7,0
1,2026-09-09T00:00:00+00:00,2026-09-15T10:00:00+00:00,22.5,0.0,17,9,32020.0,8.6,11.3,23.4,358,1000.4,1
1,2026-09-09T00:00:00+00:00,2026-09-15T11:00:00+00:00,23.0,0.0,29,17,37820.0,8.6,12.0,23.8,358,1000.0,1
1,2026-09-09T00:00:00+00:00,2026-09-15T12:00:00+00:00,23.1,0.0,42,26,43620.0,8.6,12.7,24.1,360,999.6,1
1,2026-09-09T00:00:00+00:00,2026-09-15T13:00:00+00:00,23.0,0.0,56,28,42660.0,8.6,13.8,24.5,2,999.4,3
1,2026-09-09T00:00:00+00:00,2026-09-15T14:00:00+00:00,22.6,0.0,71,31,41700.0,8.7,15.2,24.1,7,999.4,3
1,2026-09-09T00:00:00+00:00,2026-09-15T15:00:00+00:00,21.8,0.0,85,33,40740.0,8.4,16.3,22.7,10,999.3,3
1,2026-09-09T00:00:00+00:00,2026-09-15T16:00:00+00:00,20.6,0.0,75,22,39760.0,6.9,16.9,18.7,9,999.5,2
1,2026-09-09T00:00:00+00:00,2026-09-15T17:00:00+00:00,19.1,0.0,66,11,38800.0,5.4,17.3,13.3,8,999.7,2
1,2026-09-09T00:00:00+00:00,2026-09-15T18:00:00+00:00,17.8,0.0,56,0,37840.0,4.0,17.6,9.4,5,999.8,2
1,2026-09-09T00:00:00+00:00,2026-09-15T19:00:00+00:00,17.0,0.0,63,16,37840.0,3.6,17.4,7.6,6,999.8,2
1,2026-09-09T00:00:00+00:00,2026-09-15T20:00:00+00:00,16.4,0.0,69,31,37840.0,3.6,16.6,7.2,6,999.9,2
1,2026-09-09T00:00:00+00:00,2026-09-15T21:00:00+00:00,15.9,0.0,76,47,37860.0,3.6,15.9,6.8,360,999.9,2
1,2026-09-09T00:00:00+00:00,2026-09-15T22:00:00+00:00,15.5,0.0,75,39,37860.0,3.3,14.5,6.5,347,1000.0,2
1,2026-09-09T00:00:00+00:00,2026-09-15T23:00:00+00:00,15.2,0.0,75,30,37860.0,3.5,12.8,6.1,336,1000.0,2
1,2026-09-09T01:00:00+00:00,2026-09-09T00:00:00+00:00,14.4,0.0,28,0,34080.0,4.3,24.0,11.5,156,998.3,1
1,2026-09-09T01:00:00+00:00,2026-09-09T01:00:00+00:00,14.2,0.0,15,0,34040.0,4.6,25.0,11.9,162,998.3,1
1,2026-09-09T01:00:00+00:00,2026-09-09T02:00:00+00:00,14.2,0.0,9,0,35840.0,4.9,25.9,13.3,163,998.3,1
1,2026-09-09T01:00:00+00:00,2026-09-09T03:00:00+00:00,13.9,0.0,85,0,34420.0,5.5,27.6,14.8,169,997.7,3
1,2026-09-09T01:00:00+00:00,2026-09-09T04:00:00+00:00,14.0,0.0,100,0,29860.0,5.6,27.5,15.5,165,997.6,3
1,2026-09-09T01:00:00+00:00,2026-09-09T05:00:00+00:00,15.0,0.0,88,0,27680.0,6.6,26.5,18.7,171,997.3,3
1,2026-09-09T01:00:00+00:00,2026-09-09T06:00:00+00:00,16.6,0.0,100,0,31200.0,7.2,22.2,19.8,174,997.8,3
1,2026-09-09T01:00:00+00:00,2026-09-09T07:00:00+00:00,19.2,0.0,18,0,40220.0,6.8,11.7,20.5,180,997.8,1
1,2026-09-09T01:00:00+00:00,2026-09-09T08:00:00+00:00,21.7,0.0,91,0,41080.0,6.8,10.9,20.9,177,997.8,3
1,2026-09-09T01:00:00+00:00,2026-09-09T09:00:00+00:00,23.8,0.0,66,0,41640.0,7.3,11.3,22.3,171,997.5,2
1,2026-09-09T01:00:00+00:00,2026-09-09T10:00:00+00:00,25.6,0.0,50,0,42760.0,8.7,15.0,26.6,187,997.2,2
1,2026-09-09T01:00:00+00:00,2026-09-09T11:00:00+00:00,26.7,0.0,34,0,44100.0,9.6,16.9,28.4,193,996.9,1
1,2026-09-09T01:00:00+00:00,2026-09-09T12:00:00+00:00,27.2,0.0,49,0,44840.0,9.9,17.3,28.4,199,996.2,2
1,2026-09-09T01:00:00+00:00,2026-09-09T13:00:00+00:00,27.4,0.0,27,0,44960.0,9.4,17.2,28.4,198,995.8,1
1,2026-09-09T01:00:00+00:00,2026-09-09T14:00:00+00:00,27.2,0.0,52,0,45260.0,8.8,16.5,27.0,199,995.3,2
1,2026-09-09T01:00:00+00:00,2026-09-09T15:00:00+00:00,26.6,0.0,43,0,45200.0,8.1,17.3,24.8,193,995.1,1
1,2026-09-09T01:00:00+00:00,2026-09-09T16:00:00+00:00,25.1,0.0,33,0,43940.0,5.1,18.4,21.6,184,995.1,1
1,2026-09-09T01:00:00+00:00,2026-09-09T17:00:00+00:00,23.2,0.0,21,0,42380.0,4.3,20.1,13.3,180,995.3,1
1,2026-09-09T01:00:00+00:00,2026-09-09T18:00:00+00:00,22.2,0.0,12,0,41860.0,4.3,21.5,10.4,180,995.3,1
1,2026-09-09T01:00:00+00:00,2026-09-09T19:00:00+00:00,21.4,0.0,98,0,41600.0,5.0,24.8,12.6,180,995.1,3
1,2026-09-09T01:00:00+00:00,2026-09-09T20:00:00+00:00,20.8,0.0,71,0,41460.0,5.4,28.0,14.8,188,995.0,2
1,2026-09-09T01:00:00+00:00,2026-09-09T21:00:00+00:00,20.1,0.0,21,0,41260.0,5.7,30.6,15.8,198,995.4,1
1,2026-09-09T01:00:00+00:00,2026-09-09T22:00:00+00:00,19.5,0.0,0,0,41000.0,6.8,32.8,18.4,205,995.7,0
1,2026-09-09T01:00:00+00:00,2026-09-09T23:00:00+00:00,19.1,0.0,2,0,40360.0,7.1,34.3,20.2,210,995.4,0
1,2026-09-09T01:00:00+00:00,2026-09-10T00:00:00+00:00,18.7,0.0,1,0,38160.0,7.6,34.8,21.2,211,995.3,0
1,2026-09-09T01:00:00+00:00,2026-09-10T01:00:00+00:00,18.0,0.0,20,0,34640.0,7.7,35.6,22.7,208,995.3,1
1,2026-09-09T01:00:00+00:00,2026-09-10T02:00:00+00:00,17.4,0.0,0,0,31100.0,7.7,33.8,22.0,208,995.0,0
1,2026-09-09T01:00:00+00:00,2026-09-10T03:00:00+00:00,16.7,0.0,0,0,29000.0,7.6,33.1,22.3,205,995.2,0
1,2026-09-09T01:00:00+00:00,2026-09-10T04:00:00+00:00,16.4,0.0,0,0,26220.0,8.1,34.1,22.7,193,995.4,0
1,2026-09-09T01:00:00+00:00,2026-09-10T05:00:00+00:00,16.9,0.0,23,0,25240.0,9.4,35.5,24.5,184,995.5,1
1,2026-09-09T01:00:00+00:00,2026-09-10T06:00:00+00:00,18.7,0.0,0,0,34620.0,10.9,22.9,30.6,188,995.7,0
1,2026-09-09T01:00:00+00:00,2026-09-10T07:00:00+00:00,20.8,0.0,0,0,39580.0,11.9,23.1,34.2,185,995.8,0
1,2026-09-09T01:00:00+00:00,2026-09-10T08:00:00+00:00,22.8,0.0,0,0,40520.0,13.0,24.4,36.7,180,995.7,0
1,2026-09-09T01:00:00+00:00,2026-09-10T09:00:00+00:00,24.8,0.0,4,0,41460.0,15.2,30.5,41.8,184,995.2,0
1,2026-09-09T01:00:00+00:00,2026-09-10T10:00:00+00:00,26.4,0.0,0,0,42860.0,16.3,33.3,44.6,188,994.5,0
1,2026-09-09T01:00:00+00:00,2026-09-10T11:00:00+00:00,27.5,0.0,0,0,43940.0,16.5,34.1,45.4,196,994.3,0
1,2026-09-09T01:00:00+00:00,2026-09-10T12:00:00+00:00,28.2,0.0,0,0,44780.0,16.1,33.2,45.4,196,993.6,0
1,2026-09-09T01:00:00+00:00,2026-09-10T13:00:00+00:00,28.6,0.0,0,0,43960.0,15.3,32.2,43.9,207,993.6,0
1,2026-09-09T01:00:00+00:00,2026-09-10T14:00:00+00:00,28.5,0.0,38,0,43840.0,14.2,31.4,41.0,210,993.5,1
1,2026-09-09T01:00:00+00:00,2026-09-10T15:00:00+00:00,28.0,0.0,31,0,43740.0,12.2,29.6,38.2,214,993.3,1
1,2026-09-09T01:00:00+00:00,2026-09-10T16:00:00+00:00,26.9,0.0,94,0,42880.0,8.9,26.4,32.4,207,993.2,3
1,2026-09-09T01:00:00+00:00,2026-09-10T17:00:00+00:00,22.6,0.4,91,0,39940.0,18.0,39.2,47.5,299,995.2,80
1,2026-09-09T01:00:00+00:00,2026-09-10T18:00:00+00:00,19.8,0.1,98,57,33140.0,12.9,29.8,47.9,300,996.4,61
1,2026-09-09T01:00:00+00:00,2026-09-10T19:00:00+00:00,18.3,0.2,100,70,27520.0,14.6,31.8,38.9,303,997.3,61
1,2026-09-09T01:00:00+00:00,2026-09-10T20:00:00+00:00,16.4,0.5,100,71,29820.0,11.7,25.7,38.5,315,998.0,61
1,2026-09-09T01:00:00+00:00,2026-09-10T21:00:00+00:00,15.7,0.0,99,42,31440.0,11.0,24.5,31.0,308,998.7,3
1,2026-09-09T01:00:00+00:00,2026-09-10T22:00:00+00:00,15.1,0.0,87,20,30760.0,8.5,20.5,29.2,298,999.2,3
1,2026-09-09T01:00:00+00:00,2026-09-10T23:00:00+00:00,14.4,0.0,94,13,27580.0,7.4,21.6,22.3,284,999.6,3
1,2026-09-09T01:00:00+00:00,2026-09-11T00:00:00+00:00,13.8,0.0,96,14,23600.0,6.6,23.8,19.8,279,999.7,3
1,2026-09-09T01:00:00+00:00,2026-09-11T01:00:00+00:00,13.5,0.0,100,20,23160.0,6.9,25.6,19.4,279,999.9,3
1,2026-09-09T01:00:00+00:00,2026-09-11T02:00:00+00:00,13.3,0.0,100,24,23580.0,6.8,26.8,19.8,273,1000.3,3
1,2026-09-09T01:00:00+00:00,2026-09-11T03:00:00+00:00,13.0,0.0,100,30,21960.0,6.8,26.3,19.8,267,1000.6,3
1,2026-09-09T01:00:00+00:00,2026-09-11T04:00:00+00:00,12.8,0.0,58,32,19640.0,7.3,26.0,20.2,279,1001.0,2
1,2026-09-09T01:00:00+00:00,2026-09-11T05:00:00+00:00,13.2,0.0,91,45,20680.0,8.7,24.9,23.0,287,1001.7,3
1,2026-09-09T01:00:00+00:00,2026-09-11T06:00:00+00:00,14.5,0.0,92,24,27000.0,8.0,13.7,24.5,297,1002.3,3
1,2026-09-09T01:00:00+00:00,2026-09-11T07:00:00+00:00,16.4,0.0,100,12,34180.0,7.2,11.4,23.8,297,1002.6,3
1,2026-09-09T01:00:00+00:00,2026-09-11T08:00:00+00:00,18.2,0.0,100,34,39760.0,8.9,14.0,26.3,297,1002.6,3
1,2026-09-09T01:00:00+00:00,2026-09-11T09:00:00+00:00,19.0,0.0,100,34,40680.0,10.2,16.3,29.5,293,1002.7,3
1,2026-09-09T01:00:00+00:00,2026-09-11T10:00:00+00:00,19.7,0.0,100,36,41360.0,10.2,16.1,29.9,293,1002.6,3
1,2026-09-09T01:00:00+00:00,2026-09-11T11:00:00+00:00,20.3,0.0,98,35,42120.0,9.5,15.2,29.5,299,1002.6,3
1,2026-09-09T01:00:00+00:00,2026-09-11T12:00:00+00:00,20.6,0.0,100,48,42160.0,8.2,12.9,28.4,299,1002.0,3
1,2026-09-09T01:00:00+00:00,2026-09-11T13:00:00+00:00,20.4,0.0,100,45,42320.0,8.6,13.9,24.5,292,1001.9,3
1,2026-09-09T01:00:00+00:00,2026-09-11T14:00:00+00:00,20.2,0.0,100,45,42220.0,8.6,14.7,24.5,292,1002.0,3
1,2026-09-09T01:00:00+00:00,2026-09-11T15:00:00+00:00,19.5,0.0,100,48,42140.0,7.7,14.8,23.8,298,1002.2,3
1,2026-09-09T01:00:00+00:00,2026-09-11T16:00:00+00:00,18.7,0.0,100,42,42020.0,6.0,14.8,20.9,303,1002.4,3
1,2026-09-09T01:00:00+00:00,2026-09-11T17:00:00+00:00,17.7,0.0,100,20,41280.0,4.1,15.5,15.5,308,1002.7,3
1,2026-09-09T01:00:00+00:00,2026-09-11T18:00:00+00:00,16.8,0.0,100,0,40700.0,3.6,15.5,10.8,307,1002.7,3
1,2026-09-09T01:00:00+00:00,2026-09-11T19:00:00+00:00,16.0,0.0,100,0,40160.0,3.4,15.8,9.4,302,1003.0,3
1,2026-09-09T01:00:00+00:00,2026-09-11T20:00:00+00:00,15.4,0.0,91,1,39700.0,3.2,15.1,8.6,297,1003.2,3
1,2026-09-09T01:00:00+00:00,2026-09-11T21:00:00+00:00,14.9,0.0,94,0,39240.0,3.2,15.1,8.3,297,1003.4,3
1,2026-09-09T01:00:00+00:00,2026-09-11T22:00:00+00:00,14.6,0.0,90,0,39220.0,2.3,12.5,7.9,288,1003.3,3
1,2026-09-09T01:00:00+00:00,2026-09-11T23:00:00+00:00,14.1,0.0,78,0,38900.0,2.9,9.8,6.8,277,1003.3,2
1,2026-09-09T01:00:00+00:00,2026-09-12T00:00:00+00:00,13.5,0.0,91,0,38180.0,2.8,10.4,6.5,310,1003.1,3
1,2026-09-09T01:00:00+00:00,2026-09-12T01:00:00+00:00,13.3,0.0,94,0,38320.0,2.1,7.8,5.0,301,1003.1,3
1,2026-09-09T01:00:00+00:00,2026-09-12T02:00:00+00:00,13.1,0.0,97,0,38440.0,1.5,5.4,3.2,284,1003.0,3
1,2026-09-09T01:00:00+00:00,2026-09-12T03:00:00+00:00,13.2,0.0,100,0,38580.0,0.8,5.2,2.5,243,1003.0,3
1,2026-09-09T01:00:00+00:00,2026-09-12T04:00:00+00:00,13.5,0.0,100,2,38020.0,0.8,6.7,4.3,153,1002.9,3
1,2026-09-09T01:00:00+00:00,2026-09-12T05:00:00+00:00,14.0,0.0,100,5,37460.0,1.9,8.6,7.2,112,1003.0,3
1,2026-09-09T01:00:00+00:00,2026-09-12T06:00:00+00:00,14.7,0.0,100,7,36900.0,2.7,9.6,9.7,113,1002.9,3
1,2026-09-09T01:00:00+00:00,2026-09-12T07:00:00+00:00,15.7,0.0,100,7,37760.0,3.3,9.0,11.9,131,1002.9,3
1,2026-09-09T01:00:00+00:00,2026-09-12T08:00:00+00:00,17.0,0.0,100,8,38620.0,4.2,7.6,13.7,149,1002.9,3
1,2026-09-09T01:00:00+00:00,2026-09-12T09:00:00+00:00,17.5,0.0,100,8,39480.0,4.7,6.8,14.8,157,1002.7,3
1,2026-09-09T01:00:00+00:00,2026-09-12T10:00:00+00:00,16.9,1.2,100,22,29540.0,4.5,5.8,14.4,151,1002.5,61
1,2026-09-09T01:00:00+00:00,2026-09-12T11:00:00+00:00,15.6,1.2,100,37,19600.0,3.6,5.0,13.3,135,1002.1,61
1,2026-09-09T01:00:00+00:00,2026-09-12T12:00:00+00:00,14.6,1.2,100,51,9660.0,3.4,4.8,12.2,122,1001.8,61
1,2026-09-09T01:00:00+00:00,2026-09-12T13:00:00+00:00,14.2,0.9,100,61,12820.0,3.4,4.8,11.5,122,1001.6,61
1,2026-09-09T01:00:00+00:00,2026-09-12T14:00:00+00:00,14.1,0.9,100,70,15960.0,3.1,4.5,10.8,126,1001.4,61
1,2026-09-09T01:00:00+00:00,2026-09-12T15:00:00+00:00,14.0,0.9,100,80,19120.0,2.9,4.1,10.4,120,1001.2,61
1,2026-09-09T01:00:00+00:00,2026-09-12T16:00:00+00:00,13.7,1.0,100,79,13120.0,2.5,5.0,10.4,90,1001.1,61
1,2026-09-09T01:00:00+00:00,2026-09-12T17:00:00+00:00,13.4,1.0,100,78,7140.0,3.4,7.7,10.8,58,1001.0,61
1,2026-09-09T01:00:00+00:00,2026-09-12T18:00:00+00:00,13.1,1.0,100,77,1140.0,4.3,10.5,11.5,42,1000.8,61
1,2026-09-09T01:00:00+00:00,2026-09-12T19:00:00+00:00,13.0,0.4,100,77,5140.0,4.7,12.4,12.6,32,1000.8,61
1,2026-09-09T01:00:00+00:00,2026-09-12T20:00:00+00:00,12.8,0.4,100,78,9140.0,5.0,14.1,14.0,21,1000.7,61
1,2026-09-09T01:00:00+00:00,2026-09-12T21:00:00+00:00,12.7,0.4,100,78,13140.0,5.2,15.4,14.8,12,1000.7,61
1,2026-09-09T01:00:00+00:00,2026-09-12T22:00:00+00:00,12.6,0.0,95,59,15880.0,5.4,15.8,14.8,8,1000.6,3
1,2026-09-09T01:00:00+00:00,2026-09-12T23:00:00+00:00,12.4,0.0,89,39,18600.0,5.4,15.4,14.4,4,1000.5,3
1,2026-09-09T01:00:00+00:00,2026-09-13T00:00:00+00:00,12.2,0.0,84,20,21340.0,5.0,14.9,13.7,360,1000.4,3
1,2026-09-09T01:00:00+00:00,2026-09-13T01:00:00+00:00,12.0,0.0,88,22,24340.0,3.7,13.8,12.6,349,1000.4,3
1,2026-09-09T01:00:00+00:00,2026-09-13T02:00:00+00:00,11.7,0.0,92,23,27360.0,2.0,12.7,11.5,315,1000.4,3
1,2026-09-09T01:00:00+00:00,2026-09-13T03:00:00+00:00,11.7,0.0,96,25,30360.0,2.2,12.4,11.2,279,1000.5,3
1,2026-09-09T01:00:00+00:00,2026-09-13T04:00:00+00:00,12.0,0.0,82,23,30400.0,3.1,13.4,12.6,291,1000.8,2
1,2026-09-09T01:00:00+00:00,2026-09-13T05:00:00+00:00,12.6,0.0,69,21,30420.0,4.3,15.5,15.1,312,1001.2,2
1,2026-09-09T01:00:00+00:00,2026-09-13T06:00:00+00:00,13.4,0.0,55,19,30460.0,5.9,16.9,17.6,322,1001.6,2
1,2026-09-09T01:00:00+00:00,2026-09-13T07:00:00+00:00,14.6,0.0,70,14,33160.0,6.4,16.1,19.4,333,1001.6,3
1,2026-09-09T01:00:00+00:00,2026-09-13T08:00:00+00:00,16.0,0.0,85,9,35860.0,7.2,14.0,21.2,342,1001.6,3
1,2026-09-09T01:00:00+00:00,2026-09-13T09:00:00+00:00,17.2,0.0,100,4,38560.0,7.7,12.5,22.7,349,1001.6,3
1,2026-09-09T01:00:00+00:00,2026-09-13T10:00:00+00:00,17.9,0.0,100,3,39500.0,7.7,12.2,23.8,349,1001.5,3
1,2026-09-09T01:00:00+00:00,2026-09-13T11:00:00+00:00,18.4,0.0,100,3,40420.0,7.5,12.1,24.5,343,1001.4,3
1,2026-09-09T01:00:00+00:00,2026-09-13T12:00:00+00:00,18.8,0.0,100,2,41360.0,7.0,11.6,24.1,339,1001.2,3
1,2026-09-09T01:00:00+00:00,2026-09-13T13:00:00+00:00,19.2,0.0,78,13,41580.0,6.0,10.1,21.6,335,1001.0,1
1,2026-09-09T01:00:00+00:00,2026-09-13T14:00:00+00:00,19.4,0.0,57,24,41800.0,5.2,8.6,17.6,326,1000.8,1
1,2026-09-09T01:00:00+00:00,2026-09-13T15:00:00+00:00,19.3,0.0,35,35,42020.0,4.3,7.7,14.0,318,1000.6,1
1,2026-09-09T01:00:00+00:00,2026-09-13T16:00:00+00:00,18.2,0.0,59,45,38835.0,3.7,9.2,11.5,304,1000.8,3
1,2026-09-09T01:00:00+00:00,2026-09-13T17:00:00+00:00,16.6,0.0,80,56,31080.0,3.7,10.7,9.5,284,1001.0,3
1,2026-09-09T01:00:00+00:00,2026-09-13T18:00:00+00:00,15.5,0.0,100,65,18770.0,4.1,11.7,7.8,265,1001.1,3
1,2026-09-09T01:00:00+00:00,2026-09-13T19:00:00+00:00,15.1,0.0,51,34,19140.0,0.7,3.0,3.6,90,1004.2,3
1,2026-09-09T01:00:00+00:00,2026-09-13T20:00:00+00:00,14.5,0.0,69,35,26680.0,1.9,1.3,4.0,202,1004.3,3
1,2026-09-09T01:00:00+00:00,2026-09-13T21:00:00+00:00,14.0,0.0,87,36,34200.0,3.2,2.8,4.0,207,1004.2,3
1,2026-09-09T01:00:00+00:00,2026-09-13T22:00:00+00:00,13.4,0.0,68,34,32920.0,3.7,3.6,4.0,209,1004.2,1
1,2026-09-09T01:00:00+00:00,2026-09-13T23:00:00+00:00,12.9,0.0,50,33,31620.0,3.4,4.3,4.0,212,1004.1,1
1,2026-09-09T01:00:00+00:00,2026-09-14T00:00:00+00:00,12.4,0.0,31,31,30340.0,3.1,4.4,4.0,216,1004.0,1
1,2026-09-09T01:00:00+00:00,2026-09-14T01:00:00+00:00,11.7,0.0,39,39,30340.0,3.1,4.3,3.6,216,1004.0,2
1,2026-09-09T01:00:00+00:00,2026-09-14T02:00:00+00:00,11.0,0.0,47,47,30340.0,3.1,3.7,3.2,225,1004.0,2
1,2026-09-09T01:00:00+00:00,2026-09-14T03:00:00+00:00,11.1,0.0,55,55,30340.0,2.5,3.2,3.2,225,1004.0,2
1,2026-09-09T01:00:00+00:00,2026-09-14T04:00:00+00:00,12.3,0.0,55,55,32820.0,1.5,3.2,3.2,225,1004.0,2
1,2026-09-09T01:00:00+00:00,2026-09-14T05:00:00+00:00,14.3,0.0,56,56,35300.0,0.4,4.2,3.2,90,1004.2,2
1,2026-09-09T01:00:00+00:00,2026-09-14T06:00:00+00:00,16.2,0.0,56,56,37780.0,1.1,5.3,4.7,90,1004.2,2
1,2026-09-09T01:00:00+00:00,2026-09-14T07:00:00+00:00,17.9,0.0,66,63,27860.0,2.1,5.8,8.3,149,1004.2,3
1,2026-09-09T01:00:00+00:00,2026-09-14T08:00:00+00:00,19.5,0.0,75,69,17940.0,4.5,7.0,13.3,166,1004.3,3
1,2026-09-09T01:00:00+00:00,2026-09-14T09:00:00+00:00,20.8,0.0,85,76,8020.0,6.2,8.5,16.9,173,1004.2,3
1,2026-09-09T01:00:00+00:00,2026-09-14T10:00:00+00:00,21.5,0.0,87,72,11500.0,6.8,9.2,18.0,177,1003.9,3
1,2026-09-09T01:00:00+00:00,2026-09-14T11:00:00+00:00,21.9,0.0,88,69,14980.0,6.5,9.2,18.0,180,1003.5,3
1,2026-09-09T01:00:00+00:00,2026-09-14T12:00:00+00:00,22.0,0.0,90,65,18460.0,6.2,8.9,17.3,187,1003.1,3
1,2026-09-09T01:00:00+00:00,2026-09-14T13:00:00+00:00,21.9,0.0,93,68,26840.0,5.6,8.8,16.6,195,1002.7,3
1,2026-09-09T01:00:00+00:00,2026-09-14T14:00:00+00:00,21.6,0.0,95,71,35220.0,5.3,9.0,15.8,208,1002.4,3
1,2026-09-09T01:00:00+00:00,2026-09-14T15:00:00+00:00,21.2,0.0,98,74,43600.0,4.6,8.3,14.0,219,1002.0,3
1,2026-09-09T01:00:00+00:00,2026-09-14T16:00:00+00:00,20.5,0.0,99,79,41660.0,3.6,6.8,10.8,233,1001.9,3
1,2026-09-09T01:00:00+00:00,2026-09-14T17:00:00+00:00,19.7,0.0,99,83,39740.0,2.5,6.4,6.8,262,1002.0,3
1,2026-09-09T01:00:00+00:00,2026-09-14T18:00:00+00:00,19.0,0.0,100,88,37800.0,2.3,6.9,4.3,288,1001.9,3
1,2026-09-09T01:00:00+00:00,2026-09-14T19:00:00+00:00,18.6,0.0,100,87,10480.0,2.3,7.8,4.0,288,1001.8,3
1,2026-09-09T01:00:00+00:00,2026-09-14T20:00:00+00:00,18.2,0.0,100,86,9580.0,2.5,8.2,5.0,278,1001.7,3
1,2026-09-09T01:00:00+00:00,2026-09-14T21:00:00+00:00,17.9,0.0,100,85,8680.0,2.5,8.4,5.8,270,1001.5,3
1,2026-09-09T01:00:00+00:00,2026-09-14T22:00:00+00:00,17.5,0.2,100,76,7760.0,1.8,7.9,5.4,281,1001.3,61
1,2026-09-09T01:00:00+00:00,2026-09-14T23:00:00+00:00,17.1,0.2,100,67,6860.0,1.3,7.4,5.0,304,1001.1,61
1,2026-09-09T01:00:00+00:00,2026-09-15T00:00:00+00:00,16.7,0.2,100,58,5960.0,1.3,7.4,4.7,326,1000.9,61
1,2026-09-09T01:00:00+00:00,2026-09-15T01:00:00+00:00,16.1,0.0,98,46,6440.0,2.0,7.4,5.4,315,1000.7,3
1,2026-09-09T01:00:00+00:00,2026-09-15T02:00:00+00:00,15.5,0.0,95,34,6920.0,3.1,7.5,6.1,306,1000.5,3
1,2026-09-09T01:00:00+00:00,2026-09-15T03:00:00+00:00,15.1,0.0,93,22,7400.0,3.9,7.8,7.2,304,1000.5,3
1,2026-09-09T01:00:00+00:00,2026-09-15T04:00:00+00:00,15.2,0.0,78,15,7860.0,3.9,8.5,7.6,304,1000.6,2
1,2026-09-09T01:00:00+00:00,2026-09-15T05:00:00+00:00,15.6,0.0,63,7,8340.0,3.6,9.4,8.3,307,1000.7,2
1,2026-09-09T01:00:00+00:00,2026-09-15T06:00:00+00:00,16.4,0.0,48,0,8820.0,3.6,10.0,9.7,315,1000.9,2
1,2026-09-09T01:00:00+00:00,2026-09-15T07:00:00+00:00,18.0,0.0,33,0,14620.0,4.3,10.3,13.3,336,1000.9,0
1,2026-09-09T01:00:00+00:00,2026-09-15T08:00:00+00:00,20.1,0.0,19,0,20420.0,6.3,10.6,18.0,347,1000.8,0
1,2026-09-09T01:00:00+00:00,2026-09-15T09:00:00+00:00,21.7,0.0,4,0,26220.0,8.0,11.0,21.6,355,1000.7,0
1,2026-09-09T01:00:00+00:00,2026-09-15T10:00:00+00:00,22.5,0.0,17,9,32020.0,8.6,11.3,23.4,358,1000.4,1
1,2026-09-09T01:00:00+00:00,2026-09-15T11:00:00+00:00,23.0,0.0,29,17,37820.0,8.6,12.0,23.8,358,1000.0,1
1,2026-09-09T01:00:00+00:00,2026-09-15T12:00:00+00:00,23.1,0.0,42,26,43620.0,8.6,12.7,24.1,360,999.6,1
1,2026-09-09T01:00:00+00:00,2026-09-15T13:00:00+00:00,23.0,0.0,56,28,42660.0,8.6,13.8,24.5,2,999.4,3
1,2026-09-09T01:00:00+00:00,2026-09-15T14:00:00+00:00,22.6,0.0,71,31,41700.0,8.7,15.2,24.1,7,999.4,3
1,2026-09-09T01:00:00+00:00,2026-09-15T15:00:00+00:00,21.8,0.0,85,33,40740.0,8.4,16.3,22.7,10,999.3,3
1,2026-09-09T01:00:00+00:00,2026-09-15T16:00:00+00:00,20.6,0.0,75,22,39760.0,6.9,16.9,18.7,9,999.5,2
1,2026-09-09T01:00:00+00:00,2026-09-15T17:00:00+00:00,19.1,0.0,66,11,38800.0,5.4,17.3,13.3,8,999.7,2
1,2026-09-09T01:00:00+00:00,2026-09-15T18:00:00+00:00,17.8,0.0,56,0,37840.0,4.0,17.6,9.4,5,999.8,2
1,2026-09-09T01:00:00+00:00,2026-09-15T19:00:00+00:00,17.0,0.0,63,16,37840.0,3.6,17.4,7.6,6,999.8,2
1,2026-09-09T01:00:00+00:00,2026-09-15T20:00:00+00:00,16.4,0.0,69,31,37840.0,3.6,16.6,7.2,6,999.9,2
1,2026-09-09T01:00:00+00:00,2026-09-15T21:00:00+00:00,15.9,0.0,76,47,37860.0,3.6,15.9,6.8,360,999.9,2
1,2026-09-09T01:00:00+00:00,2026-09-15T22:00:00+00:00,15.5,0.0,75,39,37860.0,3.3,14.5,6.5,347,1000.0,2
1,2026-09-09T01:00:00+00:00,2026-09-15T23:00:00+00:00,15.2,0.0,75,30,37860.0,3.5,12.8,6.1,336,1000.0,2
1,2026-09-09T02:00:00+00:00,2026-09-09T00:00:00+00:00,14.4,0.0,28,0,34080.0,4.3,24.0,11.5,156,998.3,1
1,2026-09-09T02:00:00+00:00,2026-09-09T01:00:00+00:00,14.2,0.0,15,0,34040.0,4.6,25.0,11.9,162,998.3,1
1,2026-09-09T02:00:00+00:00,2026-09-09T02:00:00+00:00,14.2,0.0,9,0,35840.0,4.9,25.9,13.3,163,998.3,1
1,2026-09-09T02:00:00+00:00,2026-09-09T03:00:00+00:00,13.9,0.0,85,0,34420.0,5.5,27.6,14.8,169,997.7,3
1,2026-09-09T02:00:00+00:00,2026-09-09T04:00:00+00:00,14.0,0.0,100,0,29860.0,5.6,27.5,15.5,165,997.6,3
1,2026-09-09T02:00:00+00:00,2026-09-09T05:00:00+00:00,15.0,0.0,88,0,27680.0,6.6,26.5,18.7,171,997.3,3
1,2026-09-09T02:00:00+00:00,2026-09-09T06:00:00+00:00,16.6,0.0,100,0,31200.0,7.2,22.2,19.8,174,997.8,3
1,2026-09-09T02:00:00+00:00,2026-09-09T07:00:00+00:00,19.2,0.0,18,0,40220.0,6.8,11.7,20.5,180,997.8,1
1,2026-09-09T02:00:00+00:00,2026-09-09T08:00:00+00:00,21.7,0.0,91,0,41080.0,6.8,10.9,20.9,177,997.8,3
1,2026-09-09T02:00:00+00:00,2026-09-09T09:00:00+00:00,23.8,0.0,66,0,41640.0,7.3,11.3,22.3,171,997.5,2
1,2026-09-09T02:00:00+00:00,2026-09-09T10:00:00+00:00,25.6,0.0,50,0,42760.0,8.7,15.0,26.6,187,997.2,2
1,2026-09-09T02:00:00+00:00,2026-09-09T11:00:00+00:00,26.7,0.0,34,0,44100.0,9.6,16.9,28.4,193,996.9,1
1,2026-09-09T02:00:00+00:00,2026-09-09T12:00:00+00:00,27.2,0.0,49,0,44840.0,9.9,17.3,28.4,199,996.2,2
1,2026-09-09T02:00:00+00:00,2026-09-09T13:00:00+00:00,27.4,0.0,27,0,44960.0,9.4,17.2,28.4,198,995.8,1
1,2026-09-09T02:00:00+00:00,2026-09-09T14:00:00+00:00,27.2,0.0,52,0,45260.0,8.8,16.5,27.0,199,995.3,2
1,2026-09-09T02:00:00+00:00,2026-09-09T15:00:00+00:00,26.6,0.0,43,0,45200.0,8.1,17.3,24.8,193,995.1,1
1,2026-09-09T02:00:00+00:00,2026-09-09T16:00:00+00:00,25.1,0.0,33,0,43940.0,5.1,18.4,21.6,184,995.1,1
1,2026-09-09T02:00:00+00:00,2026-09-09T17:00:00+00:00,23.2,0.0,21,0,42380.0,4.3,20.1,13.3,180,995.3,1
1,2026-09-09T02:00:00+00:00,2026-09-09T18:00:00+00:00,22.2,0.0,12,0,41860.0,4.3,21.5,10.4,180,995.3,1
1,2026-09-09T02:00:00+00:00,2026-09-09T19:00:00+00:00,21.4,0.0,98,0,41600.0,5.0,24.8,12.6,180,995.1,3
1,2026-09-09T02:00:00+00:00,2026-09-09T20:00:00+00:00,20.8,0.0,71,0,41460.0,5.4,28.0,14.8,188,995.0,2
1,2026-09-09T02:00:00+00:00,2026-09-09T21:00:00+00:00,20.1,0.0,21,0,41260.0,5.7,30.6,15.8,198,995.4,1
1,2026-09-09T02:00:00+00:00,2026-09-09T22:00:00+00:00,19.5,0.0,0,0,41000.0,6.8,32.8,18.4,205,995.7,0
1,2026-09-09T02:00:00+00:00,2026-09-09T23:00:00+00:00,19.1,0.0,2,0,40360.0,7.1,34.3,20.2,210,995.4,0
1,2026-09-09T02:00:00+00:00,2026-09-10T00:00:00+00:00,18.7,0.0,1,0,38160.0,7.6,34.8,21.2,211,995.3,0
1,2026-09-09T02:00:00+00:00,2026-09-10T01:00:00+00:00,18.0,0.0,20,0,34640.0,7.7,35.6,22.7,208,995.3,1
1,2026-09-09T02:00:00+00:00,2026-09-10T02:00:00+00:00,17.4,0.0,0,0,31100.0,7.7,33.8,22.0,208,995.0,0
1,2026-09-09T02:00:00+00:00,2026-09-10T03:00:00+00:00,16.7,0.0,0,0,29000.0,7.6,33.1,22.3,205,995.2,0
1,2026-09-09T02:00:00+00:00,2026-09-10T04:00:00+00:00,16.4,0.0,0,0,26220.0,8.1,34.1,22.7,193,995.4,0
1,2026-09-09T02:00:00+00:00,2026-09-10T05:00:00+00:00,16.9,0.0,23,0,25240.0,9.4,35.5,24.5,184,995.5,1
1,2026-09-09T02:00:00+00:00,2026-09-10T06:00:00+00:00,18.7,0.0,0,0,34620.0,10.9,22.9,30.6,188,995.7,0
1,2026-09-09T02:00:00+00:00,2026-09-10T07:00:00+00:00,20.8,0.0,0,0,39580.0,11.9,23.1,34.2,185,995.8,0
1,2026-09-09T02:00:00+00:00,2026-09-10T08:00:00+00:00,22.8,0.0,0,0,40520.0,13.0,24.4,36.7,180,995.7,0
1,2026-09-09T02:00:00+00:00,2026-09-10T09:00:00+00:00,24.8,0.0,4,0,41460.0,15.2,30.5,41.8,184,995.2,0
1,2026-09-09T02:00:00+00:00,2026-09-10T10:00:00+00:00,26.4,0.0,0,0,42860.0,16.3,33.3,44.6,188,994.5,0
1,2026-09-09T02:00:00+00:00,2026-09-10T11:00:00+00:00,27.5,0.0,0,0,43940.0,16.5,34.1,45.4,196,994.3,0
1,2026-09-09T02:00:00+00:00,2026-09-10T12:00:00+00:00,28.2,0.0,0,0,44780.0,16.1,33.2,45.4,196,993.6,0
1,2026-09-09T02:00:00+00:00,2026-09-10T13:00:00+00:00,28.6,0.0,0,0,43960.0,15.3,32.2,43.9,207,993.6,0
1,2026-09-09T02:00:00+00:00,2026-09-10T14:00:00+00:00,28.5,0.0,38,0,43840.0,14.2,31.4,41.0,210,993.5,1
1,2026-09-09T02:00:00+00:00,2026-09-10T15:00:00+00:00,28.0,0.0,31,0,43740.0,12.2,29.6,38.2,214,993.3,1
1,2026-09-09T02:00:00+00:00,2026-09-10T16:00:00+00:00,26.9,0.0,94,0,42880.0,8.9,26.4,32.4,207,993.2,3
1,2026-09-09T02:00:00+00:00,2026-09-10T17:00:00+00:00,22.6,0.4,91,0,39940.0,18.0,39.2,47.5,299,995.2,80
1,2026-09-09T02:00:00+00:00,2026-09-10T18:00:00+00:00,19.8,0.1,98,57,33140.0,12.9,29.8,47.9,300,996.4,61
1,2026-09-09T02:00:00+00:00,2026-09-10T19:00:00+00:00,18.3,0.2,100,70,27520.0,14.6,31.8,38.9,303,997.3,61
1,2026-09-09T02:00:00+00:00,2026-09-10T20:00:00+00:00,16.4,0.5,100,71,29820.0,11.7,25.7,38.5,315,998.0,61
1,2026-09-09T02:00:00+00:00,2026-09-10T21:00:00+00:00,15.7,0.0,99,42,31440.0,11.0,24.5,31.0,308,998.7,3
1,2026-09-09T02:00:00+00:00,2026-09-10T22:00:00+00:00,15.1,0.0,87,20,30760.0,8.5,20.5,29.2,298,999.2,3
1,2026-09-09T02:00:00+00:00,2026-09-10T23:00:00+00:00,14.4,0.0,94,13,27580.0,7.4,21.6,22.3,284,999.6,3
1,2026-09-09T02:00:00+00:00,2026-09-11T00:00:00+00:00,13.8,0.0,96,14,23600.0,6.6,23.8,19.8,279,999.7,3
1,2026-09-09T02:00:00+00:00,2026-09-11T01:00:00+00:00,13.5,0.0,100,20,23160.0,6.9,25.6,19.4,279,999.9,3
1,2026-09-09T02:00:00+00:00,2026-09-11T02:00:00+00:00,13.3,0.0,100,24,23580.0,6.8,26.8,19.8,273,1000.3,3
1,2026-09-09T02:00:00+00:00,2026-09-11T03:00:00+00:00,13.0,0.0,100,30,21960.0,6.8,26.3,19.8,267,1000.6,3
1,2026-09-09T02:00:00+00:00,2026-09-11T04:00:00+00:00,12.8,0.0,58,32,19640.0,7.3,26.0,20.2,279,1001.0,2
1,2026-09-09T02:00:00+00:00,2026-09-11T05:00:00+00:00,13.2,0.0,91,45,20680.0,8.7,24.9,23.0,287,1001.7,3
1,2026-09-09T02:00:00+00:00,2026-09-11T06:00:00+00:00,14.5,0.0,92,24,27000.0,8.0,13.7,24.5,297,1002.3,3
1,2026-09-09T02:00:00+00:00,2026-09-11T07:00:00+00:00,16.4,0.0,100,12,34180.0,7.2,11.4,23.8,297,1002.6,3
1,2026-09-09T02:00:00+00:00,2026-09-11T08:00:00+00:00,18.2,0.0,100,34,39760.0,8.9,14.0,26.3,297,1002.6,3
1,2026-09-09T02:00:00+00:00,2026-09-11T09:00:00+00:00,19.0,0.0,100,34,40680.0,10.2,16.3,29.5,293,1002.7,3
1,2026-09-09T02:00:00+00:00,2026-09-11T10:00:00+00:00,19.7,0.0,100,36,41360.0,10.2,16.1,29.9,293,1002.6,3
1,2026-09-09T02:00:00+00:00,2026-09-11T11:00:00+00:00,20.3,0.0,98,35,42120.0,9.5,15.2,29.5,299,1002.6,3
1,2026-09-09T02:00:00+00:00,2026-09-11T12:00:00+00:00,20.6,0.0,100,48,42160.0,8.2,12.9,28.4,299,1002.0,3
1,2026-09-09T02:00:00+00:00,2026-09-11T13:00:00+00:00,20.4,0.0,100,45,42320.0,8.6,13.9,24.5,292,1001.9,3
1,2026-09-09T02:00:00+00:00,2026-09-11T14:00:00+00:00,20.2,0.0,100,45,42220.0,8.6,14.7,24.5,292,1002.0,3
1,2026-09-09T02:00:00+00:00,2026-09-11T15:00:00+00:00,19.5,0.0,100,48,42140.0,7.7,14.8,23.8,298,1002.2,3
1,2026-09-09T02:00:00+00:00,2026-09-11T16:00:00+00:00,18.7,0.0,100,42,42020.0,6.0,14.8,20.9,303,1002.4,3
1,2026-09-09T02:00:00+00:00,2026-09-11T17:00:00+00:00,17.7,0.0,100,20,41280.0,4.1,15.5,15.5,308,1002.7,3
1,2026-09-09T02:00:00+00:00,2026-09-11T18:00:00+00:00,16.8,0.0,100,0,40700.0,3.6,15.5,10.8,307,1002.7,3
1,2026-09-09T02:00:00+00:00,2026-09-11T19:00:00+00:00,16.0,0.0,100,0,40160.0,3.4,15.8,9.4,302,1003.0,3
1,2026-09-09T02:00:00+00:00,2026-09-11T20:00:00+00:00,15.4,0.0,91,1,39700.0,3.2,15.1,8.6,297,1003.2,3
1,2026-09-09T02:00:00+00:00,2026-09-11T21:00:00+00:00,14.9,0.0,94,0,39240.0,3.2,15.1,8.3,297,1003.4,3
1,2026-09-09T02:00:00+00:00,2026-09-11T22:00:00+00:00,14.6,0.0,90,0,39220.0,2.3,12.5,7.9,288,1003.3,3
1,2026-09-09T02:00:00+00:00,2026-09-11T23:00:00+00:00,14.1,0.0,78,0,38900.0,2.9,9.8,6.8,277,1003.3,2
1,2026-09-09T02:00:00+00:00,2026-09-12T00:00:00+00:00,13.5,0.0,91,0,38180.0,2.8,10.4,6.5,310,1003.1,3
1,2026-09-09T02:00:00+00:00,2026-09-12T01:00:00+00:00,13.3,0.0,94,0,38320.0,2.1,7.8,5.0,301,1003.1,3
1,2026-09-09T02:00:00+00:00,2026-09-12T02:00:00+00:00,13.1,0.0,97,0,38440.0,1.5,5.4,3.2,284,1003.0,3
1,2026-09-09T02:00:00+00:00,2026-09-12T03:00:00+00:00,13.2,0.0,100,0,38580.0,0.8,5.2,2.5,243,1003.0,3
1,2026-09-09T02:00:00+00:00,2026-09-12T04:00:00+00:00,13.5,0.0,100,2,38020.0,0.8,6.7,4.3,153,1002.9,3
1,2026-09-09T02:00:00+00:00,2026-09-12T05:00:00+00:00,14.0,0.0,100,5,37460.0,1.9,8.6,7.2,112,1003.0,3
1,2026-09-09T02:00:00+00:00,2026-09-12T06:00:00+00:00,14.7,0.0,100,7,36900.0,2.7,9.6,9.7,113,1002.9,3
1,2026-09-09T02:00:00+00:00,2026-09-12T07:00:00+00:00,15.7,0.0,100,7,37760.0,3.3,9.0,11.9,131,1002.9,3
1,2026-09-09T02:00:00+00:00,2026-09-12T08:00:00+00:00,17.0,0.0,100,8,38620.0,4.2,7.6,13.7,149,1002.9,3
1,2026-09-09T02:00:00+00:00,2026-09-12T09:00:00+00:00,17.5,0.0,100,8,39480.0,4.7,6.8,14.8,157,1002.7,3
1,2026-09-09T02:00:00+00:00,2026-09-12T10:00:00+00:00,16.9,1.2,100,22,29540.0,4.5,5.8,14.4,151,1002.5,61
1,2026-09-09T02:00:00+00:00,2026-09-12T11:00:00+00:00,15.6,1.2,100,37,19600.0,3.6,5.0,13.3,135,1002.1,61
1,2026-09-09T02:00:00+00:00,2026-09-12T12:00:00+00:00,14.6,1.2,100,51,9660.0,3.4,4.8,12.2,122,1001.8,61
1,2026-09-09T02:00:00+00:00,2026-09-12T13:00:00+00:00,14.2,0.9,100,61,12820.0,3.4,4.8,11.5,122,1001.6,61
1,2026-09-09T02:00:00+00:00,2026-09-12T14:00:00+00:00,14.1,0.9,100,70,15960.0,3.1,4.5,10.8,126,1001.4,61
1,2026-09-09T02:00:00+00:00,2026-09-12T15:00:00+00:00,14.0,0.9,100,80,19120.0,2.9,4.1,10.4,120,1001.2,61
1,2026-09-09T02:00:00+00:00,2026-09-12T16:00:00+00:00,13.7,1.0,100,79,13120.0,2.5,5.0,10.4,90,1001.1,61
1,2026-09-09T02:00:00+00:00,2026-09-12T17:00:00+00:00,13.4,1.0,100,78,7140.0,3.4,7.7,10.8,58,1001.0,61
1,2026-09-09T02:00:00+00:00,2026-09-12T18:00:00+00:00,13.1,1.0,100,77,1140.0,4.3,10.5,11.5,42,1000.8,61
1,2026-09-09T02:00:00+00:00,2026-09-12T19:00:00+00:00,13.0,0.4,100,77,5140.0,4.7,12.4,12.6,32,1000.8,61
1,2026-09-09T02:00:00+00:00,2026-09-12T20:00:00+00:00,12.8,0.4,100,78,9140.0,5.0,14.1,14.0,21,1000.7,61
1,2026-09-09T02:00:00+00:00,2026-09-12T21:00:00+00:00,12.7,0.4,100,78,13140.0,5.2,15.4,14.8,12,1000.7,61
1,2026-09-09T02:00:00+00:00,2026-09-12T22:00:00+00:00,12.6,0.0,95,59,15880.0,5.4,15.8,14.8,8,1000.6,3
1,2026-09-09T02:00:00+00:00,2026-09-12T23:00:00+00:00,12.4,0.0,89,39,18600.0,5.4,15.4,14.4,4,1000.5,3
1,2026-09-09T02:00:00+00:00,2026-09-13T00:00:00+00:00,12.2,0.0,84,20,21340.0,5.0,14.9,13.7,360,1000.4,3
1,2026-09-09T02:00:00+00:00,2026-09-13T01:00:00+00:00,12.0,0.0,88,22,24340.0,3.7,13.8,12.6,349,1000.4,3
1,2026-09-09T02:00:00+00:00,2026-09-13T02:00:00+00:00,11.7,0.0,92,23,27360.0,2.0,12.7,11.5,315,1000.4,3
1,2026-09-09T02:00:00+00:00,2026-09-13T03:00:00+00:00,11.7,0.0,96,25,30360.0,2.2,12.4,11.2,279,1000.5,3
1,2026-09-09T02:00:00+00:00,2026-09-13T04:00:00+00:00,12.0,0.0,82,23,30400.0,3.1,13.4,12.6,291,1000.8,2
1,2026-09-09T02:00:00+00:00,2026-09-13T05:00:00+00:00,12.6,0.0,69,21,30420.0,4.3,15.5,15.1,312,1001.2,2
1,2026-09-09T02:00:00+00:00,2026-09-13T06:00:00+00:00,13.4,0.0,55,19,30460.0,5.9,16.9,17.6,322,1001.6,2
1,2026-09-09T02:00:00+00:00,2026-09-13T07:00:00+00:00,14.6,0.0,70,14,33160.0,6.4,16.1,19.4,333,1001.6,3
1,2026-09-09T02:00:00+00:00,2026-09-13T08:00:00+00:00,16.0,0.0,85,9,35860.0,7.2,14.0,21.2,342,1001.6,3
1,2026-09-09T02:00:00+00:00,2026-09-13T09:00:00+00:00,17.2,0.0,100,4,38560.0,7.7,12.5,22.7,349,1001.6,3
1,2026-09-09T02:00:00+00:00,2026-09-13T10:00:00+00:00,17.9,0.0,100,3,39500.0,7.7,12.2,23.8,349,1001.5,3
1,2026-09-09T02:00:00+00:00,2026-09-13T11:00:00+00:00,18.4,0.0,100,3,40420.0,7.5,12.1,24.5,343,1001.4,3
1,2026-09-09T02:00:00+00:00,2026-09-13T12:00:00+00:00,18.8,0.0,100,2,41360.0,7.0,11.6,24.1,339,1001.2,3
1,2026-09-09T02:00:00+00:00,2026-09-13T13:00:00+00:00,19.2,0.0,78,13,41580.0,6.0,10.1,21.6,335,1001.0,1
1,2026-09-09T02:00:00+00:00,2026-09-13T14:00:00+00:00,19.4,0.0,57,24,41800.0,5.2,8.6,17.6,326,1000.8,1
1,2026-09-09T02:00:00+00:00,2026-09-13T15:00:00+00:00,19.3,0.0,35,35,42020.0,4.3,7.7,14.0,318,1000.6,1
1,2026-09-09T02:00:00+00:00,2026-09-13T16:00:00+00:00,18.2,0.0,59,45,38835.0,3.7,9.2,11.5,304,1000.8,3
1,2026-09-09T02:00:00+00:00,2026-09-13T17:00:00+00:00,16.6,0.0,80,56,31080.0,3.7,10.7,9.5,284,1001.0,3
1,2026-09-09T02:00:00+00:00,2026-09-13T18:00:00+00:00,15.5,0.0,100,65,18770.0,4.1,11.7,7.8,265,1001.1,3
1,2026-09-09T02:00:00+00:00,2026-09-13T19:00:00+00:00,15.1,0.0,51,34,19140.0,0.7,3.0,3.6,90,1004.2,3
1,2026-09-09T02:00:00+00:00,2026-09-13T20:00:00+00:00,14.5,0.0,69,35,26680.0,1.9,1.3,4.0,202,1004.3,3
1,2026-09-09T02:00:00+00:00,2026-09-13T21:00:00+00:00,14.0,0.0,87,36,34200.0,3.2,2.8,4.0,207,1004.2,3
1,2026-09-09T02:00:00+00:00,2026-09-13T22:00:00+00:00,13.4,0.0,68,34,32920.0,3.7,3.6,4.0,209,1004.2,1
1,2026-09-09T02:00:00+00:00,2026-09-13T23:00:00+00:00,12.9,0.0,50,33,31620.0,3.4,4.3,4.0,212,1004.1,1
1,2026-09-09T02:00:00+00:00,2026-09-14T00:00:00+00:00,12.4,0.0,31,31,30340.0,3.1,4.4,4.0,216,1004.0,1
1,2026-09-09T02:00:00+00:00,2026-09-14T01:00:00+00:00,11.7,0.0,39,39,30340.0,3.1,4.3,3.6,216,1004.0,2
1,2026-09-09T02:00:00+00:00,2026-09-14T02:00:00+00:00,11.0,0.0,47,47,30340.0,3.1,3.7,3.2,225,1004.0,2
1,2026-09-09T02:00:00+00:00,2026-09-14T03:00:00+00:00,11.1,0.0,55,55,30340.0,2.5,3.2,3.2,225,1004.0,2
1,2026-09-09T02:00:00+00:00,2026-09-14T04:00:00+00:00,12.3,0.0,55,55,32820.0,1.5,3.2,3.2,225,1004.0,2
1,2026-09-09T02:00:00+00:00,2026-09-14T05:00:00+00:00,14.3,0.0,56,56,35300.0,0.4,4.2,3.2,90,1004.2,2
1,2026-09-09T02:00:00+00:00,2026-09-14T06:00:00+00:00,16.2,0.0,56,56,37780.0,1.1,5.3,4.7,90,1004.2,2
1,2026-09-09T02:00:00+00:00,2026-09-14T07:00:00+00:00,17.9,0.0,66,63,27860.0,2.1,5.8,8.3,149,1004.2,3
1,2026-09-09T02:00:00+00:00,2026-09-14T08:00:00+00:00,19.5,0.0,75,69,17940.0,4.5,7.0,13.3,166,1004.3,3
1,2026-09-09T02:00:00+00:00,2026-09-14T09:00:00+00:00,20.8,0.0,85,76,8020.0,6.2,8.5,16.9,173,1004.2,3
1,2026-09-09T02:00:00+00:00,2026-09-14T10:00:00+00:00,21.5,0.0,87,72,11500.0,6.8,9.2,18.0,177,1003.9,3
1,2026-09-09T02:00:00+00:00,2026-09-14T11:00:00+00:00,21.9,0.0,88,69,14980.0,6.5,9.2,18.0,180,1003.5,3
1,2026-09-09T02:00:00+00:00,2026-09-14T12:00:00+00:00,22.0,0.0,90,65,18460.0,6.2,8.9,17.3,187,1003.1,3
1,2026-09-09T02:00:00+00:00,2026-09-14T13:00:00+00:00,21.9,0.0,93,68,26840.0,5.6,8.8,16.6,195,1002.7,3
1,2026-09-09T02:00:00+00:00,2026-09-14T14:00:00+00:00,21.6,0.0,95,71,35220.0,5.3,9.0,15.8,208,1002.4,3
1,2026-09-09T02:00:00+00:00,2026-09-14T15:00:00+00:00,21.2,0.0,98,74,43600.0,4.6,8.3,14.0,219,1002.0,3
1,2026-09-09T02:00:00+00:00,2026-09-14T16:00:00+00:00,20.5,0.0,99,79,41660.0,3.6,6.8,10.8,233,1001.9,3
1,2026-09-09T02:00:00+00:00,2026-09-14T17:00:00+00:00,19.7,0.0,99,83,39740.0,2.5,6.4,6.8,262,1002.0,3
1,2026-09-09T02:00:00+00:00,2026-09-14T18:00:00+00:00,19.0,0.0,100,88,37800.0,2.3,6.9,4.3,288,1001.9,3
1,2026-09-09T02:00:00+00:00,2026-09-14T19:00:00+00:00,18.6,0.0,100,87,10480.0,2.3,7.8,4.0,288,1001.8,3
1,2026-09-09T02:00:00+00:00,2026-09-14T20:00:00+00:00,18.2,0.0,100,86,9580.0,2.5,8.2,5.0,278,1001.7,3
1,2026-09-09T02:00:00+00:00,2026-09-14T21:00:00+00:00,17.9,0.0,100,85,8680.0,2.5,8.4,5.8,270,1001.5,3
1,2026-09-09T02:00:00+00:00,2026-09-14T22:00:00+00:00,17.5,0.2,100,76,7760.0,1.8,7.9,5.4,281,1001.3,61
1,2026-09-09T02:00:00+00:00,2026-09-14T23:00:00+00:00,17.1,0.2,100,67,6860.0,1.3,7.4,5.0,304,1001.1,61
1,2026-09-09T02:00:00+00:00,2026-09-15T00:00:00+00:00,16.7,0.2,100,58,5960.0,1.3,7.4,4.7,326,1000.9,61
1,2026-09-09T02:00:00+00:00,2026-09-15T01:00:00+00:00,16.1,0.0,98,46,6440.0,2.0,7.4,5.4,315,1000.7,3
1,2026-09-09T02:00:00+00:00,2026-09-15T02:00:00+00:00,15.5,0.0,95,34,6920.0,3.1,7.5,6.1,306,1000.5,3
1,2026-09-09T02:00:00+00:00,2026-09-15T03:00:00+00:00,15.1,0.0,93,22,7400.0,3.9,7.8,7.2,304,1000.5,3
1,2026-09-09T02:00:00+00:00,2026-09-15T04:00:00+00:00,15.2,0.0,78,15,7860.0,3.9,8.5,7.6,304,1000.6,2
1,2026-09-09T02:00:00+00:00,2026-09-15T05:00:00+00:00,15.6,0.0,63,7,8340.0,3.6,9.4,8.3,307,1000.7,2
1,2026-09-09T02:00:00+00:00,2026-09-15T06:00:00+00:00,16.4,0.0,48,0,8820.0,3.6,10.0,9.7,315,1000.9,2
1,2026-09-09T02:00:00+00:00,2026-09-15T07:00:00+00:00,18.0,0.0,33,0,14620.0,4.3,10.3,13.3,336,1000.9,0
1,2026-09-09T02:00:00+00:00,2026-09-15T08:00:00+00:00,20.1,0.0,19,0,20420.0,6.3,10.6,18.0,347,1000.8,0
1,2026-09-09T02:00:00+00:00,2026-09-15T09:00:00+00:00,21.7,0.0,4,0,26220.0,8.0,11.0,21.6,355,1000.7,0
1,2026-09-09T02:00:00+00:00,2026-09-15T10:00:00+00:00,22.5,0.0,17,9,32020.0,8.6,11.3,23.4,358,1000.4,1
1,2026-09-09T02:00:00+00:00,2026-09-15T11:00:00+00:00,23.0,0.0,29,17,37820.0,8.6,12.0,23.8,358,1000.0,1
1,2026-09-09T02:00:00+00:00,2026-09-15T12:00:00+00:00,23.1,0.0,42,26,43620.0,8.6,12.7,24.1,360,999.6,1
1,2026-09-09T02:00:00+00:00,2026-09-15T13:00:00+00:00,23.0,0.0,56,28,42660.0,8.6,13.8,24.5,2,999.4,3
1,2026-09-09T02:00:00+00:00,2026-09-15T14:00:00+00:00,22.6,0.0,71,31,41700.0,8.7,15.2,24.1,7,999.4,3
1,2026-09-09T02:00:00+00:00,2026-09-15T15:00:00+00:00,21.8,0.0,85,33,40740.0,8.4,16.3,22.7,10,999.3,3
1,2026-09-09T02:00:00+00:00,2026-09-15T16:00:00+00:00,20.6,0.0,75,22,39760.0,6.9,16.9,18.7,9,999.5,2
1,2026-09-09T02:00:00+00:00,2026-09-15T17:00:00+00:00,19.1,0.0,66,11,38800.0,5.4,17.3,13.3,8,999.7,2
1,2026-09-09T02:00:00+00:00,2026-09-15T18:00:00+00:00,17.8,0.0,56,0,37840.0,4.0,17.6,9.4,5,999.8,2
1,2026-09-09T02:00:00+00:00,2026-09-15T19:00:00+00:00,17.0,0.0,63,16,37840.0,3.6,17.4,7.6,6,999.8,2
1,2026-09-09T02:00:00+00:00,2026-09-15T20:00:00+00:00,16.4,0.0,69,31,37840.0,3.6,16.6,7.2,6,999.9,2
1,2026-09-09T02:00:00+00:00,2026-09-15T21:00:00+00:00,15.9,0.0,76,47,37860.0,3.6,15.9,6.8,360,999.9,2
1,2026-09-09T02:00:00+00:00,2026-09-15T22:00:00+00:00,15.5,0.0,75,39,37860.0,3.3,14.5,6.5,347,1000.0,2
1,2026-09-09T02:00:00+00:00,2026-09-15T23:00:00+00:00,15.2,0.0,75,30,37860.0,3.5,12.8,6.1,336,1000.0,2
