region_code,region_id,raid_day,alerts_count,total_minutes,night_minutes
kyiv_city,1,2022-02-24,1,281.0,0.0
kyiv_city,1,2022-02-25,2,1225.0,480.0
kyiv_city,1,2022-02-26,0,1440.0,480.0
kyiv_oblast,2,2022-02-26,1,30.0,0.0
kyiv_city,1,2022-02-27,2,1258.0,480.0
kyiv_oblast,2,2022-02-27,2,60.0,0.0
kyiv_city,1,2022-02-28,9,469.0,52.0
kyiv_oblast,2,2022-02-28,2,937.0,480.0
kyiv_city,1,2022-03-01,7,448.0,105.0
kyiv_oblast,2,2022-03-01,3,990.0,480.0
kyiv_city,1,2022-03-02,8,864.0,330.0
kyiv_oblast,2,2022-03-02,1,30.0,0.0
kyiv_city,1,2022-03-03,5,394.0,141.0
kyiv_oblast,2,2022-03-03,2,40.0,20.0
kyiv_city,1,2022-03-04,6,1126.0,464.0
kyiv_oblast,2,2022-03-04,3,376.0,221.0
kyiv_city,1,2022-03-05,6,330.0,126.0
kyiv_oblast,2,2022-03-05,1,11.0,0.0
kyiv_city,1,2022-03-06,4,501.0,151.0
kyiv_oblast,2,2022-03-06,1,33.0,0.0
kyiv_city,1,2022-03-07,3,318.0,0.0
kyiv_oblast,2,2022-03-07,1,30.0,0.0
kyiv_city,1,2022-03-08,6,294.0,141.0
kyiv_oblast,2,2022-03-08,3,82.0,30.0
kyiv_city,1,2022-03-09,8,593.0,193.0
kyiv_oblast,2,2022-03-09,1,92.0,92.0
kyiv_city,1,2022-03-10,8,638.0,236.0
kyiv_oblast,2,2022-03-10,2,123.0,0.0
kyiv_city,1,2022-03-11,7,581.0,201.0
kyiv_oblast,2,2022-03-11,2,306.0,137.0
kyiv_city,1,2022-03-12,4,316.0,149.0
kyiv_oblast,2,2022-03-12,1,186.0,137.0
kyiv_city,1,2022-03-13,5,715.0,223.0
kyiv_city,1,2022-03-14,9,606.0,203.0
kyiv_oblast,2,2022-03-14,2,46.0,32.0
kyiv_city,1,2022-03-15,6,722.0,248.0
kyiv_oblast,2,2022-03-15,3,503.0,188.0
kyiv_city,1,2022-03-16,7,499.0,175.0
kyiv_oblast,2,2022-03-16,4,249.0,136.0
kyiv_city,1,2022-03-17,8,447.0,115.0
kyiv_oblast,2,2022-03-17,2,252.0,32.0
kyiv_city,1,2022-03-18,8,360.0,93.0
kyiv_oblast,2,2022-03-18,2,140.0,77.0
kyiv_city,1,2022-03-19,5,305.0,149.0
kyiv_oblast,2,2022-03-19,3,237.0,90.0
kyiv_city,1,2022-03-20,6,481.0,234.0
kyiv_oblast,2,2022-03-20,3,163.0,84.0
kyiv_city,1,2022-03-21,8,650.0,89.0
kyiv_oblast,2,2022-03-21,6,509.0,85.0
kyiv_city,1,2022-03-22,6,517.0,0.0
kyiv_oblast,2,2022-03-22,5,369.0,0.0
kyiv_city,1,2022-03-23,7,480.0,127.0
kyiv_oblast,2,2022-03-23,5,341.0,130.0
kyiv_city,1,2022-03-24,5,292.0,22.0
kyiv_oblast,2,2022-03-24,3,284.0,23.0
kyiv_city,1,2022-03-25,7,634.0,82.0
kyiv_oblast,2,2022-03-25,5,641.0,70.0
kyiv_city,1,2022-03-26,3,354.0,32.0
kyiv_oblast,2,2022-03-26,3,337.0,21.0
kyiv_city,1,2022-03-27,5,480.0,317.0
kyiv_oblast,2,2022-03-27,4,429.0,285.0
kyiv_city,1,2022-03-28,7,437.0,52.0
kyiv_oblast,2,2022-03-28,6,410.0,40.0
kyiv_city,1,2022-03-29,10,591.0,139.0
kyiv_oblast,2,2022-03-29,10,579.0,129.0
kyiv_city,1,2022-03-30,2,168.0,76.0
kyiv_oblast,2,2022-03-30,2,162.0,76.0
kyiv_city,1,2022-03-31,4,210.0,107.0
kyiv_oblast,2,2022-03-31,3,300.0,199.0
kyiv_city,1,2022-04-01,2,230.0,143.0
kyiv_oblast,2,2022-04-01,2,229.0,140.0
kyiv_city,1,2022-04-02,3,263.0,99.0
kyiv_oblast,2,2022-04-02,3,256.0,94.0
kyiv_city,1,2022-04-03,4,156.0,81.0
kyiv_oblast,2,2022-04-03,4,358.0,183.0
kyiv_city,1,2022-04-04,3,225.0,97.0
kyiv_oblast,2,2022-04-04,3,149.0,101.0
kyiv_city,1,2022-04-05,3,95.0,60.0
kyiv_oblast,2,2022-04-05,3,94.0,59.0
kyiv_city,1,2022-04-06,3,66.0,34.0
kyiv_oblast,2,2022-04-06,5,190.0,27.0
kyiv_city,1,2022-04-07,3,134.0,0.0
kyiv_oblast,2,2022-04-07,2,107.0,0.0
kyiv_city,1,2022-04-08,1,27.0,27.0
kyiv_oblast,2,2022-04-08,2,29.0,26.0
kyiv_city,1,2022-04-09,1,57.0,17.0
kyiv_oblast,2,2022-04-09,1,58.0,21.0
kyiv_city,1,2022-04-10,2,116.0,42.0
kyiv_oblast,2,2022-04-10,2,115.0,40.0
kyiv_city,1,2022-04-11,3,111.0,88.0
kyiv_oblast,2,2022-04-11,3,108.0,88.0
kyiv_city,1,2022-04-12,1,37.0,37.0
kyiv_oblast,2,2022-04-12,1,32.0,32.0
kyiv_city,1,2022-04-13,2,94.0,0.0
kyiv_oblast,2,2022-04-13,1,77.0,0.0
kyiv_city,1,2022-04-14,6,339.0,204.0
kyiv_oblast,2,2022-04-14,6,340.0,204.0
kyiv_city,1,2022-04-15,3,288.0,98.0
kyiv_oblast,2,2022-04-15,3,274.0,93.0
kyiv_city,1,2022-04-16,4,163.0,46.0
kyiv_oblast,2,2022-04-16,4,154.0,44.0
kyiv_city,1,2022-04-17,2,201.0,0.0
kyiv_oblast,2,2022-04-17,2,208.0,0.0
kyiv_city,1,2022-04-18,3,212.0,113.0
kyiv_oblast,2,2022-04-18,3,212.0,115.0
kyiv_city,1,2022-04-20,2,72.0,35.0
kyiv_oblast,2,2022-04-20,2,76.0,40.0
kyiv_city,1,2022-04-21,2,106.0,0.0
kyiv_oblast,2,2022-04-21,2,106.0,0.0
kyiv_city,1,2022-04-22,2,94.0,64.0
kyiv_oblast,2,2022-04-22,2,95.0,64.0
kyiv_city,1,2022-04-23,4,212.0,108.0
kyiv_oblast,2,2022-04-23,4,213.0,109.0
kyiv_city,1,2022-04-24,5,345.0,0.0
kyiv_oblast,2,2022-04-24,4,344.0,0.0
kyiv_city,1,2022-04-25,1,86.0,11.0
kyiv_oblast,2,2022-04-25,1,91.0,13.0
kyiv_city,1,2022-04-26,1,24.0,0.0
kyiv_oblast,2,2022-04-26,1,21.0,0.0
kyiv_city,1,2022-04-27,3,92.0,37.0
kyiv_oblast,2,2022-04-27,3,88.0,35.0
kyiv_city,1,2022-04-28,2,201.0,0.0
kyiv_oblast,2,2022-04-28,2,202.0,0.0
kyiv_city,1,2022-04-29,1,55.0,55.0
kyiv_oblast,2,2022-04-29,1,55.0,55.0
kyiv_city,1,2022-05-03,3,183.0,17.0
kyiv_oblast,2,2022-05-03,3,179.0,17.0
kyiv_city,1,2022-05-04,3,333.0,135.0
kyiv_oblast,2,2022-05-04,3,329.0,142.0
kyiv_city,1,2022-05-05,1,122.0,16.0
kyiv_oblast,2,2022-05-05,1,123.0,20.0
kyiv_city,1,2022-05-06,6,113.0,40.0
kyiv_oblast,2,2022-05-06,6,108.0,35.0
kyiv_city,1,2022-05-07,6,247.0,43.0
kyiv_oblast,2,2022-05-07,6,234.0,42.0
kyiv_city,1,2022-05-08,3,116.0,4.0
kyiv_oblast,2,2022-05-08,3,118.0,6.0
kyiv_city,1,2022-05-09,2,50.0,0.0
kyiv_oblast,2,2022-05-09,2,49.0,0.0
kyiv_city,1,2022-05-10,1,45.0,0.0
kyiv_oblast,2,2022-05-10,1,42.0,0.0
kyiv_city,1,2022-05-11,1,31.0,31.0
kyiv_oblast,2,2022-05-11,1,30.0,30.0
kyiv_city,1,2022-05-12,4,289.0,210.0
kyiv_oblast,2,2022-05-12,4,226.0,149.0
kyiv_city,1,2022-05-13,2,118.0,30.0
kyiv_oblast,2,2022-05-13,2,118.0,33.0
kyiv_city,1,2022-05-14,3,149.0,93.0
kyiv_oblast,2,2022-05-14,3,143.0,90.0
kyiv_city,1,2022-05-15,2,84.0,22.0
kyiv_oblast,2,2022-05-15,2,82.0,24.0
kyiv_city,1,2022-05-16,2,211.0,211.0
kyiv_oblast,2,2022-05-16,2,207.0,207.0
kyiv_city,1,2022-05-17,1,73.0,63.0
kyiv_oblast,2,2022-05-17,1,70.0,65.0
kyiv_city,1,2022-05-18,2,207.0,41.0
kyiv_oblast,2,2022-05-18,2,211.0,43.0
kyiv_city,1,2022-05-19,2,84.0,0.0
kyiv_oblast,2,2022-05-19,2,81.0,0.0
kyiv_city,1,2022-05-20,5,307.0,32.0
kyiv_oblast,2,2022-05-20,5,306.0,33.0
kyiv_city,1,2022-05-21,1,31.0,0.0
kyiv_oblast,2,2022-05-21,1,32.0,0.0
kyiv_city,1,2022-05-22,5,346.0,183.0
kyiv_oblast,2,2022-05-22,5,341.0,177.0
kyiv_city,1,2022-05-23,3,158.0,26.0
kyiv_oblast,2,2022-05-23,3,164.0,32.0
kyiv_city,1,2022-05-24,3,266.0,97.0
kyiv_oblast,2,2022-05-24,3,172.0,95.0
kyiv_city,1,2022-05-25,1,137.0,0.0
kyiv_oblast,2,2022-05-25,1,137.0,0.0
kyiv_city,1,2022-05-26,4,186.0,37.0
kyiv_oblast,2,2022-05-26,4,180.0,34.0
kyiv_city,1,2022-05-27,4,140.0,58.0
kyiv_oblast,2,2022-05-27,4,133.0,53.0
kyiv_city,1,2022-05-28,2,93.0,36.0
kyiv_oblast,2,2022-05-28,2,93.0,34.0
kyiv_city,1,2022-05-29,2,55.0,24.0
kyiv_oblast,2,2022-05-29,2,59.0,24.0
kyiv_city,1,2022-05-31,2,46.0,20.0
kyiv_oblast,2,2022-05-31,2,45.0,20.0
kyiv_city,1,2022-06-01,3,191.0,97.0
kyiv_oblast,2,2022-06-01,3,193.0,99.0
kyiv_city,1,2022-06-03,3,134.0,64.0
kyiv_oblast,2,2022-06-03,4,145.0,85.0
kyiv_city,1,2022-06-04,3,255.0,154.0
kyiv_oblast,2,2022-06-04,3,227.0,130.0
kyiv_city,1,2022-06-05,2,152.0,53.0
kyiv_oblast,2,2022-06-05,2,145.0,49.0
kyiv_city,1,2022-06-06,1,99.0,30.0
kyiv_oblast,2,2022-06-06,1,99.0,29.0
kyiv_city,1,2022-06-07,2,66.0,0.0
kyiv_oblast,2,2022-06-07,1,62.0,0.0
kyiv_city,1,2022-06-08,2,100.0,52.0
kyiv_oblast,2,2022-06-08,2,102.0,54.0
kyiv_city,1,2022-06-09,1,68.0,0.0
kyiv_oblast,2,2022-06-09,1,62.0,0.0
kyiv_city,1,2022-06-10,2,38.0,0.0
kyiv_oblast,2,2022-06-10,2,33.0,0.0
kyiv_city,1,2022-06-11,1,72.0,14.0
kyiv_oblast,2,2022-06-11,1,72.0,15.0
kyiv_city,1,2022-06-12,1,31.0,31.0
kyiv_oblast,2,2022-06-12,1,11.0,11.0
kyiv_city,1,2022-06-13,2,86.0,0.0
kyiv_oblast,2,2022-06-13,2,85.0,0.0
kyiv_city,1,2022-06-14,2,122.0,37.0
kyiv_oblast,2,2022-06-14,2,120.0,35.0
kyiv_city,1,2022-06-15,1,31.0,0.0
kyiv_oblast,2,2022-06-15,1,31.0,0.0
kyiv_city,1,2022-06-16,2,93.0,75.0
kyiv_oblast,2,2022-06-16,2,93.0,71.0
kyiv_city,1,2022-06-17,2,82.0,75.0
kyiv_oblast,2,2022-06-17,2,85.0,75.0
kyiv_city,1,2022-06-18,3,91.0,0.0
kyiv_oblast,2,2022-06-18,3,87.0,0.0
kyiv_city,1,2022-06-20,3,60.0,0.0
kyiv_oblast,2,2022-06-20,4,107.0,0.0
kyiv_city,1,2022-06-22,3,91.0,33.0
kyiv_oblast,2,2022-06-22,3,94.0,38.0
kyiv_city,1,2022-06-23,2,39.0,0.0
kyiv_oblast,2,2022-06-23,2,40.0,0.0
kyiv_city,1,2022-06-24,3,296.0,221.0
kyiv_oblast,2,2022-06-24,3,291.0,216.0
kyiv_city,1,2022-06-25,4,276.0,37.0
kyiv_oblast,2,2022-06-25,4,268.0,34.0
kyiv_city,1,2022-06-26,3,178.0,54.0
kyiv_oblast,2,2022-06-26,4,176.0,54.0
kyiv_city,1,2022-06-27,2,92.0,0.0
kyiv_oblast,2,2022-06-27,2,92.0,0.0
kyiv_city,1,2022-06-28,2,120.0,0.0
kyiv_oblast,2,2022-06-28,2,121.0,0.0
kyiv_city,1,2022-07-04,1,111.0,111.0
kyiv_oblast,2,2022-07-04,1,110.0,110.0
kyiv_city,1,2022-07-05,2,128.0,64.0
kyiv_oblast,2,2022-07-05,2,136.0,60.0
kyiv_city,1,2022-07-06,1,54.0,54.0
kyiv_oblast,2,2022-07-06,1,52.0,52.0
kyiv_city,1,2022-07-10,1,133.0,133.0
kyiv_oblast,2,2022-07-10,1,135.0,135.0
kyiv_city,1,2022-07-11,1,76.0,76.0
kyiv_oblast,2,2022-07-11,1,77.0,77.0
kyiv_city,1,2022-07-13,2,178.0,0.0
kyiv_oblast,2,2022-07-13,2,171.0,0.0
kyiv_city,1,2022-07-14,2,146.0,107.0
kyiv_oblast,2,2022-07-14,2,102.0,63.0
kyiv_city,1,2022-07-15,3,205.0,90.0
kyiv_oblast,2,2022-07-15,2,196.0,87.0
kyiv_city,1,2022-07-16,1,91.0,0.0
kyiv_oblast,2,2022-07-16,1,90.0,0.0
kyiv_city,1,2022-07-18,2,68.0,37.0
kyiv_oblast,2,2022-07-18,2,68.0,36.0
kyiv_city,1,2022-07-22,1,85.0,84.0
kyiv_oblast,2,2022-07-22,1,85.0,82.0
kyiv_city,1,2022-07-23,2,149.0,0.0
kyiv_oblast,2,2022-07-23,2,151.0,0.0
kyiv_city,1,2022-07-24,1,39.0,39.0
kyiv_oblast,2,2022-07-24,1,39.0,39.0
kyiv_city,1,2022-07-25,2,177.0,79.0
kyiv_oblast,2,2022-07-25,2,175.0,76.0
kyiv_city,1,2022-07-26,2,150.0,87.0
kyiv_oblast,2,2022-07-26,2,149.0,85.0
kyiv_city,1,2022-07-27,4,131.0,92.0
kyiv_oblast,2,2022-07-27,3,130.0,84.0
kyiv_city,1,2022-07-28,2,110.0,0.0
kyiv_oblast,2,2022-07-28,2,112.0,0.0
kyiv_city,1,2022-07-29,1,29.0,0.0
kyiv_oblast,2,2022-07-29,1,27.0,0.0
kyiv_city,1,2022-07-31,2,97.0,68.0
kyiv_oblast,2,2022-07-31,2,223.0,114.0
kyiv_city,1,2022-08-02,1,85.0,0.0
kyiv_oblast,2,2022-08-02,1,90.0,0.0
kyiv_city,1,2022-08-04,1,26.0,26.0
kyiv_oblast,2,2022-08-04,1,19.0,19.0
kyiv_city,1,2022-08-05,2,60.0,1.0
kyiv_oblast,2,2022-08-05,2,59.0,2.0
kyiv_city,1,2022-08-07,3,141.0,0.0
kyiv_oblast,2,2022-08-07,3,145.0,0.0
kyiv_city,1,2022-08-08,2,70.0,0.0
kyiv_oblast,2,2022-08-08,2,71.0,0.0
kyiv_city,1,2022-08-11,4,128.0,21.0
kyiv_oblast,2,2022-08-11,4,134.0,22.0
kyiv_city,1,2022-08-12,2,41.0,26.0
kyiv_oblast,2,2022-08-12,2,38.0,25.0
kyiv_city,1,2022-08-15,2,148.0,148.0
kyiv_oblast,2,2022-08-15,2,144.0,144.0
kyiv_city,1,2022-08-16,3,152.0,64.0
kyiv_oblast,2,2022-08-16,3,146.0,59.0
kyiv_city,1,2022-08-17,1,18.0,18.0
kyiv_oblast,2,2022-08-17,1,17.0,17.0
kyiv_city,1,2022-08-18,1,47.0,47.0
kyiv_oblast,2,2022-08-18,1,47.0,47.0
kyiv_city,1,2022-08-19,5,175.0,28.0
kyiv_oblast,2,2022-08-19,5,174.0,28.0
kyiv_city,1,2022-08-20,2,119.0,44.0
kyiv_oblast,2,2022-08-20,2,100.0,44.0
kyiv_city,1,2022-08-21,1,16.0,0.0
kyiv_oblast,2,2022-08-21,1,17.0,0.0
kyiv_city,1,2022-08-22,2,40.0,0.0
kyiv_oblast,2,2022-08-22,2,35.0,0.0
kyiv_city,1,2022-08-23,2,103.0,0.0
kyiv_oblast,2,2022-08-23,2,105.0,0.0
kyiv_city,1,2022-08-24,6,372.0,47.0
kyiv_oblast,2,2022-08-24,6,376.0,47.0
kyiv_city,1,2022-08-25,1,27.0,27.0
kyiv_oblast,2,2022-08-25,1,28.0,28.0
kyiv_city,1,2022-08-28,1,32.0,0.0
kyiv_oblast,2,2022-08-28,1,31.0,0.0
kyiv_city,1,2022-08-30,1,15.0,0.0
kyiv_oblast,2,2022-08-30,1,11.0,0.0
kyiv_city,1,2022-08-31,0,22.0,0.0
kyiv_oblast,2,2022-08-31,0,25.0,0.0
kyiv_city,1,2022-09-02,3,83.0,22.0
kyiv_oblast,2,2022-09-02,3,78.0,16.0
kyiv_city,1,2022-09-03,1,84.0,0.0
kyiv_oblast,2,2022-09-03,1,81.0,0.0
kyiv_city,1,2022-09-05,1,61.0,0.0
kyiv_oblast,2,2022-09-05,1,61.0,0.0
kyiv_city,1,2022-09-06,1,16.0,0.0
kyiv_oblast,2,2022-09-06,1,16.0,0.0
kyiv_city,1,2022-09-07,1,24.0,0.0
kyiv_oblast,2,2022-09-07,1,91.0,0.0
kyiv_city,1,2022-09-09,1,17.0,0.0
kyiv_oblast,2,2022-09-09,1,15.0,0.0
kyiv_city,1,2022-09-10,2,94.0,3.0
kyiv_oblast,2,2022-09-10,2,94.0,3.0
kyiv_city,1,2022-09-11,1,92.0,0.0
kyiv_oblast,2,2022-09-11,1,91.0,0.0
kyiv_city,1,2022-09-14,2,75.0,0.0
kyiv_oblast,2,2022-09-14,2,75.0,0.0
kyiv_city,1,2022-09-15,3,97.0,0.0
kyiv_oblast,2,2022-09-15,3,96.0,0.0
kyiv_city,1,2022-09-16,3,98.0,25.0
kyiv_oblast,2,2022-09-16,3,97.0,25.0
kyiv_city,1,2022-09-19,1,14.0,14.0
kyiv_oblast,2,2022-09-19,1,17.0,17.0
kyiv_city,1,2022-09-21,1,16.0,0.0
kyiv_oblast,2,2022-09-21,1,13.0,0.0
kyiv_city,1,2022-09-22,1,21.0,0.0
kyiv_oblast,2,2022-09-22,1,23.0,0.0
kyiv_city,1,2022-09-26,1,29.0,0.0
kyiv_oblast,2,2022-09-26,1,29.0,0.0
kyiv_city,1,2022-09-28,1,27.0,0.0
kyiv_oblast,2,2022-09-28,1,28.0,0.0
kyiv_city,1,2022-09-30,2,63.0,32.0
kyiv_oblast,2,2022-09-30,2,62.0,31.0
kyiv_city,1,2022-10-01,1,38.0,0.0
kyiv_oblast,2,2022-10-01,1,37.0,0.0
kyiv_city,1,2022-10-02,1,58.0,0.0
kyiv_oblast,2,2022-10-02,1,44.0,0.0
kyiv_city,1,2022-10-04,3,348.0,165.0
kyiv_oblast,2,2022-10-04,3,399.0,212.0
kyiv_city,1,2022-10-05,1,29.0,21.0
kyiv_oblast,2,2022-10-05,2,85.0,20.0
kyiv_city,1,2022-10-06,1,28.0,0.0
kyiv_oblast,2,2022-10-06,1,29.0,0.0
kyiv_city,1,2022-10-09,3,422.0,21.0
kyiv_oblast,2,2022-10-09,3,420.0,21.0
kyiv_city,1,2022-10-10,2,388.0,0.0
kyiv_oblast,2,2022-10-10,2,388.0,0.0
kyiv_city,1,2022-10-11,4,140.0,61.0
kyiv_oblast,2,2022-10-11,3,136.0,58.0
kyiv_city,1,2022-10-12,2,162.0,58.0
kyiv_oblast,2,2022-10-12,2,161.0,56.0
kyiv_city,1,2022-10-13,2,81.0,0.0
kyiv_oblast,2,2022-10-13,2,81.0,0.0
kyiv_city,1,2022-10-14,1,60.0,0.0
kyiv_oblast,2,2022-10-14,2,108.0,0.0
kyiv_city,1,2022-10-15,3,57.0,28.0
kyiv_oblast,2,2022-10-15,3,54.0,27.0
kyiv_city,1,2022-10-16,2,250.0,0.0
kyiv_oblast,2,2022-10-16,2,260.0,0.0
kyiv_city,1,2022-10-17,5,714.0,179.0
kyiv_oblast,2,2022-10-17,4,760.0,208.0
kyiv_city,1,2022-10-19,3,340.0,5.0
kyiv_oblast,2,2022-10-19,2,335.0,0.0
kyiv_city,1,2022-10-20,1,36.0,0.0
kyiv_oblast,2,2022-10-20,1,35.0,0.0
kyiv_city,1,2022-10-21,4,431.0,113.0
kyiv_oblast,2,2022-10-21,4,427.0,112.0
kyiv_city,1,2022-10-22,1,58.0,18.0
kyiv_oblast,2,2022-10-22,1,61.0,20.0
kyiv_city,1,2022-10-24,2,177.0,0.0
kyiv_oblast,2,2022-10-24,2,175.0,0.0
kyiv_city,1,2022-10-25,1,88.0,0.0
kyiv_oblast,2,2022-10-25,1,90.0,0.0
kyiv_city,1,2022-10-26,6,318.0,70.0
kyiv_oblast,2,2022-10-26,7,424.0,179.0
kyiv_city,1,2022-10-27,1,99.0,21.0
kyiv_oblast,2,2022-10-27,1,99.0,21.0
kyiv_city,1,2022-10-28,1,21.0,0.0
kyiv_oblast,2,2022-10-28,1,21.0,0.0
kyiv_city,1,2022-10-29,1,84.0,0.0
kyiv_oblast,2,2022-10-29,1,84.0,0.0
kyiv_city,1,2022-10-30,2,205.0,23.0
kyiv_oblast,2,2022-10-30,2,259.0,23.0
kyiv_city,1,2022-10-31,1,89.0,0.0
kyiv_oblast,2,2022-10-31,1,89.0,0.0
kyiv_oblast,2,2022-11-01,1,113.0,113.0
kyiv_oblast,2,2022-11-03,1,95.0,95.0
kyiv_city,1,2022-11-04,2,136.0,0.0
kyiv_oblast,2,2022-11-04,2,135.0,0.0
kyiv_city,1,2022-11-08,1,44.0,9.0
kyiv_oblast,2,2022-11-08,1,48.0,9.0
kyiv_city,1,2022-11-09,1,87.0,0.0
kyiv_oblast,2,2022-11-09,2,118.0,0.0
kyiv_city,1,2022-11-12,3,217.0,30.0
kyiv_oblast,2,2022-11-12,3,209.0,28.0
kyiv_city,1,2022-11-13,1,97.0,0.0
kyiv_oblast,2,2022-11-13,1,88.0,0.0
kyiv_city,1,2022-11-15,3,315.0,45.0
kyiv_oblast,2,2022-11-15,3,317.0,45.0
kyiv_city,1,2022-11-16,1,176.0,0.0
kyiv_oblast,2,2022-11-16,1,176.0,0.0
kyiv_city,1,2022-11-17,1,30.0,0.0
kyiv_oblast,2,2022-11-17,1,30.0,0.0
kyiv_city,1,2022-11-19,1,93.0,0.0
kyiv_oblast,2,2022-11-19,1,94.0,0.0
kyiv_city,1,2022-11-23,1,142.0,0.0
kyiv_oblast,2,2022-11-23,1,141.0,0.0
kyiv_city,1,2022-11-29,1,11.0,0.0
kyiv_oblast,2,2022-11-29,1,16.0,0.0
kyiv_city,1,2022-12-01,1,77.0,0.0
kyiv_oblast,2,2022-12-01,1,72.0,0.0
kyiv_oblast,2,2022-12-02,2,16.0,0.0
kyiv_city,1,2022-12-03,1,18.0,0.0
kyiv_oblast,2,2022-12-03,1,17.0,0.0
kyiv_city,1,2022-12-05,1,180.0,0.0
kyiv_oblast,2,2022-12-05,1,191.0,0.0
kyiv_oblast,2,2022-12-06,2,215.0,215.0
kyiv_city,1,2022-12-11,2,49.0,30.0
kyiv_oblast,2,2022-12-11,2,51.0,31.0
kyiv_oblast,2,2022-12-12,1,24.0,24.0
kyiv_city,1,2022-12-13,2,263.0,4.0
kyiv_oblast,2,2022-12-13,2,262.0,3.0
kyiv_city,1,2022-12-15,1,230.0,0.0
kyiv_oblast,2,2022-12-15,1,228.0,0.0
kyiv_city,1,2022-12-16,1,56.0,0.0
kyiv_oblast,2,2022-12-16,2,101.0,48.0
kyiv_city,1,2022-12-17,0,67.0,0.0
kyiv_oblast,2,2022-12-17,0,65.0,0.0
kyiv_city,1,2022-12-18,2,225.0,225.0
kyiv_oblast,2,2022-12-18,2,194.0,194.0
kyiv_city,1,2022-12-19,1,22.0,0.0
kyiv_oblast,2,2022-12-19,1,23.0,0.0
kyiv_city,1,2022-12-21,3,161.0,0.0
kyiv_oblast,2,2022-12-21,3,160.0,0.0
kyiv_city,1,2022-12-23,2,38.0,0.0
kyiv_oblast,2,2022-12-23,2,36.0,0.0
kyiv_city,1,2022-12-24,1,122.0,0.0
kyiv_oblast,2,2022-12-24,1,125.0,0.0
kyiv_city,1,2022-12-25,1,114.0,0.0
kyiv_oblast,2,2022-12-25,2,143.0,0.0
kyiv_oblast,2,2022-12-26,1,30.0,0.0
kyiv_city,1,2022-12-27,3,158.0,0.0
kyiv_oblast,2,2022-12-27,3,163.0,0.0
kyiv_city,1,2022-12-28,1,362.0,0.0
kyiv_oblast,2,2022-12-28,1,362.0,0.0
kyiv_city,1,2022-12-29,2,144.0,132.0
kyiv_oblast,2,2022-12-29,2,158.0,148.0
kyiv_city,1,2022-12-30,0,21.0,0.0
kyiv_oblast,2,2022-12-30,0,23.0,0.0
kyiv_city,1,2022-12-31,2,450.0,256.0
kyiv_oblast,2,2022-12-31,2,451.0,258.0
kyiv_city,1,2023-01-01,1,248.0,248.0
kyiv_oblast,2,2023-01-01,1,248.0,248.0
kyiv_city,1,2023-01-03,1,84.0,0.0
kyiv_oblast,2,2023-01-03,1,83.0,0.0
kyiv_city,1,2023-01-04,1,64.0,0.0
kyiv_oblast,2,2023-01-04,1,65.0,0.0
kyiv_city,1,2023-01-06,1,112.0,0.0
kyiv_oblast,2,2023-01-06,1,112.0,0.0
kyiv_city,1,2023-01-13,1,88.0,0.0
kyiv_oblast,2,2023-01-13,1,89.0,0.0
kyiv_city,1,2023-01-14,1,144.0,0.0
kyiv_oblast,2,2023-01-14,1,144.0,0.0
kyiv_oblast,2,2023-01-15,1,28.0,0.0
kyiv_city,1,2023-01-18,1,91.0,0.0
kyiv_oblast,2,2023-01-18,1,93.0,0.0
kyiv_oblast,2,2023-01-19,1,25.0,25.0
kyiv_city,1,2023-01-20,1,105.0,0.0
kyiv_oblast,2,2023-01-20,1,105.0,0.0
kyiv_city,1,2023-01-24,2,148.0,0.0
kyiv_oblast,2,2023-01-24,2,148.0,0.0
kyiv_city,1,2023-01-25,5,642.0,224.0
kyiv_oblast,2,2023-01-25,5,641.0,222.0
kyiv_city,1,2023-01-26,0,8.0,0.0
kyiv_oblast,2,2023-01-26,0,9.0,0.0
kyiv_oblast,2,2023-01-28,1,102.0,0.0
kyiv_city,1,2023-01-30,1,27.0,0.0
kyiv_oblast,2,2023-01-30,1,29.0,0.0
kyiv_city,1,2023-01-31,2,43.0,0.0
kyiv_oblast,2,2023-01-31,4,91.0,9.0
kyiv_city,1,2023-02-02,1,89.0,0.0
kyiv_oblast,2,2023-02-02,1,89.0,0.0
kyiv_city,1,2023-02-03,3,186.0,0.0
kyiv_oblast,2,2023-02-03,3,173.0,0.0
kyiv_city,1,2023-02-04,1,46.0,0.0
kyiv_oblast,2,2023-02-04,1,44.0,0.0
kyiv_city,1,2023-02-08,1,7.0,0.0
kyiv_oblast,2,2023-02-08,1,10.0,0.0
kyiv_city,1,2023-02-09,2,260.0,49.0
kyiv_oblast,2,2023-02-09,2,259.0,49.0
kyiv_city,1,2023-02-10,3,383.0,172.0
kyiv_oblast,2,2023-02-10,3,383.0,171.0
kyiv_oblast,2,2023-02-11,1,30.0,0.0
kyiv_city,1,2023-02-13,1,110.0,0.0
kyiv_oblast,2,2023-02-13,1,107.0,0.0
kyiv_city,1,2023-02-15,2,178.0,126.0
kyiv_oblast,2,2023-02-15,2,272.0,127.0
kyiv_city,1,2023-02-16,1,23.0,0.0
kyiv_oblast,2,2023-02-16,2,36.0,0.0
kyiv_city,1,2023-02-17,3,126.0,0.0
kyiv_oblast,2,2023-02-17,3,184.0,0.0
kyiv_city,1,2023-02-19,2,50.0,0.0
kyiv_oblast,2,2023-02-19,2,51.0,0.0
kyiv_city,1,2023-02-20,0,67.0,0.0
kyiv_oblast,2,2023-02-20,1,124.0,58.0
kyiv_city,1,2023-02-21,1,115.0,0.0
kyiv_oblast,2,2023-02-21,1,115.0,0.0
kyiv_city,1,2023-02-22,1,23.0,0.0
kyiv_oblast,2,2023-02-22,1,49.0,0.0
kyiv_oblast,2,2023-02-23,0,7.0,0.0
kyiv_city,1,2023-02-24,1,29.0,0.0
kyiv_oblast,2,2023-02-24,1,31.0,0.0
kyiv_city,1,2023-02-25,1,22.0,0.0
kyiv_oblast,2,2023-02-25,1,22.0,0.0
kyiv_city,1,2023-02-26,2,385.0,327.0
kyiv_oblast,2,2023-02-26,2,385.0,326.0
kyiv_oblast,2,2023-02-27,1,11.0,0.0
kyiv_city,1,2023-02-28,3,126.0,90.0
kyiv_oblast,2,2023-02-28,3,127.0,91.0
kyiv_city,1,2023-03-01,1,27.0,0.0
kyiv_oblast,2,2023-03-01,2,84.0,0.0
kyiv_city,1,2023-03-02,2,123.0,0.0
kyiv_oblast,2,2023-03-02,2,154.0,0.0
kyiv_city,1,2023-03-03,1,30.0,0.0
kyiv_oblast,2,2023-03-03,1,9.0,0.0
kyiv_city,1,2023-03-05,2,234.0,131.0
kyiv_oblast,2,2023-03-05,3,344.0,211.0
kyiv_city,1,2023-03-06,1,24.0,0.0
kyiv_oblast,2,2023-03-06,3,85.0,0.0
kyiv_city,1,2023-03-07,2,45.0,0.0
kyiv_oblast,2,2023-03-07,2,45.0,0.0
kyiv_city,1,2023-03-08,1,412.0,302.0
kyiv_oblast,2,2023-03-08,1,412.0,300.0
kyiv_city,1,2023-03-09,2,165.0,0.0
kyiv_oblast,2,2023-03-09,2,164.0,0.0
kyiv_city,1,2023-03-10,1,20.0,0.0
kyiv_oblast,2,2023-03-10,1,19.0,0.0
kyiv_city,1,2023-03-12,1,59.0,0.0
kyiv_oblast,2,2023-03-12,1,58.0,0.0
kyiv_city,1,2023-03-13,2,102.0,0.0
kyiv_oblast,2,2023-03-13,2,102.0,0.0
kyiv_city,1,2023-03-14,5,233.0,0.0
kyiv_oblast,2,2023-03-14,5,235.0,0.0
kyiv_city,1,2023-03-15,3,159.0,0.0
kyiv_oblast,2,2023-03-15,3,159.0,0.0
kyiv_city,1,2023-03-17,2,393.0,223.0
kyiv_oblast,2,2023-03-17,2,342.0,172.0
kyiv_city,1,2023-03-18,1,13.0,0.0
kyiv_oblast,2,2023-03-18,1,13.0,0.0
kyiv_city,1,2023-03-19,1,92.0,0.0
kyiv_oblast,2,2023-03-19,1,92.0,0.0
kyiv_city,1,2023-03-20,1,17.0,0.0
kyiv_oblast,2,2023-03-20,1,18.0,0.0
kyiv_city,1,2023-03-21,2,378.0,259.0
kyiv_oblast,2,2023-03-21,2,384.0,264.0
kyiv_city,1,2023-03-22,1,117.0,0.0
kyiv_oblast,2,2023-03-22,1,118.0,0.0
kyiv_city,1,2023-03-23,1,91.0,91.0
kyiv_oblast,2,2023-03-23,1,91.0,91.0
kyiv_oblast,2,2023-03-26,2,130.0,100.0
kyiv_city,1,2023-03-27,1,145.0,145.0
kyiv_oblast,2,2023-03-27,2,176.0,176.0
kyiv_city,1,2023-03-30,2,173.0,152.0
kyiv_oblast,2,2023-03-30,2,173.0,154.0
kyiv_city,1,2023-04-04,1,123.0,0.0
kyiv_oblast,2,2023-04-04,2,165.0,0.0
kyiv_oblast,2,2023-04-06,3,100.0,18.0
kyiv_city,1,2023-04-07,1,23.0,0.0
kyiv_oblast,2,2023-04-07,3,94.0,36.0
kyiv_oblast,2,2023-04-08,1,17.0,0.0
kyiv_oblast,2,2023-04-10,2,76.0,0.0
kyiv_oblast,2,2023-04-11,1,54.0,0.0
kyiv_city,1,2023-04-12,1,32.0,0.0
kyiv_oblast,2,2023-04-12,1,31.0,0.0
kyiv_city,1,2023-04-13,0,15.0,0.0
kyiv_oblast,2,2023-04-13,1,24.0,0.0
kyiv_oblast,2,2023-04-14,1,55.0,0.0
kyiv_oblast,2,2023-04-15,2,110.0,86.0
kyiv_oblast,2,2023-04-17,3,178.0,0.0
kyiv_oblast,2,2023-04-18,0,215.0,0.0
kyiv_city,1,2023-04-19,1,54.0,54.0
kyiv_oblast,2,2023-04-19,2,65.0,53.0
kyiv_city,1,2023-04-20,2,195.0,195.0
kyiv_oblast,2,2023-04-20,3,228.0,198.0
kyiv_city,1,2023-04-21,1,31.0,0.0
kyiv_oblast,2,2023-04-21,1,31.0,0.0
kyiv_oblast,2,2023-04-25,2,44.0,0.0
kyiv_oblast,2,2023-04-26,2,105.0,95.0
kyiv_city,1,2023-04-27,1,132.0,118.0
kyiv_oblast,2,2023-04-27,2,149.0,118.0
kyiv_city,1,2023-04-28,1,43.0,0.0
kyiv_oblast,2,2023-04-28,5,178.0,0.0
kyiv_oblast,2,2023-04-29,1,17.0,7.0
kyiv_city,1,2023-04-30,1,172.0,139.0
kyiv_oblast,2,2023-04-30,1,169.0,137.0
kyiv_oblast,2,2023-05-01,5,144.0,58.0
kyiv_city,1,2023-05-02,1,274.0,274.0
kyiv_oblast,2,2023-05-02,3,327.0,294.0
kyiv_city,1,2023-05-03,3,287.0,219.0
kyiv_oblast,2,2023-05-03,4,371.0,307.0
kyiv_city,1,2023-05-04,1,33.0,0.0
kyiv_oblast,2,2023-05-04,1,52.0,0.0
kyiv_city,1,2023-05-05,1,58.0,0.0
kyiv_oblast,2,2023-05-05,4,154.0,0.0
kyiv_city,1,2023-05-06,2,166.0,166.0
kyiv_oblast,2,2023-05-06,4,270.0,224.0
kyiv_city,1,2023-05-07,2,218.0,214.0
kyiv_oblast,2,2023-05-07,3,239.0,216.0
kyiv_city,1,2023-05-08,1,163.0,116.0
kyiv_oblast,2,2023-05-08,2,233.0,183.0
kyiv_oblast,2,2023-05-09,1,18.0,0.0
kyiv_oblast,2,2023-05-10,2,180.0,6.0
kyiv_oblast,2,2023-05-11,1,33.0,0.0
kyiv_city,1,2023-05-12,1,150.0,150.0
kyiv_oblast,2,2023-05-12,2,160.0,150.0
kyiv_city,1,2023-05-13,2,268.0,268.0
kyiv_oblast,2,2023-05-13,3,352.0,269.0
kyiv_oblast,2,2023-05-14,1,131.0,131.0
kyiv_city,1,2023-05-15,3,187.0,170.0
kyiv_oblast,2,2023-05-15,3,188.0,171.0
kyiv_city,1,2023-05-16,1,63.0,63.0
kyiv_oblast,2,2023-05-16,1,63.0,63.0
kyiv_city,1,2023-05-17,2,197.0,195.0
kyiv_oblast,2,2023-05-17,3,215.0,193.0
kyiv_city,1,2023-05-18,2,288.0,256.0
kyiv_oblast,2,2023-05-18,2,283.0,252.0
kyiv_city,1,2023-05-19,1,140.0,140.0
kyiv_oblast,2,2023-05-19,1,155.0,155.0
kyiv_city,1,2023-05-21,1,146.0,146.0
kyiv_oblast,2,2023-05-21,1,147.0,147.0
kyiv_city,1,2023-05-22,1,12.0,12.0
kyiv_oblast,2,2023-05-22,4,165.0,121.0
kyiv_oblast,2,2023-05-23,1,185.0,185.0
kyiv_city,1,2023-05-24,1,196.0,196.0
kyiv_oblast,2,2023-05-24,3,266.0,201.0
kyiv_city,1,2023-05-25,1,152.0,152.0
kyiv_oblast,2,2023-05-25,2,202.0,152.0
kyiv_city,1,2023-05-27,1,314.0,292.0
kyiv_oblast,2,2023-05-27,1,338.0,315.0
kyiv_city,1,2023-05-28,2,309.0,259.0
kyiv_oblast,2,2023-05-28,3,342.0,292.0
kyiv_city,1,2023-05-29,2,241.0,161.0
kyiv_oblast,2,2023-05-29,2,274.0,191.0
kyiv_city,1,2023-05-31,3,115.0,74.0
kyiv_oblast,2,2023-05-31,2,259.0,74.0
kyiv_city,1,2023-06-01,1,161.0,161.0
kyiv_oblast,2,2023-06-01,2,177.0,154.0
kyiv_city,1,2023-06-02,1,28.0,28.0
kyiv_oblast,2,2023-06-02,1,29.0,29.0
kyiv_city,1,2023-06-03,1,162.0,162.0
kyiv_oblast,2,2023-06-03,1,152.0,152.0
kyiv_oblast,2,2023-06-04,1,15.0,0.0
kyiv_city,1,2023-06-05,1,193.0,193.0
kyiv_oblast,2,2023-06-05,2,244.0,214.0
kyiv_city,1,2023-06-06,1,31.0,0.0
kyiv_oblast,2,2023-06-06,2,95.0,0.0
kyiv_city,1,2023-06-07,0,3.0,0.0
kyiv_oblast,2,2023-06-07,1,183.0,178.0
kyiv_city,1,2023-06-08,2,269.0,220.0
kyiv_oblast,2,2023-06-08,2,282.0,226.0
kyiv_city,1,2023-06-09,1,40.0,40.0
kyiv_oblast,2,2023-06-09,2,69.0,69.0
kyiv_oblast,2,2023-06-10,2,174.0,157.0
kyiv_city,1,2023-06-11,1,17.0,0.0
kyiv_oblast,2,2023-06-11,1,18.0,0.0
kyiv_city,1,2023-06-12,2,182.0,112.0
kyiv_oblast,2,2023-06-12,2,181.0,111.0
kyiv_city,1,2023-06-14,3,134.0,111.0
kyiv_oblast,2,2023-06-14,4,177.0,111.0
kyiv_city,1,2023-06-15,3,140.0,0.0
kyiv_oblast,2,2023-06-15,4,162.0,17.0
kyiv_city,1,2023-06-16,0,17.0,0.0
kyiv_oblast,2,2023-06-16,0,18.0,0.0
kyiv_oblast,2,2023-06-17,1,111.0,0.0
kyiv_city,1,2023-06-19,1,217.0,187.0
kyiv_oblast,2,2023-06-19,2,307.0,238.0
kyiv_oblast,2,2023-06-20,2,183.0,167.0
kyiv_city,1,2023-06-21,1,62.0,62.0
kyiv_oblast,2,2023-06-21,2,95.0,65.0
kyiv_city,1,2023-06-22,1,130.0,130.0
kyiv_oblast,2,2023-06-22,1,123.0,123.0
kyiv_city,1,2023-06-23,4,198.0,139.0
kyiv_oblast,2,2023-06-23,4,186.0,138.0
kyiv_city,1,2023-06-25,1,46.0,46.0
kyiv_oblast,2,2023-06-25,1,197.0,197.0
kyiv_oblast,2,2023-06-26,1,5.0,0.0
kyiv_oblast,2,2023-06-27,0,7.0,0.0
kyiv_city,1,2023-07-01,2,101.0,51.0
kyiv_oblast,2,2023-07-01,2,107.0,60.0
kyiv_oblast,2,2023-07-03,1,108.0,108.0
kyiv_city,1,2023-07-05,1,108.0,108.0
kyiv_oblast,2,2023-07-05,2,180.0,108.0
kyiv_oblast,2,2023-07-06,1,82.0,82.0
kyiv_city,1,2023-07-07,1,36.0,0.0
kyiv_oblast,2,2023-07-07,1,35.0,0.0
kyiv_oblast,2,2023-07-09,1,32.0,0.0
kyiv_city,1,2023-07-10,1,61.0,61.0
kyiv_oblast,2,2023-07-10,3,148.0,121.0
kyiv_city,1,2023-07-11,3,177.0,131.0
kyiv_oblast,2,2023-07-11,3,210.0,161.0
kyiv_city,1,2023-07-12,1,175.0,175.0
kyiv_oblast,2,2023-07-12,1,196.0,196.0
kyiv_oblast,2,2023-07-13,1,54.0,54.0
kyiv_city,1,2023-07-14,1,31.0,0.0
kyiv_oblast,2,2023-07-14,1,25.0,0.0
kyiv_city,1,2023-07-16,2,24.0,0.0
kyiv_oblast,2,2023-07-16,2,23.0,0.0
kyiv_oblast,2,2023-07-17,1,14.0,0.0
kyiv_city,1,2023-07-18,2,106.0,106.0
kyiv_oblast,2,2023-07-18,3,264.0,247.0
kyiv_oblast,2,2023-07-19,2,87.0,61.0
kyiv_city,1,2023-07-20,3,118.0,16.0
kyiv_oblast,2,2023-07-20,5,176.0,32.0
kyiv_city,1,2023-07-21,0,2.0,0.0
kyiv_oblast,2,2023-07-21,0,28.0,0.0
kyiv_oblast,2,2023-07-22,1,28.0,28.0
kyiv_oblast,2,2023-07-23,1,24.0,0.0
kyiv_city,1,2023-07-24,1,184.0,184.0
kyiv_oblast,2,2023-07-24,2,283.0,214.0
kyiv_city,1,2023-07-26,2,226.0,0.0
kyiv_oblast,2,2023-07-26,3,266.0,44.0
kyiv_city,1,2023-07-28,2,37.0,0.0
kyiv_oblast,2,2023-07-28,2,35.0,0.0
kyiv_oblast,2,2023-07-29,3,117.0,43.0
kyiv_city,1,2023-07-30,1,43.0,43.0
kyiv_oblast,2,2023-07-30,2,73.0,34.0
kyiv_city,1,2023-07-31,1,24.0,0.0
kyiv_oblast,2,2023-07-31,1,59.0,0.0
kyiv_city,1,2023-08-01,6,179.0,70.0
kyiv_oblast,2,2023-08-01,6,301.0,182.0
kyiv_city,1,2023-08-02,1,181.0,181.0
kyiv_oblast,2,2023-08-02,3,249.0,202.0
kyiv_city,1,2023-08-04,3,104.0,0.0
kyiv_oblast,2,2023-08-04,3,104.0,0.0
kyiv_city,1,2023-08-05,2,128.0,35.0
kyiv_oblast,2,2023-08-05,4,232.0,114.0
kyiv_city,1,2023-08-08,1,33.0,0.0
kyiv_oblast,2,2023-08-08,1,35.0,0.0
kyiv_city,1,2023-08-09,6,204.0,108.0
kyiv_oblast,2,2023-08-09,6,326.0,230.0
kyiv_city,1,2023-08-10,1,46.0,0.0
kyiv_oblast,2,2023-08-10,1,63.0,0.0
kyiv_city,1,2023-08-13,1,31.0,31.0
kyiv_oblast,2,2023-08-13,2,37.0,31.0
kyiv_city,1,2023-08-14,1,125.0,125.0
kyiv_oblast,2,2023-08-14,1,157.0,132.0
kyiv_city,1,2023-08-15,2,133.0,0.0
kyiv_oblast,2,2023-08-15,3,157.0,0.0
kyiv_city,1,2023-08-17,4,259.0,113.0
kyiv_oblast,2,2023-08-17,4,259.0,114.0
kyiv_city,1,2023-08-18,2,46.0,0.0
kyiv_oblast,2,2023-08-18,3,318.0,271.0
kyiv_city,1,2023-08-19,0,0.0,0.0
kyiv_oblast,2,2023-08-19,1,55.0,0.0
kyiv_city,1,2023-08-21,1,26.0,26.0
kyiv_oblast,2,2023-08-21,1,37.0,37.0
kyiv_city,1,2023-08-22,1,32.0,0.0
kyiv_oblast,2,2023-08-22,1,32.0,0.0
kyiv_city,1,2023-08-23,1,73.0,0.0
kyiv_oblast,2,2023-08-23,2,89.0,0.0
kyiv_city,1,2023-08-24,1,58.0,0.0
kyiv_oblast,2,2023-08-24,2,85.0,0.0
kyiv_city,1,2023-08-25,7,178.0,78.0
kyiv_oblast,2,2023-08-25,7,178.0,79.0
kyiv_city,1,2023-08-26,1,172.0,148.0
kyiv_oblast,2,2023-08-26,1,168.0,146.0
kyiv_city,1,2023-08-27,1,24.0,24.0
kyiv_oblast,2,2023-08-27,1,43.0,43.0
kyiv_city,1,2023-08-29,2,182.0,182.0
kyiv_oblast,2,2023-08-29,2,244.0,236.0
kyiv_city,1,2023-08-31,1,55.0,55.0
kyiv_oblast,2,2023-08-31,1,53.0,53.0
kyiv_oblast,2,2023-09-03,1,23.0,0.0
kyiv_city,1,2023-09-04,1,41.0,0.0
kyiv_oblast,2,2023-09-04,1,40.0,0.0
kyiv_city,1,2023-09-05,1,114.0,77.0
kyiv_oblast,2,2023-09-05,1,113.0,76.0
kyiv_city,1,2023-09-07,2,75.0,0.0
kyiv_oblast,2,2023-09-07,2,76.0,0.0
kyiv_city,1,2023-09-09,1,113.0,113.0
kyiv_oblast,2,2023-09-09,1,187.0,187.0
kyiv_oblast,2,2023-09-10,1,70.0,70.0
kyiv_oblast,2,2023-09-12,1,161.0,161.0
kyiv_city,1,2023-09-15,1,33.0,0.0
kyiv_oblast,2,2023-09-15,1,40.0,0.0
kyiv_city,1,2023-09-16,1,130.0,78.0
kyiv_oblast,2,2023-09-16,1,130.0,78.0
kyiv_city,1,2023-09-17,1,123.0,123.0
kyiv_oblast,2,2023-09-17,1,123.0,123.0
kyiv_city,1,2023-09-18,1,31.0,0.0
kyiv_oblast,2,2023-09-18,1,30.0,0.0
kyiv_city,1,2023-09-19,1,113.0,113.0
kyiv_oblast,2,2023-09-19,2,153.0,123.0
kyiv_city,1,2023-09-20,2,183.0,94.0
kyiv_oblast,2,2023-09-20,3,224.0,93.0
kyiv_oblast,2,2023-09-21,1,30.0,30.0
kyiv_oblast,2,2023-09-23,1,30.0,24.0
kyiv_city,1,2023-09-24,1,55.0,55.0
kyiv_oblast,2,2023-09-24,2,82.0,54.0
kyiv_oblast,2,2023-09-25,1,43.0,43.0
kyiv_city,1,2023-09-26,2,51.0,0.0
kyiv_oblast,2,2023-09-26,2,51.0,0.0
kyiv_oblast,2,2023-09-27,1,11.0,0.0
kyiv_city,1,2023-09-29,1,64.0,0.0
kyiv_oblast,2,2023-09-29,3,90.0,12.0
kyiv_oblast,2,2023-09-30,2,149.0,106.0
kyiv_city,1,2023-10-01,1,41.0,41.0
kyiv_oblast,2,2023-10-01,1,46.0,46.0
kyiv_oblast,2,2023-10-03,1,52.0,0.0
kyiv_oblast,2,2023-10-04,1,16.0,16.0
kyiv_oblast,2,2023-10-06,1,28.0,28.0
kyiv_oblast,2,2023-10-08,2,50.0,13.0
kyiv_oblast,2,2023-10-09,1,22.0,0.0
kyiv_oblast,2,2023-10-10,2,125.0,90.0
kyiv_oblast,2,2023-10-11,1,27.0,0.0
kyiv_oblast,2,2023-10-12,1,58.0,0.0
kyiv_oblast,2,2023-10-13,1,11.0,0.0
kyiv_oblast,2,2023-10-14,1,45.0,0.0
kyiv_oblast,2,2023-10-15,4,277.0,205.0
kyiv_oblast,2,2023-10-16,1,47.0,0.0
kyiv_city,1,2023-10-17,1,70.0,0.0
kyiv_oblast,2,2023-10-17,2,95.0,0.0
kyiv_oblast,2,2023-10-18,3,114.0,114.0
kyiv_oblast,2,2023-10-21,2,82.0,82.0
kyiv_city,1,2023-10-22,1,49.0,49.0
kyiv_oblast,2,2023-10-22,2,176.0,120.0
kyiv_oblast,2,2023-10-23,1,8.0,8.0
kyiv_oblast,2,2023-10-24,4,197.0,153.0
kyiv_oblast,2,2023-10-25,1,30.0,0.0
kyiv_city,1,2023-10-27,1,66.0,0.0
kyiv_oblast,2,2023-10-27,1,66.0,0.0
kyiv_city,1,2023-10-28,0,56.0,0.0
kyiv_oblast,2,2023-10-28,2,124.0,68.0
kyiv_oblast,2,2023-10-29,5,322.0,71.0
kyiv_oblast,2,2023-10-30,2,48.0,26.0
kyiv_city,1,2023-10-31,2,51.0,39.0
kyiv_oblast,2,2023-10-31,2,101.0,90.0
kyiv_oblast,2,2023-11-02,2,137.0,111.0
kyiv_oblast,2,2023-11-03,1,34.0,34.0
kyiv_city,1,2023-11-04,1,150.0,0.0
kyiv_oblast,2,2023-11-04,1,151.0,0.0
kyiv_oblast,2,2023-11-05,1,18.0,0.0
kyiv_city,1,2023-11-06,1,87.0,0.0
kyiv_oblast,2,2023-11-06,1,87.0,0.0
kyiv_oblast,2,2023-11-07,2,64.0,27.0
kyiv_city,1,2023-11-08,1,40.0,0.0
kyiv_oblast,2,2023-11-08,2,68.0,0.0
kyiv_city,1,2023-11-09,1,90.0,0.0
kyiv_oblast,2,2023-11-09,2,179.0,89.0
kyiv_city,1,2023-11-10,2,268.0,71.0
kyiv_oblast,2,2023-11-10,5,351.0,128.0
kyiv_city,1,2023-11-11,1,207.0,0.0
kyiv_oblast,2,2023-11-11,1,207.0,0.0
kyiv_oblast,2,2023-11-12,1,41.0,0.0
kyiv_city,1,2023-11-13,1,12.0,0.0
kyiv_oblast,2,2023-11-13,2,38.0,0.0
kyiv_city,1,2023-11-14,2,177.0,13.0
kyiv_oblast,2,2023-11-14,2,178.0,13.0
kyiv_city,1,2023-11-15,2,142.0,0.0
kyiv_oblast,2,2023-11-15,3,171.0,0.0
kyiv_oblast,2,2023-11-16,4,104.0,61.0
kyiv_city,1,2023-11-17,2,114.0,114.0
kyiv_oblast,2,2023-11-17,3,225.0,214.0
kyiv_city,1,2023-11-18,2,190.0,190.0
kyiv_oblast,2,2023-11-18,2,303.0,242.0
kyiv_oblast,2,2023-11-19,1,37.0,0.0
kyiv_oblast,2,2023-11-20,1,43.0,43.0
kyiv_oblast,2,2023-11-21,3,109.0,70.0
kyiv_oblast,2,2023-11-22,1,39.0,0.0
kyiv_oblast,2,2023-11-23,1,45.0,42.0
kyiv_city,1,2023-11-24,1,368.0,203.0
kyiv_oblast,2,2023-11-24,1,400.0,234.0
kyiv_city,1,2023-11-25,2,231.0,197.0
kyiv_oblast,2,2023-11-25,3,294.0,258.0
kyiv_city,1,2023-11-27,1,102.0,0.0
kyiv_oblast,2,2023-11-27,1,101.0,0.0
kyiv_city,1,2023-11-28,2,70.0,1.0
kyiv_oblast,2,2023-11-28,2,144.0,11.0
kyiv_city,1,2023-11-29,1,8.0,8.0
kyiv_oblast,2,2023-11-29,3,119.0,119.0
kyiv_city,1,2023-11-30,2,105.0,0.0
kyiv_oblast,2,2023-11-30,2,154.0,0.0
kyiv_city,1,2023-12-01,0,27.0,0.0
kyiv_oblast,2,2023-12-01,0,24.0,0.0
kyiv_city,1,2023-12-02,1,100.0,0.0
kyiv_oblast,2,2023-12-02,4,174.0,55.0
kyiv_city,1,2023-12-03,2,109.0,0.0
kyiv_oblast,2,2023-12-03,3,119.0,12.0
kyiv_oblast,2,2023-12-05,2,167.0,153.0
kyiv_city,1,2023-12-06,1,108.0,0.0
kyiv_oblast,2,2023-12-06,2,133.0,0.0
kyiv_city,1,2023-12-07,2,170.0,0.0
kyiv_oblast,2,2023-12-07,2,171.0,0.0
kyiv_city,1,2023-12-09,1,68.0,0.0
kyiv_oblast,2,2023-12-09,1,68.0,0.0
kyiv_city,1,2023-12-10,1,46.0,46.0
kyiv_oblast,2,2023-12-10,2,71.0,46.0
kyiv_city,1,2023-12-12,1,37.0,37.0
kyiv_oblast,2,2023-12-12,2,41.0,38.0
kyiv_city,1,2023-12-13,2,81.0,0.0
kyiv_oblast,2,2023-12-13,2,75.0,0.0
kyiv_city,1,2023-12-14,3,196.0,0.0
kyiv_oblast,2,2023-12-14,3,196.0,0.0
kyiv_city,1,2023-12-15,1,256.0,256.0
kyiv_oblast,2,2023-12-15,2,292.0,283.0
kyiv_city,1,2023-12-16,1,17.0,0.0
kyiv_oblast,2,2023-12-16,2,72.0,56.0
kyiv_oblast,2,2023-12-17,1,35.0,35.0
kyiv_city,1,2023-12-19,1,92.0,92.0
kyiv_oblast,2,2023-12-19,2,160.0,160.0
kyiv_city,1,2023-12-20,2,65.0,0.0
kyiv_oblast,2,2023-12-20,4,178.0,97.0
kyiv_city,1,2023-12-21,1,119.0,119.0
kyiv_oblast,2,2023-12-21,1,148.0,148.0
kyiv_city,1,2023-12-22,1,55.0,0.0
kyiv_oblast,2,2023-12-22,1,57.0,0.0
kyiv_city,1,2023-12-24,1,89.0,0.0
kyiv_oblast,2,2023-12-24,1,87.0,0.0
kyiv_city,1,2023-12-25,3,119.0,17.0
kyiv_oblast,2,2023-12-25,4,151.0,51.0
kyiv_city,1,2023-12-26,1,59.0,0.0
kyiv_oblast,2,2023-12-26,1,58.0,0.0
kyiv_city,1,2023-12-27,1,27.0,0.0
kyiv_oblast,2,2023-12-27,1,29.0,0.0
kyiv_city,1,2023-12-28,3,281.0,118.0
kyiv_oblast,2,2023-12-28,5,368.0,169.0
kyiv_city,1,2023-12-29,2,151.0,0.0
kyiv_oblast,2,2023-12-29,2,150.0,0.0
kyiv_city,1,2023-12-30,1,67.0,0.0
kyiv_oblast,2,2023-12-30,4,270.0,106.0
kyiv_city,1,2023-12-31,3,209.0,0.0
kyiv_oblast,2,2023-12-31,4,311.0,27.0
kyiv_city,1,2024-01-01,4,573.0,98.0
kyiv_oblast,2,2024-01-01,3,678.0,187.0
kyiv_city,1,2024-01-02,1,38.0,0.0
kyiv_oblast,2,2024-01-02,2,105.0,0.0
kyiv_oblast,2,2024-01-03,1,30.0,30.0
kyiv_city,1,2024-01-04,1,30.0,0.0
kyiv_oblast,2,2024-01-04,2,95.0,55.0
kyiv_city,1,2024-01-05,1,128.0,0.0
kyiv_oblast,2,2024-01-05,2,171.0,44.0
kyiv_city,1,2024-01-06,1,70.0,0.0
kyiv_oblast,2,2024-01-06,3,152.0,56.0
kyiv_city,1,2024-01-07,2,160.0,0.0
kyiv_oblast,2,2024-01-07,3,199.0,0.0
kyiv_oblast,2,2024-01-08,2,33.0,0.0
kyiv_city,1,2024-01-09,1,51.0,0.0
kyiv_oblast,2,2024-01-09,2,91.0,0.0
kyiv_city,1,2024-01-11,1,76.0,0.0
kyiv_oblast,2,2024-01-11,1,76.0,0.0
kyiv_city,1,2024-01-12,4,191.0,36.0
kyiv_oblast,2,2024-01-12,5,240.0,69.0
kyiv_city,1,2024-01-13,1,97.0,0.0
kyiv_oblast,2,2024-01-13,1,98.0,0.0
kyiv_city,1,2024-01-14,1,26.0,0.0
kyiv_oblast,2,2024-01-14,1,27.0,0.0
kyiv_city,1,2024-01-15,1,80.0,0.0
kyiv_oblast,2,2024-01-15,2,79.0,0.0
kyiv_city,1,2024-01-16,1,91.0,0.0
kyiv_oblast,2,2024-01-16,2,118.0,0.0
kyiv_city,1,2024-01-17,2,51.0,0.0
kyiv_oblast,2,2024-01-17,2,51.0,0.0
kyiv_city,1,2024-01-18,0,78.0,0.0
kyiv_oblast,2,2024-01-18,0,78.0,0.0
kyiv_oblast,2,2024-01-19,2,88.0,64.0
kyiv_city,1,2024-01-20,1,31.0,0.0
kyiv_oblast,2,2024-01-20,1,30.0,0.0
kyiv_city,1,2024-01-22,3,264.0,16.0
kyiv_oblast,2,2024-01-22,3,265.0,16.0
kyiv_city,1,2024-01-23,3,231.0,0.0
kyiv_oblast,2,2024-01-23,4,284.0,54.0
kyiv_city,1,2024-01-24,0,117.0,0.0
kyiv_oblast,2,2024-01-24,0,118.0,0.0
kyiv_city,1,2024-01-26,1,58.0,0.0
kyiv_oblast,2,2024-01-26,1,54.0,0.0
kyiv_city,1,2024-01-27,1,34.0,0.0
kyiv_oblast,2,2024-01-27,1,32.0,0.0
kyiv_city,1,2024-01-28,1,34.0,0.0
kyiv_oblast,2,2024-01-28,2,103.0,34.0
kyiv_oblast,2,2024-01-29,1,98.0,98.0
kyiv_city,1,2024-01-30,1,26.0,0.0
kyiv_oblast,2,2024-01-30,3,122.0,0.0
kyiv_city,1,2024-01-31,2,119.0,0.0
kyiv_oblast,2,2024-01-31,3,136.0,0.0
kyiv_oblast,2,2024-02-01,2,54.0,0.0
kyiv_city,1,2024-02-02,1,21.0,0.0
kyiv_oblast,2,2024-02-02,2,65.0,46.0
kyiv_city,1,2024-02-03,1,36.0,0.0
kyiv_oblast,2,2024-02-03,2,46.0,0.0
kyiv_oblast,2,2024-02-04,0,10.0,0.0
kyiv_oblast,2,2024-02-05,1,28.0,0.0
kyiv_city,1,2024-02-06,1,174.0,5.0
kyiv_oblast,2,2024-02-06,3,224.0,32.0
kyiv_oblast,2,2024-02-07,2,66.0,24.0
kyiv_city,1,2024-02-08,1,38.0,0.0
kyiv_oblast,2,2024-02-08,3,137.0,0.0
kyiv_city,1,2024-02-09,0,59.0,0.0
kyiv_oblast,2,2024-02-09,2,147.0,0.0
kyiv_city,1,2024-02-10,1,120.0,120.0
kyiv_oblast,2,2024-02-10,1,145.0,145.0
kyiv_oblast,2,2024-02-11,1,31.0,31.0
kyiv_city,1,2024-02-14,3,235.0,72.0
kyiv_oblast,2,2024-02-14,4,260.0,95.0
kyiv_city,1,2024-02-15,0,5.0,0.0
kyiv_oblast,2,2024-02-15,1,48.0,44.0
kyiv_city,1,2024-02-16,1,39.0,0.0
kyiv_oblast,2,2024-02-16,2,78.0,35.0
kyiv_city,1,2024-02-17,1,30.0,0.0
kyiv_oblast,2,2024-02-17,2,146.0,118.0
kyiv_city,1,2024-02-19,2,104.0,0.0
kyiv_oblast,2,2024-02-19,2,101.0,0.0
kyiv_city,1,2024-02-21,1,70.0,0.0
kyiv_oblast,2,2024-02-21,1,69.0,0.0
kyiv_city,1,2024-02-23,1,104.0,91.0
kyiv_oblast,2,2024-02-23,1,136.0,102.0
kyiv_oblast,2,2024-02-24,2,140.0,54.0
kyiv_city,1,2024-02-26,1,47.0,0.0
kyiv_oblast,2,2024-02-26,3,88.0,16.0
kyiv_city,1,2024-02-28,1,20.0,0.0
kyiv_oblast,2,2024-02-28,1,21.0,0.0
kyiv_oblast,2,2024-02-29,1,17.0,17.0
kyiv_oblast,2,2024-03-02,2,29.0,0.0
kyiv_city,1,2024-03-03,1,11.0,0.0
kyiv_oblast,2,2024-03-03,2,34.0,0.0
kyiv_oblast,2,2024-03-04,1,37.0,0.0
kyiv_city,1,2024-03-05,1,24.0,0.0
kyiv_oblast,2,2024-03-05,3,154.0,127.0
kyiv_oblast,2,2024-03-06,1,55.0,29.0
kyiv_city,1,2024-03-07,1,22.0,0.0
kyiv_oblast,2,2024-03-07,2,63.0,0.0
kyiv_city,1,2024-03-08,1,21.0,16.0
kyiv_oblast,2,2024-03-08,3,64.0,17.0
kyiv_city,1,2024-03-09,1,30.0,30.0
kyiv_oblast,2,2024-03-09,4,236.0,181.0
kyiv_oblast,2,2024-03-10,1,17.0,12.0
kyiv_city,1,2024-03-11,4,108.0,13.0
kyiv_oblast,2,2024-03-11,8,247.0,53.0
kyiv_city,1,2024-03-12,0,13.0,0.0
kyiv_oblast,2,2024-03-12,1,36.0,0.0
kyiv_city,1,2024-03-13,2,62.0,22.0
kyiv_oblast,2,2024-03-13,4,171.0,123.0
kyiv_city,1,2024-03-14,3,108.0,52.0
kyiv_oblast,2,2024-03-14,7,315.0,112.0
kyiv_city,1,2024-03-15,1,34.0,0.0
kyiv_oblast,2,2024-03-15,3,90.0,0.0
kyiv_oblast,2,2024-03-16,5,284.0,115.0
kyiv_city,1,2024-03-17,1,33.0,0.0
kyiv_oblast,2,2024-03-17,2,169.0,12.0
kyiv_city,1,2024-03-18,1,13.0,0.0
kyiv_oblast,2,2024-03-18,2,26.0,0.0
kyiv_city,1,2024-03-19,1,45.0,0.0
kyiv_oblast,2,2024-03-19,3,98.0,0.0
kyiv_city,1,2024-03-20,2,195.0,159.0
kyiv_oblast,2,2024-03-20,4,222.0,159.0
kyiv_city,1,2024-03-21,2,161.0,92.0
kyiv_oblast,2,2024-03-21,2,242.0,173.0
kyiv_oblast,2,2024-03-22,4,95.0,13.0
kyiv_city,1,2024-03-23,2,172.0,139.0
kyiv_oblast,2,2024-03-23,4,236.0,170.0
kyiv_city,1,2024-03-24,1,35.0,0.0
kyiv_oblast,2,2024-03-24,2,44.0,0.0
kyiv_city,1,2024-03-25,1,49.0,0.0
kyiv_oblast,2,2024-03-25,2,66.0,0.0
kyiv_city,1,2024-03-26,1,20.0,0.0
kyiv_oblast,2,2024-03-26,2,26.0,7.0
kyiv_city,1,2024-03-27,1,38.0,38.0
kyiv_oblast,2,2024-03-27,2,73.0,47.0
kyiv_city,1,2024-03-28,4,264.0,162.0
kyiv_oblast,2,2024-03-28,5,440.0,338.0
kyiv_city,1,2024-03-29,1,16.0,0.0
kyiv_oblast,2,2024-03-29,2,53.0,0.0
kyiv_city,1,2024-03-30,4,158.0,100.0
kyiv_oblast,2,2024-03-30,5,193.0,136.0
kyiv_city,1,2024-03-31,2,50.0,0.0
kyiv_oblast,2,2024-03-31,2,49.0,0.0
kyiv_oblast,2,2024-04-02,2,67.0,41.0
kyiv_city,1,2024-04-04,1,29.0,0.0
kyiv_oblast,2,2024-04-04,1,29.0,0.0
kyiv_city,1,2024-04-05,2,216.0,110.0
kyiv_oblast,2,2024-04-05,3,334.0,205.0
kyiv_oblast,2,2024-04-07,3,92.0,70.0
kyiv_city,1,2024-04-08,1,43.0,0.0
kyiv_oblast,2,2024-04-08,4,139.0,0.0
kyiv_city,1,2024-04-10,1,153.0,104.0
kyiv_oblast,2,2024-04-10,1,340.0,291.0
kyiv_oblast,2,2024-04-11,1,114.0,114.0
kyiv_city,1,2024-04-12,1,20.0,0.0
kyiv_oblast,2,2024-04-12,2,38.0,0.0
kyiv_city,1,2024-04-13,1,25.0,0.0
kyiv_oblast,2,2024-04-13,1,38.0,0.0
kyiv_oblast,2,2024-04-15,4,99.0,0.0
kyiv_city,1,2024-04-16,3,88.0,0.0
kyiv_oblast,2,2024-04-16,4,132.0,0.0
kyiv_city,1,2024-04-17,1,30.0,0.0
kyiv_oblast,2,2024-04-17,4,173.0,125.0
kyiv_city,1,2024-04-18,1,94.0,80.0
kyiv_oblast,2,2024-04-18,2,110.0,79.0
kyiv_city,1,2024-04-19,3,96.0,44.0
kyiv_oblast,2,2024-04-19,4,143.0,92.0
kyiv_city,1,2024-04-20,1,28.0,0.0
kyiv_oblast,2,2024-04-20,1,28.0,0.0
kyiv_city,1,2024-04-22,2,59.0,59.0
kyiv_oblast,2,2024-04-22,3,225.0,195.0
kyiv_city,1,2024-04-23,2,57.0,0.0
kyiv_oblast,2,2024-04-23,2,79.0,0.0
kyiv_city,1,2024-04-24,1,26.0,0.0
kyiv_oblast,2,2024-04-24,3,54.0,0.0
kyiv_city,1,2024-04-25,3,87.0,0.0
kyiv_oblast,2,2024-04-25,3,85.0,0.0
kyiv_city,1,2024-04-26,2,200.0,199.0
kyiv_oblast,2,2024-04-26,3,219.0,197.0
kyiv_oblast,2,2024-04-27,4,170.0,120.0
kyiv_oblast,2,2024-04-28,1,57.0,7.0
kyiv_oblast,2,2024-04-29,3,45.0,0.0
kyiv_oblast,2,2024-04-30,1,44.0,0.0
kyiv_oblast,2,2024-05-01,2,95.0,50.0
kyiv_oblast,2,2024-05-02,1,10.0,0.0
kyiv_city,1,2024-05-03,4,129.0,35.0
kyiv_oblast,2,2024-05-03,4,138.0,34.0
kyiv_city,1,2024-05-04,1,8.0,0.0
kyiv_oblast,2,2024-05-04,2,44.0,15.0
kyiv_oblast,2,2024-05-05,2,40.0,0.0
kyiv_city,1,2024-05-07,3,226.0,193.0
kyiv_oblast,2,2024-05-07,2,241.0,209.0
kyiv_city,1,2024-05-09,1,53.0,0.0
kyiv_oblast,2,2024-05-09,1,51.0,0.0
kyiv_city,1,2024-05-10,2,93.0,0.0
kyiv_oblast,2,2024-05-10,2,91.0,0.0
kyiv_city,1,2024-05-11,1,28.0,0.0
kyiv_oblast,2,2024-05-11,1,28.0,0.0
kyiv_oblast,2,2024-05-12,4,99.0,0.0
kyiv_city,1,2024-05-13,3,104.0,0.0
kyiv_oblast,2,2024-05-13,5,229.0,67.0
kyiv_oblast,2,2024-05-14,1,3.0,0.0
kyiv_city,1,2024-05-15,1,29.0,0.0
kyiv_oblast,2,2024-05-15,1,29.0,0.0
kyiv_city,1,2024-05-16,1,13.0,0.0
kyiv_oblast,2,2024-05-16,1,13.0,0.0
kyiv_city,1,2024-05-18,2,72.0,30.0
kyiv_oblast,2,2024-05-18,4,182.0,109.0
kyiv_city,1,2024-05-19,1,33.0,0.0
kyiv_oblast,2,2024-05-19,1,36.0,0.0
kyiv_city,1,2024-05-20,2,69.0,0.0
kyiv_oblast,2,2024-05-20,3,99.0,0.0
kyiv_city,1,2024-05-21,1,20.0,0.0
kyiv_oblast,2,2024-05-21,3,93.0,30.0
kyiv_city,1,2024-05-22,2,65.0,21.0
kyiv_oblast,2,2024-05-22,3,151.0,20.0
kyiv_city,1,2024-05-23,1,16.0,0.0
kyiv_oblast,2,2024-05-23,2,44.0,0.0
kyiv_city,1,2024-05-24,3,82.0,32.0
kyiv_oblast,2,2024-05-24,3,79.0,30.0
kyiv_city,1,2024-05-25,5,241.0,154.0
kyiv_oblast,2,2024-05-25,7,372.0,228.0
kyiv_oblast,2,2024-05-26,1,54.0,0.0
kyiv_oblast,2,2024-05-27,3,117.0,57.0
kyiv_city,1,2024-05-28,1,14.0,0.0
kyiv_oblast,2,2024-05-28,6,193.0,96.0
kyiv_city,1,2024-05-29,2,166.0,138.0
kyiv_oblast,2,2024-05-29,2,354.0,236.0
kyiv_city,1,2024-05-30,2,43.0,43.0
kyiv_oblast,2,2024-05-30,2,78.0,78.0
kyiv_city,1,2024-05-31,2,181.0,161.0
kyiv_oblast,2,2024-05-31,3,272.0,248.0
kyiv_oblast,2,2024-06-01,3,314.0,170.0
kyiv_oblast,2,2024-06-03,3,322.0,290.0
kyiv_city,1,2024-06-04,2,59.0,16.0
kyiv_oblast,2,2024-06-04,3,73.0,15.0
kyiv_city,1,2024-06-05,2,52.0,0.0
kyiv_oblast,2,2024-06-05,2,53.0,0.0
kyiv_city,1,2024-06-06,1,138.0,138.0
kyiv_oblast,2,2024-06-06,2,268.0,240.0
kyiv_oblast,2,2024-06-07,2,65.0,28.0
kyiv_oblast,2,2024-06-08,1,13.0,13.0
kyiv_oblast,2,2024-06-09,3,99.0,0.0
kyiv_city,1,2024-06-10,1,19.0,0.0
kyiv_oblast,2,2024-06-10,2,42.0,0.0
kyiv_city,1,2024-06-11,3,178.0,110.0
kyiv_oblast,2,2024-06-11,4,270.0,114.0
kyiv_city,1,2024-06-13,3,175.0,102.0
kyiv_oblast,2,2024-06-13,3,293.0,219.0
kyiv_city,1,2024-06-14,4,148.0,67.0
kyiv_oblast,2,2024-06-14,4,235.0,65.0
kyiv_oblast,2,2024-06-15,2,59.0,0.0
kyiv_oblast,2,2024-06-17,3,97.0,0.0
kyiv_city,1,2024-06-19,2,189.0,153.0
kyiv_oblast,2,2024-06-19,5,288.0,155.0
kyiv_city,1,2024-06-20,1,32.0,0.0
kyiv_oblast,2,2024-06-20,1,32.0,0.0
kyiv_city,1,2024-06-21,4,209.0,163.0
kyiv_oblast,2,2024-06-21,5,253.0,210.0
kyiv_city,1,2024-06-22,1,47.0,47.0
kyiv_oblast,2,2024-06-22,3,88.0,47.0
kyiv_city,1,2024-06-24,3,78.0,24.0
kyiv_oblast,2,2024-06-24,3,76.0,23.0
kyiv_city,1,2024-06-25,2,76.0,30.0
kyiv_oblast,2,2024-06-25,2,83.0,30.0
kyiv_city,1,2024-06-26,1,65.0,65.0
kyiv_oblast,2,2024-06-26,2,127.0,127.0
kyiv_city,1,2024-06-28,1,35.0,0.0
kyiv_oblast,2,2024-06-28,2,88.0,54.0
kyiv_city,1,2024-06-29,1,17.0,0.0
kyiv_oblast,2,2024-06-29,1,16.0,0.0
kyiv_city,1,2024-06-30,3,60.0,0.0
kyiv_oblast,2,2024-06-30,3,66.0,0.0
kyiv_city,1,2024-07-01,5,158.0,47.0
kyiv_oblast,2,2024-07-01,7,203.0,92.0
kyiv_city,1,2024-07-02,1,39.0,0.0
kyiv_oblast,2,2024-07-02,2,68.0,0.0
kyiv_city,1,2024-07-03,1,39.0,39.0
kyiv_oblast,2,2024-07-03,3,265.0,227.0
kyiv_city,1,2024-07-04,2,75.0,75.0
kyiv_oblast,2,2024-07-04,3,289.0,253.0
kyiv_city,1,2024-07-05,1,25.0,0.0
kyiv_oblast,2,2024-07-05,3,217.0,119.0
kyiv_oblast,2,2024-07-06,2,102.0,80.0
kyiv_city,1,2024-07-07,3,235.0,109.0
kyiv_oblast,2,2024-07-07,3,235.0,109.0
kyiv_city,1,2024-07-08,3,89.0,0.0
kyiv_oblast,2,2024-07-08,3,98.0,0.0
kyiv_city,1,2024-07-09,1,15.0,0.0
kyiv_oblast,2,2024-07-09,2,203.0,187.0
kyiv_city,1,2024-07-10,1,30.0,0.0
kyiv_oblast,2,2024-07-10,3,115.0,90.0
kyiv_city,1,2024-07-11,4,137.0,26.0
kyiv_oblast,2,2024-07-11,6,529.0,305.0
kyiv_city,1,2024-07-12,2,59.0,0.0
kyiv_oblast,2,2024-07-12,3,154.0,95.0
kyiv_oblast,2,2024-07-13,1,74.0,0.0
kyiv_city,1,2024-07-14,2,33.0,0.0
kyiv_oblast,2,2024-07-14,2,33.0,0.0
kyiv_city,1,2024-07-15,2,45.0,45.0
kyiv_oblast,2,2024-07-15,6,397.0,215.0
kyiv_city,1,2024-07-16,1,50.0,0.0
kyiv_oblast,2,2024-07-16,0,51.0,0.0
kyiv_city,1,2024-07-17,3,71.0,45.0
kyiv_oblast,2,2024-07-17,3,96.0,72.0
kyiv_city,1,2024-07-19,1,50.0,50.0
kyiv_oblast,2,2024-07-19,1,59.0,59.0
kyiv_city,1,2024-07-20,1,101.0,101.0
kyiv_oblast,2,2024-07-20,3,200.0,152.0
kyiv_city,1,2024-07-21,1,21.0,0.0
kyiv_oblast,2,2024-07-21,1,21.0,0.0
kyiv_city,1,2024-07-22,1,27.0,27.0
kyiv_oblast,2,2024-07-22,1,35.0,35.0
kyiv_oblast,2,2024-07-23,1,313.0,162.0
kyiv_city,1,2024-07-24,3,145.0,102.0
kyiv_oblast,2,2024-07-24,3,461.0,240.0
kyiv_city,1,2024-07-25,2,63.0,63.0
kyiv_oblast,2,2024-07-25,2,139.0,139.0
kyiv_oblast,2,2024-07-26,4,246.0,159.0
kyiv_oblast,2,2024-07-27,1,25.0,0.0
kyiv_city,1,2024-07-30,3,531.0,424.0
kyiv_oblast,2,2024-07-30,3,572.0,423.0
kyiv_city,1,2024-07-31,4,74.0,56.0
kyiv_oblast,2,2024-07-31,4,99.0,81.0
kyiv_city,1,2024-08-01,2,37.0,0.0
kyiv_oblast,2,2024-08-01,2,36.0,0.0
kyiv_city,1,2024-08-02,1,33.0,33.0
kyiv_oblast,2,2024-08-02,2,295.0,265.0
kyiv_oblast,2,2024-08-03,1,21.0,21.0
kyiv_oblast,2,2024-08-04,2,250.0,225.0
kyiv_city,1,2024-08-05,2,108.0,95.0
kyiv_oblast,2,2024-08-05,3,188.0,127.0
kyiv_city,1,2024-08-06,2,36.0,8.0
kyiv_oblast,2,2024-08-06,7,626.0,300.0
kyiv_city,1,2024-08-07,1,41.0,0.0
kyiv_oblast,2,2024-08-07,4,124.0,71.0
kyiv_city,1,2024-08-08,1,11.0,11.0
kyiv_oblast,2,2024-08-08,5,251.0,101.0
kyiv_oblast,2,2024-08-09,4,95.0,0.0
kyiv_city,1,2024-08-10,3,284.0,266.0
kyiv_oblast,2,2024-08-10,5,562.0,333.0
kyiv_city,1,2024-08-11,1,24.0,0.0
kyiv_oblast,2,2024-08-11,4,90.0,0.0
kyiv_city,1,2024-08-12,5,114.0,65.0
kyiv_oblast,2,2024-08-12,6,166.0,102.0
kyiv_city,1,2024-08-13,1,72.0,72.0
kyiv_oblast,2,2024-08-13,3,225.0,199.0
kyiv_city,1,2024-08-14,4,69.0,22.0
kyiv_oblast,2,2024-08-14,10,373.0,122.0
kyiv_city,1,2024-08-15,4,112.0,45.0
kyiv_oblast,2,2024-08-15,8,296.0,131.0
kyiv_city,1,2024-08-16,4,65.0,9.0
kyiv_oblast,2,2024-08-16,9,497.0,261.0
kyiv_city,1,2024-08-17,3,119.0,39.0
kyiv_oblast,2,2024-08-17,9,360.0,137.0
kyiv_city,1,2024-08-18,2,30.0,30.0
kyiv_oblast,2,2024-08-18,5,212.0,159.0
kyiv_city,1,2024-08-19,2,55.0,41.0
kyiv_oblast,2,2024-08-19,4,262.0,232.0
kyiv_city,1,2024-08-20,5,95.0,31.0
kyiv_oblast,2,2024-08-20,4,580.0,272.0
kyiv_oblast,2,2024-08-21,3,225.0,104.0
kyiv_city,1,2024-08-22,1,40.0,40.0
kyiv_oblast,2,2024-08-22,3,104.0,104.0
kyiv_oblast,2,2024-08-23,5,69.0,11.0
kyiv_city,1,2024-08-24,2,37.0,0.0
kyiv_oblast,2,2024-08-24,6,268.0,98.0
kyiv_city,1,2024-08-25,2,387.0,27.0
kyiv_oblast,2,2024-08-25,5,701.0,214.0
kyiv_city,1,2024-08-26,5,442.0,291.0
kyiv_oblast,2,2024-08-26,4,943.0,405.0
kyiv_oblast,2,2024-08-27,5,276.0,82.0
kyiv_city,1,2024-08-28,3,369.0,240.0
kyiv_oblast,2,2024-08-28,2,622.0,345.0
kyiv_oblast,2,2024-08-29,1,49.0,0.0
kyiv_city,1,2024-08-30,4,217.0,176.0
kyiv_oblast,2,2024-08-30,6,486.0,257.0
kyiv_oblast,2,2024-08-31,1,27.0,27.0
kyiv_city,1,2024-09-01,1,108.0,80.0
kyiv_oblast,2,2024-09-01,5,404.0,334.0
kyiv_city,1,2024-09-02,2,48.0,48.0
kyiv_oblast,2,2024-09-02,5,323.0,221.0
kyiv_city,1,2024-09-03,1,263.0,198.0
kyiv_oblast,2,2024-09-03,5,537.0,263.0
kyiv_city,1,2024-09-04,1,549.0,391.0
kyiv_oblast,2,2024-09-04,2,688.0,391.0
kyiv_city,1,2024-09-05,3,59.0,28.0
kyiv_oblast,2,2024-09-05,11,369.0,83.0
kyiv_city,1,2024-09-06,1,19.0,19.0
kyiv_oblast,2,2024-09-06,3,511.0,403.0
kyiv_oblast,2,2024-09-07,3,146.0,96.0
kyiv_city,1,2024-09-08,1,65.0,65.0
kyiv_oblast,2,2024-09-08,3,310.0,240.0
kyiv_city,1,2024-09-09,2,126.0,117.0
kyiv_oblast,2,2024-09-09,5,481.0,268.0
kyiv_oblast,2,2024-09-10,3,152.0,127.0
kyiv_city,1,2024-09-11,5,180.0,109.0
kyiv_oblast,2,2024-09-11,7,787.0,396.0
kyiv_oblast,2,2024-09-12,4,305.0,7.0
kyiv_city,1,2024-09-13,2,131.0,129.0
kyiv_oblast,2,2024-09-13,2,434.0,386.0
kyiv_oblast,2,2024-09-14,3,104.0,89.0
kyiv_city,1,2024-09-15,2,232.0,227.0
kyiv_oblast,2,2024-09-15,5,622.0,473.0
kyiv_city,1,2024-09-16,1,51.0,51.0
kyiv_oblast,2,2024-09-16,2,119.0,83.0
kyiv_city,1,2024-09-17,1,34.0,34.0
kyiv_oblast,2,2024-09-17,3,489.0,287.0
kyiv_oblast,2,2024-09-18,2,187.0,187.0
kyiv_oblast,2,2024-09-19,3,499.0,407.0
kyiv_city,1,2024-09-20,1,34.0,0.0
kyiv_oblast,2,2024-09-20,5,187.0,137.0
kyiv_city,1,2024-09-21,2,64.0,34.0
kyiv_oblast,2,2024-09-21,1,475.0,413.0
kyiv_city,1,2024-09-22,1,28.0,26.0
kyiv_oblast,2,2024-09-22,1,28.0,27.0
kyiv_city,1,2024-09-23,1,9.0,9.0
kyiv_oblast,2,2024-09-23,5,668.0,346.0
kyiv_city,1,2024-09-24,1,16.0,0.0
kyiv_oblast,2,2024-09-24,3,149.0,65.0
kyiv_city,1,2024-09-25,4,423.0,260.0
kyiv_oblast,2,2024-09-25,5,575.0,402.0
kyiv_city,1,2024-09-26,1,44.0,0.0
kyiv_oblast,2,2024-09-26,1,46.0,0.0
kyiv_city,1,2024-09-27,3,208.0,166.0
kyiv_oblast,2,2024-09-27,4,425.0,347.0
kyiv_oblast,2,2024-09-28,2,115.0,89.0
kyiv_city,1,2024-09-29,2,322.0,294.0
kyiv_oblast,2,2024-09-29,2,547.0,404.0
kyiv_city,1,2024-09-30,1,28.0,28.0
kyiv_oblast,2,2024-09-30,6,255.0,188.0
kyiv_city,1,2024-10-01,1,17.0,0.0
kyiv_oblast,2,2024-10-01,3,159.0,143.0
kyiv_city,1,2024-10-02,3,382.0,354.0
kyiv_oblast,2,2024-10-02,6,561.0,431.0
kyiv_city,1,2024-10-03,3,83.0,44.0
kyiv_oblast,2,2024-10-03,7,309.0,110.0
kyiv_oblast,2,2024-10-04,1,16.0,16.0
kyiv_city,1,2024-10-05,4,339.0,304.0
kyiv_oblast,2,2024-10-05,1,741.0,480.0
kyiv_city,1,2024-10-06,5,180.0,145.0
kyiv_oblast,2,2024-10-06,1,731.0,476.0
kyiv_city,1,2024-10-07,1,29.0,0.0
kyiv_oblast,2,2024-10-07,2,170.0,0.0
kyiv_oblast,2,2024-10-08,2,55.0,54.0
kyiv_oblast,2,2024-10-09,6,273.0,179.0
kyiv_city,1,2024-10-10,2,215.0,164.0
kyiv_oblast,2,2024-10-10,5,586.0,236.0
kyiv_city,1,2024-10-11,1,38.0,38.0
kyiv_oblast,2,2024-10-11,4,111.0,37.0
kyiv_city,1,2024-10-12,1,10.0,10.0
kyiv_oblast,2,2024-10-12,2,635.0,422.0
kyiv_city,1,2024-10-14,1,31.0,0.0
kyiv_oblast,2,2024-10-14,3,193.0,159.0
kyiv_city,1,2024-10-15,2,166.0,136.0
kyiv_oblast,2,2024-10-15,2,795.0,480.0
kyiv_city,1,2024-10-16,4,208.0,101.0
kyiv_oblast,2,2024-10-16,3,559.0,372.0
kyiv_city,1,2024-10-17,2,305.0,275.0
kyiv_oblast,2,2024-10-17,3,941.0,480.0
kyiv_city,1,2024-10-18,2,330.0,199.0
kyiv_oblast,2,2024-10-18,2,563.0,272.0
kyiv_city,1,2024-10-19,2,171.0,171.0
kyiv_oblast,2,2024-10-19,3,367.0,274.0
kyiv_city,1,2024-10-20,1,306.0,306.0
kyiv_oblast,2,2024-10-20,3,471.0,379.0
kyiv_city,1,2024-10-21,1,33.0,0.0
kyiv_oblast,2,2024-10-21,8,344.0,166.0
kyiv_oblast,2,2024-10-22,5,353.0,216.0
kyiv_city,1,2024-10-23,3,344.0,298.0
kyiv_oblast,2,2024-10-23,3,638.0,440.0
kyiv_city,1,2024-10-24,3,258.0,232.0
kyiv_oblast,2,2024-10-24,4,322.0,266.0
kyiv_city,1,2024-10-25,4,474.0,216.0
kyiv_oblast,2,2024-10-25,3,895.0,428.0
kyiv_city,1,2024-10-26,1,200.0,200.0
kyiv_oblast,2,2024-10-26,1,339.0,339.0
kyiv_city,1,2024-10-27,2,90.0,69.0
kyiv_oblast,2,2024-10-27,1,774.0,480.0
kyiv_city,1,2024-10-28,2,256.0,204.0
kyiv_oblast,2,2024-10-28,1,411.0,342.0
kyiv_city,1,2024-10-29,2,156.0,131.0
kyiv_oblast,2,2024-10-29,2,254.0,231.0
kyiv_city,1,2024-10-30,2,151.0,151.0
kyiv_oblast,2,2024-10-30,4,282.0,264.0
kyiv_city,1,2024-10-31,2,212.0,143.0
kyiv_oblast,2,2024-10-31,3,693.0,456.0
kyiv_city,1,2024-11-01,3,346.0,66.0
kyiv_oblast,2,2024-11-01,3,507.0,131.0
kyiv_city,1,2024-11-02,4,576.0,358.0
kyiv_oblast,2,2024-11-02,1,752.0,480.0
kyiv_city,1,2024-11-03,2,74.0,74.0
kyiv_oblast,2,2024-11-03,3,334.0,300.0
kyiv_city,1,2024-11-04,3,313.0,223.0
kyiv_oblast,2,2024-11-04,2,588.0,448.0
kyiv_city,1,2024-11-05,1,15.0,15.0
kyiv_oblast,2,2024-11-05,5,298.0,238.0
kyiv_city,1,2024-11-06,4,539.0,346.0
kyiv_oblast,2,2024-11-06,3,707.0,441.0
kyiv_city,1,2024-11-07,1,597.0,480.0
kyiv_oblast,2,2024-11-07,2,750.0,480.0
kyiv_city,1,2024-11-08,1,58.0,58.0
kyiv_oblast,2,2024-11-08,5,304.0,233.0
kyiv_city,1,2024-11-09,3,309.0,281.0
kyiv_oblast,2,2024-11-09,3,776.0,480.0
kyiv_city,1,2024-11-10,2,390.0,265.0
kyiv_oblast,2,2024-11-10,6,653.0,432.0
kyiv_city,1,2024-11-11,5,429.0,288.0
kyiv_oblast,2,2024-11-11,4,909.0,420.0
kyiv_city,1,2024-11-12,5,340.0,60.0
kyiv_oblast,2,2024-11-12,6,1035.0,390.0
kyiv_city,1,2024-11-13,1,30.0,0.0
kyiv_oblast,2,2024-11-13,4,367.0,128.0
kyiv_oblast,2,2024-11-14,1,128.0,0.0
kyiv_city,1,2024-11-15,1,166.0,166.0
kyiv_oblast,2,2024-11-15,2,328.0,279.0
kyiv_city,1,2024-11-16,4,360.0,72.0
kyiv_oblast,2,2024-11-16,4,667.0,383.0
kyiv_oblast,2,2024-11-17,5,298.0,179.0
kyiv_city,1,2024-11-18,4,182.0,159.0
kyiv_oblast,2,2024-11-18,2,496.0,350.0
kyiv_city,1,2024-11-19,3,255.0,128.0
kyiv_oblast,2,2024-11-19,2,739.0,480.0
kyiv_city,1,2024-11-20,2,187.0,56.0
kyiv_oblast,2,2024-11-20,4,353.0,56.0
kyiv_city,1,2024-11-21,2,82.0,0.0
kyiv_oblast,2,2024-11-21,2,445.0,44.0
kyiv_oblast,2,2024-11-22,1,271.0,0.0
kyiv_city,1,2024-11-23,1,182.0,154.0
kyiv_oblast,2,2024-11-23,1,392.0,194.0
kyiv_city,1,2024-11-24,3,288.0,238.0
kyiv_oblast,2,2024-11-24,4,939.0,386.0
kyiv_city,1,2024-11-25,2,347.0,311.0
kyiv_oblast,2,2024-11-25,2,485.0,413.0
kyiv_city,1,2024-11-26,4,173.0,113.0
kyiv_oblast,2,2024-11-26,5,459.0,362.0
kyiv_city,1,2024-11-27,3,587.0,370.0
kyiv_oblast,2,2024-11-27,2,627.0,410.0
kyiv_city,1,2024-11-28,2,155.0,155.0
kyiv_oblast,2,2024-11-28,4,552.0,282.0
kyiv_city,1,2024-11-29,1,14.0,14.0
kyiv_oblast,2,2024-11-29,2,113.0,98.0
kyiv_city,1,2024-11-30,2,120.0,64.0
kyiv_oblast,2,2024-11-30,2,558.0,299.0
kyiv_city,1,2024-12-01,2,300.0,255.0
kyiv_oblast,2,2024-12-01,2,535.0,392.0
kyiv_city,1,2024-12-02,3,103.0,66.0
kyiv_oblast,2,2024-12-02,2,461.0,335.0
kyiv_oblast,2,2024-12-03,4,376.0,273.0
kyiv_city,1,2024-12-04,1,28.0,0.0
kyiv_oblast,2,2024-12-04,2,406.0,378.0
kyiv_city,1,2024-12-05,2,239.0,234.0
kyiv_oblast,2,2024-12-05,2,591.0,437.0
kyiv_city,1,2024-12-06,2,72.0,41.0
kyiv_oblast,2,2024-12-06,5,463.0,230.0
kyiv_city,1,2024-12-07,1,63.0,63.0
kyiv_oblast,2,2024-12-07,1,397.0,397.0
kyiv_city,1,2024-12-08,3,95.0,30.0
kyiv_oblast,2,2024-12-08,6,673.0,207.0
kyiv_oblast,2,2024-12-09,2,84.0,0.0
kyiv_oblast,2,2024-12-10,1,26.0,0.0
kyiv_city,1,2024-12-12,3,423.0,119.0
kyiv_oblast,2,2024-12-12,2,1068.0,480.0
kyiv_city,1,2024-12-13,3,238.0,202.0
kyiv_oblast,2,2024-12-13,5,596.0,411.0
kyiv_oblast,2,2024-12-14,5,337.0,211.0
kyiv_city,1,2024-12-15,2,64.0,0.0
kyiv_oblast,2,2024-12-15,4,385.0,257.0
kyiv_city,1,2024-12-16,2,26.0,0.0
kyiv_oblast,2,2024-12-16,1,392.0,61.0
kyiv_city,1,2024-12-17,1,15.0,15.0
kyiv_oblast,2,2024-12-17,3,305.0,205.0
kyiv_city,1,2024-12-18,3,128.0,109.0
kyiv_oblast,2,2024-12-18,2,629.0,480.0
kyiv_city,1,2024-12-19,4,130.0,57.0
kyiv_oblast,2,2024-12-19,4,323.0,209.0
kyiv_city,1,2024-12-20,4,97.0,42.0
kyiv_oblast,2,2024-12-20,5,557.0,354.0
kyiv_city,1,2024-12-21,3,82.0,31.0
kyiv_oblast,2,2024-12-21,5,552.0,184.0
kyiv_city,1,2024-12-22,2,131.0,37.0
kyiv_oblast,2,2024-12-22,5,774.0,398.0
kyiv_city,1,2024-12-23,4,162.0,74.0
kyiv_oblast,2,2024-12-23,4,712.0,227.0
kyiv_city,1,2024-12-24,4,400.0,203.0
kyiv_oblast,2,2024-12-24,6,988.0,480.0
kyiv_city,1,2024-12-25,1,30.0,30.0
kyiv_oblast,2,2024-12-25,5,266.0,107.0
kyiv_oblast,2,2024-12-26,3,214.0,153.0
kyiv_oblast,2,2024-12-28,2,73.0,0.0
kyiv_oblast,2,2024-12-29,1,102.0,102.0
kyiv_city,1,2024-12-30,3,187.0,43.0
kyiv_oblast,2,2024-12-30,8,558.0,186.0
kyiv_city,1,2024-12-31,1,166.0,0.0
kyiv_oblast,2,2024-12-31,2,552.0,300.0
kyiv_city,1,2025-01-01,1,55.0,55.0
kyiv_oblast,2,2025-01-01,2,408.0,257.0
kyiv_city,1,2025-01-02,3,254.0,114.0
kyiv_oblast,2,2025-01-02,7,723.0,249.0
kyiv_city,1,2025-01-03,4,154.0,29.0
kyiv_oblast,2,2025-01-03,6,634.0,348.0
kyiv_oblast,2,2025-01-04,4,401.0,281.0
kyiv_city,1,2025-01-05,5,168.0,48.0
kyiv_oblast,2,2025-01-05,8,673.0,347.0
kyiv_oblast,2,2025-01-06,1,228.0,0.0
kyiv_city,1,2025-01-07,4,123.0,96.0
kyiv_oblast,2,2025-01-07,2,446.0,342.0
kyiv_oblast,2,2025-01-08,2,216.0,216.0
kyiv_city,1,2025-01-09,2,38.0,38.0
kyiv_oblast,2,2025-01-09,6,398.0,255.0
kyiv_city,1,2025-01-10,1,43.0,43.0
kyiv_oblast,2,2025-01-10,2,192.0,186.0
kyiv_city,1,2025-01-11,3,175.0,151.0
kyiv_oblast,2,2025-01-11,4,622.0,321.0
kyiv_city,1,2025-01-12,3,37.0,10.0
kyiv_oblast,2,2025-01-12,6,532.0,312.0
kyiv_city,1,2025-01-13,2,215.0,126.0
kyiv_oblast,2,2025-01-13,5,577.0,344.0
kyiv_city,1,2025-01-14,2,170.0,35.0
kyiv_oblast,2,2025-01-14,5,532.0,238.0
kyiv_oblast,2,2025-01-15,2,293.0,255.0
kyiv_city,1,2025-01-16,2,73.0,53.0
kyiv_oblast,2,2025-01-16,3,614.0,348.0
kyiv_city,1,2025-01-17,3,252.0,186.0
kyiv_oblast,2,2025-01-17,2,494.0,378.0
kyiv_city,1,2025-01-18,2,72.0,51.0
kyiv_oblast,2,2025-01-18,5,637.0,356.0
kyiv_city,1,2025-01-19,3,100.0,52.0
kyiv_oblast,2,2025-01-19,5,764.0,436.0
kyiv_city,1,2025-01-20,2,193.0,151.0
kyiv_oblast,2,2025-01-20,1,495.0,460.0
kyiv_city,1,2025-01-21,3,100.0,0.0
kyiv_oblast,2,2025-01-21,4,515.0,279.0
kyiv_city,1,2025-01-22,3,146.0,52.0
kyiv_oblast,2,2025-01-22,4,550.0,271.0
kyiv_city,1,2025-01-23,1,99.0,99.0
kyiv_oblast,2,2025-01-23,6,771.0,402.0
kyiv_city,1,2025-01-24,1,65.0,65.0
kyiv_oblast,2,2025-01-24,3,291.0,226.0
kyiv_city,1,2025-01-25,1,8.0,0.0
kyiv_oblast,2,2025-01-25,3,395.0,340.0
kyiv_city,1,2025-01-26,2,65.0,65.0
kyiv_oblast,2,2025-01-26,2,229.0,229.0
kyiv_city,1,2025-01-27,2,219.0,205.0
kyiv_oblast,2,2025-01-27,2,437.0,423.0
kyiv_city,1,2025-01-28,2,41.0,27.0
kyiv_oblast,2,2025-01-28,2,218.0,51.0
kyiv_city,1,2025-01-29,1,128.0,128.0
kyiv_oblast,2,2025-01-29,3,364.0,282.0
kyiv_city,1,2025-01-30,2,62.0,51.0
kyiv_oblast,2,2025-01-30,2,483.0,310.0
kyiv_city,1,2025-01-31,2,291.0,99.0
kyiv_oblast,2,2025-01-31,2,517.0,322.0
kyiv_city,1,2025-02-01,1,18.0,0.0
kyiv_oblast,2,2025-02-01,3,258.0,209.0
kyiv_oblast,2,2025-02-02,2,510.0,388.0
kyiv_city,1,2025-02-03,2,237.0,232.0
kyiv_oblast,2,2025-02-03,1,352.0,320.0
kyiv_city,1,2025-02-04,2,397.0,389.0
kyiv_oblast,2,2025-02-04,2,454.0,443.0
kyiv_city,1,2025-02-05,2,168.0,137.0
kyiv_oblast,2,2025-02-05,3,498.0,434.0
kyiv_city,1,2025-02-06,1,287.0,280.0
kyiv_oblast,2,2025-02-06,3,444.0,294.0
kyiv_city,1,2025-02-07,1,423.0,358.0
kyiv_oblast,2,2025-02-07,2,463.0,359.0
kyiv_city,1,2025-02-08,3,288.0,240.0
kyiv_oblast,2,2025-02-08,1,677.0,480.0
kyiv_city,1,2025-02-09,1,206.0,206.0
kyiv_oblast,2,2025-02-09,3,413.0,336.0
kyiv_city,1,2025-02-10,2,408.0,285.0
kyiv_oblast,2,2025-02-10,3,570.0,359.0
kyiv_city,1,2025-02-11,2,229.0,229.0
kyiv_oblast,2,2025-02-11,2,408.0,351.0
kyiv_city,1,2025-02-12,1,20.0,0.0
kyiv_oblast,2,2025-02-12,2,98.0,79.0
kyiv_city,1,2025-02-13,2,128.0,128.0
kyiv_oblast,2,2025-02-13,4,243.0,229.0
kyiv_city,1,2025-02-15,1,314.0,314.0
kyiv_oblast,2,2025-02-15,1,398.0,398.0
kyiv_city,1,2025-02-16,1,341.0,341.0
kyiv_oblast,2,2025-02-16,2,406.0,406.0
kyiv_city,1,2025-02-17,3,280.0,255.0
kyiv_oblast,2,2025-02-17,3,536.0,466.0
kyiv_city,1,2025-02-18,2,496.0,436.0
kyiv_oblast,2,2025-02-18,3,521.0,438.0
kyiv_city,1,2025-02-19,2,451.0,420.0
kyiv_oblast,2,2025-02-19,2,661.0,480.0
kyiv_city,1,2025-02-20,1,287.0,272.0
kyiv_oblast,2,2025-02-20,1,446.0,411.0
kyiv_city,1,2025-02-21,1,216.0,195.0
kyiv_oblast,2,2025-02-21,2,304.0,241.0
kyiv_city,1,2025-02-22,3,408.0,376.0
kyiv_oblast,2,2025-02-22,2,618.0,480.0
kyiv_city,1,2025-02-23,2,242.0,218.0
kyiv_oblast,2,2025-02-23,3,349.0,266.0
kyiv_city,1,2025-02-24,2,460.0,311.0
kyiv_oblast,2,2025-02-24,2,767.0,480.0
kyiv_city,1,2025-02-25,1,246.0,246.0
kyiv_oblast,2,2025-02-25,2,287.0,265.0
kyiv_city,1,2025-02-26,1,346.0,346.0
kyiv_oblast,2,2025-02-26,3,454.0,400.0
kyiv_city,1,2025-02-27,1,117.0,117.0
kyiv_oblast,2,2025-02-27,1,324.0,324.0
kyiv_city,1,2025-02-28,1,214.0,214.0
kyiv_oblast,2,2025-02-28,1,289.0,289.0
kyiv_city,1,2025-03-01,2,157.0,157.0
kyiv_oblast,2,2025-03-01,1,198.0,198.0
kyiv_city,1,2025-03-02,2,116.0,100.0
kyiv_oblast,2,2025-03-02,2,440.0,415.0
kyiv_city,1,2025-03-03,0,8.0,0.0
kyiv_oblast,2,2025-03-03,0,8.0,0.0
kyiv_city,1,2025-03-04,1,241.0,241.0
kyiv_oblast,2,2025-03-04,5,450.0,365.0
kyiv_city,1,2025-03-05,1,33.0,33.0
kyiv_oblast,2,2025-03-05,2,150.0,125.0
kyiv_city,1,2025-03-06,3,352.0,204.0
kyiv_oblast,2,2025-03-06,2,554.0,406.0
kyiv_city,1,2025-03-07,1,43.0,43.0
kyiv_oblast,2,2025-03-07,1,233.0,226.0
kyiv_city,1,2025-03-08,2,199.0,165.0
kyiv_oblast,2,2025-03-08,2,277.0,213.0
kyiv_city,1,2025-03-09,1,209.0,209.0
kyiv_oblast,2,2025-03-09,2,362.0,323.0
kyiv_city,1,2025-03-10,1,166.0,166.0
kyiv_oblast,2,2025-03-10,2,345.0,281.0
kyiv_city,1,2025-03-11,1,64.0,64.0
kyiv_oblast,2,2025-03-11,2,450.0,345.0
kyiv_city,1,2025-03-12,2,205.0,182.0
kyiv_oblast,2,2025-03-12,2,281.0,258.0
kyiv_city,1,2025-03-13,1,17.0,0.0
kyiv_oblast,2,2025-03-13,1,17.0,0.0
kyiv_city,1,2025-03-14,2,50.0,30.0
kyiv_oblast,2,2025-03-14,2,325.0,306.0
kyiv_city,1,2025-03-15,2,118.0,106.0
kyiv_oblast,2,2025-03-15,3,453.0,333.0
kyiv_city,1,2025-03-16,1,149.0,149.0
kyiv_oblast,2,2025-03-16,2,268.0,255.0
kyiv_city,1,2025-03-17,1,21.0,0.0
kyiv_oblast,2,2025-03-17,2,318.0,298.0
kyiv_city,1,2025-03-18,1,352.0,258.0
kyiv_oblast,2,2025-03-18,1,383.0,259.0
kyiv_oblast,2,2025-03-19,3,382.0,260.0
kyiv_city,1,2025-03-20,1,153.0,153.0
kyiv_oblast,2,2025-03-20,1,255.0,255.0
kyiv_city,1,2025-03-21,1,209.0,173.0
kyiv_oblast,2,2025-03-21,3,309.0,197.0
kyiv_city,1,2025-03-22,1,313.0,232.0
kyiv_oblast,2,2025-03-22,1,354.0,232.0
kyiv_city,1,2025-03-23,1,96.0,96.0
kyiv_oblast,2,2025-03-23,1,166.0,166.0
kyiv_city,1,2025-03-24,1,147.0,87.0
kyiv_oblast,2,2025-03-24,2,375.0,275.0
kyiv_oblast,2,2025-03-25,1,157.0,157.0
kyiv_city,1,2025-03-26,2,41.0,0.0
kyiv_oblast,2,2025-03-26,3,334.0,293.0
kyiv_city,1,2025-03-27,1,28.0,28.0
kyiv_oblast,2,2025-03-27,2,209.0,184.0
kyiv_city,1,2025-03-28,2,184.0,184.0
kyiv_oblast,2,2025-03-28,1,330.0,261.0
kyiv_oblast,2,2025-03-29,2,318.0,253.0
kyiv_city,1,2025-03-30,2,318.0,318.0
kyiv_oblast,2,2025-03-30,1,436.0,436.0
kyiv_city,1,2025-04-03,3,134.0,76.0
kyiv_oblast,2,2025-04-03,3,162.0,106.0
kyiv_city,1,2025-04-04,2,98.0,68.0
kyiv_oblast,2,2025-04-04,2,179.0,149.0
kyiv_city,1,2025-04-05,2,274.0,210.0
kyiv_oblast,2,2025-04-05,2,401.0,335.0
kyiv_city,1,2025-04-06,2,56.0,0.0
kyiv_oblast,2,2025-04-06,2,59.0,0.0
kyiv_oblast,2,2025-04-07,2,49.0,30.0
kyiv_city,1,2025-04-08,2,54.0,0.0
kyiv_oblast,2,2025-04-08,2,52.0,0.0
kyiv_city,1,2025-04-09,3,183.0,122.0
kyiv_oblast,2,2025-04-09,3,361.0,273.0
kyiv_city,1,2025-04-10,2,73.0,0.0
kyiv_oblast,2,2025-04-10,2,246.0,0.0
kyiv_city,1,2025-04-11,3,108.0,66.0
kyiv_oblast,2,2025-04-11,3,155.0,114.0
kyiv_city,1,2025-04-12,2,206.0,132.0
kyiv_oblast,2,2025-04-12,3,419.0,336.0
kyiv_city,1,2025-04-13,3,107.0,64.0
kyiv_oblast,2,2025-04-13,4,119.0,62.0
kyiv_city,1,2025-04-14,1,39.0,0.0
kyiv_oblast,2,2025-04-14,1,37.0,0.0
kyiv_city,1,2025-04-15,2,124.0,124.0
kyiv_oblast,2,2025-04-15,1,245.0,245.0
kyiv_city,1,2025-04-16,1,30.0,0.0
kyiv_oblast,2,2025-04-16,2,96.0,0.0
kyiv_city,1,2025-04-17,3,142.0,88.0
kyiv_oblast,2,2025-04-17,3,346.0,215.0
kyiv_city,1,2025-04-18,2,49.0,0.0
kyiv_oblast,2,2025-04-18,3,70.0,20.0
kyiv_city,1,2025-04-19,2,65.0,6.0
kyiv_oblast,2,2025-04-19,3,144.0,13.0
kyiv_city,1,2025-04-20,1,68.0,68.0
kyiv_oblast,2,2025-04-20,1,145.0,142.0
kyiv_city,1,2025-04-21,1,41.0,41.0
kyiv_oblast,2,2025-04-21,2,245.0,97.0
kyiv_city,1,2025-04-22,1,71.0,71.0
kyiv_oblast,2,2025-04-22,1,103.0,101.0
kyiv_city,1,2025-04-23,3,394.0,324.0
kyiv_oblast,2,2025-04-23,3,525.0,457.0
kyiv_oblast,2,2025-04-24,1,289.0,289.0
kyiv_city,1,2025-04-25,1,43.0,0.0
kyiv_oblast,2,2025-04-25,1,379.0,162.0
kyiv_oblast,2,2025-04-26,2,340.0,334.0
kyiv_city,1,2025-04-27,1,21.0,0.0
kyiv_oblast,2,2025-04-27,1,167.0,0.0
kyiv_city,1,2025-04-28,2,152.0,129.0
kyiv_oblast,2,2025-04-28,2,222.0,165.0
kyiv_city,1,2025-04-29,1,88.0,88.0
kyiv_oblast,2,2025-04-29,2,262.0,89.0
kyiv_city,1,2025-04-30,1,65.0,65.0
kyiv_oblast,2,2025-04-30,2,325.0,325.0
kyiv_city,1,2025-05-01,2,31.0,15.0
kyiv_oblast,2,2025-05-01,1,270.0,211.0
kyiv_city,1,2025-05-02,1,19.0,12.0
kyiv_oblast,2,2025-05-02,2,326.0,311.0
kyiv_city,1,2025-05-03,2,90.0,90.0
kyiv_oblast,2,2025-05-03,1,434.0,401.0
kyiv_city,1,2025-05-04,1,31.0,31.0
kyiv_oblast,2,2025-05-04,1,33.0,33.0
kyiv_oblast,2,2025-05-05,1,13.0,0.0
kyiv_city,1,2025-05-06,6,374.0,134.0
kyiv_oblast,2,2025-05-06,5,734.0,319.0
kyiv_city,1,2025-05-07,2,96.0,0.0
kyiv_oblast,2,2025-05-07,4,201.0,0.0
kyiv_oblast,2,2025-05-08,1,12.0,0.0
kyiv_city,1,2025-05-10,1,93.0,12.0
kyiv_oblast,2,2025-05-10,1,254.0,104.0
kyiv_city,1,2025-05-11,3,85.0,30.0
kyiv_oblast,2,2025-05-11,3,290.0,236.0
kyiv_city,1,2025-05-13,1,33.0,0.0
kyiv_oblast,2,2025-05-13,2,346.0,314.0
kyiv_city,1,2025-05-14,2,115.0,85.0
kyiv_oblast,2,2025-05-14,2,422.0,286.0
kyiv_city,1,2025-05-15,2,118.0,108.0
kyiv_oblast,2,2025-05-15,2,254.0,195.0
kyiv_oblast,2,2025-05-16,1,472.0,296.0
kyiv_city,1,2025-05-17,1,535.0,360.0
kyiv_oblast,2,2025-05-17,2,632.0,402.0
kyiv_oblast,2,2025-05-18,1,154.0,154.0
kyiv_oblast,2,2025-05-19,2,312.0,310.0
kyiv_city,1,2025-05-20,1,86.0,86.0
kyiv_oblast,2,2025-05-20,2,166.0,96.0
kyiv_city,1,2025-05-21,1,57.0,0.0
kyiv_oblast,2,2025-05-21,2,185.0,19.0
kyiv_city,1,2025-05-22,1,32.0,0.0
kyiv_oblast,2,2025-05-22,2,408.0,143.0
kyiv_city,1,2025-05-23,2,454.0,431.0
kyiv_oblast,2,2025-05-23,2,502.0,432.0
kyiv_city,1,2025-05-24,3,426.0,372.0
kyiv_oblast,2,2025-05-24,2,555.0,467.0
kyiv_city,1,2025-05-25,2,383.0,317.0
kyiv_oblast,2,2025-05-25,2,495.0,412.0
kyiv_city,1,2025-05-27,3,97.0,53.0
kyiv_oblast,2,2025-05-27,3,95.0,53.0
kyiv_city,1,2025-05-28,1,29.0,0.0
kyiv_oblast,2,2025-05-28,1,27.0,0.0
kyiv_oblast,2,2025-05-30,1,17.0,17.0
kyiv_city,1,2025-05-31,2,600.0,257.0
kyiv_oblast,2,2025-05-31,2,720.0,378.0
kyiv_city,1,2025-06-01,4,116.0,47.0
kyiv_oblast,2,2025-06-01,6,305.0,170.0
kyiv_city,1,2025-06-02,1,34.0,0.0
kyiv_oblast,2,2025-06-02,2,116.0,84.0
kyiv_city,1,2025-06-03,2,51.0,0.0
kyiv_oblast,2,2025-06-03,2,49.0,0.0
kyiv_city,1,2025-06-04,1,29.0,0.0
kyiv_oblast,2,2025-06-04,3,69.0,30.0
kyiv_city,1,2025-06-05,2,269.0,248.0
kyiv_oblast,2,2025-06-05,3,352.0,317.0
kyiv_city,1,2025-06-06,1,38.0,38.0
kyiv_oblast,2,2025-06-06,3,173.0,173.0
kyiv_oblast,2,2025-06-07,1,64.0,64.0
kyiv_city,1,2025-06-08,3,437.0,389.0
kyiv_oblast,2,2025-06-08,3,682.0,480.0
kyiv_city,1,2025-06-09,1,308.0,308.0
kyiv_oblast,2,2025-06-09,1,409.0,409.0
kyiv_city,1,2025-06-10,2,52.0,24.0
kyiv_oblast,2,2025-06-10,3,80.0,52.0
kyiv_city,1,2025-06-11,1,13.0,0.0
kyiv_oblast,2,2025-06-11,1,12.0,0.0
kyiv_city,1,2025-06-14,1,216.0,216.0
kyiv_oblast,2,2025-06-14,1,265.0,265.0
kyiv_city,1,2025-06-15,1,232.0,232.0
kyiv_oblast,2,2025-06-15,1,304.0,304.0
kyiv_city,1,2025-06-16,2,572.0,480.0
kyiv_oblast,2,2025-06-16,2,629.0,480.0
kyiv_city,1,2025-06-17,1,18.0,0.0
kyiv_oblast,2,2025-06-17,1,18.0,0.0
kyiv_city,1,2025-06-18,2,107.0,84.0
kyiv_oblast,2,2025-06-18,2,151.0,125.0
kyiv_oblast,2,2025-06-19,1,19.0,19.0
kyiv_city,1,2025-06-20,2,100.0,100.0
kyiv_oblast,2,2025-06-20,2,376.0,361.0
kyiv_city,1,2025-06-21,2,31.0,30.0
kyiv_oblast,2,2025-06-21,6,287.0,29.0
kyiv_city,1,2025-06-22,2,271.0,271.0
kyiv_oblast,2,2025-06-22,2,402.0,392.0
kyiv_city,1,2025-06-23,2,106.0,75.0
kyiv_oblast,2,2025-06-23,4,270.0,193.0
kyiv_city,1,2025-06-26,1,376.0,376.0
kyiv_oblast,2,2025-06-26,1,472.0,471.0
kyiv_oblast,2,2025-06-27,1,13.0,13.0
kyiv_city,1,2025-06-28,1,376.0,376.0
kyiv_oblast,2,2025-06-28,1,509.0,417.0
kyiv_oblast,2,2025-06-30,3,57.0,0.0
kyiv_city,1,2025-07-01,1,18.0,0.0
kyiv_oblast,2,2025-07-01,2,28.0,13.0
kyiv_city,1,2025-07-02,1,24.0,24.0
kyiv_oblast,2,2025-07-02,1,47.0,47.0
kyiv_city,1,2025-07-03,3,878.0,466.0
kyiv_oblast,2,2025-07-03,1,951.0,480.0
kyiv_city,1,2025-07-04,2,278.0,278.0
kyiv_oblast,2,2025-07-04,1,623.0,480.0
kyiv_city,1,2025-07-05,4,141.0,72.0
kyiv_oblast,2,2025-07-05,4,243.0,175.0
kyiv_city,1,2025-07-06,3,69.0,38.0
kyiv_oblast,2,2025-07-06,4,170.0,142.0
kyiv_oblast,2,2025-07-07,1,89.0,65.0
kyiv_city,1,2025-07-08,1,376.0,376.0
kyiv_oblast,2,2025-07-08,1,445.0,445.0
kyiv_city,1,2025-07-09,2,269.0,249.0
kyiv_oblast,2,2025-07-09,4,729.0,454.0
kyiv_city,1,2025-07-10,1,11.0,0.0
kyiv_oblast,2,2025-07-10,2,322.0,0.0
kyiv_city,1,2025-07-11,2,421.0,358.0
kyiv_oblast,2,2025-07-11,1,597.0,439.0
kyiv_city,1,2025-07-12,1,81.0,0.0
kyiv_oblast,2,2025-07-12,1,219.0,0.0
kyiv_city,1,2025-07-13,1,11.0,0.0
kyiv_oblast,2,2025-07-13,2,123.0,107.0
kyiv_city,1,2025-07-14,1,13.0,0.0
kyiv_oblast,2,2025-07-14,3,462.0,199.0
kyiv_city,1,2025-07-15,3,86.0,51.0
kyiv_oblast,2,2025-07-15,3,390.0,353.0
kyiv_city,1,2025-07-16,1,14.0,0.0
kyiv_oblast,2,2025-07-16,1,10.0,0.0
kyiv_oblast,2,2025-07-17,1,38.0,0.0
kyiv_city,1,2025-07-18,3,372.0,284.0
kyiv_oblast,2,2025-07-18,2,608.0,404.0
kyiv_city,1,2025-07-20,1,483.0,422.0
kyiv_oblast,2,2025-07-20,1,572.0,456.0
kyiv_oblast,2,2025-07-21,1,49.0,0.0
kyiv_city,1,2025-07-22,1,19.0,0.0
kyiv_oblast,2,2025-07-22,1,19.0,0.0
kyiv_city,1,2025-07-23,1,22.0,22.0
kyiv_obl_bila_tserkva,9,2025-07-23,1,18.0,18.0
kyiv_obl_boryspil,5,2025-07-23,1,8.0,8.0
kyiv_obl_brovary,4,2025-07-23,1,12.0,12.0
kyiv_obl_obukhiv,6,2025-07-23,1,17.0,17.0
kyiv_oblast,2,2025-07-23,3,76.0,76.0
kyiv_city,1,2025-07-24,2,49.0,26.0
kyiv_oblast,2,2025-07-24,3,82.0,59.0
kyiv_city,1,2025-07-25,2,109.0,94.0
kyiv_obl_bila_tserkva,9,2025-07-25,1,44.0,44.0
kyiv_obl_boryspil,5,2025-07-25,2,199.0,199.0
kyiv_obl_brovary,4,2025-07-25,1,39.0,39.0
kyiv_obl_fastiv,8,2025-07-25,1,42.0,42.0
kyiv_obl_obukhiv,6,2025-07-25,2,111.0,111.0
kyiv_obl_vyshhorod,3,2025-07-25,1,21.0,21.0
kyiv_oblast,2,2025-07-25,4,265.0,250.0
kyiv_city,1,2025-07-26,1,26.0,0.0
kyiv_obl_bila_tserkva,9,2025-07-26,1,83.0,0.0
kyiv_obl_boryspil,5,2025-07-26,1,98.0,0.0
kyiv_obl_brovary,4,2025-07-26,1,98.0,0.0
kyiv_obl_bucha,7,2025-07-26,1,43.0,0.0
kyiv_obl_fastiv,8,2025-07-26,1,64.0,0.0
kyiv_obl_obukhiv,6,2025-07-26,1,69.0,0.0
kyiv_oblast,2,2025-07-26,2,152.0,0.0
kyiv_city,1,2025-07-27,3,452.0,395.0
kyiv_obl_bila_tserkva,9,2025-07-27,1,327.0,327.0
kyiv_obl_boryspil,5,2025-07-27,2,438.0,416.0
kyiv_obl_brovary,4,2025-07-27,1,436.0,414.0
kyiv_obl_bucha,7,2025-07-27,1,381.0,381.0
kyiv_obl_fastiv,8,2025-07-27,1,370.0,370.0
kyiv_obl_obukhiv,6,2025-07-27,1,406.0,406.0
kyiv_obl_vyshhorod,3,2025-07-27,1,420.0,420.0
kyiv_oblast,2,2025-07-27,4,532.0,454.0
kyiv_city,1,2025-07-28,1,8.0,0.0
kyiv_obl_bila_tserkva,9,2025-07-28,2,30.0,0.0
kyiv_obl_boryspil,5,2025-07-28,1,23.0,0.0
kyiv_obl_brovary,4,2025-07-28,1,23.0,0.0
kyiv_obl_bucha,7,2025-07-28,2,74.0,52.0
kyiv_obl_fastiv,8,2025-07-28,3,72.0,41.0
kyiv_obl_obukhiv,6,2025-07-28,2,32.0,0.0
kyiv_obl_vyshhorod,3,2025-07-28,2,82.0,59.0
kyiv_oblast,2,2025-07-28,3,92.0,60.0
kyiv_city,1,2025-07-29,1,31.0,0.0
kyiv_obl_bila_tserkva,9,2025-07-29,1,35.0,0.0
kyiv_obl_boryspil,5,2025-07-29,1,35.0,0.0
kyiv_obl_brovary,4,2025-07-29,1,35.0,0.0
kyiv_obl_bucha,7,2025-07-29,1,35.0,0.0
kyiv_obl_fastiv,8,2025-07-29,1,35.0,0.0
kyiv_obl_obukhiv,6,2025-07-29,1,35.0,0.0
kyiv_obl_vyshhorod,3,2025-07-29,2,185.0,120.0
kyiv_oblast,2,2025-07-29,2,186.0,120.0
kyiv_city,1,2025-07-30,4,353.0,325.0
kyiv_obl_bila_tserkva,9,2025-07-30,2,366.0,320.0
kyiv_obl_boryspil,5,2025-07-30,2,387.0,321.0
kyiv_obl_brovary,4,2025-07-30,2,386.0,321.0
kyiv_obl_bucha,7,2025-07-30,2,365.0,320.0
kyiv_obl_fastiv,8,2025-07-30,2,366.0,320.0
kyiv_obl_obukhiv,6,2025-07-30,2,366.0,320.0
kyiv_obl_vyshhorod,3,2025-07-30,2,427.0,320.0
kyiv_oblast,2,2025-07-30,4,500.0,392.0
kyiv_city,1,2025-07-31,2,31.0,0.0
kyiv_obl_bila_tserkva,9,2025-07-31,3,78.0,49.0
kyiv_obl_boryspil,5,2025-07-31,3,76.0,48.0
kyiv_obl_brovary,4,2025-07-31,2,28.0,0.0
kyiv_obl_bucha,7,2025-07-31,2,28.0,0.0
kyiv_obl_fastiv,8,2025-07-31,3,57.0,28.0
kyiv_obl_obukhiv,6,2025-07-31,3,79.0,50.0
kyiv_obl_vyshhorod,3,2025-07-31,3,29.0,1.0
kyiv_oblast,2,2025-07-31,4,82.0,51.0
kyiv_city,1,2025-08-01,1,23.0,0.0
kyiv_obl_bila_tserkva,9,2025-08-01,1,27.0,0.0
kyiv_obl_boryspil,5,2025-08-01,2,34.0,0.0
kyiv_obl_brovary,4,2025-08-01,3,53.0,0.0
kyiv_obl_bucha,7,2025-08-01,2,121.0,0.0
kyiv_obl_fastiv,8,2025-08-01,1,27.0,0.0
kyiv_obl_obukhiv,6,2025-08-01,1,27.0,0.0
kyiv_obl_vyshhorod,3,2025-08-01,2,141.0,0.0
kyiv_oblast,2,2025-08-01,2,142.0,0.0
kyiv_city,1,2025-08-02,3,78.0,31.0
kyiv_obl_bila_tserkva,9,2025-08-02,4,92.0,46.0
kyiv_obl_boryspil,5,2025-08-02,4,120.0,74.0
kyiv_obl_brovary,4,2025-08-02,4,136.0,91.0
kyiv_obl_bucha,7,2025-08-02,4,104.0,58.0
kyiv_obl_fastiv,8,2025-08-02,3,75.0,29.0
kyiv_obl_obukhiv,6,2025-08-02,4,120.0,74.0
kyiv_obl_vyshhorod,3,2025-08-02,4,136.0,91.0
kyiv_oblast,2,2025-08-02,4,151.0,104.0
kyiv_city,1,2025-08-03,4,116.0,30.0
kyiv_obl_bila_tserkva,9,2025-08-03,4,436.0,350.0
kyiv_obl_boryspil,5,2025-08-03,5,518.0,418.0
kyiv_obl_brovary,4,2025-08-03,5,453.0,354.0
kyiv_obl_bucha,7,2025-08-03,4,332.0,248.0
kyiv_obl_fastiv,8,2025-08-03,4,281.0,198.0
kyiv_obl_obukhiv,6,2025-08-03,5,483.0,394.0
kyiv_obl_vyshhorod,3,2025-08-03,4,353.0,268.0
kyiv_oblast,2,2025-08-03,5,524.0,419.0
kyiv_city,1,2025-08-04,1,40.0,0.0
kyiv_obl_bila_tserkva,9,2025-08-04,1,42.0,0.0
kyiv_obl_boryspil,5,2025-08-04,1,89.0,0.0
kyiv_obl_brovary,4,2025-08-04,1,89.0,0.0
kyiv_obl_bucha,7,2025-08-04,1,76.0,13.0
kyiv_obl_fastiv,8,2025-08-04,1,43.0,0.0
kyiv_obl_obukhiv,6,2025-08-04,1,42.0,0.0
kyiv_obl_vyshhorod,3,2025-08-04,1,102.0,13.0
kyiv_oblast,2,2025-08-04,2,141.0,13.0
kyiv_city,1,2025-08-05,1,11.0,11.0
kyiv_obl_bila_tserkva,9,2025-08-05,2,37.0,13.0
kyiv_obl_boryspil,5,2025-08-05,2,37.0,13.0
kyiv_obl_brovary,4,2025-08-05,2,37.0,13.0
kyiv_obl_bucha,7,2025-08-05,2,37.0,13.0
kyiv_obl_fastiv,8,2025-08-05,2,37.0,13.0
kyiv_obl_obukhiv,6,2025-08-05,2,37.0,13.0
kyiv_obl_vyshhorod,3,2025-08-05,2,37.0,13.0
kyiv_oblast,2,2025-08-05,2,38.0,13.0
kyiv_city,1,2025-08-07,3,89.0,44.0
kyiv_obl_bila_tserkva,9,2025-08-07,2,62.0,32.0
kyiv_obl_boryspil,5,2025-08-07,1,30.0,0.0
kyiv_obl_brovary,4,2025-08-07,1,30.0,0.0
kyiv_obl_bucha,7,2025-08-07,2,99.0,69.0
kyiv_obl_fastiv,8,2025-08-07,2,81.0,50.0
kyiv_obl_obukhiv,6,2025-08-07,2,66.0,35.0
kyiv_obl_vyshhorod,3,2025-08-07,2,125.0,95.0
kyiv_oblast,2,2025-08-07,3,142.0,96.0
kyiv_city,1,2025-08-08,1,19.0,0.0
kyiv_obl_bila_tserkva,9,2025-08-08,1,19.0,0.0
kyiv_obl_boryspil,5,2025-08-08,1,20.0,0.0
kyiv_obl_brovary,4,2025-08-08,1,20.0,0.0
kyiv_obl_bucha,7,2025-08-08,1,19.0,0.0
kyiv_obl_fastiv,8,2025-08-08,1,20.0,0.0
kyiv_obl_obukhiv,6,2025-08-08,1,19.0,0.0
kyiv_obl_vyshhorod,3,2025-08-08,1,19.0,0.0
kyiv_oblast,2,2025-08-08,1,20.0,0.0
kyiv_city,1,2025-08-09,1,13.0,0.0
kyiv_obl_bila_tserkva,9,2025-08-09,1,12.0,0.0
kyiv_obl_boryspil,5,2025-08-09,1,12.0,0.0
kyiv_obl_brovary,4,2025-08-09,1,12.0,0.0
kyiv_obl_bucha,7,2025-08-09,1,12.0,0.0
kyiv_obl_fastiv,8,2025-08-09,1,12.0,0.0
kyiv_obl_obukhiv,6,2025-08-09,1,12.0,0.0
kyiv_obl_vyshhorod,3,2025-08-09,1,12.0,0.0
kyiv_oblast,2,2025-08-09,1,13.0,0.0
kyiv_city,1,2025-08-11,2,53.0,38.0
kyiv_oblast,2,2025-08-11,2,53.0,38.0
kyiv_city,1,2025-08-12,2,46.0,39.0
kyiv_obl_bila_tserkva,9,2025-08-12,2,59.0,37.0
kyiv_obl_boryspil,5,2025-08-12,2,59.0,37.0
kyiv_obl_brovary,4,2025-08-12,2,59.0,37.0
kyiv_obl_bucha,7,2025-08-12,2,59.0,37.0
kyiv_obl_fastiv,8,2025-08-12,2,59.0,37.0
kyiv_obl_obukhiv,6,2025-08-12,2,59.0,37.0
kyiv_obl_vyshhorod,3,2025-08-12,2,59.0,37.0
kyiv_oblast,2,2025-08-12,2,60.0,38.0
kyiv_city,1,2025-08-13,2,47.0,47.0
kyiv_obl_bila_tserkva,9,2025-08-13,2,46.0,46.0
kyiv_obl_boryspil,5,2025-08-13,2,143.0,143.0
kyiv_obl_brovary,4,2025-08-13,2,44.0,44.0
kyiv_obl_bucha,7,2025-08-13,2,45.0,45.0
kyiv_obl_fastiv,8,2025-08-13,2,44.0,44.0
kyiv_obl_obukhiv,6,2025-08-13,3,86.0,86.0
kyiv_obl_vyshhorod,3,2025-08-13,2,45.0,45.0
kyiv_oblast,2,2025-08-13,2,150.0,150.0
kyiv_city,1,2025-08-14,4,66.0,11.0
kyiv_obl_bila_tserkva,9,2025-08-14,4,67.0,11.0
kyiv_obl_boryspil,5,2025-08-14,4,117.0,11.0
kyiv_obl_brovary,4,2025-08-14,4,137.0,27.0
kyiv_obl_bucha,7,2025-08-14,4,68.0,11.0
kyiv_obl_fastiv,8,2025-08-14,4,69.0,11.0
kyiv_obl_obukhiv,6,2025-08-14,4,69.0,11.0
kyiv_obl_vyshhorod,3,2025-08-14,6,147.0,11.0
kyiv_oblast,2,2025-08-14,6,217.0,28.0
kyiv_city,1,2025-08-15,2,32.0,0.0
kyiv_obl_bucha,7,2025-08-15,1,13.0,0.0
kyiv_obl_vyshhorod,3,2025-08-15,0,55.0,0.0
kyiv_oblast,2,2025-08-15,2,84.0,0.0
kyiv_city,1,2025-08-16,1,18.0,0.0
kyiv_obl_bila_tserkva,9,2025-08-16,1,16.0,0.0
kyiv_obl_boryspil,5,2025-08-16,1,17.0,0.0
kyiv_obl_brovary,4,2025-08-16,2,57.0,0.0
kyiv_obl_bucha,7,2025-08-16,1,16.0,0.0
kyiv_obl_fastiv,8,2025-08-16,1,17.0,0.0
kyiv_obl_obukhiv,6,2025-08-16,1,16.0,0.0
kyiv_obl_vyshhorod,3,2025-08-16,2,48.0,0.0
kyiv_oblast,2,2025-08-16,2,67.0,0.0
kyiv_city,1,2025-08-17,1,62.0,62.0
kyiv_obl_bila_tserkva,9,2025-08-17,1,62.0,62.0
kyiv_obl_boryspil,5,2025-08-17,2,117.0,117.0
kyiv_obl_brovary,4,2025-08-17,2,117.0,117.0
kyiv_obl_bucha,7,2025-08-17,1,62.0,62.0
kyiv_obl_fastiv,8,2025-08-17,1,63.0,63.0
kyiv_obl_obukhiv,6,2025-08-17,1,62.0,62.0
kyiv_obl_vyshhorod,3,2025-08-17,1,62.0,62.0
kyiv_oblast,2,2025-08-17,2,118.0,118.0
kyiv_city,1,2025-08-18,2,53.0,37.0
kyiv_obl_bila_tserkva,9,2025-08-18,2,177.0,177.0
kyiv_obl_boryspil,5,2025-08-18,2,250.0,250.0
kyiv_obl_brovary,4,2025-08-18,2,220.0,129.0
kyiv_obl_bucha,7,2025-08-18,1,130.0,130.0
kyiv_obl_fastiv,8,2025-08-18,1,129.0,129.0
kyiv_obl_obukhiv,6,2025-08-18,2,227.0,227.0
kyiv_obl_vyshhorod,3,2025-08-18,1,130.0,130.0
kyiv_oblast,2,2025-08-18,3,401.0,294.0
kyiv_obl_boryspil,5,2025-08-19,1,69.0,0.0
kyiv_obl_brovary,4,2025-08-19,2,449.0,112.0
kyiv_obl_vyshhorod,3,2025-08-19,1,33.0,33.0
kyiv_oblast,2,2025-08-19,3,484.0,145.0
kyiv_city,1,2025-08-20,3,549.0,445.0
kyiv_obl_bila_tserkva,9,2025-08-20,1,465.0,388.0
kyiv_obl_boryspil,5,2025-08-20,2,552.0,463.0
kyiv_obl_brovary,4,2025-08-20,3,714.0,480.0
kyiv_obl_bucha,7,2025-08-20,1,486.0,387.0
kyiv_obl_fastiv,8,2025-08-20,1,416.0,387.0
kyiv_obl_obukhiv,6,2025-08-20,1,452.0,423.0
kyiv_obl_vyshhorod,3,2025-08-20,2,590.0,451.0
kyiv_oblast,2,2025-08-20,5,778.0,480.0
kyiv_city,1,2025-08-21,3,135.0,0.0
kyiv_obl_bila_tserkva,9,2025-08-21,1,14.0,0.0
kyiv_obl_boryspil,5,2025-08-21,3,159.0,0.0
kyiv_obl_brovary,4,2025-08-21,3,195.0,0.0
kyiv_obl_bucha,7,2025-08-21,2,79.0,0.0
kyiv_obl_fastiv,8,2025-08-21,2,87.0,0.0
kyiv_obl_obukhiv,6,2025-08-21,2,103.0,0.0
kyiv_obl_vyshhorod,3,2025-08-21,2,96.0,0.0
kyiv_oblast,2,2025-08-21,3,233.0,0.0
kyiv_city,1,2025-08-22,3,74.0,1.0
kyiv_obl_bila_tserkva,9,2025-08-22,3,145.0,0.0
kyiv_obl_boryspil,5,2025-08-22,4,208.0,3.0
kyiv_obl_brovary,4,2025-08-22,4,220.0,15.0
kyiv_obl_bucha,7,2025-08-22,2,38.0,0.0
kyiv_obl_fastiv,8,2025-08-22,3,112.0,0.0
kyiv_obl_obukhiv,6,2025-08-22,3,255.0,0.0
kyiv_obl_vyshhorod,3,2025-08-22,2,47.0,0.0
kyiv_oblast,2,2025-08-22,5,347.0,15.0
kyiv_obl_boryspil,5,2025-08-23,1,18.0,0.0
kyiv_obl_brovary,4,2025-08-23,1,117.0,0.0
kyiv_oblast,2,2025-08-23,1,117.0,0.0
kyiv_obl_bila_tserkva,9,2025-08-24,1,14.0,0.0
kyiv_obl_boryspil,5,2025-08-24,1,14.0,0.0
kyiv_obl_brovary,4,2025-08-24,1,14.0,0.0
kyiv_obl_bucha,7,2025-08-24,1,14.0,0.0
kyiv_obl_fastiv,8,2025-08-24,1,13.0,0.0
kyiv_obl_obukhiv,6,2025-08-24,1,14.0,0.0
kyiv_obl_vyshhorod,3,2025-08-24,1,14.0,0.0
kyiv_oblast,2,2025-08-24,1,14.0,0.0
kyiv_city,1,2025-08-25,1,15.0,0.0
kyiv_obl_bila_tserkva,9,2025-08-25,1,14.0,0.0
kyiv_obl_boryspil,5,2025-08-25,1,14.0,0.0
kyiv_obl_brovary,4,2025-08-25,1,14.0,0.0
kyiv_obl_bucha,7,2025-08-25,1,14.0,0.0
kyiv_obl_fastiv,8,2025-08-25,1,14.0,0.0
kyiv_obl_obukhiv,6,2025-08-25,1,14.0,0.0
kyiv_obl_vyshhorod,3,2025-08-25,1,14.0,0.0
kyiv_oblast,2,2025-08-25,2,45.0,0.0
kyiv_city,1,2025-08-27,2,681.0,480.0
kyiv_obl_bila_tserkva,9,2025-08-27,1,514.0,461.0
kyiv_obl_boryspil,5,2025-08-27,1,756.0,480.0
kyiv_obl_brovary,4,2025-08-27,1,756.0,480.0
kyiv_obl_bucha,7,2025-08-27,1,691.0,480.0
kyiv_obl_fastiv,8,2025-08-27,1,560.0,480.0
kyiv_obl_obukhiv,6,2025-08-27,2,695.0,480.0
kyiv_obl_vyshhorod,3,2025-08-27,1,719.0,480.0
kyiv_oblast,2,2025-08-27,1,761.0,480.0
kyiv_city,1,2025-08-28,2,21.0,0.0
kyiv_obl_bila_tserkva,9,2025-08-28,1,7.0,0.0
kyiv_obl_boryspil,5,2025-08-28,4,103.0,7.0
kyiv_obl_brovary,4,2025-08-28,4,212.0,38.0
kyiv_obl_bucha,7,2025-08-28,1,7.0,0.0
kyiv_obl_fastiv,8,2025-08-28,1,7.0,0.0
kyiv_obl_obukhiv,6,2025-08-28,1,7.0,0.0
kyiv_obl_vyshhorod,3,2025-08-28,3,75.0,24.0
kyiv_oblast,2,2025-08-28,4,222.0,48.0
kyiv_city,1,2025-08-29,5,557.0,444.0
kyiv_obl_bila_tserkva,9,2025-08-29,3,646.0,478.0
kyiv_obl_boryspil,5,2025-08-29,4,656.0,480.0
kyiv_obl_brovary,4,2025-08-29,3,610.0,480.0
kyiv_obl_bucha,7,2025-08-29,3,565.0,446.0
kyiv_obl_fastiv,8,2025-08-29,3,601.0,433.0
kyiv_obl_obukhiv,6,2025-08-29,3,678.0,480.0
kyiv_obl_vyshhorod,3,2025-08-29,3,587.0,468.0
kyiv_oblast,2,2025-08-29,3,679.0,480.0
kyiv_city,1,2025-08-30,0,34.0,0.0
kyiv_obl_bila_tserkva,9,2025-08-30,0,34.0,0.0
kyiv_obl_boryspil,5,2025-08-30,0,35.0,0.0
kyiv_obl_brovary,4,2025-08-30,0,35.0,0.0
kyiv_obl_bucha,7,2025-08-30,0,35.0,0.0
kyiv_obl_fastiv,8,2025-08-30,0,35.0,0.0
kyiv_obl_obukhiv,6,2025-08-30,0,35.0,0.0
kyiv_obl_vyshhorod,3,2025-08-30,0,34.0,0.0
kyiv_oblast,2,2025-08-30,0,35.0,0.0
kyiv_city,1,2025-08-31,1,23.0,0.0
kyiv_obl_bila_tserkva,9,2025-08-31,1,131.0,131.0
kyiv_obl_boryspil,5,2025-08-31,3,288.0,122.0
kyiv_obl_brovary,4,2025-08-31,4,291.0,137.0
kyiv_obl_bucha,7,2025-08-31,1,126.0,126.0
kyiv_obl_fastiv,8,2025-08-31,1,110.0,110.0
kyiv_obl_obukhiv,6,2025-08-31,1,132.0,132.0
kyiv_obl_vyshhorod,3,2025-08-31,2,241.0,158.0
kyiv_oblast,2,2025-08-31,5,464.0,182.0
kyiv_city,1,2025-09-01,2,201.0,42.0
kyiv_obl_bila_tserkva,9,2025-09-01,3,342.0,110.0
kyiv_obl_boryspil,5,2025-09-01,4,329.0,133.0
kyiv_obl_brovary,4,2025-09-01,4,344.0,120.0
kyiv_obl_bucha,7,2025-09-01,2,258.0,92.0
kyiv_obl_fastiv,8,2025-09-01,2,209.0,61.0
kyiv_obl_obukhiv,6,2025-09-01,3,379.0,109.0
kyiv_obl_vyshhorod,3,2025-09-01,2,284.0,103.0
kyiv_oblast,2,2025-09-01,3,462.0,134.0
kyiv_city,1,2025-09-02,4,522.0,324.0
kyiv_obl_bila_tserkva,9,2025-09-02,3,680.0,416.0
kyiv_obl_boryspil,5,2025-09-02,3,634.0,417.0
kyiv_obl_brovary,4,2025-09-02,2,795.0,480.0
kyiv_obl_bucha,7,2025-09-02,2,857.0,480.0
kyiv_obl_fastiv,8,2025-09-02,3,722.0,416.0
kyiv_obl_obukhiv,6,2025-09-02,3,708.0,416.0
kyiv_obl_vyshhorod,3,2025-09-02,2,947.0,480.0
kyiv_oblast,2,2025-09-02,2,961.0,480.0
kyiv_obl_boryspil,5,2025-09-03,1,16.0,0.0
kyiv_obl_brovary,4,2025-09-03,1,48.0,0.0
kyiv_obl_obukhiv,6,2025-09-03,1,15.0,0.0
kyiv_obl_vyshhorod,3,2025-09-03,2,76.0,0.0
kyiv_oblast,2,2025-09-03,3,124.0,0.0
kyiv_city,1,2025-09-04,1,28.0,0.0
kyiv_obl_bila_tserkva,9,2025-09-04,1,29.0,0.0
kyiv_obl_boryspil,5,2025-09-04,1,29.0,0.0
kyiv_obl_brovary,4,2025-09-04,2,90.0,0.0
kyiv_obl_bucha,7,2025-09-04,1,29.0,0.0
kyiv_obl_fastiv,8,2025-09-04,1,29.0,0.0
kyiv_obl_obukhiv,6,2025-09-04,1,29.0,0.0
kyiv_obl_vyshhorod,3,2025-09-04,4,118.0,0.0
kyiv_oblast,2,2025-09-04,4,128.0,0.0
kyiv_city,1,2025-09-05,1,208.0,208.0
kyiv_obl_boryspil,5,2025-09-05,1,195.0,195.0
kyiv_obl_brovary,4,2025-09-05,1,214.0,214.0
kyiv_obl_bucha,7,2025-09-05,1,110.0,0.0
kyiv_obl_fastiv,8,2025-09-05,2,117.0,117.0
kyiv_obl_obukhiv,6,2025-09-05,2,129.0,129.0
kyiv_obl_vyshhorod,3,2025-09-05,3,621.0,257.0
kyiv_oblast,2,2025-09-05,3,622.0,258.0
kyiv_city,1,2025-09-06,4,710.0,447.0
kyiv_obl_bila_tserkva,9,2025-09-06,3,436.0,374.0
kyiv_obl_boryspil,5,2025-09-06,3,650.0,453.0
kyiv_obl_brovary,4,2025-09-06,4,805.0,453.0
kyiv_obl_bucha,7,2025-09-06,3,768.0,453.0
kyiv_obl_fastiv,8,2025-09-06,3,419.0,357.0
kyiv_obl_obukhiv,6,2025-09-06,4,446.0,374.0
kyiv_obl_vyshhorod,3,2025-09-06,2,841.0,480.0
kyiv_oblast,2,2025-09-06,3,856.0,480.0
kyiv_city,1,2025-09-07,3,157.0,46.0
kyiv_obl_bila_tserkva,9,2025-09-07,1,206.0,206.0
kyiv_obl_boryspil,5,2025-09-07,2,315.0,180.0
kyiv_obl_brovary,4,2025-09-07,2,414.0,178.0
kyiv_obl_bucha,7,2025-09-07,1,60.0,60.0
kyiv_obl_fastiv,8,2025-09-07,2,84.0,73.0
kyiv_obl_obukhiv,6,2025-09-07,2,325.0,199.0
kyiv_obl_vyshhorod,3,2025-09-07,1,132.0,0.0
kyiv_oblast,2,2025-09-07,3,574.0,206.0
kyiv_obl_boryspil,5,2025-09-08,1,47.0,0.0
kyiv_obl_brovary,4,2025-09-08,1,71.0,0.0
kyiv_obl_bucha,7,2025-09-08,2,157.0,0.0
kyiv_obl_vyshhorod,3,2025-09-08,2,196.0,0.0
kyiv_oblast,2,2025-09-08,2,196.0,0.0
kyiv_city,1,2025-09-09,2,506.0,392.0
kyiv_obl_bila_tserkva,9,2025-09-09,1,385.0,316.0
kyiv_obl_boryspil,5,2025-09-09,2,513.0,399.0
kyiv_obl_brovary,4,2025-09-09,3,647.0,480.0
kyiv_obl_bucha,7,2025-09-09,1,540.0,471.0
kyiv_obl_fastiv,8,2025-09-09,1,459.0,391.0
kyiv_obl_obukhiv,6,2025-09-09,3,505.0,391.0
kyiv_obl_vyshhorod,3,2025-09-09,4,768.0,480.0
kyiv_oblast,2,2025-09-09,5,792.0,480.0
kyiv_city,1,2025-09-10,2,48.0,0.0
kyiv_obl_bila_tserkva,9,2025-09-10,2,58.0,0.0
kyiv_obl_boryspil,5,2025-09-10,3,108.0,0.0
kyiv_obl_brovary,4,2025-09-10,3,108.0,0.0
kyiv_obl_bucha,7,2025-09-10,2,58.0,0.0
kyiv_obl_fastiv,8,2025-09-10,2,58.0,0.0
kyiv_obl_obukhiv,6,2025-09-10,3,83.0,0.0
kyiv_obl_vyshhorod,3,2025-09-10,3,235.0,0.0
kyiv_oblast,2,2025-09-10,5,303.0,0.0
kyiv_obl_brovary,4,2025-09-11,1,14.0,0.0
kyiv_obl_bucha,7,2025-09-11,1,33.0,33.0
kyiv_obl_vyshhorod,3,2025-09-11,1,38.0,38.0
kyiv_oblast,2,2025-09-11,2,53.0,38.0
kyiv_obl_bila_tserkva,9,2025-09-12,1,5.0,0.0
kyiv_obl_bucha,7,2025-09-12,1,54.0,26.0
kyiv_obl_fastiv,8,2025-09-12,1,30.0,2.0
kyiv_obl_vyshhorod,3,2025-09-12,2,109.0,47.0
kyiv_oblast,2,2025-09-12,2,136.0,47.0
kyiv_city,1,2025-09-13,1,41.0,0.0
kyiv_obl_boryspil,5,2025-09-13,1,64.0,0.0
kyiv_obl_brovary,4,2025-09-13,1,55.0,0.0
kyiv_obl_bucha,7,2025-09-13,1,45.0,0.0
kyiv_obl_fastiv,8,2025-09-13,1,45.0,0.0
kyiv_oblast,2,2025-09-13,1,98.0,0.0
kyiv_city,1,2025-09-14,2,36.0,1.0
kyiv_obl_bila_tserkva,9,2025-09-14,1,21.0,0.0
kyiv_obl_boryspil,5,2025-09-14,1,21.0,0.0
kyiv_obl_brovary,4,2025-09-14,2,40.0,1.0
kyiv_obl_bucha,7,2025-09-14,1,21.0,0.0
kyiv_obl_fastiv,8,2025-09-14,1,21.0,0.0
kyiv_obl_obukhiv,6,2025-09-14,1,21.0,0.0
kyiv_obl_vyshhorod,3,2025-09-14,1,21.0,0.0
kyiv_oblast,2,2025-09-14,2,41.0,1.0
kyiv_city,1,2025-09-15,2,96.0,96.0
kyiv_obl_bila_tserkva,9,2025-09-15,1,146.0,146.0
kyiv_obl_boryspil,5,2025-09-15,2,191.0,146.0
kyiv_obl_brovary,4,2025-09-15,2,189.0,144.0
kyiv_obl_bucha,7,2025-09-15,3,234.0,103.0
kyiv_obl_fastiv,8,2025-09-15,3,195.0,134.0
kyiv_obl_obukhiv,6,2025-09-15,3,213.0,162.0
kyiv_obl_vyshhorod,3,2025-09-15,2,331.0,165.0
kyiv_oblast,2,2025-09-15,2,398.0,231.0
kyiv_city,1,2025-09-16,1,17.0,17.0
kyiv_obl_boryspil,5,2025-09-16,1,47.0,47.0
kyiv_obl_brovary,4,2025-09-16,1,47.0,47.0
kyiv_oblast,2,2025-09-16,2,65.0,65.0
kyiv_city,1,2025-09-17,1,47.0,47.0
kyiv_obl_boryspil,5,2025-09-17,2,139.0,92.0
kyiv_obl_brovary,4,2025-09-17,2,122.0,92.0
kyiv_obl_bucha,7,2025-09-17,1,42.0,42.0
kyiv_obl_fastiv,8,2025-09-17,1,44.0,44.0
kyiv_obl_obukhiv,6,2025-09-17,1,65.0,65.0
kyiv_obl_vyshhorod,3,2025-09-17,1,44.0,44.0
kyiv_oblast,2,2025-09-17,2,140.0,92.0
kyiv_city,1,2025-09-18,4,171.0,43.0
kyiv_obl_bila_tserkva,9,2025-09-18,3,169.0,45.0
kyiv_obl_boryspil,5,2025-09-18,2,209.0,46.0
kyiv_obl_brovary,4,2025-09-18,2,234.0,58.0
kyiv_obl_bucha,7,2025-09-18,2,172.0,54.0
kyiv_obl_fastiv,8,2025-09-18,2,139.0,54.0
kyiv_obl_obukhiv,6,2025-09-18,2,179.0,31.0
kyiv_obl_vyshhorod,3,2025-09-18,1,236.0,0.0
kyiv_oblast,2,2025-09-18,2,324.0,87.0
kyiv_city,1,2025-09-19,4,322.0,100.0
kyiv_obl_bila_tserkva,9,2025-09-19,3,223.0,98.0
kyiv_obl_boryspil,5,2025-09-19,5,438.0,192.0
kyiv_obl_brovary,4,2025-09-19,5,476.0,140.0
kyiv_obl_bucha,7,2025-09-19,4,300.0,98.0
kyiv_obl_fastiv,8,2025-09-19,4,267.0,98.0
kyiv_obl_obukhiv,6,2025-09-19,5,388.0,157.0
kyiv_obl_vyshhorod,3,2025-09-19,8,597.0,147.0
kyiv_oblast,2,2025-09-19,9,711.0,211.0
kyiv_city,1,2025-09-20,2,41.0,0.0
kyiv_obl_boryspil,5,2025-09-20,1,55.0,0.0
kyiv_obl_fastiv,8,2025-09-20,1,13.0,0.0
kyiv_obl_obukhiv,6,2025-09-20,1,13.0,0.0
kyiv_obl_vyshhorod,3,2025-09-20,1,57.0,57.0
kyiv_oblast,2,2025-09-20,3,125.0,57.0
kyiv_city,1,2025-09-21,1,82.0,82.0
kyiv_obl_bila_tserkva,9,2025-09-21,1,91.0,91.0
kyiv_obl_boryspil,5,2025-09-21,1,210.0,210.0
kyiv_obl_brovary,4,2025-09-21,1,203.0,203.0
kyiv_obl_bucha,7,2025-09-21,1,92.0,92.0
kyiv_obl_fastiv,8,2025-09-21,2,105.0,105.0
kyiv_obl_obukhiv,6,2025-09-21,1,161.0,161.0
kyiv_obl_vyshhorod,3,2025-09-21,1,151.0,151.0
kyiv_oblast,2,2025-09-21,1,210.0,210.0
kyiv_city,1,2025-09-22,1,35.0,0.0
kyiv_obl_bila_tserkva,9,2025-09-22,2,59.0,0.0
kyiv_obl_boryspil,5,2025-09-22,2,59.0,0.0
kyiv_obl_brovary,4,2025-09-22,2,59.0,0.0
kyiv_obl_bucha,7,2025-09-22,2,59.0,0.0
kyiv_obl_fastiv,8,2025-09-22,2,59.0,0.0
kyiv_obl_obukhiv,6,2025-09-22,2,59.0,0.0
kyiv_obl_vyshhorod,3,2025-09-22,2,59.0,0.0
kyiv_oblast,2,2025-09-22,2,61.0,0.0
kyiv_city,1,2025-09-23,1,7.0,7.0
kyiv_obl_boryspil,5,2025-09-23,2,43.0,36.0
kyiv_obl_brovary,4,2025-09-23,2,54.0,41.0
kyiv_obl_obukhiv,6,2025-09-23,1,23.0,23.0
kyiv_oblast,2,2025-09-23,2,54.0,41.0
kyiv_city,1,2025-09-24,1,40.0,0.0
kyiv_obl_bila_tserkva,9,2025-09-24,1,44.0,0.0
kyiv_obl_boryspil,5,2025-09-24,1,135.0,59.0
kyiv_obl_brovary,4,2025-09-24,1,260.0,59.0
kyiv_obl_bucha,7,2025-09-24,1,44.0,0.0
kyiv_obl_fastiv,8,2025-09-24,1,44.0,0.0
kyiv_obl_obukhiv,6,2025-09-24,1,44.0,0.0
kyiv_obl_vyshhorod,3,2025-09-24,1,245.0,0.0
kyiv_oblast,2,2025-09-24,1,335.0,59.0
kyiv_obl_bila_tserkva,9,2025-09-25,2,89.0,0.0
kyiv_obl_boryspil,5,2025-09-25,2,387.0,387.0
kyiv_obl_brovary,4,2025-09-25,1,136.0,136.0
kyiv_obl_obukhiv,6,2025-09-25,1,49.0,0.0
kyiv_obl_vyshhorod,3,2025-09-25,1,51.0,0.0
kyiv_oblast,2,2025-09-25,5,527.0,387.0
kyiv_city,1,2025-09-26,2,37.0,17.0
kyiv_obl_bila_tserkva,9,2025-09-26,1,19.0,0.0
kyiv_obl_boryspil,5,2025-09-26,2,42.0,23.0
kyiv_obl_brovary,4,2025-09-26,3,75.0,56.0
kyiv_obl_bucha,7,2025-09-26,2,54.0,35.0
kyiv_obl_fastiv,8,2025-09-26,1,19.0,0.0
kyiv_obl_obukhiv,6,2025-09-26,1,19.0,0.0
kyiv_obl_vyshhorod,3,2025-09-26,2,64.0,45.0
kyiv_oblast,2,2025-09-26,3,95.0,75.0
kyiv_city,1,2025-09-27,2,428.0,235.0
kyiv_obl_bila_tserkva,9,2025-09-27,1,88.0,0.0
kyiv_obl_brovary,4,2025-09-27,1,53.0,53.0
kyiv_obl_fastiv,8,2025-09-27,1,19.0,19.0
kyiv_obl_obukhiv,6,2025-09-27,2,53.0,19.0
kyiv_oblast,2,2025-09-27,3,557.0,267.0
kyiv_city,1,2025-09-28,1,25.0,0.0
kyiv_obl_bila_tserkva,9,2025-09-28,1,19.0,0.0
kyiv_obl_boryspil,5,2025-09-28,1,67.0,0.0
kyiv_obl_brovary,4,2025-09-28,1,92.0,0.0
kyiv_obl_obukhiv,6,2025-09-28,1,41.0,0.0
kyiv_obl_vyshhorod,3,2025-09-28,1,77.0,0.0
kyiv_oblast,2,2025-09-28,1,92.0,0.0
kyiv_city,1,2025-09-29,1,20.0,0.0
kyiv_obl_bila_tserkva,9,2025-09-29,1,35.0,0.0
kyiv_obl_boryspil,5,2025-09-29,2,161.0,148.0
kyiv_obl_brovary,4,2025-09-29,3,297.0,246.0
kyiv_obl_bucha,7,2025-09-29,2,51.0,24.0
kyiv_obl_fastiv,8,2025-09-29,2,35.0,0.0
kyiv_obl_obukhiv,6,2025-09-29,1,33.0,0.0
kyiv_obl_vyshhorod,3,2025-09-29,3,138.0,73.0
kyiv_oblast,2,2025-09-29,5,394.0,246.0
kyiv_city,1,2025-09-30,2,116.0,0.0
kyiv_obl_bila_tserkva,9,2025-09-30,2,61.0,0.0
kyiv_obl_boryspil,5,2025-09-30,3,83.0,0.0
kyiv_obl_brovary,4,2025-09-30,6,302.0,0.0
kyiv_obl_bucha,7,2025-09-30,4,148.0,23.0
kyiv_obl_fastiv,8,2025-09-30,2,71.0,0.0
kyiv_obl_obukhiv,6,2025-09-30,2,72.0,0.0
kyiv_obl_vyshhorod,3,2025-09-30,3,310.0,56.0
kyiv_oblast,2,2025-09-30,6,588.0,56.0
kyiv_city,1,2025-10-01,2,210.0,40.0
kyiv_obl_bila_tserkva,9,2025-10-01,1,87.0,0.0
kyiv_obl_boryspil,5,2025-10-01,2,50.0,0.0
kyiv_obl_brovary,4,2025-10-01,2,164.0,0.0
kyiv_obl_bucha,7,2025-10-01,2,192.0,50.0
kyiv_obl_fastiv,8,2025-10-01,1,18.0,0.0
kyiv_obl_obukhiv,6,2025-10-01,1,49.0,0.0
kyiv_obl_vyshhorod,3,2025-10-01,3,367.0,66.0
kyiv_oblast,2,2025-10-01,4,480.0,67.0
kyiv_city,1,2025-10-02,4,387.0,219.0
kyiv_obl_bila_tserkva,9,2025-10-02,3,459.0,352.0
kyiv_obl_boryspil,5,2025-10-02,3,482.0,352.0
kyiv_obl_brovary,4,2025-10-02,3,465.0,352.0
kyiv_obl_bucha,7,2025-10-02,3,553.0,302.0
kyiv_obl_fastiv,8,2025-10-02,2,426.0,352.0
kyiv_obl_obukhiv,6,2025-10-02,3,471.0,352.0
kyiv_obl_vyshhorod,3,2025-10-02,3,655.0,352.0
kyiv_oblast,2,2025-10-02,3,842.0,435.0
kyiv_city,1,2025-10-03,1,33.0,0.0
kyiv_obl_bila_tserkva,9,2025-10-03,1,131.0,0.0
kyiv_obl_boryspil,5,2025-10-03,1,20.0,0.0
kyiv_obl_brovary,4,2025-10-03,3,70.0,7.0
kyiv_obl_obukhiv,6,2025-10-03,1,38.0,0.0
kyiv_oblast,2,2025-10-03,4,231.0,7.0
kyiv_city,1,2025-10-04,2,392.0,279.0
kyiv_obl_bila_tserkva,9,2025-10-04,2,415.0,305.0
kyiv_obl_boryspil,5,2025-10-04,3,514.0,350.0
kyiv_obl_brovary,4,2025-10-04,4,550.0,391.0
kyiv_obl_bucha,7,2025-10-04,2,482.0,373.0
kyiv_obl_fastiv,8,2025-10-04,2,415.0,306.0
kyiv_obl_obukhiv,6,2025-10-04,2,433.0,324.0
kyiv_obl_vyshhorod,3,2025-10-04,4,615.0,434.0
kyiv_oblast,2,2025-10-04,6,692.0,439.0
kyiv_city,1,2025-10-05,1,27.0,27.0
kyiv_obl_bila_tserkva,9,2025-10-05,1,131.0,131.0
kyiv_obl_boryspil,5,2025-10-05,1,28.0,28.0
kyiv_obl_brovary,4,2025-10-05,1,29.0,29.0
kyiv_obl_bucha,7,2025-10-05,1,38.0,38.0
kyiv_obl_fastiv,8,2025-10-05,2,89.0,89.0
kyiv_obl_obukhiv,6,2025-10-05,2,124.0,124.0
kyiv_obl_vyshhorod,3,2025-10-05,1,60.0,27.0
kyiv_oblast,2,2025-10-05,3,230.0,137.0
kyiv_city,1,2025-10-06,1,84.0,0.0
kyiv_obl_boryspil,5,2025-10-06,1,60.0,0.0
kyiv_obl_brovary,4,2025-10-06,1,99.0,0.0
kyiv_obl_bucha,7,2025-10-06,1,71.0,0.0
kyiv_obl_fastiv,8,2025-10-06,1,68.0,0.0
kyiv_obl_obukhiv,6,2025-10-06,1,50.0,0.0
kyiv_obl_vyshhorod,3,2025-10-06,1,82.0,0.0
kyiv_oblast,2,2025-10-06,1,99.0,0.0
kyiv_city,1,2025-10-07,3,91.0,34.0
kyiv_obl_bila_tserkva,9,2025-10-07,1,184.0,176.0
kyiv_obl_boryspil,5,2025-10-07,3,302.0,194.0
kyiv_obl_brovary,4,2025-10-07,4,412.0,176.0
kyiv_obl_bucha,7,2025-10-07,2,80.0,65.0
kyiv_obl_fastiv,8,2025-10-07,1,191.0,176.0
kyiv_obl_obukhiv,6,2025-10-07,2,245.0,176.0
kyiv_obl_vyshhorod,3,2025-10-07,3,136.0,33.0
kyiv_oblast,2,2025-10-07,6,539.0,195.0
kyiv_obl_boryspil,5,2025-10-08,2,47.0,33.0
kyiv_obl_brovary,4,2025-10-08,1,51.0,51.0
kyiv_oblast,2,2025-10-08,2,66.0,51.0
kyiv_city,1,2025-10-09,4,446.0,345.0
kyiv_obl_bila_tserkva,9,2025-10-09,3,370.0,304.0
kyiv_obl_boryspil,5,2025-10-09,4,456.0,348.0
kyiv_obl_brovary,4,2025-10-09,4,497.0,374.0
kyiv_obl_bucha,7,2025-10-09,4,436.0,340.0
kyiv_obl_fastiv,8,2025-10-09,4,426.0,340.0
kyiv_obl_obukhiv,6,2025-10-09,3,381.0,316.0
kyiv_obl_vyshhorod,3,2025-10-09,4,490.0,352.0
kyiv_oblast,2,2025-10-09,5,585.0,404.0
kyiv_obl_brovary,4,2025-10-10,1,35.0,0.0
kyiv_oblast,2,2025-10-10,1,35.0,0.0
kyiv_city,1,2025-10-11,2,33.0,0.0
kyiv_obl_bila_tserkva,9,2025-10-11,1,57.0,0.0
kyiv_obl_boryspil,5,2025-10-11,2,75.0,0.0
kyiv_obl_brovary,4,2025-10-11,3,132.0,0.0
kyiv_obl_fastiv,8,2025-10-11,1,90.0,0.0
kyiv_obl_obukhiv,6,2025-10-11,1,90.0,0.0
kyiv_obl_vyshhorod,3,2025-10-11,2,84.0,0.0
kyiv_oblast,2,2025-10-11,2,180.0,0.0
kyiv_city,1,2025-10-12,1,16.0,16.0
kyiv_obl_boryspil,5,2025-10-12,1,10.0,0.0
kyiv_obl_brovary,4,2025-10-12,1,30.0,0.0
kyiv_obl_vyshhorod,3,2025-10-12,1,71.0,0.0
kyiv_oblast,2,2025-10-12,2,84.0,14.0
kyiv_city,1,2025-10-13,2,46.0,23.0
kyiv_obl_boryspil,5,2025-10-13,1,77.0,66.0
kyiv_obl_brovary,4,2025-10-13,3,267.0,151.0
kyiv_oblast,2,2025-10-13,4,294.0,151.0
kyiv_city,1,2025-10-15,3,113.0,55.0
kyiv_obl_brovary,4,2025-10-15,1,18.0,18.0
kyiv_oblast,2,2025-10-15,3,117.0,60.0
kyiv_obl_bila_tserkva,9,2025-10-17,1,108.0,108.0
kyiv_obl_boryspil,5,2025-10-17,1,212.0,212.0
kyiv_obl_brovary,4,2025-10-17,1,202.0,202.0
kyiv_obl_bucha,7,2025-10-17,1,107.0,107.0
kyiv_obl_obukhiv,6,2025-10-17,1,142.0,142.0
kyiv_obl_vyshhorod,3,2025-10-17,2,208.0,182.0
kyiv_oblast,2,2025-10-17,1,249.0,223.0
kyiv_city,1,2025-10-18,1,26.0,0.0
kyiv_oblast,2,2025-10-18,1,24.0,0.0
kyiv_city,1,2025-10-20,3,85.0,68.0
kyiv_obl_brovary,4,2025-10-20,1,147.0,70.0
kyiv_obl_vyshhorod,3,2025-10-20,1,147.0,71.0
kyiv_oblast,2,2025-10-20,6,290.0,136.0
kyiv_city,1,2025-10-21,5,408.0,211.0
kyiv_obl_bila_tserkva,9,2025-10-21,4,323.0,126.0
kyiv_obl_boryspil,5,2025-10-21,4,417.0,220.0
kyiv_obl_brovary,4,2025-10-21,4,472.0,276.0
kyiv_obl_bucha,7,2025-10-21,4,405.0,207.0
kyiv_obl_fastiv,8,2025-10-21,4,327.0,130.0
kyiv_obl_obukhiv,6,2025-10-21,4,412.0,215.0
kyiv_obl_vyshhorod,3,2025-10-21,4,464.0,266.0
kyiv_oblast,2,2025-10-21,4,476.0,277.0
kyiv_city,1,2025-10-22,4,132.0,83.0
kyiv_obl_bila_tserkva,9,2025-10-22,1,17.0,0.0
kyiv_obl_boryspil,5,2025-10-22,3,99.0,57.0
kyiv_obl_brovary,4,2025-10-22,3,148.0,93.0
kyiv_obl_bucha,7,2025-10-22,3,118.0,83.0
kyiv_obl_fastiv,8,2025-10-22,1,18.0,0.0
kyiv_obl_obukhiv,6,2025-10-22,2,57.0,39.0
kyiv_obl_vyshhorod,3,2025-10-22,4,218.0,183.0
kyiv_oblast,2,2025-10-22,6,295.0,210.0
kyiv_city,1,2025-10-23,1,30.0,0.0
kyiv_oblast,2,2025-10-23,1,30.0,0.0
kyiv_city,1,2025-10-24,2,67.0,67.0
kyiv_obl_boryspil,5,2025-10-24,1,67.0,30.0
kyiv_obl_brovary,4,2025-10-24,1,160.0,47.0
kyiv_obl_vyshhorod,3,2025-10-24,3,241.0,28.0
kyiv_oblast,2,2025-10-24,4,374.0,94.0
kyiv_city,1,2025-10-25,1,38.0,38.0
kyiv_obl_bila_tserkva,9,2025-10-25,1,103.0,103.0
kyiv_obl_boryspil,5,2025-10-25,1,96.0,96.0
kyiv_obl_brovary,4,2025-10-25,2,95.0,78.0
kyiv_obl_bucha,7,2025-10-25,3,94.0,55.0
kyiv_obl_fastiv,8,2025-10-25,1,61.0,61.0
kyiv_obl_obukhiv,6,2025-10-25,1,103.0,103.0
kyiv_obl_vyshhorod,3,2025-10-25,2,101.0,41.0
kyiv_oblast,2,2025-10-25,3,197.0,108.0
kyiv_city,1,2025-10-27,1,17.0,0.0
kyiv_obl_vyshhorod,3,2025-10-27,1,67.0,0.0
kyiv_oblast,2,2025-10-27,2,83.0,0.0
kyiv_city,1,2025-10-28,1,18.0,0.0
kyiv_obl_bila_tserkva,9,2025-10-28,1,0.0,0.0
kyiv_obl_boryspil,5,2025-10-28,1,0.0,0.0
kyiv_obl_brovary,4,2025-10-28,1,0.0,0.0
kyiv_obl_bucha,7,2025-10-28,1,0.0,0.0
kyiv_obl_fastiv,8,2025-10-28,1,0.0,0.0
kyiv_obl_obukhiv,6,2025-10-28,1,0.0,0.0
kyiv_obl_vyshhorod,3,2025-10-28,1,0.0,0.0
kyiv_oblast,2,2025-10-28,2,84.0,0.0
kyiv_city,1,2025-10-29,1,387.0,313.0
kyiv_obl_bila_tserkva,9,2025-10-29,2,411.0,312.0
kyiv_obl_boryspil,5,2025-10-29,1,419.0,344.0
kyiv_obl_brovary,4,2025-10-29,1,426.0,351.0
kyiv_obl_bucha,7,2025-10-29,1,378.0,303.0
kyiv_obl_fastiv,8,2025-10-29,1,402.0,327.0
kyiv_obl_obukhiv,6,2025-10-29,1,419.0,344.0
kyiv_obl_vyshhorod,3,2025-10-29,1,402.0,328.0
kyiv_oblast,2,2025-10-29,2,450.0,351.0
kyiv_city,1,2025-10-31,1,30.0,0.0
kyiv_obl_bila_tserkva,9,2025-10-31,1,43.0,43.0
kyiv_obl_boryspil,5,2025-10-31,1,112.0,68.0
kyiv_obl_brovary,4,2025-10-31,1,77.0,32.0
kyiv_obl_fastiv,8,2025-10-31,1,43.0,43.0
kyiv_obl_obukhiv,6,2025-10-31,1,66.0,66.0
kyiv_obl_vyshhorod,3,2025-10-31,1,7.0,7.0
kyiv_oblast,2,2025-10-31,1,113.0,68.0
kyiv_city,1,2025-11-01,2,75.0,0.0
kyiv_oblast,2,2025-11-01,2,75.0,0.0
kyiv_city,1,2025-11-02,3,88.0,34.0
kyiv_obl_bila_tserkva,9,2025-11-02,1,23.0,0.0
kyiv_obl_boryspil,5,2025-11-02,2,91.0,70.0
kyiv_obl_brovary,4,2025-11-02,1,21.0,0.0
kyiv_obl_bucha,7,2025-11-02,1,23.0,0.0
kyiv_obl_fastiv,8,2025-11-02,1,21.0,0.0
kyiv_obl_obukhiv,6,2025-11-02,2,79.0,57.0
kyiv_obl_vyshhorod,3,2025-11-02,2,53.0,0.0
kyiv_oblast,2,2025-11-02,6,216.0,133.0
kyiv_city,1,2025-11-03,3,58.0,18.0
kyiv_obl_bila_tserkva,9,2025-11-03,1,20.0,0.0
kyiv_obl_boryspil,5,2025-11-03,1,20.0,0.0
kyiv_obl_brovary,4,2025-11-03,1,19.0,0.0
kyiv_obl_bucha,7,2025-11-03,1,20.0,0.0
kyiv_obl_fastiv,8,2025-11-03,1,20.0,0.0
kyiv_obl_obukhiv,6,2025-11-03,1,20.0,0.0
kyiv_obl_vyshhorod,3,2025-11-03,1,20.0,0.0
kyiv_oblast,2,2025-11-03,4,78.0,15.0
kyiv_city,1,2025-11-04,1,23.0,23.0
kyiv_obl_bila_tserkva,9,2025-11-04,1,21.0,21.0
kyiv_obl_boryspil,5,2025-11-04,1,20.0,20.0
kyiv_obl_brovary,4,2025-11-04,1,21.0,21.0
kyiv_obl_bucha,7,2025-11-04,1,21.0,21.0
kyiv_obl_fastiv,8,2025-11-04,1,21.0,21.0
kyiv_obl_obukhiv,6,2025-11-04,1,21.0,21.0
kyiv_obl_vyshhorod,3,2025-11-04,1,21.0,21.0
kyiv_oblast,2,2025-11-04,1,21.0,21.0
kyiv_city,1,2025-11-05,2,85.0,28.0
kyiv_obl_bila_tserkva,9,2025-11-05,1,204.0,204.0
kyiv_obl_boryspil,5,2025-11-05,2,52.0,52.0
kyiv_obl_brovary,4,2025-11-05,2,67.0,67.0
kyiv_obl_bucha,7,2025-11-05,1,25.0,25.0
kyiv_obl_fastiv,8,2025-11-05,1,165.0,165.0
kyiv_obl_obukhiv,6,2025-11-05,2,57.0,57.0
kyiv_obl_vyshhorod,3,2025-11-05,1,26.0,26.0
kyiv_oblast,2,2025-11-05,2,247.0,243.0
kyiv_city,1,2025-11-06,2,53.0,31.0
kyiv_obl_bila_tserkva,9,2025-11-06,2,45.0,30.0
kyiv_obl_boryspil,5,2025-11-06,2,46.0,30.0
kyiv_obl_brovary,4,2025-11-06,2,45.0,30.0
kyiv_obl_bucha,7,2025-11-06,2,45.0,30.0
kyiv_obl_fastiv,8,2025-11-06,2,46.0,30.0
kyiv_obl_obukhiv,6,2025-11-06,2,46.0,30.0
kyiv_obl_vyshhorod,3,2025-11-06,2,46.0,31.0
kyiv_oblast,2,2025-11-06,3,85.0,31.0
kyiv_city,1,2025-11-07,3,357.0,297.0
kyiv_obl_bila_tserkva,9,2025-11-07,2,120.0,69.0
kyiv_obl_boryspil,5,2025-11-07,3,455.0,368.0
kyiv_obl_brovary,4,2025-11-07,3,463.0,376.0
kyiv_obl_bucha,7,2025-11-07,3,432.0,290.0
kyiv_obl_fastiv,8,2025-11-07,3,363.0,293.0
kyiv_obl_obukhiv,6,2025-11-07,3,291.0,204.0
kyiv_obl_vyshhorod,3,2025-11-07,3,438.0,296.0
kyiv_oblast,2,2025-11-07,3,530.0,389.0
kyiv_obl_obukhiv,6,2025-11-08,1,50.0,0.0
kyiv_oblast,2,2025-11-08,1,50.0,0.0
kyiv_city,1,2025-11-09,3,86.0,64.0
kyiv_obl_bila_tserkva,9,2025-11-09,3,85.0,63.0
kyiv_obl_boryspil,5,2025-11-09,3,179.0,157.0
kyiv_obl_brovary,4,2025-11-09,3,86.0,64.0
kyiv_obl_bucha,7,2025-11-09,3,85.0,64.0
kyiv_obl_fastiv,8,2025-11-09,3,85.0,64.0
kyiv_obl_obukhiv,6,2025-11-09,3,155.0,133.0
kyiv_obl_vyshhorod,3,2025-11-09,3,85.0,63.0
kyiv_oblast,2,2025-11-09,3,179.0,157.0
kyiv_city,1,2025-11-10,2,63.0,0.0
kyiv_obl_bila_tserkva,9,2025-11-10,1,32.0,0.0
kyiv_obl_boryspil,5,2025-11-10,1,32.0,0.0
kyiv_obl_brovary,4,2025-11-10,1,32.0,0.0
kyiv_obl_bucha,7,2025-11-10,1,32.0,0.0
kyiv_obl_fastiv,8,2025-11-10,1,31.0,0.0
kyiv_obl_obukhiv,6,2025-11-10,1,32.0,0.0
kyiv_obl_vyshhorod,3,2025-11-10,1,32.0,0.0
kyiv_oblast,2,2025-11-10,1,32.0,0.0
kyiv_obl_bila_tserkva,9,2025-11-11,1,153.0,153.0
kyiv_obl_brovary,4,2025-11-11,1,69.0,0.0
kyiv_obl_obukhiv,6,2025-11-11,1,116.0,116.0
kyiv_oblast,2,2025-11-11,2,222.0,153.0
kyiv_city,1,2025-11-12,1,30.0,30.0
kyiv_obl_bila_tserkva,9,2025-11-12,1,16.0,0.0
kyiv_obl_boryspil,5,2025-11-12,2,90.0,0.0
kyiv_obl_brovary,4,2025-11-12,1,21.0,0.0
kyiv_obl_obukhiv,6,2025-11-12,1,38.0,0.0
kyiv_oblast,2,2025-11-12,2,126.0,0.0
kyiv_city,1,2025-11-13,3,350.0,311.0
kyiv_obl_bila_tserkva,9,2025-11-13,3,403.0,359.0
kyiv_obl_boryspil,5,2025-11-13,3,402.0,363.0
kyiv_obl_brovary,4,2025-11-13,2,361.0,342.0
kyiv_obl_bucha,7,2025-11-13,2,340.0,321.0
kyiv_obl_fastiv,8,2025-11-13,4,420.0,328.0
kyiv_obl_obukhiv,6,2025-11-13,4,463.0,363.0
kyiv_obl_vyshhorod,3,2025-11-13,2,297.0,278.0
kyiv_oblast,2,2025-11-13,4,465.0,363.0
kyiv_city,1,2025-11-14,2,44.0,0.0
kyiv_obl_bila_tserkva,9,2025-11-14,2,42.0,0.0
kyiv_obl_boryspil,5,2025-11-14,2,43.0,0.0
kyiv_obl_brovary,4,2025-11-14,2,44.0,0.0
kyiv_obl_bucha,7,2025-11-14,2,42.0,0.0
kyiv_obl_fastiv,8,2025-11-14,2,42.0,0.0
kyiv_obl_obukhiv,6,2025-11-14,2,43.0,0.0
kyiv_obl_vyshhorod,3,2025-11-14,3,61.0,0.0
kyiv_oblast,2,2025-11-14,3,63.0,0.0
kyiv_city,1,2025-11-15,2,54.0,26.0
kyiv_obl_bila_tserkva,9,2025-11-15,1,25.0,25.0
kyiv_obl_boryspil,5,2025-11-15,4,121.0,25.0
kyiv_obl_brovary,4,2025-11-15,2,96.0,25.0
kyiv_obl_bucha,7,2025-11-15,1,25.0,25.0
kyiv_obl_fastiv,8,2025-11-15,1,25.0,25.0
kyiv_obl_obukhiv,6,2025-11-15,1,25.0,25.0
kyiv_obl_vyshhorod,3,2025-11-15,1,25.0,25.0
kyiv_oblast,2,2025-11-15,4,137.0,25.0
kyiv_city,1,2025-11-16,1,30.0,0.0
kyiv_oblast,2,2025-11-16,1,30.0,30.0
kyiv_city,1,2025-11-17,2,30.0,30.0
kyiv_obl_bila_tserkva,9,2025-11-17,2,30.0,30.0
kyiv_obl_boryspil,5,2025-11-17,2,30.0,30.0
kyiv_obl_brovary,4,2025-11-17,2,30.0,30.0
kyiv_obl_bucha,7,2025-11-17,2,30.0,30.0
kyiv_obl_fastiv,8,2025-11-17,2,29.0,29.0
kyiv_obl_obukhiv,6,2025-11-17,2,30.0,30.0
kyiv_obl_vyshhorod,3,2025-11-17,2,29.0,29.0
kyiv_oblast,2,2025-11-17,2,30.0,30.0
kyiv_city,1,2025-11-18,2,347.0,195.0
kyiv_obl_bila_tserkva,9,2025-11-18,3,482.0,328.0
kyiv_obl_boryspil,5,2025-11-18,3,552.0,398.0
kyiv_obl_brovary,4,2025-11-18,3,552.0,398.0
kyiv_obl_bucha,7,2025-11-18,3,415.0,259.0
kyiv_obl_fastiv,8,2025-11-18,3,349.0,193.0
kyiv_obl_obukhiv,6,2025-11-18,3,564.0,358.0
kyiv_obl_vyshhorod,3,2025-11-18,3,538.0,384.0
kyiv_oblast,2,2025-11-18,4,676.0,398.0
kyiv_obl_bila_tserkva,9,2025-11-19,2,32.0,32.0
kyiv_obl_boryspil,5,2025-11-19,3,116.0,116.0
kyiv_obl_brovary,4,2025-11-19,1,7.0,7.0
kyiv_obl_bucha,7,2025-11-19,1,7.0,7.0
kyiv_obl_fastiv,8,2025-11-19,1,7.0,7.0
kyiv_obl_obukhiv,6,2025-11-19,1,786.0,186.0
kyiv_obl_vyshhorod,3,2025-11-19,1,7.0,7.0
kyiv_oblast,2,2025-11-19,1,812.0,212.0
kyiv_city,1,2025-11-20,1,22.0,0.0
kyiv_obl_bila_tserkva,9,2025-11-20,2,69.0,0.0
kyiv_obl_boryspil,5,2025-11-20,2,62.0,0.0
kyiv_obl_brovary,4,2025-11-20,1,21.0,0.0
kyiv_obl_bucha,7,2025-11-20,1,21.0,0.0
kyiv_obl_fastiv,8,2025-11-20,1,21.0,0.0
kyiv_obl_obukhiv,6,2025-11-20,2,52.0,0.0
kyiv_obl_vyshhorod,3,2025-11-20,1,21.0,0.0
kyiv_oblast,2,2025-11-20,2,115.0,0.0
kyiv_obl_bila_tserkva,9,2025-11-21,0,4.0,0.0
kyiv_oblast,2,2025-11-21,0,4.0,0.0
kyiv_city,1,2025-11-22,1,30.0,0.0
kyiv_obl_boryspil,5,2025-11-22,1,42.0,42.0
kyiv_obl_brovary,4,2025-11-22,1,44.0,44.0
kyiv_obl_obukhiv,6,2025-11-22,1,42.0,42.0
kyiv_oblast,2,2025-11-22,1,75.0,75.0
kyiv_obl_vyshhorod,3,2025-11-23,1,24.0,24.0
kyiv_oblast,2,2025-11-23,2,54.0,54.0
kyiv_city,1,2025-11-24,3,350.0,170.0
kyiv_obl_bila_tserkva,9,2025-11-24,3,282.0,146.0
kyiv_obl_boryspil,5,2025-11-24,3,398.0,216.0
kyiv_obl_brovary,4,2025-11-24,2,371.0,216.0
kyiv_obl_bucha,7,2025-11-24,3,334.0,182.0
kyiv_obl_fastiv,8,2025-11-24,3,318.0,181.0
kyiv_obl_obukhiv,6,2025-11-24,3,288.0,154.0
kyiv_obl_vyshhorod,3,2025-11-24,3,343.0,161.0
kyiv_oblast,2,2025-11-24,3,435.0,252.0
kyiv_city,1,2025-11-26,1,20.0,20.0
kyiv_obl_bila_tserkva,9,2025-11-26,1,51.0,14.0
kyiv_obl_boryspil,5,2025-11-26,1,42.0,42.0
kyiv_obl_brovary,4,2025-11-26,2,162.0,162.0
kyiv_obl_bucha,7,2025-11-26,1,104.0,104.0
kyiv_obl_fastiv,8,2025-11-26,1,58.0,37.0
kyiv_obl_obukhiv,6,2025-11-26,1,47.0,37.0
kyiv_obl_vyshhorod,3,2025-11-26,1,116.0,116.0
kyiv_oblast,2,2025-11-26,2,237.0,201.0
kyiv_city,1,2025-11-27,1,22.0,22.0
kyiv_obl_bila_tserkva,9,2025-11-27,1,21.0,21.0
kyiv_obl_boryspil,5,2025-11-27,1,21.0,21.0
kyiv_obl_brovary,4,2025-11-27,1,21.0,21.0
kyiv_obl_bucha,7,2025-11-27,1,21.0,21.0
kyiv_obl_fastiv,8,2025-11-27,1,21.0,21.0
kyiv_obl_obukhiv,6,2025-11-27,1,21.0,21.0
kyiv_obl_vyshhorod,3,2025-11-27,1,21.0,21.0
kyiv_oblast,2,2025-11-27,1,21.0,21.0
kyiv_city,1,2025-11-28,3,697.0,424.0
kyiv_obl_bila_tserkva,9,2025-11-28,3,647.0,374.0
kyiv_obl_boryspil,5,2025-11-28,2,927.0,480.0
kyiv_obl_brovary,4,2025-11-28,3,742.0,456.0
kyiv_obl_bucha,7,2025-11-28,3,704.0,416.0
kyiv_obl_fastiv,8,2025-11-28,3,692.0,416.0
kyiv_obl_obukhiv,6,2025-11-28,3,697.0,423.0
kyiv_obl_vyshhorod,3,2025-11-28,3,728.0,439.0
kyiv_oblast,2,2025-11-28,2,930.0,480.0
kyiv_city,1,2025-11-29,1,87.0,87.0
kyiv_obl_boryspil,5,2025-11-29,1,96.0,96.0
kyiv_obl_brovary,4,2025-11-29,1,102.0,102.0
kyiv_obl_bucha,7,2025-11-29,1,91.0,91.0
kyiv_obl_fastiv,8,2025-11-29,1,82.0,82.0
kyiv_obl_obukhiv,6,2025-11-29,1,70.0,70.0
kyiv_obl_vyshhorod,3,2025-11-29,1,103.0,103.0
kyiv_oblast,2,2025-11-29,1,115.0,115.0
kyiv_obl_bucha,7,2025-11-30,1,35.0,0.0
kyiv_obl_vyshhorod,3,2025-11-30,2,110.0,68.0
kyiv_oblast,2,2025-11-30,2,126.0,68.0
kyiv_obl_bila_tserkva,9,2025-12-01,1,71.0,0.0
kyiv_obl_boryspil,5,2025-12-01,2,75.0,47.0
kyiv_obl_brovary,4,2025-12-01,2,89.0,54.0
kyiv_obl_bucha,7,2025-12-01,1,18.0,0.0
kyiv_obl_obukhiv,6,2025-12-01,2,89.0,59.0
kyiv_obl_vyshhorod,3,2025-12-01,1,19.0,0.0
kyiv_oblast,2,2025-12-01,3,226.0,88.0
kyiv_obl_bila_tserkva,9,2025-12-02,0,49.0,0.0
kyiv_obl_boryspil,5,2025-12-02,1,37.0,37.0
kyiv_obl_brovary,4,2025-12-02,1,48.0,48.0
kyiv_oblast,2,2025-12-02,1,97.0,48.0
kyiv_city,1,2025-12-03,1,37.0,37.0
kyiv_obl_boryspil,5,2025-12-03,1,63.0,63.0
kyiv_obl_brovary,4,2025-12-03,1,69.0,69.0
kyiv_obl_obukhiv,6,2025-12-03,1,49.0,49.0
kyiv_oblast,2,2025-12-03,1,69.0,69.0
kyiv_city,1,2025-12-04,1,99.0,99.0
kyiv_obl_bila_tserkva,9,2025-12-04,1,104.0,104.0
kyiv_obl_boryspil,5,2025-12-04,2,186.0,175.0
kyiv_obl_brovary,4,2025-12-04,1,114.0,114.0
kyiv_obl_bucha,7,2025-12-04,1,70.0,70.0
kyiv_obl_fastiv,8,2025-12-04,2,119.0,119.0
kyiv_obl_obukhiv,6,2025-12-04,2,160.0,160.0
kyiv_oblast,2,2025-12-04,1,238.0,228.0
kyiv_city,1,2025-12-05,2,500.0,330.0
kyiv_obl_bila_tserkva,9,2025-12-05,4,695.0,384.0
kyiv_obl_boryspil,5,2025-12-05,4,839.0,437.0
kyiv_obl_brovary,4,2025-12-05,4,847.0,437.0
kyiv_obl_bucha,7,2025-12-05,3,600.0,323.0
kyiv_obl_fastiv,8,2025-12-05,3,688.0,382.0
kyiv_obl_obukhiv,6,2025-12-05,4,760.0,419.0
kyiv_obl_vyshhorod,3,2025-12-05,4,637.0,324.0
kyiv_oblast,2,2025-12-05,3,1011.0,437.0
kyiv_city,1,2025-12-06,1,70.0,70.0
kyiv_obl_bila_tserkva,9,2025-12-06,1,295.0,277.0
kyiv_obl_boryspil,5,2025-12-06,2,233.0,199.0
kyiv_obl_brovary,4,2025-12-06,4,266.0,199.0
kyiv_obl_bucha,7,2025-12-06,1,112.0,94.0
kyiv_obl_fastiv,8,2025-12-06,2,236.0,218.0
kyiv_obl_obukhiv,6,2025-12-06,1,309.0,291.0
kyiv_obl_vyshhorod,3,2025-12-06,3,187.0,101.0
kyiv_oblast,2,2025-12-06,2,384.0,296.0
kyiv_city,1,2025-12-07,1,52.0,52.0
kyiv_obl_bila_tserkva,9,2025-12-07,1,110.0,110.0
kyiv_obl_boryspil,5,2025-12-07,1,133.0,117.0
kyiv_obl_brovary,4,2025-12-07,2,172.0,148.0
kyiv_obl_bucha,7,2025-12-07,1,118.0,117.0
kyiv_obl_fastiv,8,2025-12-07,1,104.0,104.0
kyiv_obl_obukhiv,6,2025-12-07,1,126.0,126.0
kyiv_obl_vyshhorod,3,2025-12-07,2,190.0,94.0
kyiv_oblast,2,2025-12-07,4,303.0,165.0
kyiv_obl_boryspil,5,2025-12-08,1,77.0,77.0
kyiv_obl_brovary,4,2025-12-08,1,77.0,77.0
kyiv_obl_obukhiv,6,2025-12-08,1,30.0,30.0
kyiv_oblast,2,2025-12-08,2,107.0,77.0
kyiv_city,1,2025-12-09,1,12.0,0.0
kyiv_obl_bila_tserkva,9,2025-12-09,1,11.0,0.0
kyiv_obl_boryspil,5,2025-12-09,1,11.0,0.0
kyiv_obl_brovary,4,2025-12-09,1,11.0,0.0
kyiv_obl_bucha,7,2025-12-09,1,11.0,0.0
kyiv_obl_fastiv,8,2025-12-09,1,11.0,0.0
kyiv_obl_obukhiv,6,2025-12-09,1,11.0,0.0
kyiv_obl_vyshhorod,3,2025-12-09,1,11.0,0.0
kyiv_oblast,2,2025-12-09,1,11.0,0.0
kyiv_city,1,2025-12-10,1,26.0,26.0
kyiv_obl_bila_tserkva,9,2025-12-10,3,157.0,157.0
kyiv_obl_boryspil,5,2025-12-10,3,85.0,85.0
kyiv_obl_brovary,4,2025-12-10,2,30.0,30.0
kyiv_obl_bucha,7,2025-12-10,2,30.0,30.0
kyiv_obl_fastiv,8,2025-12-10,3,90.0,90.0
kyiv_obl_obukhiv,6,2025-12-10,3,103.0,103.0
kyiv_obl_vyshhorod,3,2025-12-10,2,30.0,30.0
kyiv_oblast,2,2025-12-10,3,207.0,207.0
kyiv_obl_bila_tserkva,9,2025-12-11,1,66.0,0.0
kyiv_obl_boryspil,5,2025-12-11,1,66.0,0.0
kyiv_obl_brovary,4,2025-12-11,1,66.0,0.0
kyiv_obl_bucha,7,2025-12-11,1,66.0,0.0
kyiv_obl_fastiv,8,2025-12-11,1,66.0,0.0
kyiv_obl_obukhiv,6,2025-12-11,1,66.0,0.0
kyiv_obl_vyshhorod,3,2025-12-11,1,66.0,0.0
kyiv_oblast,2,2025-12-11,1,66.0,0.0
kyiv_city,1,2025-12-12,3,157.0,121.0
kyiv_obl_bila_tserkva,9,2025-12-12,3,404.0,276.0
kyiv_obl_boryspil,5,2025-12-12,2,410.0,276.0
kyiv_obl_brovary,4,2025-12-12,2,411.0,276.0
kyiv_obl_bucha,7,2025-12-12,3,212.0,175.0
kyiv_obl_fastiv,8,2025-12-12,3,213.0,175.0
kyiv_obl_obukhiv,6,2025-12-12,2,410.0,276.0
kyiv_obl_vyshhorod,3,2025-12-12,3,211.0,175.0
kyiv_oblast,2,2025-12-12,3,441.0,276.0
kyiv_oblast,2,2025-12-13,1,30.0,14.0
kyiv_obl_bila_tserkva,9,2025-12-14,1,17.0,17.0
kyiv_obl_boryspil,5,2025-12-14,3,115.0,77.0
kyiv_obl_brovary,4,2025-12-14,3,146.0,87.0
kyiv_obl_bucha,7,2025-12-14,1,17.0,17.0
kyiv_obl_fastiv,8,2025-12-14,1,17.0,17.0
kyiv_obl_obukhiv,6,2025-12-14,1,17.0,17.0
kyiv_obl_vyshhorod,3,2025-12-14,1,17.0,17.0
kyiv_oblast,2,2025-12-14,4,183.0,87.0
kyiv_city,1,2025-12-15,1,30.0,30.0
kyiv_obl_boryspil,5,2025-12-15,2,103.0,0.0
kyiv_obl_brovary,4,2025-12-15,3,116.0,1.0
kyiv_oblast,2,2025-12-15,3,158.0,1.0
kyiv_city,1,2025-12-16,1,76.0,76.0
kyiv_obl_boryspil,5,2025-12-16,1,142.0,142.0
kyiv_obl_brovary,4,2025-12-16,1,142.0,142.0
kyiv_obl_bucha,7,2025-12-16,1,70.0,70.0
kyiv_obl_vyshhorod,3,2025-12-16,1,70.0,70.0
kyiv_oblast,2,2025-12-16,1,142.0,142.0
kyiv_obl_boryspil,5,2025-12-17,1,61.0,61.0
kyiv_obl_brovary,4,2025-12-17,1,43.0,43.0
kyiv_oblast,2,2025-12-17,2,91.0,61.0
kyiv_city,1,2025-12-18,1,30.0,20.0
kyiv_obl_vyshhorod,3,2025-12-19,2,80.0,80.0
kyiv_oblast,2,2025-12-19,2,80.0,80.0
kyiv_obl_brovary,4,2025-12-20,1,38.0,38.0
kyiv_obl_bucha,7,2025-12-20,1,38.0,38.0
kyiv_obl_vyshhorod,3,2025-12-20,2,100.0,100.0
kyiv_oblast,2,2025-12-20,2,128.0,128.0
kyiv_obl_brovary,4,2025-12-21,2,33.0,33.0
kyiv_obl_vyshhorod,3,2025-12-21,4,363.0,242.0
kyiv_oblast,2,2025-12-21,4,363.0,242.0
kyiv_city,1,2025-12-22,1,263.0,0.0
kyiv_obl_bila_tserkva,9,2025-12-22,1,388.0,134.0
kyiv_obl_boryspil,5,2025-12-22,1,435.0,181.0
kyiv_obl_brovary,4,2025-12-22,1,490.0,220.0
kyiv_obl_bucha,7,2025-12-22,3,500.0,124.0
kyiv_obl_fastiv,8,2025-12-22,1,396.0,134.0
kyiv_obl_obukhiv,6,2025-12-22,1,401.0,148.0
kyiv_obl_vyshhorod,3,2025-12-22,6,1109.0,392.0
kyiv_oblast,2,2025-12-22,6,1109.0,392.0
kyiv_city,1,2025-12-23,1,111.0,0.0
kyiv_obl_bila_tserkva,9,2025-12-23,2,125.0,24.0
kyiv_obl_boryspil,5,2025-12-23,2,157.0,55.0
kyiv_obl_brovary,4,2025-12-23,2,171.0,25.0
kyiv_obl_bucha,7,2025-12-23,2,463.0,24.0
kyiv_obl_fastiv,8,2025-12-23,2,136.0,25.0
kyiv_obl_obukhiv,6,2025-12-23,2,136.0,25.0
kyiv_obl_vyshhorod,3,2025-12-23,3,670.0,24.0
kyiv_oblast,2,2025-12-23,3,701.0,55.0
kyiv_city,1,2025-12-24,2,71.0,48.0
kyiv_obl_bila_tserkva,9,2025-12-24,2,72.0,37.0
kyiv_obl_boryspil,5,2025-12-24,2,72.0,37.0
kyiv_obl_brovary,4,2025-12-24,2,72.0,37.0
kyiv_obl_bucha,7,2025-12-24,3,228.0,42.0
kyiv_obl_fastiv,8,2025-12-24,2,72.0,37.0
kyiv_obl_obukhiv,6,2025-12-24,2,72.0,37.0
kyiv_obl_vyshhorod,3,2025-12-24,5,532.0,111.0
kyiv_oblast,2,2025-12-24,6,562.0,111.0
kyiv_city,1,2025-12-25,3,65.0,0.0
kyiv_obl_bila_tserkva,9,2025-12-25,2,53.0,44.0
kyiv_obl_boryspil,5,2025-12-25,2,52.0,35.0
kyiv_obl_brovary,4,2025-12-25,3,110.0,0.0
kyiv_obl_bucha,7,2025-12-25,1,9.0,0.0
kyiv_obl_fastiv,8,2025-12-25,2,53.0,0.0
kyiv_obl_obukhiv,6,2025-12-25,3,90.0,37.0
kyiv_obl_vyshhorod,3,2025-12-25,4,624.0,82.0
kyiv_oblast,2,2025-12-25,4,624.0,82.0
kyiv_city,1,2025-12-26,2,624.0,302.0
kyiv_obl_bila_tserkva,9,2025-12-26,1,639.0,279.0
kyiv_obl_boryspil,5,2025-12-26,1,639.0,279.0
kyiv_obl_brovary,4,2025-12-26,2,645.0,295.0
kyiv_obl_bucha,7,2025-12-26,1,639.0,279.0
kyiv_obl_fastiv,8,2025-12-26,1,639.0,279.0
kyiv_obl_obukhiv,6,2025-12-26,1,639.0,279.0
kyiv_obl_vyshhorod,3,2025-12-26,2,670.0,295.0
kyiv_oblast,2,2025-12-26,2,670.0,295.0
kyiv_city,1,2025-12-27,3,238.0,0.0
kyiv_obl_bila_tserkva,9,2025-12-27,2,70.0,0.0
kyiv_obl_boryspil,5,2025-12-27,2,286.0,0.0
kyiv_obl_brovary,4,2025-12-27,5,213.0,0.0
kyiv_obl_bucha,7,2025-12-27,1,255.0,0.0
kyiv_obl_fastiv,8,2025-12-27,2,244.0,0.0
kyiv_obl_obukhiv,6,2025-12-27,2,233.0,0.0
kyiv_obl_vyshhorod,3,2025-12-27,2,334.0,0.0
kyiv_oblast,2,2025-12-27,1,337.0,0.0
kyiv_obl_bila_tserkva,9,2025-12-28,1,10.0,10.0
kyiv_obl_boryspil,5,2025-12-28,1,10.0,10.0
kyiv_obl_brovary,4,2025-12-28,2,110.0,10.0
kyiv_obl_bucha,7,2025-12-28,1,10.0,10.0
kyiv_obl_fastiv,8,2025-12-28,1,10.0,10.0
kyiv_obl_obukhiv,6,2025-12-28,1,10.0,10.0
kyiv_obl_vyshhorod,3,2025-12-28,1,10.0,10.0
kyiv_oblast,2,2025-12-28,2,110.0,10.0
kyiv_obl_bila_tserkva,9,2025-12-29,1,9.0,9.0
kyiv_obl_boryspil,5,2025-12-29,1,9.0,9.0
kyiv_obl_brovary,4,2025-12-29,1,9.0,9.0
kyiv_obl_bucha,7,2025-12-29,1,9.0,9.0
kyiv_obl_fastiv,8,2025-12-29,1,9.0,9.0
kyiv_obl_obukhiv,6,2025-12-29,1,9.0,9.0
kyiv_obl_vyshhorod,3,2025-12-29,1,9.0,9.0
kyiv_oblast,2,2025-12-29,1,9.0,9.0
kyiv_city,1,2025-12-30,1,28.0,28.0
kyiv_obl_bila_tserkva,9,2025-12-30,1,114.0,114.0
kyiv_obl_boryspil,5,2025-12-30,1,167.0,167.0
kyiv_obl_brovary,4,2025-12-30,1,167.0,167.0
kyiv_obl_bucha,7,2025-12-30,1,149.0,149.0
kyiv_obl_fastiv,8,2025-12-30,1,122.0,122.0
kyiv_obl_obukhiv,6,2025-12-30,1,133.0,133.0
kyiv_obl_vyshhorod,3,2025-12-30,1,170.0,170.0
kyiv_oblast,2,2025-12-30,1,170.0,170.0
kyiv_city,1,2025-12-31,2,48.0,18.0
kyiv_obl_bila_tserkva,9,2025-12-31,1,13.0,0.0
kyiv_obl_boryspil,5,2025-12-31,2,176.0,0.0
kyiv_obl_brovary,4,2025-12-31,4,351.0,144.0
kyiv_obl_bucha,7,2025-12-31,5,415.0,239.0
kyiv_obl_fastiv,8,2025-12-31,1,13.0,0.0
kyiv_obl_obukhiv,6,2025-12-31,1,13.0,0.0
kyiv_obl_vyshhorod,3,2025-12-31,4,670.0,340.0
kyiv_oblast,2,2025-12-31,5,862.0,340.0
kyiv_city,1,2026-01-01,1,30.0,0.0
kyiv_obl_bila_tserkva,9,2026-01-01,0,13.0,0.0
kyiv_obl_boryspil,5,2026-01-01,0,14.0,0.0
kyiv_obl_brovary,4,2026-01-01,1,58.0,0.0
kyiv_obl_bucha,7,2026-01-01,1,37.0,0.0
kyiv_obl_fastiv,8,2026-01-01,0,14.0,0.0
kyiv_obl_obukhiv,6,2026-01-01,0,14.0,0.0
kyiv_obl_vyshhorod,3,2026-01-01,3,380.0,152.0
kyiv_oblast,2,2026-01-01,3,381.0,152.0
kyiv_city,1,2026-01-02,3,100.0,100.0
kyiv_obl_bila_tserkva,9,2026-01-02,1,14.0,14.0
kyiv_obl_boryspil,5,2026-01-02,2,77.0,77.0
kyiv_obl_brovary,4,2026-01-02,2,88.0,88.0
kyiv_obl_bucha,7,2026-01-02,1,14.0,14.0
kyiv_obl_fastiv,8,2026-01-02,2,54.0,54.0
kyiv_obl_obukhiv,6,2026-01-02,2,64.0,64.0
kyiv_obl_vyshhorod,3,2026-01-02,1,14.0,14.0
kyiv_oblast,2,2026-01-02,2,88.0,88.0
kyiv_city,1,2026-01-03,1,11.0,0.0
kyiv_obl_bila_tserkva,9,2026-01-03,1,18.0,0.0
kyiv_obl_boryspil,5,2026-01-03,3,50.0,0.0
kyiv_obl_brovary,4,2026-01-03,3,55.0,0.0
kyiv_obl_bucha,7,2026-01-03,1,18.0,0.0
kyiv_obl_fastiv,8,2026-01-03,1,18.0,0.0
kyiv_obl_obukhiv,6,2026-01-03,1,18.0,0.0
kyiv_obl_vyshhorod,3,2026-01-03,1,18.0,0.0
kyiv_oblast,2,2026-01-03,4,85.0,0.0
kyiv_city,1,2026-01-04,2,273.0,252.0
kyiv_obl_bila_tserkva,9,2026-01-04,2,324.0,303.0
kyiv_obl_boryspil,5,2026-01-04,2,270.0,249.0
kyiv_obl_brovary,4,2026-01-04,2,276.0,255.0
kyiv_obl_bucha,7,2026-01-04,2,270.0,249.0
kyiv_obl_fastiv,8,2026-01-04,2,277.0,256.0
kyiv_obl_obukhiv,6,2026-01-04,2,325.0,304.0
kyiv_obl_vyshhorod,3,2026-01-04,2,271.0,250.0
kyiv_oblast,2,2026-01-04,2,325.0,304.0
kyiv_city,1,2026-01-05,1,16.0,16.0
kyiv_obl_bila_tserkva,9,2026-01-05,1,15.0,15.0
kyiv_obl_boryspil,5,2026-01-05,1,15.0,15.0
kyiv_obl_brovary,4,2026-01-05,1,15.0,15.0
kyiv_obl_bucha,7,2026-01-05,1,15.0,15.0
kyiv_obl_fastiv,8,2026-01-05,1,15.0,15.0
kyiv_obl_obukhiv,6,2026-01-05,1,15.0,15.0
kyiv_obl_vyshhorod,3,2026-01-05,2,33.0,15.0
kyiv_oblast,2,2026-01-05,5,123.0,17.0
kyiv_city,1,2026-01-08,2,326.0,326.0
kyiv_obl_bila_tserkva,9,2026-01-08,1,306.0,306.0
kyiv_obl_boryspil,5,2026-01-08,1,377.0,377.0
kyiv_obl_brovary,4,2026-01-08,1,388.0,388.0
kyiv_obl_bucha,7,2026-01-08,1,344.0,344.0
kyiv_obl_fastiv,8,2026-01-08,1,305.0,305.0
kyiv_obl_obukhiv,6,2026-01-08,1,326.0,326.0
kyiv_obl_vyshhorod,3,2026-01-08,1,346.0,346.0
kyiv_oblast,2,2026-01-08,1,389.0,389.0
kyiv_city,1,2026-01-09,3,154.0,137.0
kyiv_obl_bila_tserkva,9,2026-01-09,3,32.0,17.0
kyiv_obl_boryspil,5,2026-01-09,5,107.0,83.0
kyiv_obl_brovary,4,2026-01-09,5,138.0,116.0
kyiv_obl_bucha,7,2026-01-09,4,162.0,148.0
kyiv_obl_fastiv,8,2026-01-09,4,152.0,137.0
kyiv_obl_obukhiv,6,2026-01-09,4,152.0,138.0
kyiv_obl_vyshhorod,3,2026-01-09,4,196.0,181.0
kyiv_oblast,2,2026-01-09,5,206.0,182.0
kyiv_city,1,2026-01-10,1,56.0,56.0
kyiv_obl_bila_tserkva,9,2026-01-10,1,87.0,87.0
kyiv_obl_boryspil,5,2026-01-10,2,210.0,116.0
kyiv_obl_brovary,4,2026-01-10,2,454.0,346.0
kyiv_obl_bucha,7,2026-01-10,3,332.0,187.0
kyiv_obl_fastiv,8,2026-01-10,2,134.0,73.0
kyiv_obl_obukhiv,6,2026-01-10,1,96.0,96.0
kyiv_obl_vyshhorod,3,2026-01-10,2,970.0,473.0
kyiv_oblast,2,2026-01-10,2,970.0,473.0
kyiv_city,1,2026-01-11,3,111.0,77.0
kyiv_obl_bila_tserkva,9,2026-01-11,3,156.0,119.0
kyiv_obl_boryspil,5,2026-01-11,3,196.0,175.0
kyiv_obl_brovary,4,2026-01-11,3,368.0,243.0
kyiv_obl_bucha,7,2026-01-11,3,476.0,309.0
kyiv_obl_fastiv,8,2026-01-11,2,122.0,122.0
kyiv_obl_obukhiv,6,2026-01-11,3,191.0,142.0
kyiv_obl_vyshhorod,3,2026-01-11,5,952.0,261.0
kyiv_oblast,2,2026-01-11,6,1078.0,314.0
kyiv_city,1,2026-01-12,6,423.0,211.0
kyiv_obl_bila_tserkva,9,2026-01-12,3,345.0,191.0
kyiv_obl_boryspil,5,2026-01-12,4,419.0,190.0
kyiv_obl_brovary,4,2026-01-12,5,467.0,190.0
kyiv_obl_bucha,7,2026-01-12,5,577.0,232.0
kyiv_obl_fastiv,8,2026-01-12,4,379.0,202.0
kyiv_obl_obukhiv,6,2026-01-12,4,368.0,191.0
kyiv_obl_vyshhorod,3,2026-01-12,4,761.0,345.0
kyiv_oblast,2,2026-01-12,5,788.0,345.0
kyiv_city,1,2026-01-13,3,98.0,22.0
kyiv_obl_bila_tserkva,9,2026-01-13,1,19.0,19.0
kyiv_obl_boryspil,5,2026-01-13,3,137.0,21.0
kyiv_obl_brovary,4,2026-01-13,3,92.0,21.0
kyiv_obl_bucha,7,2026-01-13,3,85.0,20.0
kyiv_obl_fastiv,8,2026-01-13,2,62.0,20.0
kyiv_obl_obukhiv,6,2026-01-13,3,112.0,20.0
kyiv_obl_vyshhorod,3,2026-01-13,2,652.0,306.0
kyiv_oblast,2,2026-01-13,2,652.0,306.0
kyiv_city,1,2026-01-14,3,225.0,0.0
kyiv_obl_bila_tserkva,9,2026-01-14,3,190.0,83.0
kyiv_obl_boryspil,5,2026-01-14,4,241.0,45.0
kyiv_obl_brovary,4,2026-01-14,3,220.0,0.0
kyiv_obl_bucha,7,2026-01-14,6,329.0,107.0
kyiv_obl_fastiv,8,2026-01-14,5,284.0,94.0
kyiv_obl_obukhiv,6,2026-01-14,4,236.0,46.0
kyiv_obl_vyshhorod,3,2026-01-14,5,542.0,283.0
kyiv_oblast,2,2026-01-14,6,572.0,312.0
kyiv_city,1,2026-01-15,4,88.0,17.0
kyiv_obl_bila_tserkva,9,2026-01-15,2,31.0,31.0
kyiv_obl_boryspil,5,2026-01-15,4,69.0,31.0
kyiv_obl_brovary,4,2026-01-15,8,163.0,59.0
kyiv_obl_bucha,7,2026-01-15,5,159.0,31.0
kyiv_obl_fastiv,8,2026-01-15,5,118.0,31.0
kyiv_obl_obukhiv,6,2026-01-15,4,54.0,31.0
kyiv_obl_vyshhorod,3,2026-01-15,6,584.0,215.0
kyiv_oblast,2,2026-01-15,9,640.0,243.0
kyiv_city,1,2026-01-16,5,211.0,73.0
kyiv_obl_bila_tserkva,9,2026-01-16,2,31.0,0.0
kyiv_obl_boryspil,5,2026-01-16,4,272.0,119.0
kyiv_obl_brovary,4,2026-01-16,4,381.0,207.0
kyiv_obl_bucha,7,2026-01-16,4,171.0,77.0
kyiv_obl_fastiv,8,2026-01-16,3,94.0,0.0
kyiv_obl_obukhiv,6,2026-01-16,3,130.0,0.0
kyiv_obl_vyshhorod,3,2026-01-16,5,214.0,100.0
kyiv_oblast,2,2026-01-16,5,422.0,207.0
kyiv_city,1,2026-01-17,1,40.0,40.0
kyiv_obl_bila_tserkva,9,2026-01-17,1,180.0,180.0
kyiv_obl_boryspil,5,2026-01-17,2,207.0,147.0
kyiv_obl_brovary,4,2026-01-17,2,207.0,144.0
kyiv_obl_bucha,7,2026-01-17,1,160.0,160.0
kyiv_obl_fastiv,8,2026-01-17,1,140.0,140.0
kyiv_obl_obukhiv,6,2026-01-17,1,150.0,150.0
kyiv_obl_vyshhorod,3,2026-01-17,4,309.0,201.0
kyiv_oblast,2,2026-01-17,5,409.0,238.0
kyiv_city,1,2026-01-18,5,119.0,46.0
kyiv_obl_bila_tserkva,9,2026-01-18,4,83.0,18.0
kyiv_obl_boryspil,5,2026-01-18,4,83.0,18.0
kyiv_obl_brovary,4,2026-01-18,4,83.0,18.0
kyiv_obl_bucha,7,2026-01-18,4,83.0,18.0
kyiv_obl_fastiv,8,2026-01-18,4,83.0,18.0
kyiv_obl_obukhiv,6,2026-01-18,4,83.0,18.0
kyiv_obl_vyshhorod,3,2026-01-18,5,236.0,159.0
kyiv_oblast,2,2026-01-18,6,266.0,159.0
kyiv_city,1,2026-01-19,3,396.0,204.0
kyiv_obl_bila_tserkva,9,2026-01-19,2,419.0,285.0
kyiv_obl_boryspil,5,2026-01-19,1,432.0,297.0
kyiv_obl_brovary,4,2026-01-19,1,489.0,297.0
kyiv_obl_bucha,7,2026-01-19,1,623.0,263.0
kyiv_obl_fastiv,8,2026-01-19,1,398.0,263.0
kyiv_obl_obukhiv,6,2026-01-19,1,449.0,314.0
kyiv_obl_vyshhorod,3,2026-01-19,1,627.0,267.0
kyiv_oblast,2,2026-01-19,1,680.0,320.0
kyiv_city,1,2026-01-20,5,131.0,0.0
kyiv_obl_bila_tserkva,9,2026-01-20,2,43.0,0.0
kyiv_obl_boryspil,5,2026-01-20,3,45.0,0.0
kyiv_obl_brovary,4,2026-01-20,5,201.0,0.0
kyiv_obl_bucha,7,2026-01-20,4,149.0,0.0
kyiv_obl_fastiv,8,2026-01-20,2,42.0,0.0
kyiv_obl_obukhiv,6,2026-01-20,2,86.0,0.0
kyiv_obl_vyshhorod,3,2026-01-20,6,375.0,61.0
kyiv_oblast,2,2026-01-20,5,398.0,61.0
kyiv_city,1,2026-01-21,1,39.0,0.0
kyiv_obl_boryspil,5,2026-01-21,1,5.0,0.0
kyiv_obl_brovary,4,2026-01-21,1,47.0,0.0
kyiv_obl_bucha,7,2026-01-21,4,98.0,0.0
kyiv_obl_fastiv,8,2026-01-21,1,17.0,0.0
kyiv_obl_obukhiv,6,2026-01-21,2,41.0,0.0
kyiv_obl_vyshhorod,3,2026-01-21,3,127.0,0.0
kyiv_oblast,2,2026-01-21,5,152.0,0.0
kyiv_city,1,2026-01-22,2,85.0,0.0
kyiv_obl_bila_tserkva,9,2026-01-22,2,80.0,56.0
kyiv_obl_boryspil,5,2026-01-22,1,30.0,0.0
kyiv_obl_brovary,4,2026-01-22,2,80.0,0.0
kyiv_obl_bucha,7,2026-01-22,6,359.0,188.0
kyiv_obl_fastiv,8,2026-01-22,3,93.0,55.0
kyiv_obl_obukhiv,6,2026-01-22,3,51.0,14.0
kyiv_obl_vyshhorod,3,2026-01-22,6,956.0,419.0
kyiv_oblast,2,2026-01-22,6,957.0,419.0
kyiv_city,1,2026-01-23,5,306.0,231.0
kyiv_obl_bila_tserkva,9,2026-01-23,2,127.0,113.0
kyiv_obl_boryspil,5,2026-01-23,3,517.0,347.0
kyiv_obl_brovary,4,2026-01-23,3,512.0,332.0
kyiv_obl_bucha,7,2026-01-23,4,295.0,203.0
kyiv_obl_fastiv,8,2026-01-23,3,218.0,204.0
kyiv_obl_obukhiv,6,2026-01-23,2,427.0,285.0
kyiv_obl_vyshhorod,3,2026-01-23,3,572.0,356.0
kyiv_oblast,2,2026-01-23,3,623.0,383.0
kyiv_city,1,2026-01-24,2,74.0,0.0
kyiv_obl_bila_tserkva,9,2026-01-24,2,70.0,0.0
kyiv_obl_boryspil,5,2026-01-24,2,72.0,0.0
kyiv_obl_brovary,4,2026-01-24,2,71.0,0.0
kyiv_obl_bucha,7,2026-01-24,2,144.0,0.0
kyiv_obl_fastiv,8,2026-01-24,2,71.0,0.0
kyiv_obl_obukhiv,6,2026-01-24,2,71.0,0.0
kyiv_obl_vyshhorod,3,2026-01-24,4,280.0,5.0
kyiv_oblast,2,2026-01-24,4,280.0,5.0
kyiv_city,1,2026-01-25,1,30.0,0.0
kyiv_obl_bila_tserkva,9,2026-01-25,2,36.0,0.0
kyiv_obl_boryspil,5,2026-01-25,2,36.0,0.0
kyiv_obl_brovary,4,2026-01-25,2,36.0,0.0
kyiv_obl_bucha,7,2026-01-25,2,36.0,0.0
kyiv_obl_fastiv,8,2026-01-25,2,36.0,0.0
kyiv_obl_obukhiv,6,2026-01-25,2,36.0,0.0
kyiv_obl_vyshhorod,3,2026-01-25,3,105.0,0.0
kyiv_oblast,2,2026-01-25,3,105.0,0.0
kyiv_city,1,2026-01-26,3,334.0,61.0
kyiv_obl_bila_tserkva,9,2026-01-26,3,254.0,55.0
kyiv_obl_boryspil,5,2026-01-26,3,325.0,55.0
kyiv_obl_brovary,4,2026-01-26,3,326.0,55.0
kyiv_obl_bucha,7,2026-01-26,4,386.0,55.0
kyiv_obl_fastiv,8,2026-01-26,3,325.0,55.0
kyiv_obl_obukhiv,6,2026-01-26,3,325.0,55.0
kyiv_obl_vyshhorod,3,2026-01-26,5,708.0,55.0
kyiv_oblast,2,2026-01-26,5,708.0,55.0
kyiv_city,1,2026-01-27,1,99.0,99.0
kyiv_obl_boryspil,5,2026-01-27,1,113.0,113.0
kyiv_obl_brovary,4,2026-01-27,1,113.0,113.0
kyiv_obl_bucha,7,2026-01-27,1,83.0,83.0
kyiv_obl_fastiv,8,2026-01-27,1,72.0,72.0
kyiv_obl_obukhiv,6,2026-01-27,1,89.0,89.0
kyiv_obl_vyshhorod,3,2026-01-27,3,169.0,56.0
kyiv_oblast,2,2026-01-27,2,248.0,135.0
kyiv_obl_bila_tserkva,9,2026-01-28,2,77.0,77.0
kyiv_obl_boryspil,5,2026-01-28,1,17.0,17.0
kyiv_obl_brovary,4,2026-01-28,1,17.0,17.0
kyiv_obl_bucha,7,2026-01-28,1,17.0,17.0
kyiv_obl_fastiv,8,2026-01-28,1,17.0,17.0
kyiv_obl_obukhiv,6,2026-01-28,1,17.0,17.0
kyiv_obl_vyshhorod,3,2026-01-28,3,158.0,71.0
kyiv_oblast,2,2026-01-28,4,218.0,131.0
kyiv_obl_brovary,4,2026-01-30,3,81.0,30.0
kyiv_obl_vyshhorod,3,2026-01-30,3,67.0,15.0
kyiv_oblast,2,2026-01-30,4,112.0,30.0
kyiv_city,1,2026-01-31,1,30.0,30.0
kyiv_obl_bucha,7,2026-01-31,1,45.0,0.0
kyiv_obl_vyshhorod,3,2026-01-31,3,251.0,74.0
kyiv_oblast,2,2026-01-31,3,283.0,74.0
kyiv_city,1,2026-02-01,1,54.0,0.0
kyiv_obl_bila_tserkva,9,2026-02-01,1,32.0,0.0
kyiv_obl_boryspil,5,2026-02-01,1,96.0,96.0
kyiv_obl_brovary,4,2026-02-01,1,96.0,96.0
kyiv_obl_bucha,7,2026-02-01,1,76.0,0.0
kyiv_obl_obukhiv,6,2026-02-01,1,57.0,57.0
kyiv_obl_vyshhorod,3,2026-02-01,1,111.0,0.0
kyiv_oblast,2,2026-02-01,3,240.0,96.0
kyiv_city,1,2026-02-02,3,512.0,336.0
kyiv_obl_bila_tserkva,9,2026-02-02,2,439.0,294.0
kyiv_obl_boryspil,5,2026-02-02,3,519.0,343.0
kyiv_obl_brovary,4,2026-02-02,2,653.0,480.0
kyiv_obl_bucha,7,2026-02-02,2,455.0,309.0
kyiv_obl_fastiv,8,2026-02-02,2,455.0,309.0
kyiv_obl_obukhiv,6,2026-02-02,2,455.0,309.0
kyiv_obl_vyshhorod,3,2026-02-02,2,478.0,332.0
kyiv_oblast,2,2026-02-02,3,684.0,480.0
kyiv_city,1,2026-02-03,2,44.0,0.0
kyiv_obl_bila_tserkva,9,2026-02-03,2,42.0,0.0
kyiv_obl_boryspil,5,2026-02-03,2,42.0,0.0
kyiv_obl_brovary,4,2026-02-03,2,42.0,0.0
kyiv_obl_bucha,7,2026-02-03,2,42.0,0.0
kyiv_obl_fastiv,8,2026-02-03,2,42.0,0.0
kyiv_obl_obukhiv,6,2026-02-03,2,42.0,0.0
kyiv_obl_vyshhorod,3,2026-02-03,3,67.0,0.0
kyiv_oblast,2,2026-02-03,3,67.0,0.0
kyiv_city,1,2026-02-04,1,148.0,148.0
kyiv_obl_bila_tserkva,9,2026-02-04,1,178.0,178.0
kyiv_obl_boryspil,5,2026-02-04,1,287.0,287.0
kyiv_obl_brovary,4,2026-02-04,1,222.0,222.0
kyiv_obl_bucha,7,2026-02-04,1,173.0,173.0
kyiv_obl_fastiv,8,2026-02-04,1,136.0,136.0
kyiv_obl_obukhiv,6,2026-02-04,1,257.0,257.0
kyiv_obl_vyshhorod,3,2026-02-04,2,306.0,214.0
kyiv_oblast,2,2026-02-04,2,378.0,287.0
kyiv_city,1,2026-02-05,3,151.0,48.0
kyiv_obl_bila_tserkva,9,2026-02-05,1,56.0,0.0
kyiv_obl_boryspil,5,2026-02-05,3,429.0,141.0
kyiv_obl_brovary,4,2026-02-05,4,508.0,243.0
kyiv_obl_bucha,7,2026-02-05,4,346.0,92.0
kyiv_obl_fastiv,8,2026-02-05,1,56.0,0.0
kyiv_obl_obukhiv,6,2026-02-05,2,281.0,116.0
kyiv_obl_vyshhorod,3,2026-02-05,6,647.0,153.0
kyiv_oblast,2,2026-02-05,5,861.0,278.0
kyiv_city,1,2026-02-06,3,267.0,151.0
kyiv_obl_bila_tserkva,9,2026-02-06,4,433.0,194.0
kyiv_obl_boryspil,5,2026-02-06,3,395.0,269.0
kyiv_obl_brovary,4,2026-02-06,3,409.0,283.0
kyiv_obl_bucha,7,2026-02-06,4,309.0,181.0
kyiv_obl_fastiv,8,2026-02-06,3,320.0,194.0
kyiv_obl_obukhiv,6,2026-02-06,4,358.0,218.0
kyiv_obl_vyshhorod,3,2026-02-06,5,439.0,181.0
kyiv_oblast,2,2026-02-06,7,669.0,283.0
kyiv_obl_brovary,4,2026-02-07,3,93.0,41.0
kyiv_obl_bucha,7,2026-02-07,0,101.0,0.0
kyiv_obl_vyshhorod,3,2026-02-07,1,230.0,129.0
kyiv_oblast,2,2026-02-07,1,230.0,129.0
kyiv_city,1,2026-02-08,3,108.0,30.0
kyiv_obl_bila_tserkva,9,2026-02-08,3,148.0,70.0
kyiv_obl_boryspil,5,2026-02-08,3,132.0,55.0
kyiv_obl_brovary,4,2026-02-08,4,140.0,39.0
kyiv_obl_bucha,7,2026-02-08,2,77.0,0.0
kyiv_obl_fastiv,8,2026-02-08,2,77.0,0.0
kyiv_obl_obukhiv,6,2026-02-08,2,77.0,0.0
kyiv_obl_vyshhorod,3,2026-02-08,5,390.0,84.0
kyiv_oblast,2,2026-02-08,6,497.0,191.0
kyiv_city,1,2026-02-09,1,18.0,0.0
kyiv_obl_bila_tserkva,9,2026-02-09,1,18.0,0.0
kyiv_obl_boryspil,5,2026-02-09,1,68.0,0.0
kyiv_obl_brovary,4,2026-02-09,1,104.0,0.0
kyiv_obl_bucha,7,2026-02-09,1,18.0,0.0
kyiv_obl_fastiv,8,2026-02-09,1,18.0,0.0
kyiv_obl_obukhiv,6,2026-02-09,1,18.0,0.0
kyiv_obl_vyshhorod,3,2026-02-09,1,18.0,0.0
kyiv_oblast,2,2026-02-09,1,104.0,0.0
kyiv_city,1,2026-02-10,2,33.0,0.0
kyiv_obl_bila_tserkva,9,2026-02-10,2,36.0,0.0
kyiv_obl_boryspil,5,2026-02-10,2,36.0,0.0
kyiv_obl_brovary,4,2026-02-10,2,36.0,0.0
kyiv_obl_bucha,7,2026-02-10,2,36.0,0.0
kyiv_obl_fastiv,8,2026-02-10,2,36.0,0.0
kyiv_obl_obukhiv,6,2026-02-10,2,36.0,0.0
kyiv_obl_vyshhorod,3,2026-02-10,2,36.0,0.0
kyiv_oblast,2,2026-02-10,2,36.0,0.0
kyiv_city,1,2026-02-11,2,247.0,185.0
kyiv_obl_bila_tserkva,9,2026-02-11,2,248.0,185.0
kyiv_obl_boryspil,5,2026-02-11,2,286.0,224.0
kyiv_obl_brovary,4,2026-02-11,2,286.0,223.0
kyiv_obl_bucha,7,2026-02-11,2,248.0,185.0
kyiv_obl_fastiv,8,2026-02-11,2,248.0,185.0
kyiv_obl_obukhiv,6,2026-02-11,2,248.0,185.0
kyiv_obl_vyshhorod,3,2026-02-11,2,248.0,185.0
kyiv_oblast,2,2026-02-11,2,286.0,224.0
kyiv_city,1,2026-02-12,2,56.0,0.0
kyiv_obl_bila_tserkva,9,2026-02-12,3,125.0,35.0
kyiv_obl_boryspil,5,2026-02-12,3,129.0,10.0
kyiv_obl_brovary,4,2026-02-12,4,161.0,70.0
kyiv_obl_bucha,7,2026-02-12,3,93.0,37.0
kyiv_obl_fastiv,8,2026-02-12,3,118.0,58.0
kyiv_obl_obukhiv,6,2026-02-12,3,106.0,3.0
kyiv_obl_vyshhorod,3,2026-02-12,5,491.0,168.0
kyiv_oblast,2,2026-02-12,5,534.0,192.0
kyiv_city,1,2026-02-13,3,129.0,61.0
kyiv_obl_bila_tserkva,9,2026-02-13,2,67.0,0.0
kyiv_obl_boryspil,5,2026-02-13,3,167.0,100.0
kyiv_obl_brovary,4,2026-02-13,3,184.0,118.0
kyiv_obl_bucha,7,2026-02-13,3,123.0,56.0
kyiv_obl_fastiv,8,2026-02-13,3,122.0,55.0
kyiv_obl_obukhiv,6,2026-02-13,3,117.0,51.0
kyiv_obl_vyshhorod,3,2026-02-13,3,461.0,102.0
kyiv_oblast,2,2026-02-13,3,492.0,133.0
kyiv_city,1,2026-02-14,1,24.0,0.0
kyiv_obl_bila_tserkva,9,2026-02-14,1,24.0,0.0
kyiv_obl_boryspil,5,2026-02-14,1,24.0,0.0
kyiv_obl_brovary,4,2026-02-14,1,24.0,0.0
kyiv_obl_bucha,7,2026-02-14,1,24.0,0.0
kyiv_obl_fastiv,8,2026-02-14,1,24.0,0.0
kyiv_obl_obukhiv,6,2026-02-14,1,24.0,0.0
kyiv_obl_vyshhorod,3,2026-02-14,1,24.0,0.0
kyiv_oblast,2,2026-02-14,1,24.0,0.0
kyiv_city,1,2026-02-15,2,70.0,40.0
kyiv_obl_bila_tserkva,9,2026-02-15,2,68.0,37.0
kyiv_obl_boryspil,5,2026-02-15,3,107.0,37.0
kyiv_obl_brovary,4,2026-02-15,3,108.0,37.0
kyiv_obl_bucha,7,2026-02-15,2,68.0,37.0
kyiv_obl_fastiv,8,2026-02-15,2,68.0,37.0
kyiv_obl_obukhiv,6,2026-02-15,2,68.0,37.0
kyiv_obl_vyshhorod,3,2026-02-15,3,113.0,37.0
kyiv_oblast,2,2026-02-15,3,139.0,37.0
kyiv_city,1,2026-02-16,2,186.0,99.0
kyiv_obl_bila_tserkva,9,2026-02-16,1,393.0,283.0
kyiv_obl_boryspil,5,2026-02-16,1,393.0,305.0
kyiv_obl_brovary,4,2026-02-16,1,180.0,93.0
kyiv_obl_bucha,7,2026-02-16,1,310.0,221.0
kyiv_obl_fastiv,8,2026-02-16,1,362.0,274.0
kyiv_obl_obukhiv,6,2026-02-16,1,393.0,305.0
kyiv_obl_vyshhorod,3,2026-02-16,1,156.0,68.0
kyiv_oblast,2,2026-02-16,2,445.0,305.0
kyiv_city,1,2026-02-17,1,21.0,0.0
kyiv_obl_bila_tserkva,9,2026-02-17,2,44.0,0.0
kyiv_obl_boryspil,5,2026-02-17,3,57.0,13.0
kyiv_obl_brovary,4,2026-02-17,2,44.0,0.0
kyiv_obl_bucha,7,2026-02-17,2,44.0,0.0
kyiv_obl_fastiv,8,2026-02-17,2,44.0,0.0
kyiv_obl_obukhiv,6,2026-02-17,3,57.0,13.0
kyiv_obl_vyshhorod,3,2026-02-17,2,44.0,0.0
kyiv_oblast,2,2026-02-17,3,57.0,13.0
kyiv_city,1,2026-02-18,1,33.0,0.0
kyiv_obl_bila_tserkva,9,2026-02-18,2,44.0,11.0
kyiv_obl_boryspil,5,2026-02-18,2,44.0,11.0
kyiv_obl_brovary,4,2026-02-18,2,44.0,11.0
kyiv_obl_bucha,7,2026-02-18,2,44.0,11.0
kyiv_obl_fastiv,8,2026-02-18,2,44.0,11.0
kyiv_obl_obukhiv,6,2026-02-18,2,44.0,11.0
kyiv_obl_vyshhorod,3,2026-02-18,2,44.0,11.0
kyiv_oblast,2,2026-02-18,2,44.0,11.0
kyiv_city,1,2026-02-19,1,26.0,26.0
kyiv_obl_bila_tserkva,9,2026-02-19,1,26.0,26.0
kyiv_obl_boryspil,5,2026-02-19,1,26.0,26.0
kyiv_obl_brovary,4,2026-02-19,1,26.0,26.0
kyiv_obl_bucha,7,2026-02-19,1,26.0,26.0
kyiv_obl_fastiv,8,2026-02-19,1,26.0,26.0
kyiv_obl_obukhiv,6,2026-02-19,1,26.0,26.0
kyiv_obl_vyshhorod,3,2026-02-19,1,26.0,26.0
kyiv_oblast,2,2026-02-19,2,56.0,56.0
kyiv_city,1,2026-02-20,2,60.0,30.0
kyiv_city,1,2026-02-21,3,284.0,123.0
kyiv_obl_bila_tserkva,9,2026-02-21,3,288.0,124.0
kyiv_obl_boryspil,5,2026-02-21,3,306.0,142.0
kyiv_obl_brovary,4,2026-02-21,3,306.0,142.0
kyiv_obl_bucha,7,2026-02-21,3,286.0,122.0
kyiv_obl_fastiv,8,2026-02-21,3,286.0,122.0
kyiv_obl_obukhiv,6,2026-02-21,3,289.0,124.0
kyiv_obl_vyshhorod,3,2026-02-21,3,333.0,122.0
kyiv_oblast,2,2026-02-21,3,353.0,142.0
kyiv_city,1,2026-02-23,1,13.0,0.0
kyiv_obl_bila_tserkva,9,2026-02-23,1,12.0,0.0
kyiv_obl_boryspil,5,2026-02-23,1,12.0,0.0
kyiv_obl_brovary,4,2026-02-23,1,12.0,0.0
kyiv_obl_bucha,7,2026-02-23,1,12.0,0.0
kyiv_obl_fastiv,8,2026-02-23,1,12.0,0.0
kyiv_obl_obukhiv,6,2026-02-23,1,12.0,0.0
kyiv_obl_vyshhorod,3,2026-02-23,1,12.0,0.0
kyiv_oblast,2,2026-02-23,1,12.0,0.0
kyiv_obl_boryspil,5,2026-02-24,1,22.0,0.0
kyiv_obl_brovary,4,2026-02-24,2,49.0,0.0
kyiv_obl_obukhiv,6,2026-02-24,1,37.0,0.0
kyiv_obl_vyshhorod,3,2026-02-24,1,37.0,0.0
kyiv_oblast,2,2026-02-24,3,97.0,0.0
kyiv_city,1,2026-02-25,2,231.0,148.0
kyiv_obl_bila_tserkva,9,2026-02-25,2,224.0,131.0
kyiv_obl_boryspil,5,2026-02-25,2,305.0,221.0
kyiv_obl_brovary,4,2026-02-25,3,270.0,186.0
kyiv_obl_bucha,7,2026-02-25,2,214.0,131.0
kyiv_obl_fastiv,8,2026-02-25,2,214.0,131.0
kyiv_obl_obukhiv,6,2026-02-25,2,214.0,131.0
kyiv_obl_vyshhorod,3,2026-02-25,2,226.0,143.0
kyiv_oblast,2,2026-02-25,3,335.0,241.0
kyiv_city,1,2026-02-26,2,56.0,0.0
kyiv_obl_bila_tserkva,9,2026-02-26,3,65.0,0.0
kyiv_obl_boryspil,5,2026-02-26,3,65.0,0.0
kyiv_obl_brovary,4,2026-02-26,3,66.0,0.0
kyiv_obl_bucha,7,2026-02-26,3,65.0,0.0
kyiv_obl_fastiv,8,2026-02-26,3,65.0,0.0
kyiv_obl_obukhiv,6,2026-02-26,3,65.0,0.0
kyiv_obl_vyshhorod,3,2026-02-26,4,113.0,48.0
kyiv_oblast,2,2026-02-26,4,114.0,48.0
kyiv_city,1,2026-02-27,1,18.0,18.0
kyiv_obl_bila_tserkva,9,2026-02-27,3,49.0,17.0
kyiv_obl_boryspil,5,2026-02-27,2,139.0,17.0
kyiv_obl_brovary,4,2026-02-27,2,139.0,17.0
kyiv_obl_bucha,7,2026-02-27,1,17.0,17.0
kyiv_obl_fastiv,8,2026-02-27,1,17.0,17.0
kyiv_obl_obukhiv,6,2026-02-27,2,119.0,17.0
kyiv_obl_vyshhorod,3,2026-02-27,1,17.0,17.0
kyiv_oblast,2,2026-02-27,2,139.0,17.0
kyiv_city,1,2026-02-28,2,50.0,0.0
kyiv_obl_bila_tserkva,9,2026-02-28,1,19.0,0.0
kyiv_obl_boryspil,5,2026-02-28,1,19.0,0.0
kyiv_obl_brovary,4,2026-02-28,1,19.0,0.0
kyiv_obl_bucha,7,2026-02-28,1,19.0,0.0
kyiv_obl_fastiv,8,2026-02-28,1,19.0,0.0
kyiv_obl_obukhiv,6,2026-02-28,1,19.0,0.0
kyiv_obl_vyshhorod,3,2026-02-28,1,19.0,0.0
kyiv_oblast,2,2026-02-28,1,19.0,0.0
kyiv_city,1,2026-03-01,2,30.0,0.0
kyiv_obl_bila_tserkva,9,2026-03-01,2,29.0,0.0
kyiv_obl_boryspil,5,2026-03-01,2,29.0,0.0
kyiv_obl_brovary,4,2026-03-01,2,29.0,0.0
kyiv_obl_bucha,7,2026-03-01,2,29.0,0.0
kyiv_obl_fastiv,8,2026-03-01,2,29.0,0.0
kyiv_obl_obukhiv,6,2026-03-01,2,29.0,0.0
kyiv_obl_vyshhorod,3,2026-03-01,2,29.0,0.0
kyiv_oblast,2,2026-03-01,2,29.0,0.0
kyiv_city,1,2026-03-02,3,92.0,47.0
kyiv_obl_boryspil,5,2026-03-02,1,15.0,15.0
kyiv_obl_brovary,4,2026-03-02,1,60.0,18.0
kyiv_obl_bucha,7,2026-03-02,1,22.0,18.0
kyiv_obl_fastiv,8,2026-03-02,1,23.0,18.0
kyiv_obl_obukhiv,6,2026-03-02,1,18.0,18.0
kyiv_obl_vyshhorod,3,2026-03-02,1,66.0,17.0
kyiv_oblast,2,2026-03-02,1,67.0,18.0
kyiv_city,1,2026-03-04,1,30.0,0.0
kyiv_obl_boryspil,5,2026-03-05,1,31.0,31.0
kyiv_obl_brovary,4,2026-03-05,1,24.0,24.0
kyiv_oblast,2,2026-03-05,1,31.0,31.0
kyiv_city,1,2026-03-06,3,296.0,248.0
kyiv_obl_bila_tserkva,9,2026-03-06,2,321.0,321.0
kyiv_obl_boryspil,5,2026-03-06,4,396.0,337.0
kyiv_obl_brovary,4,2026-03-06,4,325.0,266.0
kyiv_obl_bucha,7,2026-03-06,3,356.0,301.0
kyiv_obl_fastiv,8,2026-03-06,3,342.0,301.0
kyiv_obl_obukhiv,6,2026-03-06,3,378.0,337.0
kyiv_obl_vyshhorod,3,2026-03-06,3,361.0,287.0
kyiv_oblast,2,2026-03-06,4,439.0,338.0
kyiv_obl_vyshhorod,3,2026-03-07,1,119.0,0.0
kyiv_oblast,2,2026-03-07,1,119.0,0.0
kyiv_obl_bila_tserkva,9,2026-03-08,1,19.0,0.0
kyiv_obl_boryspil,5,2026-03-08,1,19.0,0.0
kyiv_obl_brovary,4,2026-03-08,1,18.0,0.0
kyiv_obl_bucha,7,2026-03-08,1,19.0,0.0
kyiv_obl_fastiv,8,2026-03-08,1,19.0,0.0
kyiv_obl_obukhiv,6,2026-03-08,1,19.0,0.0
kyiv_obl_vyshhorod,3,2026-03-08,1,19.0,0.0
kyiv_oblast,2,2026-03-08,2,49.0,30.0
kyiv_city,1,2026-03-09,1,29.0,0.0
kyiv_obl_bila_tserkva,9,2026-03-09,1,28.0,0.0
kyiv_obl_boryspil,5,2026-03-09,1,28.0,0.0
kyiv_obl_brovary,4,2026-03-09,1,28.0,0.0
kyiv_obl_bucha,7,2026-03-09,1,28.0,0.0
kyiv_obl_fastiv,8,2026-03-09,1,28.0,0.0
kyiv_obl_obukhiv,6,2026-03-09,1,28.0,0.0
kyiv_obl_vyshhorod,3,2026-03-09,1,28.0,0.0
kyiv_oblast,2,2026-03-09,1,28.0,0.0
kyiv_city,1,2026-03-10,1,30.0,0.0
kyiv_oblast,2,2026-03-10,1,30.0,0.0
kyiv_city,1,2026-03-11,1,30.0,0.0
kyiv_city,1,2026-03-12,1,22.0,0.0
kyiv_obl_bila_tserkva,9,2026-03-12,2,47.0,0.0
kyiv_obl_boryspil,5,2026-03-12,2,47.0,0.0
kyiv_obl_brovary,4,2026-03-12,2,47.0,0.0
kyiv_obl_bucha,7,2026-03-12,2,47.0,0.0
kyiv_obl_fastiv,8,2026-03-12,2,47.0,0.0
kyiv_obl_obukhiv,6,2026-03-12,2,47.0,0.0
kyiv_obl_vyshhorod,3,2026-03-12,2,47.0,0.0
kyiv_oblast,2,2026-03-12,3,77.0,0.0
kyiv_city,1,2026-03-13,2,262.0,173.0
kyiv_obl_bila_tserkva,9,2026-03-13,2,245.0,230.0
kyiv_obl_boryspil,5,2026-03-13,2,244.0,173.0
kyiv_obl_brovary,4,2026-03-13,2,266.0,173.0
kyiv_obl_bucha,7,2026-03-13,3,222.0,173.0
kyiv_obl_fastiv,8,2026-03-13,2,188.0,173.0
kyiv_obl_obukhiv,6,2026-03-13,1,223.0,173.0
kyiv_obl_vyshhorod,3,2026-03-13,2,289.0,173.0
kyiv_oblast,2,2026-03-13,2,346.0,230.0
kyiv_city,1,2026-03-14,2,35.0,0.0
kyiv_obl_bila_tserkva,9,2026-03-14,1,28.0,0.0
kyiv_obl_boryspil,5,2026-03-14,1,28.0,0.0
kyiv_obl_brovary,4,2026-03-14,2,44.0,0.0
kyiv_obl_bucha,7,2026-03-14,1,28.0,0.0
kyiv_obl_fastiv,8,2026-03-14,1,28.0,0.0
kyiv_obl_obukhiv,6,2026-03-14,1,28.0,0.0
kyiv_obl_vyshhorod,3,2026-03-14,2,61.0,0.0
kyiv_oblast,2,2026-03-14,2,61.0,0.0
kyiv_city,1,2026-03-15,3,123.0,0.0
kyiv_obl_bila_tserkva,9,2026-03-15,3,66.0,0.0
kyiv_obl_boryspil,5,2026-03-15,3,118.0,0.0
kyiv_obl_brovary,4,2026-03-15,3,150.0,0.0
kyiv_obl_bucha,7,2026-03-15,3,119.0,0.0
kyiv_obl_fastiv,8,2026-03-15,3,113.0,0.0
kyiv_obl_obukhiv,6,2026-03-15,3,113.0,0.0
kyiv_obl_vyshhorod,3,2026-03-15,4,182.0,32.0
kyiv_oblast,2,2026-03-15,4,182.0,32.0
kyiv_city,1,2026-03-16,1,43.0,43.0
kyiv_obl_bila_tserkva,9,2026-03-16,1,66.0,0.0
kyiv_obl_boryspil,5,2026-03-16,2,116.0,27.0
kyiv_obl_brovary,4,2026-03-16,2,141.0,49.0
kyiv_obl_bucha,7,2026-03-16,1,42.0,42.0
kyiv_obl_fastiv,8,2026-03-16,1,60.0,60.0
kyiv_obl_obukhiv,6,2026-03-16,3,195.0,92.0
kyiv_obl_vyshhorod,3,2026-03-16,1,42.0,42.0
kyiv_oblast,2,2026-03-16,4,358.0,109.0
kyiv_city,1,2026-03-17,4,148.0,34.0
kyiv_obl_bila_tserkva,9,2026-03-17,1,185.0,185.0
kyiv_obl_boryspil,5,2026-03-17,2,252.0,207.0
kyiv_obl_brovary,4,2026-03-17,3,308.0,127.0
kyiv_obl_bucha,7,2026-03-17,1,35.0,35.0
kyiv_obl_fastiv,8,2026-03-17,1,197.0,197.0
kyiv_obl_obukhiv,6,2026-03-17,2,226.0,198.0
kyiv_obl_vyshhorod,3,2026-03-17,4,252.0,76.0
kyiv_oblast,2,2026-03-17,3,433.0,242.0
kyiv_city,1,2026-03-18,1,20.0,0.0
kyiv_obl_boryspil,5,2026-03-18,2,53.0,18.0
kyiv_obl_brovary,4,2026-03-18,2,53.0,18.0
kyiv_obl_bucha,7,2026-03-18,1,11.0,0.0
kyiv_obl_fastiv,8,2026-03-18,1,11.0,0.0
kyiv_obl_obukhiv,6,2026-03-18,1,11.0,0.0
kyiv_obl_vyshhorod,3,2026-03-18,1,72.0,0.0
kyiv_oblast,2,2026-03-18,2,91.0,19.0
kyiv_obl_bila_tserkva,9,2026-03-19,1,55.0,55.0
kyiv_obl_obukhiv,6,2026-03-19,1,32.0,32.0
kyiv_obl_vyshhorod,3,2026-03-19,1,47.0,47.0
kyiv_oblast,2,2026-03-19,2,102.0,102.0
kyiv_obl_brovary,4,2026-03-20,1,14.0,0.0
kyiv_oblast,2,2026-03-20,2,44.0,0.0
kyiv_city,1,2026-03-21,3,122.0,92.0
kyiv_obl_boryspil,5,2026-03-21,3,143.0,117.0
kyiv_obl_brovary,4,2026-03-21,2,135.0,135.0
kyiv_obl_bucha,7,2026-03-21,3,93.0,93.0
kyiv_obl_fastiv,8,2026-03-21,1,23.0,23.0
kyiv_obl_obukhiv,6,2026-03-21,1,25.0,25.0
kyiv_obl_vyshhorod,3,2026-03-21,1,177.0,177.0
kyiv_oblast,2,2026-03-21,3,246.0,190.0
kyiv_city,1,2026-03-22,2,59.0,27.0
kyiv_obl_bila_tserkva,9,2026-03-22,1,27.0,27.0
kyiv_obl_boryspil,5,2026-03-22,3,109.0,27.0
kyiv_obl_brovary,4,2026-03-22,2,60.0,27.0
kyiv_obl_bucha,7,2026-03-22,1,27.0,27.0
kyiv_obl_fastiv,8,2026-03-22,1,27.0,27.0
kyiv_obl_obukhiv,6,2026-03-22,1,27.0,27.0
kyiv_obl_vyshhorod,3,2026-03-22,1,27.0,27.0
kyiv_oblast,2,2026-03-22,3,109.0,27.0
kyiv_city,1,2026-03-23,2,253.0,253.0
kyiv_obl_bila_tserkva,9,2026-03-23,1,180.0,180.0
kyiv_obl_boryspil,5,2026-03-23,3,327.0,285.0
kyiv_obl_brovary,4,2026-03-23,3,328.0,285.0
kyiv_obl_bucha,7,2026-03-23,3,280.0,247.0
kyiv_obl_fastiv,8,2026-03-23,2,247.0,247.0
kyiv_obl_obukhiv,6,2026-03-23,3,286.0,268.0
kyiv_obl_vyshhorod,3,2026-03-23,2,238.0,180.0
kyiv_oblast,2,2026-03-23,4,373.0,285.0
kyiv_city,1,2026-03-24,1,281.0,0.0
kyiv_obl_bila_tserkva,9,2026-03-24,1,347.0,0.0
kyiv_obl_boryspil,5,2026-03-24,0,354.0,0.0
kyiv_obl_brovary,4,2026-03-24,0,354.0,0.0
kyiv_obl_bucha,7,2026-03-24,0,354.0,0.0
kyiv_obl_fastiv,8,2026-03-24,1,262.0,0.0
kyiv_obl_obukhiv,6,2026-03-24,0,354.0,0.0
kyiv_obl_vyshhorod,3,2026-03-24,0,354.0,0.0
kyiv_oblast,2,2026-03-24,0,354.0,0.0
kyiv_city,1,2026-03-25,1,32.0,0.0
kyiv_obl_bila_tserkva,9,2026-03-25,2,71.0,0.0
kyiv_obl_boryspil,5,2026-03-25,4,141.0,54.0
kyiv_obl_brovary,4,2026-03-25,1,30.0,0.0
kyiv_obl_bucha,7,2026-03-25,1,30.0,0.0
kyiv_obl_fastiv,8,2026-03-25,1,30.0,0.0
kyiv_obl_obukhiv,6,2026-03-25,2,99.0,0.0
kyiv_obl_vyshhorod,3,2026-03-25,3,49.0,0.0
kyiv_oblast,2,2026-03-25,7,229.0,54.0
kyiv_oblast,2,2026-03-26,2,60.0,30.0
kyiv_city,1,2026-03-27,2,60.0,30.0
kyiv_obl_boryspil,5,2026-03-27,1,13.0,13.0
kyiv_obl_brovary,4,2026-03-27,1,10.0,10.0
kyiv_oblast,2,2026-03-27,1,13.0,13.0
kyiv_city,1,2026-03-28,4,124.0,41.0
kyiv_obl_bila_tserkva,9,2026-03-28,4,543.0,91.0
kyiv_obl_boryspil,5,2026-03-28,4,670.0,171.0
kyiv_obl_brovary,4,2026-03-28,4,690.0,170.0
kyiv_obl_bucha,7,2026-03-28,2,516.0,130.0
kyiv_obl_fastiv,8,2026-03-28,3,456.0,90.0
kyiv_obl_obukhiv,6,2026-03-28,3,583.0,108.0
kyiv_obl_vyshhorod,3,2026-03-28,2,539.0,152.0
kyiv_oblast,2,2026-03-28,3,705.0,185.0
kyiv_city,1,2026-03-29,3,116.0,86.0
kyiv_obl_bila_tserkva,9,2026-03-29,3,172.0,85.0
kyiv_obl_boryspil,5,2026-03-29,4,169.0,85.0
kyiv_obl_brovary,4,2026-03-29,4,249.0,85.0
kyiv_obl_bucha,7,2026-03-29,2,132.0,85.0
kyiv_obl_fastiv,8,2026-03-29,2,85.0,85.0
kyiv_obl_obukhiv,6,2026-03-29,3,117.0,85.0
kyiv_obl_vyshhorod,3,2026-03-29,3,187.0,85.0
kyiv_oblast,2,2026-03-29,5,353.0,85.0
kyiv_city,1,2026-03-30,4,105.0,24.0
kyiv_obl_bila_tserkva,9,2026-03-30,4,105.0,24.0
kyiv_obl_boryspil,5,2026-03-30,6,150.0,50.0
kyiv_obl_brovary,4,2026-03-30,6,300.0,49.0
kyiv_obl_bucha,7,2026-03-30,5,188.0,24.0
kyiv_obl_fastiv,8,2026-03-30,5,179.0,24.0
kyiv_obl_obukhiv,6,2026-03-30,5,108.0,27.0
kyiv_obl_vyshhorod,3,2026-03-30,7,385.0,128.0
kyiv_oblast,2,2026-03-30,8,421.0,154.0
kyiv_city,1,2026-03-31,3,69.0,39.0
kyiv_obl_bila_tserkva,9,2026-03-31,2,294.0,155.0
kyiv_obl_boryspil,5,2026-03-31,4,304.0,183.0
kyiv_obl_brovary,4,2026-03-31,4,281.0,183.0
kyiv_obl_bucha,7,2026-03-31,1,213.0,74.0
kyiv_obl_fastiv,8,2026-03-31,1,216.0,77.0
kyiv_obl_obukhiv,6,2026-03-31,1,240.0,101.0
kyiv_obl_vyshhorod,3,2026-03-31,1,16.0,16.0
kyiv_oblast,2,2026-03-31,4,386.0,246.0
kyiv_city,1,2026-04-01,1,26.0,26.0
kyiv_obl_bila_tserkva,9,2026-04-01,4,115.0,25.0
kyiv_obl_boryspil,5,2026-04-01,6,180.0,75.0
kyiv_obl_brovary,4,2026-04-01,4,181.0,128.0
kyiv_obl_bucha,7,2026-04-01,1,25.0,25.0
kyiv_obl_fastiv,8,2026-04-01,1,25.0,25.0
kyiv_obl_obukhiv,6,2026-04-01,4,160.0,64.0
kyiv_obl_vyshhorod,3,2026-04-01,1,25.0,25.0
kyiv_oblast,2,2026-04-01,8,363.0,158.0
kyiv_city,1,2026-04-02,4,203.0,34.0
kyiv_obl_bila_tserkva,9,2026-04-02,4,396.0,34.0
kyiv_obl_boryspil,5,2026-04-02,4,434.0,34.0
kyiv_obl_brovary,4,2026-04-02,4,434.0,34.0
kyiv_obl_bucha,7,2026-04-02,4,201.0,34.0
kyiv_obl_fastiv,8,2026-04-02,4,354.0,34.0
kyiv_obl_obukhiv,6,2026-04-02,4,347.0,34.0
kyiv_obl_vyshhorod,3,2026-04-02,4,199.0,34.0
kyiv_oblast,2,2026-04-02,4,434.0,34.0
kyiv_city,1,2026-04-03,2,81.0,0.0
kyiv_obl_bila_tserkva,9,2026-04-03,3,98.0,0.0
kyiv_obl_boryspil,5,2026-04-03,3,261.0,92.0
kyiv_obl_brovary,4,2026-04-03,2,181.0,0.0
kyiv_obl_bucha,7,2026-04-03,2,73.0,0.0
kyiv_obl_fastiv,8,2026-04-03,2,77.0,0.0
kyiv_obl_obukhiv,6,2026-04-03,3,116.0,0.0
kyiv_obl_vyshhorod,3,2026-04-03,1,28.0,0.0
kyiv_oblast,2,2026-04-03,3,291.0,92.0
kyiv_city,1,2026-04-04,2,60.0,0.0
kyiv_obl_bila_tserkva,9,2026-04-04,1,20.0,0.0
kyiv_obl_boryspil,5,2026-04-04,2,39.0,0.0
kyiv_obl_brovary,4,2026-04-04,2,39.0,0.0
kyiv_obl_bucha,7,2026-04-04,1,20.0,0.0
kyiv_obl_fastiv,8,2026-04-04,1,20.0,0.0
kyiv_obl_obukhiv,6,2026-04-04,1,20.0,0.0
kyiv_obl_vyshhorod,3,2026-04-04,1,20.0,0.0
kyiv_oblast,2,2026-04-04,2,39.0,0.0
kyiv_city,1,2026-04-05,1,30.0,0.0
kyiv_obl_boryspil,5,2026-04-05,1,28.0,28.0
kyiv_obl_bucha,7,2026-04-05,1,25.0,0.0
kyiv_obl_obukhiv,6,2026-04-05,1,30.0,30.0
kyiv_obl_vyshhorod,3,2026-04-05,1,33.0,0.0
kyiv_oblast,2,2026-04-05,3,91.0,57.0
kyiv_city,1,2026-04-06,3,78.0,30.0
kyiv_obl_boryspil,5,2026-04-06,1,25.0,13.0
kyiv_obl_bucha,7,2026-04-06,1,42.0,0.0
kyiv_obl_fastiv,8,2026-04-06,1,65.0,13.0
kyiv_obl_obukhiv,6,2026-04-06,1,37.0,13.0
kyiv_obl_vyshhorod,3,2026-04-06,1,46.0,0.0
kyiv_oblast,2,2026-04-06,2,111.0,13.0
kyiv_obl_boryspil,5,2026-04-07,1,35.0,35.0
kyiv_obl_brovary,4,2026-04-07,1,50.0,50.0
kyiv_oblast,2,2026-04-07,1,50.0,50.0
kyiv_city,1,2026-04-08,2,62.0,0.0
kyiv_obl_bila_tserkva,9,2026-04-08,1,33.0,0.0
kyiv_obl_boryspil,5,2026-04-08,1,33.0,0.0
kyiv_obl_brovary,4,2026-04-08,2,45.0,0.0
kyiv_obl_bucha,7,2026-04-08,1,33.0,0.0
kyiv_obl_fastiv,8,2026-04-08,1,33.0,0.0
kyiv_obl_obukhiv,6,2026-04-08,1,33.0,0.0
kyiv_obl_vyshhorod,3,2026-04-08,1,33.0,0.0
kyiv_oblast,2,2026-04-08,2,45.0,0.0
kyiv_city,1,2026-04-09,2,35.0,14.0
kyiv_obl_bila_tserkva,9,2026-04-09,1,7.0,0.0
kyiv_obl_boryspil,5,2026-04-09,2,49.0,30.0
kyiv_obl_brovary,4,2026-04-09,2,58.0,29.0
kyiv_obl_bucha,7,2026-04-09,1,29.0,0.0
kyiv_obl_fastiv,8,2026-04-09,1,11.0,0.0
kyiv_obl_obukhiv,6,2026-04-09,1,14.0,0.0
kyiv_obl_vyshhorod,3,2026-04-09,4,162.0,72.0
kyiv_oblast,2,2026-04-09,4,175.0,85.0
kyiv_city,1,2026-04-10,1,33.0,33.0
kyiv_obl_boryspil,5,2026-04-10,1,33.0,33.0
kyiv_obl_brovary,4,2026-04-10,3,95.0,65.0
kyiv_obl_obukhiv,6,2026-04-10,1,24.0,24.0
kyiv_obl_vyshhorod,3,2026-04-10,2,58.0,58.0
kyiv_oblast,2,2026-04-10,3,95.0,65.0
kyiv_oblast,2,2026-04-12,1,30.0,30.0
kyiv_city,1,2026-04-13,1,25.0,0.0
kyiv_obl_bila_tserkva,9,2026-04-13,1,24.0,0.0
kyiv_obl_boryspil,5,2026-04-13,1,24.0,0.0
kyiv_obl_brovary,4,2026-04-13,1,24.0,0.0
kyiv_obl_bucha,7,2026-04-13,1,24.0,0.0
kyiv_obl_fastiv,8,2026-04-13,1,24.0,0.0
kyiv_obl_obukhiv,6,2026-04-13,1,24.0,0.0
kyiv_obl_vyshhorod,3,2026-04-13,1,24.0,0.0
kyiv_oblast,2,2026-04-13,2,54.0,0.0
kyiv_city,1,2026-04-14,2,65.0,0.0
kyiv_obl_bila_tserkva,9,2026-04-14,3,247.0,146.0
kyiv_obl_boryspil,5,2026-04-14,2,140.0,129.0
kyiv_obl_brovary,4,2026-04-14,2,133.0,122.0
kyiv_obl_bucha,7,2026-04-14,2,110.0,25.0
kyiv_obl_fastiv,8,2026-04-14,2,174.0,89.0
kyiv_obl_obukhiv,6,2026-04-14,2,232.0,147.0
kyiv_obl_vyshhorod,3,2026-04-14,2,77.0,0.0
kyiv_oblast,2,2026-04-14,4,300.0,162.0
kyiv_city,1,2026-04-15,3,304.0,151.0
kyiv_obl_bila_tserkva,9,2026-04-15,2,308.0,153.0
kyiv_obl_boryspil,5,2026-04-15,2,419.0,229.0
kyiv_obl_brovary,4,2026-04-15,3,443.0,229.0
kyiv_obl_bucha,7,2026-04-15,3,286.0,151.0
kyiv_obl_fastiv,8,2026-04-15,2,245.0,151.0
kyiv_obl_obukhiv,6,2026-04-15,3,376.0,170.0
kyiv_obl_vyshhorod,3,2026-04-15,4,319.0,171.0
kyiv_oblast,2,2026-04-15,3,497.0,229.0
kyiv_city,1,2026-04-16,1,30.0,0.0
kyiv_obl_vyshhorod,3,2026-04-16,1,304.0,90.0
kyiv_oblast,2,2026-04-16,2,334.0,90.0
kyiv_city,1,2026-04-17,2,39.0,20.0
kyiv_obl_bila_tserkva,9,2026-04-17,2,36.0,19.0
kyiv_obl_boryspil,5,2026-04-17,3,102.0,84.0
kyiv_obl_brovary,4,2026-04-17,3,101.0,84.0
kyiv_obl_bucha,7,2026-04-17,2,36.0,19.0
kyiv_obl_fastiv,8,2026-04-17,2,36.0,19.0
kyiv_obl_obukhiv,6,2026-04-17,2,36.0,19.0
kyiv_obl_vyshhorod,3,2026-04-17,2,37.0,19.0
kyiv_oblast,2,2026-04-17,3,102.0,84.0
kyiv_obl_boryspil,5,2026-04-18,1,8.0,0.0
kyiv_obl_brovary,4,2026-04-18,1,14.0,0.0
kyiv_oblast,2,2026-04-18,2,44.0,30.0
kyiv_city,1,2026-04-19,2,115.0,115.0
kyiv_obl_bila_tserkva,9,2026-04-19,1,18.0,18.0
kyiv_obl_boryspil,5,2026-04-19,2,109.0,109.0
kyiv_obl_brovary,4,2026-04-19,2,125.0,125.0
kyiv_obl_bucha,7,2026-04-19,1,18.0,18.0
kyiv_obl_fastiv,8,2026-04-19,1,18.0,18.0
kyiv_obl_obukhiv,6,2026-04-19,2,109.0,109.0
kyiv_obl_vyshhorod,3,2026-04-19,2,125.0,125.0
kyiv_oblast,2,2026-04-19,2,125.0,125.0
kyiv_city,1,2026-04-20,2,53.0,0.0
kyiv_obl_bila_tserkva,9,2026-04-20,3,137.0,0.0
kyiv_obl_boryspil,5,2026-04-20,1,23.0,0.0
kyiv_obl_brovary,4,2026-04-20,1,23.0,0.0
kyiv_obl_bucha,7,2026-04-20,2,60.0,0.0
kyiv_obl_fastiv,8,2026-04-20,2,86.0,0.0
kyiv_obl_obukhiv,6,2026-04-20,3,96.0,0.0
kyiv_obl_vyshhorod,3,2026-04-20,2,40.0,0.0
kyiv_oblast,2,2026-04-20,3,138.0,0.0
kyiv_city,1,2026-04-21,1,30.0,0.0
kyiv_obl_boryspil,5,2026-04-21,1,16.0,16.0
kyiv_obl_brovary,4,2026-04-21,2,37.0,37.0
kyiv_obl_bucha,7,2026-04-21,1,48.0,0.0
kyiv_obl_vyshhorod,3,2026-04-21,2,85.0,20.0
kyiv_oblast,2,2026-04-21,3,102.0,37.0
kyiv_city,1,2026-04-22,1,27.0,0.0
kyiv_obl_brovary,4,2026-04-22,2,82.0,0.0
kyiv_obl_bucha,7,2026-04-22,2,206.0,0.0
kyiv_obl_fastiv,8,2026-04-22,1,50.0,0.0
kyiv_obl_obukhiv,6,2026-04-22,1,21.0,0.0
kyiv_obl_vyshhorod,3,2026-04-22,4,326.0,18.0
kyiv_oblast,2,2026-04-22,4,326.0,18.0
kyiv_city,1,2026-04-23,1,39.0,0.0
kyiv_obl_boryspil,5,2026-04-23,2,177.0,0.0
kyiv_obl_brovary,4,2026-04-23,2,204.0,0.0
kyiv_obl_bucha,7,2026-04-23,2,168.0,0.0
kyiv_obl_fastiv,8,2026-04-23,1,29.0,0.0
kyiv_obl_obukhiv,6,2026-04-23,1,29.0,0.0
kyiv_obl_vyshhorod,3,2026-04-23,3,307.0,55.0
kyiv_oblast,2,2026-04-23,3,450.0,55.0
kyiv_city,1,2026-04-24,1,120.0,120.0
kyiv_obl_bila_tserkva,9,2026-04-24,1,157.0,157.0
kyiv_obl_boryspil,5,2026-04-24,2,269.0,241.0
kyiv_obl_brovary,4,2026-04-24,2,240.0,229.0
kyiv_obl_bucha,7,2026-04-24,1,119.0,119.0
kyiv_obl_fastiv,8,2026-04-24,1,119.0,119.0
kyiv_obl_obukhiv,6,2026-04-24,1,157.0,157.0
kyiv_obl_vyshhorod,3,2026-04-24,2,164.0,164.0
kyiv_oblast,2,2026-04-24,3,324.0,296.0
kyiv_city,1,2026-04-25,3,93.0,55.0
kyiv_obl_boryspil,5,2026-04-25,2,48.0,9.0
kyiv_obl_brovary,4,2026-04-25,3,87.0,41.0
kyiv_obl_bucha,7,2026-04-25,2,50.0,11.0
kyiv_obl_fastiv,8,2026-04-25,1,11.0,11.0
kyiv_obl_obukhiv,6,2026-04-25,1,11.0,11.0
kyiv_obl_vyshhorod,3,2026-04-25,5,218.0,164.0
kyiv_oblast,2,2026-04-25,5,235.0,180.0
kyiv_city,1,2026-04-28,1,49.0,0.0
kyiv_obl_bila_tserkva,9,2026-04-28,1,28.0,0.0
kyiv_obl_boryspil,5,2026-04-28,1,32.0,0.0
kyiv_obl_brovary,4,2026-04-28,1,86.0,0.0
kyiv_obl_bucha,7,2026-04-28,1,38.0,0.0
kyiv_obl_fastiv,8,2026-04-28,1,38.0,0.0
kyiv_obl_obukhiv,6,2026-04-28,1,38.0,0.0
kyiv_obl_vyshhorod,3,2026-04-28,1,59.0,0.0
kyiv_oblast,2,2026-04-28,1,86.0,0.0
kyiv_city,1,2026-04-29,4,108.0,46.0
kyiv_obl_bila_tserkva,9,2026-04-29,1,29.0,0.0
kyiv_obl_boryspil,5,2026-04-29,1,29.0,0.0
kyiv_obl_brovary,4,2026-04-29,2,83.0,54.0
kyiv_obl_bucha,7,2026-04-29,2,78.0,49.0
kyiv_obl_fastiv,8,2026-04-29,1,29.0,0.0
kyiv_obl_obukhiv,6,2026-04-29,1,29.0,0.0
kyiv_obl_vyshhorod,3,2026-04-29,2,163.0,135.0
kyiv_oblast,2,2026-04-29,2,163.0,135.0
kyiv_city,1,2026-04-30,4,126.0,0.0
kyiv_obl_bila_tserkva,9,2026-04-30,2,103.0,0.0
kyiv_obl_boryspil,5,2026-04-30,2,146.0,0.0
kyiv_obl_brovary,4,2026-04-30,2,147.0,0.0
kyiv_obl_bucha,7,2026-04-30,1,37.0,0.0
kyiv_obl_fastiv,8,2026-04-30,1,37.0,0.0
kyiv_obl_obukhiv,6,2026-04-30,2,109.0,0.0
kyiv_obl_vyshhorod,3,2026-04-30,2,102.0,65.0
kyiv_oblast,2,2026-04-30,3,212.0,65.0
kyiv_city,1,2026-05-01,1,18.0,0.0
kyiv_obl_bila_tserkva,9,2026-05-01,1,160.0,0.0
kyiv_obl_boryspil,5,2026-05-01,2,177.0,0.0
kyiv_obl_brovary,4,2026-05-01,3,210.0,0.0
kyiv_obl_bucha,7,2026-05-01,1,20.0,0.0
kyiv_obl_fastiv,8,2026-05-01,2,129.0,0.0
kyiv_obl_obukhiv,6,2026-05-01,1,160.0,0.0
kyiv_obl_vyshhorod,3,2026-05-01,5,121.0,37.0
kyiv_oblast,2,2026-05-01,5,275.0,37.0
kyiv_city,1,2026-05-02,3,349.0,153.0
kyiv_obl_bila_tserkva,9,2026-05-02,4,271.0,150.0
kyiv_obl_boryspil,5,2026-05-02,3,632.0,189.0
kyiv_obl_brovary,4,2026-05-02,3,632.0,189.0
kyiv_obl_bucha,7,2026-05-02,4,320.0,154.0
kyiv_obl_fastiv,8,2026-05-02,3,250.0,155.0
kyiv_obl_obukhiv,6,2026-05-02,3,350.0,154.0
kyiv_obl_vyshhorod,3,2026-05-02,4,494.0,188.0
kyiv_oblast,2,2026-05-02,3,643.0,189.0
kyiv_city,1,2026-05-03,3,100.0,40.0
kyiv_obl_bila_tserkva,9,2026-05-03,1,140.0,0.0
kyiv_obl_boryspil,5,2026-05-03,2,278.0,0.0
kyiv_obl_brovary,4,2026-05-03,4,321.0,48.0
kyiv_obl_obukhiv,6,2026-05-03,2,191.0,0.0
kyiv_obl_vyshhorod,3,2026-05-03,1,238.0,0.0
kyiv_oblast,2,2026-05-03,4,378.0,78.0
kyiv_city,1,2026-05-04,3,137.0,137.0
kyiv_obl_bila_tserkva,9,2026-05-04,1,67.0,67.0
kyiv_obl_boryspil,5,2026-05-04,3,255.0,255.0
kyiv_obl_brovary,4,2026-05-04,2,192.0,192.0
kyiv_obl_bucha,7,2026-05-04,1,67.0,67.0
kyiv_obl_fastiv,8,2026-05-04,1,68.0,68.0
kyiv_obl_obukhiv,6,2026-05-04,2,131.0,131.0
kyiv_obl_vyshhorod,3,2026-05-04,3,142.0,124.0
kyiv_oblast,2,2026-05-04,5,274.0,256.0
kyiv_city,1,2026-05-05,1,15.0,0.0
kyiv_obl_bila_tserkva,9,2026-05-05,1,14.0,0.0
kyiv_obl_boryspil,5,2026-05-05,1,14.0,0.0
kyiv_obl_brovary,4,2026-05-05,1,14.0,0.0
kyiv_obl_bucha,7,2026-05-05,1,14.0,0.0
kyiv_obl_fastiv,8,2026-05-05,1,14.0,0.0
kyiv_obl_obukhiv,6,2026-05-05,1,14.0,0.0
kyiv_obl_vyshhorod,3,2026-05-05,1,14.0,0.0
kyiv_oblast,2,2026-05-05,1,14.0,0.0
kyiv_city,1,2026-05-06,1,48.0,48.0
kyiv_obl_boryspil,5,2026-05-06,1,48.0,48.0
kyiv_obl_brovary,4,2026-05-06,2,118.0,65.0
kyiv_obl_bucha,7,2026-05-06,1,35.0,35.0
kyiv_obl_fastiv,8,2026-05-06,1,15.0,15.0
kyiv_obl_vyshhorod,3,2026-05-06,1,71.0,0.0
kyiv_oblast,2,2026-05-06,2,155.0,73.0
kyiv_city,1,2026-05-07,4,62.0,21.0
kyiv_obl_bila_tserkva,9,2026-05-07,4,60.0,21.0
kyiv_obl_boryspil,5,2026-05-07,4,60.0,21.0
kyiv_obl_brovary,4,2026-05-07,4,60.0,21.0
kyiv_obl_bucha,7,2026-05-07,4,60.0,21.0
kyiv_obl_fastiv,8,2026-05-07,4,60.0,21.0
kyiv_obl_obukhiv,6,2026-05-07,4,60.0,21.0
kyiv_obl_vyshhorod,3,2026-05-07,4,60.0,21.0
kyiv_oblast,2,2026-05-07,4,60.0,21.0
kyiv_city,1,2026-05-10,1,30.0,0.0
kyiv_city,1,2026-05-11,1,135.0,135.0
kyiv_obl_bila_tserkva,9,2026-05-11,2,272.0,127.0
kyiv_obl_boryspil,5,2026-05-11,1,344.0,188.0
kyiv_obl_brovary,4,2026-05-11,1,344.0,187.0
kyiv_obl_bucha,7,2026-05-11,1,147.0,145.0
kyiv_obl_fastiv,8,2026-05-11,1,147.0,145.0
kyiv_obl_obukhiv,6,2026-05-11,2,265.0,154.0
kyiv_obl_vyshhorod,3,2026-05-11,1,155.0,151.0
kyiv_oblast,2,2026-05-11,1,391.0,188.0
kyiv_city,1,2026-05-12,2,20.0,11.0
kyiv_obl_bila_tserkva,9,2026-05-12,2,167.0,11.0
kyiv_obl_boryspil,5,2026-05-12,2,33.0,11.0
kyiv_obl_brovary,4,2026-05-12,2,49.0,11.0
kyiv_obl_bucha,7,2026-05-12,2,152.0,11.0
kyiv_obl_fastiv,8,2026-05-12,2,113.0,11.0
kyiv_obl_obukhiv,6,2026-05-12,1,12.0,11.0
kyiv_obl_vyshhorod,3,2026-05-12,2,212.0,11.0
kyiv_oblast,2,2026-05-12,2,212.0,11.0
kyiv_city,1,2026-05-13,4,669.0,309.0
kyiv_obl_bila_tserkva,9,2026-05-13,3,729.0,308.0
kyiv_obl_boryspil,5,2026-05-13,4,707.0,345.0
kyiv_obl_brovary,4,2026-05-13,5,718.0,345.0
kyiv_obl_bucha,7,2026-05-13,4,907.0,308.0
kyiv_obl_fastiv,8,2026-05-13,4,711.0,308.0
kyiv_obl_obukhiv,6,2026-05-13,4,631.0,308.0
kyiv_obl_vyshhorod,3,2026-05-13,6,1004.0,355.0
kyiv_oblast,2,2026-05-13,7,1005.0,355.0
kyiv_city,1,2026-05-14,2,82.0,0.0
kyiv_obl_bila_tserkva,9,2026-05-14,1,64.0,47.0
kyiv_obl_boryspil,5,2026-05-14,1,99.0,21.0
kyiv_obl_brovary,4,2026-05-14,3,181.0,21.0
kyiv_obl_bucha,7,2026-05-14,2,122.0,0.0
kyiv_obl_fastiv,8,2026-05-14,1,12.0,0.0
kyiv_obl_vyshhorod,3,2026-05-14,1,149.0,24.0
kyiv_oblast,2,2026-05-14,2,211.0,47.0
kyiv_city,1,2026-05-15,4,126.0,25.0
kyiv_obl_bila_tserkva,9,2026-05-15,4,256.0,55.0
kyiv_obl_boryspil,5,2026-05-15,7,403.0,194.0
kyiv_obl_brovary,4,2026-05-15,7,448.0,194.0
kyiv_obl_bucha,7,2026-05-15,6,145.0,32.0
kyiv_obl_fastiv,8,2026-05-15,3,109.0,24.0
kyiv_obl_obukhiv,6,2026-05-15,4,310.0,103.0
kyiv_obl_vyshhorod,3,2026-05-15,7,346.0,42.0
kyiv_oblast,2,2026-05-15,8,669.0,194.0
kyiv_city,1,2026-05-16,4,87.0,57.0
kyiv_obl_bila_tserkva,9,2026-05-16,1,84.0,84.0
kyiv_obl_boryspil,5,2026-05-16,3,502.0,214.0
kyiv_obl_brovary,4,2026-05-16,2,471.0,193.0
kyiv_obl_obukhiv,6,2026-05-16,1,115.0,115.0
kyiv_obl_vyshhorod,3,2026-05-16,4,393.0,86.0
kyiv_oblast,2,2026-05-16,3,690.0,226.0
kyiv_city,1,2026-05-17,3,140.0,22.0
kyiv_obl_bila_tserkva,9,2026-05-17,2,186.0,167.0
kyiv_obl_boryspil,5,2026-05-17,4,272.0,94.0
kyiv_obl_brovary,4,2026-05-17,5,509.0,190.0
kyiv_obl_bucha,7,2026-05-17,2,529.0,367.0
kyiv_obl_fastiv,8,2026-05-17,2,142.0,90.0
kyiv_obl_obukhiv,6,2026-05-17,3,252.0,167.0
kyiv_obl_vyshhorod,3,2026-05-17,4,928.0,415.0
kyiv_oblast,2,2026-05-17,4,994.0,415.0
kyiv_city,1,2026-05-18,3,63.0,17.0
kyiv_obl_bila_tserkva,9,2026-05-18,2,45.0,0.0
kyiv_obl_boryspil,5,2026-05-18,2,44.0,0.0
kyiv_obl_brovary,4,2026-05-18,3,82.0,39.0
kyiv_obl_bucha,7,2026-05-18,2,44.0,0.0
kyiv_obl_fastiv,8,2026-05-18,2,44.0,0.0
kyiv_obl_obukhiv,6,2026-05-18,2,44.0,0.0
kyiv_obl_vyshhorod,3,2026-05-18,2,93.0,0.0
kyiv_oblast,2,2026-05-18,3,132.0,39.0
kyiv_city,1,2026-05-19,2,86.0,0.0
kyiv_obl_bila_tserkva,9,2026-05-19,2,27.0,0.0
kyiv_obl_boryspil,5,2026-05-19,2,27.0,0.0
kyiv_obl_brovary,4,2026-05-19,2,104.0,0.0
kyiv_obl_bucha,7,2026-05-19,3,35.0,0.0
kyiv_obl_fastiv,8,2026-05-19,2,27.0,0.0
kyiv_obl_obukhiv,6,2026-05-19,2,27.0,0.0
kyiv_obl_vyshhorod,3,2026-05-19,4,154.0,0.0
kyiv_oblast,2,2026-05-19,5,185.0,20.0
kyiv_city,1,2026-05-20,1,30.0,0.0
kyiv_obl_bila_tserkva,9,2026-05-20,1,107.0,0.0
kyiv_obl_fastiv,8,2026-05-20,1,64.0,0.0
kyiv_obl_obukhiv,6,2026-05-20,1,101.0,0.0
kyiv_oblast,2,2026-05-20,1,107.0,0.0
kyiv_city,1,2026-05-21,2,51.0,0.0
kyiv_obl_boryspil,5,2026-05-21,1,25.0,0.0
kyiv_obl_brovary,4,2026-05-21,1,44.0,0.0
kyiv_obl_bucha,7,2026-05-21,1,13.0,0.0
kyiv_obl_fastiv,8,2026-05-21,1,13.0,0.0
kyiv_obl_obukhiv,6,2026-05-21,1,13.0,0.0
kyiv_obl_vyshhorod,3,2026-05-21,1,43.0,27.0
kyiv_oblast,2,2026-05-21,2,87.0,27.0
kyiv_city,1,2026-05-22,3,142.0,26.0
kyiv_obl_bila_tserkva,9,2026-05-22,1,114.0,0.0
kyiv_obl_boryspil,5,2026-05-22,2,334.0,77.0
kyiv_obl_brovary,4,2026-05-22,1,362.0,106.0
kyiv_obl_bucha,7,2026-05-22,2,283.0,68.0
kyiv_obl_fastiv,8,2026-05-22,2,186.0,19.0
kyiv_obl_obukhiv,6,2026-05-22,2,220.0,53.0
kyiv_obl_vyshhorod,3,2026-05-22,3,333.0,129.0
kyiv_oblast,2,2026-05-22,1,430.0,153.0
kyiv_city,1,2026-05-23,4,456.0,389.0
kyiv_obl_bila_tserkva,9,2026-05-23,1,309.0,309.0
kyiv_obl_boryspil,5,2026-05-23,2,536.0,478.0
kyiv_obl_brovary,4,2026-05-23,2,582.0,463.0
kyiv_obl_bucha,7,2026-05-23,4,530.0,430.0
kyiv_obl_fastiv,8,2026-05-23,3,529.0,431.0
kyiv_obl_obukhiv,6,2026-05-23,3,534.0,478.0
kyiv_obl_vyshhorod,3,2026-05-23,4,613.0,430.0
kyiv_oblast,2,2026-05-23,4,667.0,478.0
kyiv_city,1,2026-05-24,1,17.0,0.0
kyiv_obl_bila_tserkva,9,2026-05-24,3,111.0,90.0
kyiv_obl_boryspil,5,2026-05-24,4,181.0,100.0
kyiv_obl_brovary,4,2026-05-24,3,116.0,59.0
kyiv_obl_bucha,7,2026-05-24,3,150.0,81.0
kyiv_obl_fastiv,8,2026-05-24,1,97.0,97.0
kyiv_obl_obukhiv,6,2026-05-24,4,192.0,90.0
kyiv_obl_vyshhorod,3,2026-05-24,4,388.0,150.0
kyiv_oblast,2,2026-05-24,6,558.0,214.0
kyiv_city,1,2026-05-25,1,30.0,30.0
kyiv_obl_boryspil,5,2026-05-25,1,107.0,0.0
kyiv_obl_brovary,4,2026-05-25,2,314.0,63.0
kyiv_obl_vyshhorod,3,2026-05-25,3,365.0,200.0
kyiv_oblast,2,2026-05-25,2,560.0,200.0
kyiv_city,1,2026-05-26,3,59.0,0.0
kyiv_obl_bila_tserkva,9,2026-05-26,1,16.0,0.0
kyiv_obl_boryspil,5,2026-05-26,2,64.0,0.0
kyiv_obl_brovary,4,2026-05-26,4,134.0,15.0
kyiv_obl_bucha,7,2026-05-26,2,150.0,49.0
kyiv_obl_fastiv,8,2026-05-26,1,16.0,0.0
kyiv_obl_obukhiv,6,2026-05-26,1,16.0,0.0
kyiv_obl_vyshhorod,3,2026-05-26,9,599.0,170.0
kyiv_oblast,2,2026-05-26,9,605.0,170.0
kyiv_city,1,2026-05-27,2,85.0,29.0
kyiv_obl_bila_tserkva,9,2026-05-27,2,82.0,29.0
kyiv_obl_boryspil,5,2026-05-27,2,82.0,29.0
kyiv_obl_brovary,4,2026-05-27,2,82.0,29.0
kyiv_obl_bucha,7,2026-05-27,2,82.0,29.0
kyiv_obl_fastiv,8,2026-05-27,2,82.0,29.0
kyiv_obl_obukhiv,6,2026-05-27,2,82.0,29.0
kyiv_obl_vyshhorod,3,2026-05-27,1,107.0,29.0
kyiv_oblast,2,2026-05-27,1,107.0,29.0
kyiv_city,1,2026-05-28,2,109.0,109.0
kyiv_obl_bila_tserkva,9,2026-05-28,2,107.0,107.0
kyiv_obl_boryspil,5,2026-05-28,4,181.0,107.0
kyiv_obl_brovary,4,2026-05-28,5,220.0,146.0
kyiv_obl_bucha,7,2026-05-28,3,147.0,147.0
kyiv_obl_fastiv,8,2026-05-28,2,107.0,107.0
kyiv_obl_obukhiv,6,2026-05-28,2,107.0,107.0
kyiv_obl_vyshhorod,3,2026-05-28,4,198.0,198.0
kyiv_oblast,2,2026-05-28,6,307.0,233.0
kyiv_city,1,2026-05-29,3,111.0,0.0
kyiv_obl_bila_tserkva,9,2026-05-29,3,123.0,0.0
kyiv_obl_boryspil,5,2026-05-29,5,210.0,73.0
kyiv_obl_brovary,4,2026-05-29,6,282.0,117.0
kyiv_obl_bucha,7,2026-05-29,4,244.0,7.0
kyiv_obl_fastiv,8,2026-05-29,3,123.0,0.0
kyiv_obl_obukhiv,6,2026-05-29,3,129.0,0.0
kyiv_obl_vyshhorod,3,2026-05-29,4,404.0,150.0
kyiv_oblast,2,2026-05-29,6,493.0,223.0
kyiv_city,1,2026-05-30,4,101.0,77.0
kyiv_obl_bila_tserkva,9,2026-05-30,3,65.0,46.0
kyiv_obl_boryspil,5,2026-05-30,3,65.0,46.0
kyiv_obl_brovary,4,2026-05-30,3,65.0,46.0
kyiv_obl_bucha,7,2026-05-30,5,191.0,135.0
kyiv_obl_fastiv,8,2026-05-30,3,65.0,46.0
kyiv_obl_obukhiv,6,2026-05-30,3,65.0,46.0
kyiv_obl_vyshhorod,3,2026-05-30,7,892.0,309.0
kyiv_oblast,2,2026-05-30,7,892.0,309.0
kyiv_obl_vyshhorod,3,2026-05-31,3,364.0,137.0
kyiv_oblast,2,2026-05-31,3,364.0,137.0
kyiv_city,1,2026-06-01,5,328.0,212.0
kyiv_obl_bila_tserkva,9,2026-06-01,2,210.0,175.0
kyiv_obl_boryspil,5,2026-06-01,3,645.0,465.0
kyiv_obl_brovary,4,2026-06-01,3,648.0,465.0
kyiv_obl_bucha,7,2026-06-01,3,590.0,401.0
kyiv_obl_fastiv,8,2026-06-01,2,532.0,401.0
kyiv_obl_obukhiv,6,2026-06-01,3,582.0,402.0
kyiv_obl_vyshhorod,3,2026-06-01,3,983.0,451.0
kyiv_oblast,2,2026-06-01,3,997.0,465.0
kyiv_city,1,2026-06-02,2,54.0,0.0
kyiv_obl_bila_tserkva,9,2026-06-02,1,18.0,18.0
kyiv_obl_boryspil,5,2026-06-02,2,57.0,26.0
kyiv_obl_brovary,4,2026-06-02,3,159.0,124.0
kyiv_obl_bucha,7,2026-06-02,3,61.0,19.0
kyiv_obl_fastiv,8,2026-06-02,2,40.0,19.0
kyiv_obl_obukhiv,6,2026-06-02,2,47.0,19.0
kyiv_obl_vyshhorod,3,2026-06-02,8,399.0,149.0
kyiv_oblast,2,2026-06-02,8,435.0,162.0
kyiv_city,1,2026-06-03,4,70.0,30.0
kyiv_obl_bila_tserkva,9,2026-06-03,2,46.0,29.0
kyiv_obl_boryspil,5,2026-06-03,5,153.0,104.0
kyiv_obl_brovary,4,2026-06-03,5,220.0,136.0
kyiv_obl_bucha,7,2026-06-03,3,63.0,29.0
kyiv_obl_fastiv,8,2026-06-03,2,46.0,29.0
kyiv_obl_obukhiv,6,2026-06-03,3,88.0,71.0
kyiv_obl_vyshhorod,3,2026-06-03,4,547.0,158.0
kyiv_oblast,2,2026-06-03,4,583.0,193.0
kyiv_city,1,2026-06-04,1,15.0,15.0
kyiv_obl_bila_tserkva,9,2026-06-04,1,15.0,15.0
kyiv_obl_boryspil,5,2026-06-04,2,224.0,15.0
kyiv_obl_brovary,4,2026-06-04,3,261.0,15.0
kyiv_obl_bucha,7,2026-06-04,2,72.0,72.0
kyiv_obl_fastiv,8,2026-06-04,1,15.0,15.0
kyiv_obl_obukhiv,6,2026-06-04,2,104.0,15.0
kyiv_obl_vyshhorod,3,2026-06-04,5,452.0,144.0
kyiv_oblast,2,2026-06-04,5,579.0,145.0
kyiv_city,1,2026-06-05,2,44.0,30.0
kyiv_obl_bila_tserkva,9,2026-06-05,1,14.0,0.0
kyiv_obl_boryspil,5,2026-06-05,2,37.0,23.0
kyiv_obl_brovary,4,2026-06-05,3,33.0,19.0
kyiv_obl_bucha,7,2026-06-05,2,30.0,0.0
kyiv_obl_fastiv,8,2026-06-05,2,33.0,0.0
kyiv_obl_obukhiv,6,2026-06-05,2,33.0,0.0
kyiv_obl_vyshhorod,3,2026-06-05,3,165.0,33.0
kyiv_oblast,2,2026-06-05,5,206.0,56.0
kyiv_city,1,2026-06-06,3,44.0,33.0
kyiv_obl_bila_tserkva,9,2026-06-06,2,30.0,20.0
kyiv_obl_boryspil,5,2026-06-06,5,131.0,73.0
kyiv_obl_brovary,4,2026-06-06,6,181.0,73.0
kyiv_obl_bucha,7,2026-06-06,3,151.0,141.0
kyiv_obl_fastiv,8,2026-06-06,3,48.0,39.0
kyiv_obl_obukhiv,6,2026-06-06,3,48.0,39.0
kyiv_obl_vyshhorod,3,2026-06-06,4,469.0,237.0
kyiv_oblast,2,2026-06-06,6,550.0,238.0
kyiv_city,1,2026-06-07,2,76.0,37.0
kyiv_obl_bila_tserkva,9,2026-06-07,2,69.0,30.0
kyiv_obl_boryspil,5,2026-06-07,2,78.0,41.0
kyiv_obl_brovary,4,2026-06-07,2,78.0,41.0
kyiv_obl_bucha,7,2026-06-07,2,69.0,30.0
kyiv_obl_fastiv,8,2026-06-07,2,74.0,36.0
kyiv_obl_obukhiv,6,2026-06-07,2,76.0,38.0
kyiv_obl_vyshhorod,3,2026-06-07,3,192.0,118.0
kyiv_oblast,2,2026-06-07,3,196.0,122.0
kyiv_city,1,2026-06-08,1,30.0,0.0
kyiv_obl_vyshhorod,3,2026-06-08,3,324.0,185.0
kyiv_oblast,2,2026-06-08,4,354.0,185.0
kyiv_city,1,2026-06-09,1,21.0,0.0
kyiv_obl_boryspil,5,2026-06-09,1,37.0,37.0
kyiv_obl_brovary,4,2026-06-09,2,135.0,53.0
kyiv_obl_vyshhorod,3,2026-06-09,1,130.0,15.0
kyiv_oblast,2,2026-06-09,1,168.0,53.0
kyiv_obl_boryspil,5,2026-06-10,1,38.0,0.0
kyiv_obl_brovary,4,2026-06-10,1,38.0,0.0
kyiv_obl_obukhiv,6,2026-06-10,1,7.0,0.0
kyiv_oblast,2,2026-06-10,1,38.0,0.0
kyiv_city,1,2026-06-11,1,14.0,14.0
kyiv_obl_boryspil,5,2026-06-11,1,27.0,0.0
kyiv_obl_brovary,4,2026-06-11,1,28.0,0.0
kyiv_obl_vyshhorod,3,2026-06-11,1,4.0,0.0
kyiv_oblast,2,2026-06-11,3,62.0,0.0
kyiv_city,1,2026-06-12,1,19.0,19.0
kyiv_obl_bila_tserkva,9,2026-06-12,1,19.0,19.0
kyiv_obl_boryspil,5,2026-06-12,2,51.0,51.0
kyiv_obl_brovary,4,2026-06-12,1,19.0,19.0
kyiv_obl_bucha,7,2026-06-12,2,25.0,19.0
kyiv_obl_fastiv,8,2026-06-12,2,42.0,42.0
kyiv_obl_obukhiv,6,2026-06-12,2,57.0,57.0
kyiv_obl_vyshhorod,3,2026-06-12,5,336.0,155.0
kyiv_oblast,2,2026-06-12,5,336.0,155.0
kyiv_obl_boryspil,5,2026-06-13,1,5.0,5.0
kyiv_obl_brovary,4,2026-06-13,1,5.0,5.0
kyiv_obl_vyshhorod,3,2026-06-13,3,198.0,37.0
kyiv_oblast,2,2026-06-13,4,203.0,42.0
kyiv_city,1,2026-06-14,2,297.0,294.0
kyiv_obl_bila_tserkva,9,2026-06-14,1,272.0,272.0
kyiv_obl_boryspil,5,2026-06-14,2,350.0,347.0
kyiv_obl_brovary,4,2026-06-14,2,359.0,347.0
kyiv_obl_bucha,7,2026-06-14,2,287.0,282.0
kyiv_obl_fastiv,8,2026-06-14,1,271.0,271.0
kyiv_obl_obukhiv,6,2026-06-14,1,272.0,272.0
kyiv_obl_vyshhorod,3,2026-06-14,4,476.0,345.0
kyiv_oblast,2,2026-06-14,5,551.0,390.0
kyiv_obl_brovary,4,2026-06-16,1,9.0,0.0
kyiv_obl_vyshhorod,3,2026-06-16,2,111.0,0.0
kyiv_oblast,2,2026-06-16,2,111.0,0.0
kyiv_city,1,2026-06-17,4,216.0,200.0
kyiv_obl_bila_tserkva,9,2026-06-17,2,98.0,98.0
kyiv_obl_boryspil,5,2026-06-17,5,272.0,243.0
kyiv_obl_brovary,4,2026-06-17,5,271.0,243.0
kyiv_obl_bucha,7,2026-06-17,2,98.0,98.0
kyiv_obl_fastiv,8,2026-06-17,3,122.0,122.0
kyiv_obl_obukhiv,6,2026-06-17,4,208.0,199.0
kyiv_obl_vyshhorod,3,2026-06-17,5,214.0,186.0
kyiv_oblast,2,2026-06-17,6,356.0,315.0
kyiv_obl_boryspil,5,2026-06-18,1,22.0,22.0
kyiv_obl_brovary,4,2026-06-18,1,34.0,30.0
kyiv_obl_bucha,7,2026-06-18,1,53.0,0.0
kyiv_obl_vyshhorod,3,2026-06-18,2,155.0,5.0
kyiv_oblast,2,2026-06-18,3,189.0,35.0
kyiv_city,1,2026-06-20,5,241.0,65.0
kyiv_obl_bila_tserkva,9,2026-06-20,5,175.0,51.0
kyiv_obl_boryspil,5,2026-06-20,7,335.0,50.0
kyiv_obl_brovary,4,2026-06-20,7,415.0,50.0
kyiv_obl_bucha,7,2026-06-20,6,335.0,51.0
kyiv_obl_fastiv,8,2026-06-20,5,186.0,51.0
kyiv_obl_obukhiv,6,2026-06-20,6,226.0,51.0
kyiv_obl_vyshhorod,3,2026-06-20,7,585.0,111.0
kyiv_oblast,2,2026-06-20,8,634.0,111.0
kyiv_city,1,2026-06-21,2,53.0,30.0
kyiv_obl_bila_tserkva,9,2026-06-21,0,41.0,0.0
kyiv_obl_boryspil,5,2026-06-21,1,22.0,0.0
kyiv_obl_brovary,4,2026-06-21,0,41.0,0.0
kyiv_obl_bucha,7,2026-06-21,0,41.0,0.0
kyiv_obl_fastiv,8,2026-06-21,0,41.0,0.0
kyiv_obl_obukhiv,6,2026-06-21,1,21.0,0.0
kyiv_obl_vyshhorod,3,2026-06-21,0,41.0,0.0
kyiv_oblast,2,2026-06-21,1,71.0,0.0
kyiv_city,1,2026-06-22,3,184.0,161.0
kyiv_obl_bila_tserkva,9,2026-06-22,4,150.0,127.0
kyiv_obl_boryspil,5,2026-06-22,2,138.0,115.0
kyiv_obl_brovary,4,2026-06-22,3,209.0,130.0
kyiv_obl_bucha,7,2026-06-22,2,153.0,131.0
kyiv_obl_fastiv,8,2026-06-22,2,148.0,126.0
kyiv_obl_obukhiv,6,2026-06-22,2,148.0,126.0
kyiv_obl_vyshhorod,3,2026-06-22,4,212.0,143.0
kyiv_oblast,2,2026-06-22,6,234.0,144.0
kyiv_city,1,2026-06-23,2,33.0,33.0
kyiv_obl_bila_tserkva,9,2026-06-23,2,36.0,36.0
kyiv_obl_boryspil,5,2026-06-23,2,37.0,37.0
kyiv_obl_brovary,4,2026-06-23,2,37.0,37.0
kyiv_obl_bucha,7,2026-06-23,2,37.0,37.0
kyiv_obl_fastiv,8,2026-06-23,2,36.0,36.0
kyiv_obl_obukhiv,6,2026-06-23,2,37.0,37.0
kyiv_obl_vyshhorod,3,2026-06-23,2,36.0,36.0
kyiv_oblast,2,2026-06-23,2,37.0,37.0
kyiv_obl_vyshhorod,3,2026-06-24,1,40.0,40.0
kyiv_oblast,2,2026-06-24,1,40.0,40.0
kyiv_city,1,2026-06-25,4,169.0,84.0
kyiv_obl_bila_tserkva,9,2026-06-25,4,165.0,80.0
kyiv_obl_boryspil,5,2026-06-25,5,198.0,80.0
kyiv_obl_brovary,4,2026-06-25,5,198.0,80.0
kyiv_obl_bucha,7,2026-06-25,4,165.0,80.0
kyiv_obl_fastiv,8,2026-06-25,4,165.0,80.0
kyiv_obl_obukhiv,6,2026-06-25,4,165.0,80.0
kyiv_obl_vyshhorod,3,2026-06-25,5,313.0,228.0
kyiv_oblast,2,2026-06-25,6,346.0,228.0
kyiv_city,1,2026-06-26,2,46.0,30.0
kyiv_obl_bila_tserkva,9,2026-06-26,1,14.0,0.0
kyiv_obl_boryspil,5,2026-06-26,1,14.0,0.0
kyiv_obl_brovary,4,2026-06-26,1,14.0,0.0
kyiv_obl_bucha,7,2026-06-26,1,14.0,0.0
kyiv_obl_fastiv,8,2026-06-26,1,14.0,0.0
kyiv_obl_obukhiv,6,2026-06-26,1,14.0,0.0
kyiv_obl_vyshhorod,3,2026-06-26,3,170.0,87.0
kyiv_oblast,2,2026-06-26,3,170.0,87.0
kyiv_city,1,2026-06-27,3,112.0,106.0
kyiv_obl_bila_tserkva,9,2026-06-27,3,100.0,100.0
kyiv_obl_boryspil,5,2026-06-27,3,119.0,109.0
kyiv_obl_brovary,4,2026-06-27,4,185.0,108.0
kyiv_obl_bucha,7,2026-06-27,2,84.0,84.0
kyiv_obl_fastiv,8,2026-06-27,3,100.0,100.0
kyiv_obl_obukhiv,6,2026-06-27,3,117.0,109.0
kyiv_obl_vyshhorod,3,2026-06-27,5,287.0,125.0
kyiv_oblast,2,2026-06-27,5,287.0,125.0
kyiv_city,1,2026-06-28,1,30.0,0.0
kyiv_obl_obukhiv,6,2026-06-29,1,26.0,0.0
kyiv_oblast,2,2026-06-29,1,26.0,0.0
kyiv_city,1,2026-06-30,1,30.0,0.0
kyiv_obl_bila_tserkva,9,2026-06-30,1,30.0,0.0
kyiv_obl_boryspil,5,2026-06-30,2,145.0,0.0
kyiv_obl_brovary,4,2026-06-30,2,176.0,0.0
kyiv_obl_bucha,7,2026-06-30,1,29.0,0.0
kyiv_obl_fastiv,8,2026-06-30,1,29.0,0.0
kyiv_obl_obukhiv,6,2026-06-30,2,81.0,0.0
kyiv_obl_vyshhorod,3,2026-06-30,3,272.0,84.0
kyiv_oblast,2,2026-06-30,3,367.0,84.0
kyiv_city,1,2026-07-01,5,750.0,480.0
kyiv_obl_bila_tserkva,9,2026-07-01,2,498.0,427.0
kyiv_obl_boryspil,5,2026-07-01,2,793.0,480.0
kyiv_obl_brovary,4,2026-07-01,2,962.0,480.0
kyiv_obl_bucha,7,2026-07-01,1,781.0,480.0
kyiv_obl_fastiv,8,2026-07-01,2,673.0,480.0
kyiv_obl_obukhiv,6,2026-07-01,2,703.0,480.0
kyiv_obl_vyshhorod,3,2026-07-01,2,1003.0,480.0
kyiv_oblast,2,2026-07-01,2,1003.0,480.0
kyiv_city,1,2026-07-02,0,10.0,0.0
kyiv_obl_boryspil,5,2026-07-02,1,13.0,13.0
kyiv_obl_brovary,4,2026-07-02,0,11.0,0.0
kyiv_obl_vyshhorod,3,2026-07-02,0,11.0,0.0
kyiv_oblast,2,2026-07-02,1,24.0,13.0
kyiv_city,1,2026-07-03,1,30.0,30.0
kyiv_obl_boryspil,5,2026-07-03,1,47.0,0.0
kyiv_oblast,2,2026-07-03,1,47.0,0.0
kyiv_obl_boryspil,5,2026-07-04,1,25.0,25.0
kyiv_obl_brovary,4,2026-07-04,1,25.0,25.0
kyiv_oblast,2,2026-07-04,1,25.0,25.0
kyiv_city,1,2026-07-05,3,307.0,237.0
kyiv_obl_bila_tserkva,9,2026-07-05,1,235.0,235.0
kyiv_obl_boryspil,5,2026-07-05,5,362.0,235.0
kyiv_obl_brovary,4,2026-07-05,5,439.0,235.0
kyiv_obl_bucha,7,2026-07-05,1,235.0,235.0
kyiv_obl_fastiv,8,2026-07-05,2,295.0,235.0
kyiv_obl_obukhiv,6,2026-07-05,2,299.0,235.0
kyiv_obl_vyshhorod,3,2026-07-05,2,309.0,235.0
kyiv_oblast,2,2026-07-05,6,479.0,235.0
kyiv_city,1,2026-07-06,3,60.0,30.0
kyiv_obl_bila_tserkva,9,2026-07-06,2,26.0,26.0
kyiv_obl_boryspil,5,2026-07-06,2,26.0,26.0
kyiv_obl_brovary,4,2026-07-06,3,35.0,26.0
kyiv_obl_bucha,7,2026-07-06,2,26.0,26.0
kyiv_obl_fastiv,8,2026-07-06,2,26.0,26.0
kyiv_obl_obukhiv,6,2026-07-06,2,26.0,26.0
kyiv_obl_vyshhorod,3,2026-07-06,3,35.0,26.0
kyiv_oblast,2,2026-07-06,3,37.0,28.0
kyiv_city,1,2026-07-07,5,259.0,111.0
kyiv_obl_bila_tserkva,9,2026-07-07,2,88.0,74.0
kyiv_obl_boryspil,5,2026-07-07,5,257.0,117.0
kyiv_obl_brovary,4,2026-07-07,7,395.0,220.0
kyiv_obl_bucha,7,2026-07-07,4,240.0,98.0
kyiv_obl_fastiv,8,2026-07-07,3,238.0,98.0
kyiv_obl_obukhiv,6,2026-07-07,3,238.0,98.0
kyiv_obl_vyshhorod,3,2026-07-07,7,481.0,237.0
kyiv_oblast,2,2026-07-07,7,481.0,237.0
kyiv_city,1,2026-07-08,3,164.0,0.0
kyiv_obl_boryspil,5,2026-07-08,2,212.0,0.0
kyiv_obl_brovary,4,2026-07-08,1,235.0,0.0
kyiv_obl_bucha,7,2026-07-08,2,181.0,0.0
kyiv_obl_fastiv,8,2026-07-08,1,144.0,0.0
kyiv_obl_obukhiv,6,2026-07-08,1,144.0,0.0
kyiv_obl_vyshhorod,3,2026-07-08,3,410.0,0.0
kyiv_oblast,2,2026-07-08,3,410.0,0.0
kyiv_city,1,2026-07-09,1,30.0,0.0
kyiv_obl_boryspil,5,2026-07-09,1,29.0,0.0
kyiv_obl_brovary,4,2026-07-09,1,26.0,0.0
kyiv_oblast,2,2026-07-09,1,29.0,0.0
kyiv_city,1,2026-07-10,2,112.0,82.0
kyiv_obl_bila_tserkva,9,2026-07-10,1,68.0,68.0
kyiv_obl_boryspil,5,2026-07-10,1,68.0,68.0
kyiv_obl_brovary,4,2026-07-10,2,72.0,68.0
kyiv_obl_bucha,7,2026-07-10,1,68.0,68.0
kyiv_obl_fastiv,8,2026-07-10,1,68.0,68.0
kyiv_obl_obukhiv,6,2026-07-10,1,68.0,68.0
kyiv_obl_vyshhorod,3,2026-07-10,1,68.0,68.0
kyiv_oblast,2,2026-07-10,3,103.0,69.0
kyiv_city,1,2026-07-11,4,114.0,30.0
kyiv_oblast,2,2026-07-11,1,30.0,0.0
kyiv_city,1,2026-07-12,0,6.0,0.0
kyiv_obl_boryspil,5,2026-07-12,1,35.0,35.0
kyiv_obl_brovary,4,2026-07-12,1,35.0,35.0
kyiv_obl_vyshhorod,3,2026-07-12,1,17.0,0.0
kyiv_oblast,2,2026-07-12,3,82.0,35.0
kyiv_city,1,2026-07-13,1,51.0,51.0
kyiv_obl_bila_tserkva,9,2026-07-13,1,50.0,50.0
kyiv_obl_boryspil,5,2026-07-13,1,50.0,50.0
kyiv_obl_brovary,4,2026-07-13,1,50.0,50.0
kyiv_obl_bucha,7,2026-07-13,2,69.0,69.0
kyiv_obl_fastiv,8,2026-07-13,1,50.0,50.0
kyiv_obl_obukhiv,6,2026-07-13,1,50.0,50.0
kyiv_obl_vyshhorod,3,2026-07-13,2,117.0,117.0
kyiv_oblast,2,2026-07-13,3,147.0,117.0
kyiv_city,1,2026-07-14,2,36.0,0.0
kyiv_obl_bila_tserkva,9,2026-07-14,2,36.0,0.0
kyiv_obl_boryspil,5,2026-07-14,2,37.0,0.0
kyiv_obl_brovary,4,2026-07-14,3,52.0,0.0
kyiv_obl_bucha,7,2026-07-14,3,53.0,0.0
kyiv_obl_fastiv,8,2026-07-14,2,37.0,0.0
kyiv_obl_obukhiv,6,2026-07-14,2,37.0,0.0
kyiv_obl_vyshhorod,3,2026-07-14,3,94.0,0.0
kyiv_oblast,2,2026-07-14,4,110.0,0.0
kyiv_city,1,2026-07-15,4,128.0,61.0
kyiv_obl_bila_tserkva,9,2026-07-15,2,88.0,79.0
kyiv_obl_boryspil,5,2026-07-15,3,130.0,75.0
kyiv_obl_brovary,4,2026-07-15,3,220.0,79.0
kyiv_obl_bucha,7,2026-07-15,4,220.0,79.0
kyiv_obl_fastiv,8,2026-07-15,3,137.0,75.0
kyiv_obl_obukhiv,6,2026-07-15,4,154.0,75.0
kyiv_obl_vyshhorod,3,2026-07-15,5,339.0,94.0
kyiv_oblast,2,2026-07-15,5,340.0,95.0
kyiv_city,1,2026-07-16,2,61.0,31.0
kyiv_obl_bila_tserkva,9,2026-07-16,2,52.0,23.0
kyiv_obl_boryspil,5,2026-07-16,2,52.0,23.0
kyiv_obl_brovary,4,2026-07-16,2,52.0,23.0
kyiv_obl_bucha,7,2026-07-16,2,52.0,23.0
kyiv_obl_fastiv,8,2026-07-16,2,52.0,23.0
kyiv_obl_obukhiv,6,2026-07-16,2,52.0,23.0
kyiv_obl_vyshhorod,3,2026-07-16,3,112.0,23.0
kyiv_oblast,2,2026-07-16,3,113.0,24.0
kyiv_city,1,2026-07-17,4,112.0,82.0
kyiv_obl_bila_tserkva,9,2026-07-17,2,52.0,52.0
kyiv_obl_boryspil,5,2026-07-17,2,52.0,52.0
kyiv_obl_brovary,4,2026-07-17,3,67.0,67.0
kyiv_obl_bucha,7,2026-07-17,2,52.0,52.0
kyiv_obl_fastiv,8,2026-07-17,2,52.0,52.0
kyiv_obl_obukhiv,6,2026-07-17,2,52.0,52.0
kyiv_obl_vyshhorod,3,2026-07-17,3,80.0,52.0
kyiv_oblast,2,2026-07-17,4,95.0,67.0
kyiv_city,1,2026-07-18,5,216.0,112.0
kyiv_obl_bila_tserkva,9,2026-07-18,2,133.0,111.0
kyiv_obl_boryspil,5,2026-07-18,3,146.0,111.0
kyiv_obl_brovary,4,2026-07-18,5,177.0,118.0
kyiv_obl_bucha,7,2026-07-18,4,200.0,111.0
kyiv_obl_fastiv,8,2026-07-18,2,133.0,111.0
kyiv_obl_obukhiv,6,2026-07-18,2,133.0,111.0
kyiv_obl_vyshhorod,3,2026-07-18,5,229.0,111.0
kyiv_oblast,2,2026-07-18,6,236.0,118.0
kyiv_city,1,2026-07-19,2,37.0,15.0
kyiv_obl_bila_tserkva,9,2026-07-19,2,32.0,13.0
kyiv_obl_boryspil,5,2026-07-19,3,50.0,13.0
kyiv_obl_brovary,4,2026-07-19,2,32.0,13.0
kyiv_obl_bucha,7,2026-07-19,2,32.0,13.0
kyiv_obl_fastiv,8,2026-07-19,2,32.0,13.0
kyiv_obl_obukhiv,6,2026-07-19,2,32.0,13.0
kyiv_obl_vyshhorod,3,2026-07-19,2,32.0,13.0
kyiv_oblast,2,2026-07-19,3,50.0,13.0
kyiv_city,1,2026-07-20,1,30.0,0.0
kyiv_obl_boryspil,5,2026-07-20,1,84.0,0.0
kyiv_obl_brovary,4,2026-07-20,1,84.0,0.0
kyiv_obl_vyshhorod,3,2026-07-20,1,79.0,0.0
kyiv_oblast,2,2026-07-20,1,84.0,0.0
kyiv_city,1,2026-07-21,6,209.0,5.0
kyiv_obl_boryspil,5,2026-07-21,3,461.0,235.0
kyiv_obl_brovary,4,2026-07-21,3,475.0,268.0
kyiv_obl_bucha,7,2026-07-21,4,368.0,170.0
kyiv_obl_fastiv,8,2026-07-21,1,18.0,18.0
kyiv_obl_obukhiv,6,2026-07-21,2,103.0,59.0
kyiv_obl_vyshhorod,3,2026-07-21,5,501.0,221.0
kyiv_oblast,2,2026-07-21,5,551.0,269.0
kyiv_city,1,2026-07-22,1,13.0,0.0
kyiv_obl_bila_tserkva,9,2026-07-22,2,34.0,21.0
kyiv_obl_boryspil,5,2026-07-22,5,209.0,21.0
kyiv_obl_brovary,4,2026-07-22,4,385.0,21.0
kyiv_obl_bucha,7,2026-07-22,2,33.0,21.0
kyiv_obl_fastiv,8,2026-07-22,2,33.0,21.0
kyiv_obl_obukhiv,6,2026-07-22,2,33.0,21.0
kyiv_obl_vyshhorod,3,2026-07-22,3,54.0,21.0
kyiv_oblast,2,2026-07-22,4,385.0,21.0
kyiv_city,1,2026-07-23,3,70.0,0.0
kyiv_obl_bila_tserkva,9,2026-07-23,4,74.0,0.0
kyiv_obl_boryspil,5,2026-07-23,6,245.0,0.0
kyiv_obl_brovary,4,2026-07-23,3,164.0,0.0
kyiv_obl_bucha,7,2026-07-23,4,129.0,0.0
kyiv_obl_fastiv,8,2026-07-23,2,53.0,0.0
kyiv_obl_obukhiv,6,2026-07-23,5,138.0,0.0
kyiv_obl_vyshhorod,3,2026-07-23,6,226.0,0.0
kyiv_oblast,2,2026-07-23,9,378.0,30.0
kyiv_city,1,2026-07-24,5,109.0,63.0
kyiv_obl_bila_tserkva,9,2026-07-24,3,79.0,61.0
kyiv_obl_boryspil,5,2026-07-24,4,376.0,157.0
kyiv_obl_brovary,4,2026-07-24,4,376.0,157.0
kyiv_obl_bucha,7,2026-07-24,3,79.0,61.0
kyiv_obl_fastiv,8,2026-07-24,3,79.0,61.0
kyiv_obl_obukhiv,6,2026-07-24,4,158.0,61.0
kyiv_obl_vyshhorod,3,2026-07-24,4,128.0,61.0
kyiv_oblast,2,2026-07-24,4,376.0,157.0
kyiv_city,1,2026-07-25,3,114.0,84.0
kyiv_obl_bila_tserkva,9,2026-07-25,2,82.0,82.0
kyiv_obl_boryspil,5,2026-07-25,5,210.0,112.0
kyiv_obl_brovary,4,2026-07-25,4,234.0,112.0
kyiv_obl_bucha,7,2026-07-25,2,82.0,82.0
kyiv_obl_fastiv,8,2026-07-25,2,82.0,82.0
kyiv_obl_obukhiv,6,2026-07-25,2,82.0,82.0
kyiv_obl_vyshhorod,3,2026-07-25,5,156.0,82.0
kyiv_oblast,2,2026-07-25,7,298.0,112.0
kyiv_city,1,2026-07-26,3,31.0,0.0
kyiv_obl_bila_tserkva,9,2026-07-26,3,29.0,0.0
kyiv_obl_boryspil,5,2026-07-26,5,101.0,0.0
kyiv_obl_brovary,4,2026-07-26,5,101.0,0.0
kyiv_obl_bucha,7,2026-07-26,3,29.0,0.0
kyiv_obl_fastiv,8,2026-07-26,3,29.0,0.0
kyiv_obl_obukhiv,6,2026-07-26,3,29.0,0.0
kyiv_obl_vyshhorod,3,2026-07-26,4,52.0,0.0
kyiv_oblast,2,2026-07-26,7,154.0,0.0
kyiv_city,1,2026-07-27,3,72.0,54.0
kyiv_obl_bila_tserkva,9,2026-07-27,2,38.0,22.0
kyiv_obl_boryspil,5,2026-07-27,2,39.0,22.0
kyiv_obl_brovary,4,2026-07-27,2,39.0,22.0
kyiv_obl_bucha,7,2026-07-27,2,244.0,200.0
kyiv_obl_fastiv,8,2026-07-27,2,39.0,22.0
kyiv_obl_obukhiv,6,2026-07-27,2,38.0,22.0
kyiv_obl_vyshhorod,3,2026-07-27,1,277.0,200.0
kyiv_oblast,2,2026-07-27,1,277.0,200.0
kyiv_city,1,2026-07-29,2,334.0,292.0
kyiv_obl_bila_tserkva,9,2026-07-29,2,318.0,291.0
kyiv_obl_boryspil,5,2026-07-29,2,318.0,291.0
kyiv_obl_brovary,4,2026-07-29,3,351.0,291.0
kyiv_obl_bucha,7,2026-07-29,2,318.0,291.0
kyiv_obl_fastiv,8,2026-07-29,2,318.0,291.0
kyiv_obl_obukhiv,6,2026-07-29,2,318.0,291.0
kyiv_obl_vyshhorod,3,2026-07-29,2,318.0,291.0
kyiv_oblast,2,2026-07-29,3,351.0,291.0
kyiv_city,1,2026-07-30,3,102.0,0.0
kyiv_obl_bila_tserkva,9,2026-07-30,2,79.0,0.0
kyiv_obl_boryspil,5,2026-07-30,2,105.0,0.0
kyiv_obl_brovary,4,2026-07-30,2,112.0,0.0
kyiv_obl_bucha,7,2026-07-30,2,82.0,0.0
kyiv_obl_fastiv,8,2026-07-30,1,54.0,0.0
kyiv_obl_obukhiv,6,2026-07-30,2,74.0,0.0
kyiv_obl_vyshhorod,3,2026-07-30,2,95.0,0.0
kyiv_oblast,2,2026-07-30,3,139.0,0.0
kyiv_city,1,2026-07-31,5,166.0,115.0
kyiv_obl_bila_tserkva,9,2026-07-31,2,117.0,117.0
kyiv_obl_boryspil,5,2026-07-31,6,280.0,152.0
kyiv_obl_brovary,4,2026-07-31,6,290.0,152.0
kyiv_obl_bucha,7,2026-07-31,4,144.0,130.0
kyiv_obl_fastiv,8,2026-07-31,3,128.0,117.0
kyiv_obl_obukhiv,6,2026-07-31,3,150.0,117.0
kyiv_obl_vyshhorod,3,2026-07-31,6,283.0,138.0
kyiv_oblast,2,2026-07-31,6,310.0,153.0
kyiv_city,1,2026-08-01,1,15.0,15.0
kyiv_obl_boryspil,5,2026-08-01,2,87.0,22.0
kyiv_obl_brovary,4,2026-08-01,2,126.0,22.0
kyiv_obl_bucha,7,2026-08-01,0,40.0,0.0
kyiv_obl_vyshhorod,3,2026-08-01,2,153.0,48.0
kyiv_oblast,2,2026-08-01,3,177.0,48.0
kyiv_city,1,2026-08-02,2,25.0,0.0
kyiv_obl_bila_tserkva,9,2026-08-02,1,11.0,0.0
kyiv_obl_boryspil,5,2026-08-02,2,59.0,0.0
kyiv_obl_brovary,4,2026-08-02,3,64.0,0.0
kyiv_obl_bucha,7,2026-08-02,1,11.0,0.0
kyiv_obl_fastiv,8,2026-08-02,1,11.0,0.0
kyiv_obl_obukhiv,6,2026-08-02,1,11.0,0.0
kyiv_obl_vyshhorod,3,2026-08-02,4,113.0,0.0
kyiv_oblast,2,2026-08-02,5,161.0,0.0
kyiv_city,1,2026-08-03,2,108.0,70.0
kyiv_obl_bila_tserkva,9,2026-08-03,1,10.0,0.0
kyiv_obl_boryspil,5,2026-08-03,3,192.0,76.0
kyiv_obl_brovary,4,2026-08-03,4,237.0,115.0
kyiv_obl_bucha,7,2026-08-03,3,163.0,106.0
kyiv_obl_fastiv,8,2026-08-03,2,125.0,68.0
kyiv_obl_obukhiv,6,2026-08-03,2,120.0,63.0
kyiv_obl_vyshhorod,3,2026-08-03,3,196.0,139.0
kyiv_oblast,2,2026-08-03,4,262.0,139.0
kyiv_city,1,2026-08-04,5,256.0,111.0
kyiv_obl_bila_tserkva,9,2026-08-04,4,134.0,86.0
kyiv_obl_boryspil,5,2026-08-04,5,300.0,127.0
kyiv_obl_brovary,4,2026-08-04,5,314.0,142.0
kyiv_obl_bucha,7,2026-08-04,4,173.0,86.0
kyiv_obl_fastiv,8,2026-08-04,3,116.0,86.0
kyiv_obl_obukhiv,6,2026-08-04,4,193.0,86.0
kyiv_obl_vyshhorod,3,2026-08-04,6,293.0,142.0
kyiv_oblast,2,2026-08-04,6,335.0,142.0
kyiv_city,1,2026-08-05,1,17.0,17.0
kyiv_obl_bila_tserkva,9,2026-08-05,1,16.0,16.0
kyiv_obl_boryspil,5,2026-08-05,2,32.0,32.0
kyiv_obl_brovary,4,2026-08-05,3,54.0,32.0
kyiv_obl_bucha,7,2026-08-05,1,16.0,16.0
kyiv_obl_fastiv,8,2026-08-05,1,16.0,16.0
kyiv_obl_obukhiv,6,2026-08-05,1,16.0,16.0
kyiv_obl_vyshhorod,3,2026-08-05,3,54.0,32.0
kyiv_oblast,2,2026-08-05,3,55.0,33.0
kyiv_city,1,2026-08-06,1,21.0,21.0
kyiv_obl_bila_tserkva,9,2026-08-06,1,19.0,19.0
kyiv_obl_boryspil,5,2026-08-06,2,43.0,19.0
kyiv_obl_brovary,4,2026-08-06,2,43.0,19.0
kyiv_obl_bucha,7,2026-08-06,1,19.0,19.0
kyiv_obl_fastiv,8,2026-08-06,1,19.0,19.0
kyiv_obl_obukhiv,6,2026-08-06,1,19.0,19.0
kyiv_obl_vyshhorod,3,2026-08-06,2,52.0,19.0
kyiv_oblast,2,2026-08-06,3,76.0,19.0
kyiv_city,1,2026-08-07,3,92.0,66.0
kyiv_obl_bila_tserkva,9,2026-08-07,3,103.0,34.0
kyiv_obl_boryspil,5,2026-08-07,7,265.0,136.0
kyiv_obl_brovary,4,2026-08-07,7,296.0,137.0
kyiv_obl_bucha,7,2026-08-07,3,95.0,34.0
kyiv_obl_fastiv,8,2026-08-07,3,102.0,34.0
kyiv_obl_obukhiv,6,2026-08-07,3,112.0,34.0
kyiv_obl_vyshhorod,3,2026-08-07,5,216.0,96.0
kyiv_oblast,2,2026-08-07,7,310.0,137.0
kyiv_city,1,2026-08-08,3,104.0,61.0
kyiv_obl_bila_tserkva,9,2026-08-08,5,426.0,156.0
kyiv_obl_boryspil,5,2026-08-08,4,552.0,186.0
kyiv_obl_brovary,4,2026-08-08,5,611.0,232.0
kyiv_obl_bucha,7,2026-08-08,9,731.0,235.0
kyiv_obl_fastiv,8,2026-08-08,5,518.0,176.0
kyiv_obl_obukhiv,6,2026-08-08,5,506.0,174.0
kyiv_obl_vyshhorod,3,2026-08-08,4,921.0,311.0
kyiv_oblast,2,2026-08-08,4,921.0,311.0
kyiv_city,1,2026-08-09,3,52.0,40.0
kyiv_obl_bila_tserkva,9,2026-08-09,3,51.0,39.0
kyiv_obl_boryspil,5,2026-08-09,4,119.0,107.0
kyiv_obl_brovary,4,2026-08-09,3,51.0,39.0
kyiv_obl_bucha,7,2026-08-09,3,51.0,39.0
kyiv_obl_fastiv,8,2026-08-09,3,51.0,39.0
kyiv_obl_obukhiv,6,2026-08-09,3,51.0,39.0
kyiv_obl_vyshhorod,3,2026-08-09,4,115.0,103.0
kyiv_oblast,2,2026-08-09,5,184.0,171.0
kyiv_city,1,2026-08-10,3,69.0,50.0
kyiv_obl_bila_tserkva,9,2026-08-10,3,64.0,48.0
kyiv_obl_boryspil,5,2026-08-10,4,102.0,48.0
kyiv_obl_brovary,4,2026-08-10,4,101.0,48.0
kyiv_obl_bucha,7,2026-08-10,3,64.0,48.0
kyiv_obl_fastiv,8,2026-08-10,3,64.0,48.0
kyiv_obl_obukhiv,6,2026-08-10,3,64.0,48.0
kyiv_obl_vyshhorod,3,2026-08-10,3,64.0,48.0
kyiv_oblast,2,2026-08-10,5,134.0,49.0
kyiv_city,1,2026-08-11,3,211.0,9.0
kyiv_obl_bila_tserkva,9,2026-08-11,3,87.0,8.0
kyiv_obl_boryspil,5,2026-08-11,4,251.0,16.0
kyiv_obl_brovary,4,2026-08-11,4,252.0,16.0
kyiv_obl_bucha,7,2026-08-11,3,217.0,8.0
kyiv_obl_fastiv,8,2026-08-11,3,145.0,8.0
kyiv_obl_obukhiv,6,2026-08-11,3,187.0,8.0
kyiv_obl_vyshhorod,3,2026-08-11,3,217.0,8.0
kyiv_oblast,2,2026-08-11,4,266.0,16.0
kyiv_city,1,2026-08-12,1,99.0,0.0
kyiv_obl_boryspil,5,2026-08-12,2,115.0,0.0
kyiv_obl_brovary,4,2026-08-12,2,115.0,0.0
kyiv_obl_bucha,7,2026-08-12,1,96.0,0.0
kyiv_obl_fastiv,8,2026-08-12,1,93.0,0.0
kyiv_obl_obukhiv,6,2026-08-12,1,93.0,0.0
kyiv_obl_vyshhorod,3,2026-08-12,3,225.0,45.0
kyiv_oblast,2,2026-08-12,3,225.0,45.0
kyiv_obl_bila_tserkva,9,2026-08-13,1,33.0,32.0
kyiv_obl_boryspil,5,2026-08-13,1,33.0,32.0
kyiv_obl_brovary,4,2026-08-13,1,33.0,32.0
kyiv_obl_bucha,7,2026-08-13,1,33.0,32.0
kyiv_obl_fastiv,8,2026-08-13,1,33.0,32.0
kyiv_obl_obukhiv,6,2026-08-13,1,33.0,32.0
kyiv_obl_vyshhorod,3,2026-08-13,4,184.0,83.0
kyiv_oblast,2,2026-08-13,4,184.0,83.0
kyiv_obl_vyshhorod,3,2026-08-14,1,67.0,0.0
kyiv_oblast,2,2026-08-14,1,67.0,0.0
kyiv_city,1,2026-08-15,5,214.0,72.0
kyiv_obl_bila_tserkva,9,2026-08-15,4,188.0,71.0
kyiv_obl_boryspil,5,2026-08-15,3,407.0,71.0
kyiv_obl_brovary,4,2026-08-15,3,427.0,87.0
kyiv_obl_bucha,7,2026-08-15,4,307.0,75.0
kyiv_obl_fastiv,8,2026-08-15,5,199.0,71.0
kyiv_obl_obukhiv,6,2026-08-15,5,237.0,71.0
kyiv_obl_vyshhorod,3,2026-08-15,4,329.0,87.0
kyiv_oblast,2,2026-08-15,3,429.0,89.0
kyiv_city,1,2026-08-16,1,23.0,0.0
kyiv_obl_bila_tserkva,9,2026-08-16,1,17.0,0.0
kyiv_obl_boryspil,5,2026-08-16,1,37.0,0.0
kyiv_obl_brovary,4,2026-08-16,1,37.0,0.0
kyiv_obl_bucha,7,2026-08-16,1,17.0,0.0
kyiv_obl_fastiv,8,2026-08-16,1,16.0,0.0
kyiv_obl_obukhiv,6,2026-08-16,1,16.0,0.0
kyiv_obl_vyshhorod,3,2026-08-16,1,25.0,0.0
kyiv_oblast,2,2026-08-16,1,37.0,0.0
kyiv_city,1,2026-08-17,6,230.0,34.0
kyiv_obl_bila_tserkva,9,2026-08-17,1,25.0,0.0
kyiv_obl_boryspil,5,2026-08-17,4,188.0,20.0
kyiv_obl_brovary,4,2026-08-17,6,311.0,93.0
kyiv_obl_bucha,7,2026-08-17,1,131.0,0.0
kyiv_obl_fastiv,8,2026-08-17,1,110.0,0.0
kyiv_obl_obukhiv,6,2026-08-17,1,116.0,0.0
kyiv_obl_vyshhorod,3,2026-08-17,6,366.0,99.0
kyiv_oblast,2,2026-08-17,6,367.0,100.0
kyiv_city,1,2026-08-18,5,220.0,0.0
kyiv_obl_bila_tserkva,9,2026-08-18,4,143.0,0.0
kyiv_obl_boryspil,5,2026-08-18,4,381.0,0.0
kyiv_obl_brovary,4,2026-08-18,4,423.0,0.0
kyiv_obl_bucha,7,2026-08-18,3,63.0,0.0
kyiv_obl_fastiv,8,2026-08-18,3,61.0,0.0
kyiv_obl_obukhiv,6,2026-08-18,5,214.0,0.0
kyiv_obl_vyshhorod,3,2026-08-18,4,364.0,0.0
kyiv_oblast,2,2026-08-18,3,469.0,0.0
kyiv_city,1,2026-08-19,2,650.0,369.0
kyiv_obl_boryspil,5,2026-08-19,2,101.0,13.0
kyiv_obl_brovary,4,2026-08-19,4,173.0,13.0
kyiv_obl_bucha,7,2026-08-19,4,642.0,358.0
kyiv_obl_obukhiv,6,2026-08-19,1,32.0,0.0
kyiv_obl_vyshhorod,3,2026-08-19,2,105.0,0.0
kyiv_oblast,2,2026-08-19,7,792.0,371.0
kyiv_city,1,2026-08-20,6,232.0,17.0
kyiv_obl_bila_tserkva,9,2026-08-20,2,48.0,0.0
kyiv_obl_boryspil,5,2026-08-20,2,276.0,0.0
kyiv_obl_brovary,4,2026-08-20,4,316.0,0.0
kyiv_obl_bucha,7,2026-08-20,4,180.0,0.0
kyiv_obl_fastiv,8,2026-08-20,2,102.0,0.0
kyiv_obl_obukhiv,6,2026-08-20,2,118.0,0.0
kyiv_obl_vyshhorod,3,2026-08-20,3,264.0,0.0
kyiv_oblast,2,2026-08-20,3,356.0,0.0
kyiv_city,1,2026-08-21,4,115.0,92.0
kyiv_obl_bila_tserkva,9,2026-08-21,2,88.0,67.0
kyiv_obl_boryspil,5,2026-08-21,6,258.0,181.0
kyiv_obl_brovary,4,2026-08-21,7,303.0,181.0
kyiv_obl_bucha,7,2026-08-21,4,123.0,76.0
kyiv_obl_fastiv,8,2026-08-21,2,88.0,67.0
kyiv_obl_obukhiv,6,2026-08-21,2,88.0,67.0
kyiv_obl_vyshhorod,3,2026-08-21,6,242.0,140.0
kyiv_oblast,2,2026-08-21,8,334.0,182.0
kyiv_city,1,2026-08-22,2,62.0,0.0
kyiv_obl_bila_tserkva,9,2026-08-22,1,33.0,0.0
kyiv_obl_boryspil,5,2026-08-22,2,43.0,0.0
kyiv_obl_brovary,4,2026-08-22,3,58.0,0.0
kyiv_obl_bucha,7,2026-08-22,1,33.0,0.0
kyiv_obl_fastiv,8,2026-08-22,1,33.0,0.0
kyiv_obl_obukhiv,6,2026-08-22,1,33.0,0.0
kyiv_obl_vyshhorod,3,2026-08-22,2,48.0,0.0
kyiv_oblast,2,2026-08-22,3,59.0,0.0
kyiv_city,1,2026-08-23,1,28.0,0.0
kyiv_obl_bila_tserkva,9,2026-08-23,1,20.0,0.0
kyiv_obl_boryspil,5,2026-08-23,1,44.0,0.0
kyiv_obl_brovary,4,2026-08-23,1,44.0,0.0
kyiv_obl_bucha,7,2026-08-23,1,29.0,0.0
kyiv_obl_fastiv,8,2026-08-23,1,24.0,0.0
kyiv_obl_obukhiv,6,2026-08-23,1,24.0,0.0
kyiv_obl_vyshhorod,3,2026-08-23,1,40.0,0.0
kyiv_oblast,2,2026-08-23,2,74.0,0.0
kyiv_city,1,2026-08-24,3,89.0,44.0
kyiv_obl_bila_tserkva,9,2026-08-24,1,14.0,0.0
kyiv_obl_boryspil,5,2026-08-24,3,118.0,57.0
kyiv_obl_brovary,4,2026-08-24,3,103.0,43.0
kyiv_obl_bucha,7,2026-08-24,2,49.0,35.0
kyiv_obl_fastiv,8,2026-08-24,2,54.0,40.0
kyiv_obl_obukhiv,6,2026-08-24,2,61.0,47.0
kyiv_obl_vyshhorod,3,2026-08-24,2,49.0,35.0
kyiv_oblast,2,2026-08-24,3,119.0,57.0
kyiv_city,1,2026-08-25,1,47.0,47.0
kyiv_obl_bila_tserkva,9,2026-08-25,1,46.0,46.0
kyiv_obl_boryspil,5,2026-08-25,3,133.0,46.0
kyiv_obl_brovary,4,2026-08-25,4,149.0,46.0
kyiv_obl_bucha,7,2026-08-25,1,46.0,46.0
kyiv_obl_fastiv,8,2026-08-25,1,46.0,46.0
kyiv_obl_obukhiv,6,2026-08-25,2,71.0,46.0
kyiv_obl_vyshhorod,3,2026-08-25,2,85.0,46.0
kyiv_oblast,2,2026-08-25,5,190.0,46.0
kyiv_city,1,2026-08-26,9,537.0,218.0
kyiv_obl_bila_tserkva,9,2026-08-26,5,375.0,228.0
kyiv_obl_boryspil,5,2026-08-26,5,546.0,234.0
kyiv_obl_brovary,4,2026-08-26,5,642.0,234.0
kyiv_obl_bucha,7,2026-08-26,7,359.0,127.0
kyiv_obl_fastiv,8,2026-08-26,6,365.0,127.0
kyiv_obl_obukhiv,6,2026-08-26,5,675.0,386.0
kyiv_obl_vyshhorod,3,2026-08-26,6,627.0,231.0
kyiv_oblast,2,2026-08-26,5,816.0,390.0
kyiv_city,1,2026-08-27,14,745.0,137.0
kyiv_obl_bila_tserkva,9,2026-08-27,6,286.0,24.0
kyiv_obl_boryspil,5,2026-08-27,11,827.0,206.0
kyiv_obl_brovary,4,2026-08-27,9,870.0,219.0
kyiv_obl_bucha,7,2026-08-27,9,783.0,137.0
kyiv_obl_fastiv,8,2026-08-27,10,734.0,114.0
kyiv_obl_obukhiv,6,2026-08-27,13,728.0,141.0
kyiv_obl_vyshhorod,3,2026-08-27,11,929.0,207.0
kyiv_oblast,2,2026-08-27,8,1039.0,227.0
kyiv_city,1,2026-08-28,7,778.0,206.0
kyiv_obl_bila_tserkva,9,2026-08-28,4,262.0,110.0
kyiv_obl_boryspil,5,2026-08-28,6,919.0,257.0
kyiv_obl_brovary,4,2026-08-28,7,954.0,270.0
kyiv_obl_bucha,7,2026-08-28,7,803.0,207.0
kyiv_obl_fastiv,8,2026-08-28,5,780.0,198.0
kyiv_obl_obukhiv,6,2026-08-28,6,755.0,188.0
kyiv_obl_vyshhorod,3,2026-08-28,10,923.0,256.0
kyiv_oblast,2,2026-08-28,9,978.0,271.0
kyiv_city,1,2026-08-29,11,332.0,149.0
kyiv_obl_boryspil,5,2026-08-29,0,943.0,343.0
kyiv_obl_brovary,4,2026-08-29,0,930.0,330.0
kyiv_obl_bucha,7,2026-08-29,0,1170.0,480.0
kyiv_obl_fastiv,8,2026-08-29,0,949.0,349.0
kyiv_obl_obukhiv,6,2026-08-29,0,949.0,349.0
kyiv_obl_vyshhorod,3,2026-08-29,0,1170.0,480.0
kyiv_oblast,2,2026-08-29,2,1182.0,480.0
kyiv_city,1,2026-08-30,14,584.0,96.0
kyiv_oblast,2,2026-08-30,17,232.0,78.0
kyiv_city,1,2026-08-31,7,371.0,140.0
kyiv_oblast,2,2026-08-31,16,185.0,56.0
kyiv_city,1,2026-09-01,10,396.0,15.0
kyiv_oblast,2,2026-09-01,14,140.0,29.0
kyiv_city,1,2026-09-02,11,663.0,199.0
kyiv_obl_bila_tserkva,9,2026-09-02,6,541.0,157.0
kyiv_obl_boryspil,5,2026-09-02,5,496.0,225.0
kyiv_obl_brovary,4,2026-09-02,5,543.0,225.0
kyiv_obl_bucha,7,2026-09-02,7,662.0,213.0
kyiv_obl_fastiv,8,2026-09-02,5,519.0,201.0
kyiv_obl_obukhiv,6,2026-09-02,6,516.0,182.0
kyiv_obl_vyshhorod,3,2026-09-02,7,798.0,330.0
kyiv_oblast,2,2026-09-02,8,908.0,332.0
kyiv_city,1,2026-09-03,5,617.0,110.0
kyiv_obl_bila_tserkva,9,2026-09-03,6,493.0,80.0
kyiv_obl_boryspil,5,2026-09-03,6,699.0,89.0
kyiv_obl_brovary,4,2026-09-03,6,651.0,92.0
kyiv_obl_bucha,7,2026-09-03,4,585.0,77.0
kyiv_obl_fastiv,8,2026-09-03,5,558.0,78.0
kyiv_obl_obukhiv,6,2026-09-03,5,650.0,89.0
kyiv_obl_vyshhorod,3,2026-09-03,4,693.0,123.0
kyiv_oblast,2,2026-09-03,6,812.0,140.0
kyiv_city,1,2026-09-04,9,566.0,243.0
kyiv_obl_bila_tserkva,9,2026-09-04,4,245.0,27.0
kyiv_obl_boryspil,5,2026-09-04,8,629.0,251.0
kyiv_obl_brovary,4,2026-09-04,8,694.0,278.0
kyiv_obl_bucha,7,2026-09-04,6,262.0,39.0
kyiv_obl_fastiv,8,2026-09-04,6,264.0,45.0
kyiv_obl_obukhiv,6,2026-09-04,8,560.0,222.0
kyiv_obl_vyshhorod,3,2026-09-04,8,671.0,243.0
kyiv_oblast,2,2026-09-04,8,892.0,307.0
kyiv_city,1,2026-09-05,2,164.0,22.0
kyiv_obl_bila_tserkva,9,2026-09-05,2,283.0,135.0
kyiv_obl_boryspil,5,2026-09-05,3,401.0,240.0
kyiv_obl_brovary,4,2026-09-05,4,405.0,240.0
kyiv_obl_bucha,7,2026-09-05,1,144.0,0.0
kyiv_obl_fastiv,8,2026-09-05,2,299.0,138.0
kyiv_obl_obukhiv,6,2026-09-05,3,311.0,148.0
kyiv_obl_vyshhorod,3,2026-09-05,1,129.0,0.0
kyiv_oblast,2,2026-09-05,4,407.0,240.0
kyiv_obl_bila_tserkva,9,2026-09-06,1,14.0,0.0
kyiv_obl_boryspil,5,2026-09-06,2,43.0,30.0
kyiv_obl_brovary,4,2026-09-06,1,13.0,0.0
kyiv_obl_bucha,7,2026-09-06,1,13.0,0.0
kyiv_obl_fastiv,8,2026-09-06,1,13.0,0.0
kyiv_obl_obukhiv,6,2026-09-06,1,13.0,0.0
kyiv_obl_vyshhorod,3,2026-09-06,1,14.0,0.0
kyiv_oblast,2,2026-09-06,2,44.0,30.0
kyiv_city,1,2026-09-07,4,955.0,461.0
kyiv_city,1,2026-09-08,5,1012.0,348.0
kyiv_city,1,2026-09-09,0,20.0,0.0
