raid_day,dow,month,night_hours,heating_season,holiday_ua,holiday_ua_w,holiday_ru,holiday_ru_w,alerts_prev,alert_minutes_prev,drone_tracks_prev,missile_tracks_prev,drone_tracks_obl_prev,missile_tracks_obl_prev,drones_launched_ua_prev,mig31k_prev,strategic_prev,kalibr_prev,night_cloud_low_avg,night_wind_avg,night_temp_avg,night_precip_sum,y_attacked,y_drone_tracks,y_missile_tracks,y_drone_tracks_obl,y_alert_minutes,mig31k_same_window
2022-02-24,4,2,13.67,True,Річниця вторгнення,3,,0,0,0.0,0.0,0.0,0.0,0.0,0.0,0,0,0,83.125,6.787500023841858,1.625,0.1,,0.0,0.0,0.0,281.0,0
2022-02-25,5,2,13.61,True,,0,,0,1,281.0,0.0,0.0,0.0,0.0,0.0,0,0,0,71.5,11.812500089406967,2.200000027194619,0.2,,0.0,0.0,0.0,1225.0,0
2022-02-26,6,2,13.54,True,,0,,0,2,1225.0,0.0,0.0,0.0,0.0,0.0,0,0,0,61.5,9.474999964237213,0.36249999329447746,0.1,,0.0,0.0,0.0,1440.0,0
2022-02-27,7,2,13.48,True,,0,,0,0,1440.0,0.0,0.0,0.0,0.0,0.0,0,0,0,59.0,9.374999940395355,-0.8624999830499291,0.0,,0.0,0.0,0.0,1258.0,0
2022-02-28,1,2,13.42,True,,0,,0,2,1258.0,0.0,0.0,0.0,0.0,0.0,0,0,0,100.0,17.112499952316284,-0.7750000134110451,0.2,,0.0,0.0,0.0,469.0,0
2022-03-01,2,3,13.36,True,,0,,0,9,469.0,0.0,0.0,0.0,0.0,0.0,0,0,0,99.5,12.275000095367432,0.6375000067055225,0.1,,0.0,0.0,0.0,448.0,0
2022-03-02,3,3,13.29,True,,0,,0,7,448.0,0.0,0.0,0.0,1.0,0.0,0,0,0,100.0,9.712499856948853,0.5250000134110451,0.1,,0.0,0.0,0.0,864.0,0
2022-03-03,4,3,13.23,True,,0,,0,8,864.0,0.0,0.0,0.0,0.0,0.0,0,0,0,94.25,11.312500059604645,0.3999999947845936,0.3,,0.0,0.0,0.0,394.0,0
2022-03-04,5,3,13.16,True,,0,,0,5,394.0,0.0,0.0,0.0,0.0,0.0,0,0,0,88.75,17.137499928474426,-1.4250000044703484,0.0,,0.0,0.0,0.0,1126.0,0
2022-03-05,6,3,13.1,True,,0,,0,6,1126.0,0.0,0.0,0.0,0.0,0.0,0,0,0,75.0,7.849999964237213,-2.350000023841858,0.1,,0.0,0.0,0.0,330.0,0
2022-03-06,7,3,13.04,True,,0,,0,6,330.0,0.0,0.0,0.0,0.0,0.0,0,0,0,76.625,8.36249989271164,-1.9124999940395355,0.0,,0.0,0.0,0.0,501.0,0
2022-03-07,1,3,12.97,True,,0,,0,4,501.0,0.0,0.0,0.0,0.0,0.0,0,1,0,59.875,6.774999976158142,-2.5000000298023224,0.2,,0.0,0.0,0.0,318.0,0
2022-03-08,2,3,12.91,True,8 березня,1,8 березня,1,3,318.0,0.0,0.0,0.0,0.0,0.0,0,0,0,96.125,16.075000047683716,-3.5249999463558197,0.2,,0.0,0.0,0.0,294.0,0
2022-03-09,3,3,12.84,True,,0,,0,6,294.0,0.0,0.0,0.0,0.0,0.0,0,0,0,91.375,15.93749988079071,-4.500000029802322,0.5,,0.0,0.0,0.0,593.0,0
2022-03-10,4,3,12.78,True,,0,,0,8,593.0,0.0,0.0,0.0,0.0,0.0,0,0,0,0.0,20.28749990463257,-7.462500035762787,0.0,,0.0,0.0,0.0,638.0,0
2022-03-11,5,3,12.71,True,,0,,0,8,638.0,0.0,0.0,0.0,0.0,0.0,0,0,0,0.0,6.775000035762787,-6.162499964237213,0.0,,0.0,0.0,0.0,581.0,0
2022-03-12,6,3,12.65,True,,0,,0,7,581.0,0.0,0.0,0.0,0.0,0.0,0,0,0,100.0,10.37500011920929,-1.3375000208616257,0.2,,0.0,0.0,0.0,316.0,0
2022-03-13,7,3,12.59,True,,0,,0,4,316.0,0.0,0.0,0.0,0.0,0.0,0,0,0,90.25,5.050000041723251,-1.7249999791383743,0.0,,0.0,0.0,0.0,715.0,0
2022-03-14,1,3,12.52,True,,0,,0,5,715.0,0.0,0.0,0.0,0.0,0.0,0,0,0,0.0,14.037500023841858,-1.0375000014901161,0.0,,0.0,0.0,0.0,606.0,0
2022-03-15,2,3,12.46,True,,0,,0,9,606.0,0.0,0.0,0.0,0.0,0.0,0,0,0,23.25,14.850000023841858,-2.5124999852851033,0.0,,0.0,0.0,0.0,722.0,0
2022-03-16,3,3,12.39,True,,0,,0,6,722.0,0.0,0.0,0.0,0.0,0.0,0,0,0,68.25,6.962500035762787,-3.1500000059604645,0.0,,0.0,0.0,0.0,499.0,0
2022-03-17,4,3,12.33,True,,0,,0,7,499.0,0.0,0.0,0.0,0.0,0.0,0,0,0,0.0,10.112499952316284,-5.187500059604645,0.0,,0.0,0.0,0.0,447.0,0
2022-03-18,5,3,12.26,True,,0,,0,8,447.0,0.0,0.0,0.0,0.0,0.0,0,0,0,0.0,6.6874998807907104,-4.737500011920929,0.0,,0.0,0.0,0.0,360.0,0
2022-03-19,6,3,12.2,True,,0,,0,8,360.0,0.0,0.0,0.0,0.0,0.0,0,0,0,0.0,9.399999976158142,-2.7499999701976776,0.0,,0.0,0.0,0.0,305.0,0
2022-03-20,7,3,12.13,True,,0,,0,5,305.0,0.0,0.0,0.0,0.0,0.0,0,0,0,0.0,9.575000047683716,-0.7125000078231096,0.0,,0.0,0.0,0.0,481.0,0
2022-03-21,1,3,12.07,True,,0,,0,6,481.0,0.0,0.0,0.0,0.0,0.0,0,0,0,0.0,11.4375,2.1999999955296516,0.0,,0.0,0.0,0.0,650.0,0
2022-03-22,2,3,12.0,True,,0,,0,8,650.0,0.0,0.0,0.0,0.0,0.0,0,0,0,0.0,7.3125,1.599999975413084,0.0,,0.0,0.0,0.0,517.0,0
2022-03-23,3,3,11.93,True,,0,,0,6,517.0,0.0,0.0,0.0,0.0,0.0,0,0,0,0.0,11.01250010728836,3.8499999940395355,0.0,,0.0,0.0,0.0,480.0,0
2022-03-24,4,3,11.87,True,,0,,0,7,480.0,0.0,0.0,0.0,0.0,0.0,0,0,0,83.25,9.762499868869781,1.5624999925494194,0.3,,0.0,0.0,0.0,292.0,0
2022-03-25,5,3,11.8,True,,0,,0,5,292.0,0.0,0.0,0.0,0.0,0.0,0,0,0,0.0,13.462499976158142,2.7125000059604645,0.0,,0.0,0.0,0.0,634.0,0
2022-03-26,6,3,11.74,True,,0,,0,7,634.0,0.0,0.0,0.0,0.0,0.0,0,0,0,16.285714285714285,25.41428565979004,3.671428527150835,0.5,,0.0,0.0,0.0,354.0,0
2022-03-27,7,3,11.67,True,,0,,0,3,354.0,0.0,0.0,0.0,0.0,0.0,0,0,0,0.0,13.200000047683716,-1.8749999944120646,0.0,,0.0,0.0,0.0,480.0,0
2022-03-28,1,3,11.61,True,,0,,0,5,480.0,0.0,0.0,0.0,0.0,0.0,0,0,0,0.0,22.77500009536743,8.887500047683716,0.0,,0.0,0.0,0.0,437.0,0
2022-03-29,2,3,11.54,True,,0,,0,7,437.0,0.0,0.0,0.0,0.0,0.0,0,0,0,19.625,7.324999928474426,5.699999988079071,0.0,,0.0,0.0,0.0,591.0,0
2022-03-30,3,3,11.48,True,,0,,0,10,591.0,0.0,0.0,0.0,0.0,0.0,0,0,0,6.75,7.737499952316284,3.062500014901161,0.70000005,,0.0,0.0,0.0,168.0,0
2022-03-31,4,3,11.41,True,,0,,0,2,168.0,0.0,0.0,0.0,0.0,0.0,0,0,0,7.75,13.75,7.162500023841858,3.2,,0.0,0.0,0.0,210.0,0
2022-04-01,5,4,11.35,True,,0,,0,4,210.0,0.0,0.0,0.0,0.0,0.0,0,0,0,100.0,13.587500095367432,6.362500011920929,1.6,,0.0,0.0,0.0,230.0,0
2022-04-02,6,4,11.29,True,,0,,0,2,230.0,0.0,0.0,0.0,0.0,0.0,0,0,0,100.0,13.525000095367432,2.3875000178813934,0.0,,0.0,0.0,0.0,263.0,0
2022-04-03,7,4,11.22,True,,0,,0,3,263.0,0.0,0.0,0.0,0.0,0.0,0,0,0,14.125,16.362500190734863,-0.149999993853271,0.2,,0.0,0.0,0.0,156.0,0
2022-04-04,1,4,11.16,True,,0,,0,4,156.0,0.0,0.0,0.0,0.0,0.0,0,0,0,30.25,12.837499976158142,0.15000000596046448,0.0,,0.0,0.0,0.0,225.0,0
2022-04-05,2,4,11.09,True,,0,,0,3,225.0,0.0,0.0,0.0,0.0,0.0,0,0,0,28.75,17.024999856948853,4.162500023841858,0.0,,0.0,0.0,0.0,95.0,0
2022-04-06,3,4,11.03,True,,0,,0,3,95.0,0.0,0.0,0.0,0.0,0.0,0,0,0,0.0,10.924999952316284,6.462499916553497,0.0,,0.0,0.0,0.0,66.0,0
2022-04-07,4,4,10.96,True,,0,,0,3,66.0,0.0,0.0,0.0,0.0,0.0,0,0,0,0.0,17.212499976158142,8.925000071525574,0.0,,0.0,0.0,0.0,134.0,0
2022-04-08,5,4,10.9,True,,0,,0,3,134.0,0.0,0.0,0.0,0.0,0.0,0,0,0,1.0,10.212499976158142,5.462499976158142,0.0,,0.0,0.0,0.0,27.0,0
2022-04-09,6,4,10.84,True,,0,,0,1,27.0,0.0,0.0,0.0,0.0,0.0,0,0,0,63.25,18.262499749660492,7.924999952316284,0.70000005,,0.0,0.0,0.0,57.0,0
2022-04-10,7,4,10.77,True,,0,,0,1,57.0,0.0,0.0,0.0,0.0,0.0,0,0,0,47.125,18.27500021457672,4.637499958276749,5.7999997,,0.0,0.0,0.0,116.0,0
2022-04-11,1,4,10.71,True,,0,,0,2,116.0,0.0,0.0,0.0,0.0,0.0,0,0,0,0.625,20.200000286102295,4.762499988079071,0.0,,0.0,0.0,0.0,111.0,0
2022-04-12,2,4,10.64,True,,0,День космонавтики,1,3,111.0,0.0,0.0,0.0,0.0,0.0,0,0,0,90.0,24.950000047683716,4.925000011920929,1.3,,0.0,0.0,0.0,37.0,0
2022-04-13,3,4,10.58,True,,0,,0,1,37.0,0.0,0.0,0.0,0.0,0.0,0,0,0,46.5,19.137500047683716,5.687499940395355,0.0,,0.0,0.0,0.0,94.0,0
2022-04-14,4,4,10.52,True,,0,,0,2,94.0,0.0,0.0,0.0,0.0,0.0,0,0,0,0.0,7.374999910593033,4.300000011920929,0.0,,0.0,0.0,0.0,339.0,0
2022-04-15,5,4,10.46,True,,0,,0,6,339.0,0.0,0.0,0.0,0.0,0.0,0,0,0,0.0,14.225000023841858,10.762499809265137,0.3,,0.0,0.0,0.0,288.0,0
2022-04-16,6,4,10.39,False,,0,,0,3,288.0,0.0,0.0,0.0,0.0,0.0,0,0,0,35.0,13.925000071525574,2.500000014901161,0.0,,0.0,0.0,0.0,163.0,0
2022-04-17,7,4,10.33,False,,0,,0,4,163.0,0.0,0.0,0.0,0.0,0.0,0,0,0,93.5,11.424999952316284,1.162499986588955,0.2,,0.0,0.0,0.0,201.0,0
2022-04-18,1,4,10.27,False,,0,,0,2,201.0,0.0,0.0,0.0,0.0,0.0,0,0,0,65.75,12.375,3.462499976158142,0.3,,0.0,0.0,0.0,212.0,0
2022-04-19,2,4,10.21,False,,0,,0,3,212.0,0.0,0.0,0.0,0.0,0.0,0,0,0,100.0,14.012500166893005,5.637500047683716,0.0,,0.0,0.0,0.0,0.0,0
2022-04-20,3,4,10.15,False,,0,,0,0,0.0,0.0,0.0,0.0,0.0,0.0,0,0,0,64.625,6.562499940395355,5.024999916553497,0.4,,0.0,0.0,0.0,72.0,0
2022-04-21,4,4,10.09,False,,0,,0,2,72.0,0.0,0.0,0.0,0.0,0.0,0,0,0,100.0,14.500000238418579,5.449999988079071,3.1,,0.0,0.0,0.0,106.0,0
2022-04-22,5,4,10.02,False,,0,,0,2,106.0,0.0,0.0,0.0,0.0,0.0,0,0,0,3.25,16.03749990463257,8.150000035762787,0.0,,0.0,0.0,0.0,94.0,0
2022-04-23,6,4,9.96,False,,0,,0,2,94.0,0.0,0.0,0.0,0.0,0.0,0,0,0,84.5,14.162499845027924,10.524999976158142,1.2,,0.0,0.0,0.0,212.0,0
2022-04-24,7,4,9.9,False,Великдень,3,Пасха (РПЦ),2,4,212.0,0.0,0.0,0.0,0.0,0.0,0,0,0,0.0,10.512499928474426,8.275000095367432,0.0,,0.0,0.0,0.0,345.0,0
2022-04-25,1,4,9.84,False,,0,,0,5,345.0,0.0,0.0,0.0,0.0,0.0,0,0,0,16.75,10.70000010728836,11.299999952316284,5.799999,,0.0,0.0,0.0,86.0,0
2022-04-26,2,4,9.79,False,,0,,0,1,86.0,0.0,0.0,0.0,0.0,0.0,0,0,0,27.125,11.650000095367432,8.462499976158142,0.0,,0.0,0.0,0.0,24.0,0
2022-04-27,3,4,9.73,False,,0,,0,1,24.0,0.0,0.0,0.0,0.0,0.0,0,0,0,1.625,8.61249989271164,7.137499988079071,0.0,,0.0,0.0,0.0,92.0,0
2022-04-28,4,4,9.67,False,,0,,0,3,92.0,0.0,0.0,0.0,0.0,0.0,0,0,0,0.375,8.387499988079071,6.175000011920929,0.0,,0.0,0.0,0.0,201.0,0
2022-04-29,5,4,9.61,False,,0,,0,2,201.0,0.0,0.0,0.0,0.0,0.0,0,0,0,43.75,6.475000128149986,8.674999833106995,0.70000005,,0.0,0.0,0.0,55.0,0
2022-04-30,6,4,9.55,False,,0,,0,1,55.0,0.0,0.0,0.0,0.0,0.0,0,0,0,3.125,9.087499916553497,5.824999988079071,0.0,,0.0,0.0,0.0,0.0,0
2022-05-01,7,5,9.49,False,,0,1 травня,1,0,0.0,0.0,0.0,0.0,0.0,0.0,0,0,0,0.0,8.012499928474426,7.337500035762787,0.0,,0.0,0.0,0.0,0.0,0
2022-05-02,1,5,9.44,False,,0,,0,0,0.0,0.0,0.0,0.0,0.0,0.0,0,0,0,0.0,9.099999904632568,9.12499988079071,0.0,,0.0,0.0,0.0,0.0,0
2022-05-03,2,5,9.38,False,,0,,0,0,0.0,0.0,0.0,0.0,0.0,0.0,0,0,0,3.125,9.487500011920929,10.400000095367432,0.0,,0.0,0.0,0.0,183.0,0
2022-05-04,3,5,9.33,False,,0,,0,3,183.0,0.0,0.0,0.0,0.0,0.0,0,0,0,0.0,12.499999761581421,6.437500059604645,0.0,,0.0,0.0,0.0,333.0,0
2022-05-05,4,5,9.27,False,,0,,0,3,333.0,0.0,0.0,0.0,0.0,0.0,0,0,0,0.0,7.262500047683716,6.0625,0.0,,0.0,0.0,0.0,122.0,0
2022-05-06,5,5,9.22,False,,0,,0,1,122.0,0.0,0.0,0.0,0.0,0.0,0,0,0,0.0,10.912499785423279,9.399999976158142,0.0,,0.0,0.0,0.0,113.0,0
2022-05-07,6,5,9.16,False,,0,,0,6,113.0,0.0,0.0,0.0,0.0,0.0,0,0,0,0.0,12.599999904632568,13.424999952316284,0.0,,0.0,0.0,0.0,247.0,0
2022-05-08,7,5,9.11,False,День памʼяті та перемоги,2,,0,6,247.0,0.0,0.0,0.0,0.0,0.0,0,0,0,4.875,11.075000166893005,13.3125,0.0,,0.0,0.0,0.0,116.0,0
2022-05-09,1,5,9.06,False,,0,День перемоги,3,3,116.0,0.0,0.0,0.0,0.0,0.0,0,0,0,0.0,8.962500095367432,8.324999988079071,0.0,,0.0,0.0,0.0,50.0,0
2022-05-10,2,5,9.01,False,,0,,0,2,50.0,0.0,0.0,0.0,0.0,0.0,0,0,0,0.0,7.512499928474426,7.962500154972076,0.0,,0.0,0.0,0.0,45.0,0
2022-05-11,3,5,8.95,False,,0,,0,1,45.0,0.0,0.0,0.0,0.0,0.0,0,0,0,0.0,9.37499988079071,12.3125,0.0,,0.0,0.0,0.0,31.0,0
2022-05-12,4,5,8.9,False,,0,,0,1,31.0,0.0,0.0,0.0,0.0,0.0,0,0,0,0.875,11.100000143051147,16.049999713897705,4.6000004,,0.0,0.0,0.0,289.0,0
2022-05-13,5,5,8.85,False,,0,,0,4,289.0,0.0,0.0,0.0,0.0,0.0,0,0,0,0.0,8.31249988079071,12.9375,0.0,,0.0,0.0,0.0,118.0,0
2022-05-14,6,5,8.81,False,,0,,0,2,118.0,0.0,0.0,0.0,0.0,0.0,0,0,0,4.125,15.387500047683716,11.600000023841858,0.0,,0.0,0.0,0.0,149.0,0
2022-05-15,7,5,8.76,False,,0,,0,3,149.0,0.0,0.0,0.0,0.0,0.0,0,0,0,3.375,13.462499976158142,10.737499952316284,0.0,,0.0,0.0,0.0,84.0,0
2022-05-16,1,5,8.71,False,,0,,0,2,84.0,0.0,0.0,0.0,0.0,0.0,0,0,0,0.0,9.537500023841858,10.025000214576721,0.0,,0.0,0.0,0.0,211.0,0
2022-05-17,2,5,8.66,False,,0,,0,2,211.0,0.0,0.0,0.0,0.0,0.0,0,0,0,14.75,15.375,8.750000059604645,1.6,,0.0,0.0,0.0,73.0,0
2022-05-18,3,5,8.62,False,,0,,0,1,73.0,0.0,0.0,0.0,0.0,0.0,0,0,0,4.375,15.799999952316284,8.962499976158142,0.0,,0.0,0.0,0.0,207.0,0
2022-05-19,4,5,8.57,False,,0,,0,2,207.0,0.0,0.0,0.0,0.0,0.0,0,0,0,0.375,9.950000047683716,11.912500023841858,0.0,,0.0,0.0,0.0,84.0,0
2022-05-20,5,5,8.53,False,,0,,0,2,84.0,0.0,0.0,0.0,0.0,0.0,0,0,0,0.0,14.337500154972076,17.262499809265137,0.0,,0.0,0.0,0.0,307.0,0
2022-05-21,6,5,8.49,False,,0,,0,5,307.0,0.0,0.0,0.0,0.0,0.0,0,0,0,22.625,22.34999966621399,14.25,0.0,,0.0,0.0,0.0,31.0,0
2022-05-22,7,5,8.44,False,,0,,0,1,31.0,0.0,0.0,0.0,0.0,0.0,0,0,0,55.25,10.637500047683716,10.662500023841858,1.2,,0.0,0.0,0.0,346.0,0
2022-05-23,1,5,8.4,False,,0,,0,5,346.0,0.0,0.0,0.0,0.0,0.0,0,0,0,0.0,8.062499940395355,9.550000011920929,0.0,,0.0,0.0,0.0,158.0,0
2022-05-24,2,5,8.36,False,,0,,0,3,158.0,0.0,0.0,0.0,0.0,0.0,0,0,0,0.0,5.050000011920929,11.274999856948853,0.0,,0.0,0.0,0.0,266.0,0
2022-05-25,3,5,8.33,False,,0,,0,3,266.0,0.0,0.0,0.0,0.0,0.0,0,0,0,5.75,10.725000023841858,17.175000071525574,5.1000004,,0.0,0.0,0.0,137.0,0
2022-05-26,4,5,8.29,False,,0,,0,1,137.0,0.0,0.0,0.0,0.0,0.0,0,0,0,5.875,16.762500047683716,15.31250011920929,0.0,,0.0,0.0,0.0,186.0,0
2022-05-27,5,5,8.25,False,,0,,0,4,186.0,0.0,0.0,0.0,0.0,0.0,0,0,0,18.875,18.49999976158142,12.174999952316284,8.0,,0.0,0.0,0.0,140.0,0
2022-05-28,6,5,8.22,False,,0,,0,4,140.0,0.0,0.0,0.0,0.0,0.0,0,0,0,0.0,8.787499904632568,11.162500023841858,0.0,,0.0,0.0,0.0,93.0,0
2022-05-29,7,5,8.18,False,,0,,0,2,93.0,0.0,0.0,0.0,0.0,0.0,0,0,0,1.75,9.287499904632568,13.787499904632568,0.5,,0.0,0.0,0.0,55.0,0
2022-05-30,1,5,8.15,False,,0,,0,2,55.0,0.0,0.0,0.0,0.0,0.0,0,0,0,26.875,8.087499856948853,14.81249988079071,0.1,,0.0,0.0,0.0,0.0,0
2022-05-31,2,5,8.12,False,,0,,0,0,0.0,0.0,0.0,0.0,0.0,0.0,0,0,0,7.625,8.987499952316284,12.62500011920929,0.0,,0.0,0.0,0.0,46.0,0
2022-06-01,3,6,8.09,False,,0,,0,2,46.0,0.0,0.0,0.0,0.0,0.0,0,0,0,1.5,6.775000035762787,16.824999809265137,0.0,,0.0,0.0,0.0,191.0,0
2022-06-02,4,6,8.06,False,,0,,0,3,191.0,0.0,0.0,0.0,0.0,0.0,0,0,0,21.625,12.862499833106995,16.899999856948853,1.3,,0.0,0.0,0.0,0.0,0
2022-06-03,5,6,8.03,False,,0,,0,0,0.0,0.0,0.0,0.0,0.0,0.0,0,0,0,1.0,8.512499868869781,13.712500095367432,0.0,,0.0,0.0,0.0,134.0,0
2022-06-04,6,6,8.0,False,,0,,0,3,134.0,0.0,0.0,0.0,0.0,0.0,0,0,0,0.0,7.237500011920929,16.574999809265137,0.0,,0.0,0.0,0.0,255.0,0
2022-06-05,7,6,7.98,False,,0,,0,3,255.0,0.0,0.0,0.0,0.0,0.0,0,0,0,0.125,7.712499976158142,14.799999952316284,0.0,,0.0,0.0,0.0,152.0,0
2022-06-06,1,6,7.96,False,,0,,0,2,152.0,0.0,0.0,0.0,0.0,0.0,0,0,0,1.375,7.6874998807907104,15.925000309944153,0.0,,0.0,0.0,0.0,99.0,0
2022-06-07,2,6,7.93,False,,0,,0,1,99.0,0.0,0.0,0.0,0.0,0.0,0,0,0,0.0,7.049999952316284,18.8125,0.0,,0.0,0.0,0.0,66.0,0
2022-06-08,3,6,7.91,False,,0,,0,2,66.0,0.0,0.0,0.0,0.0,0.0,0,0,0,0.0,8.5,19.75,0.0,,0.0,0.0,0.0,100.0,0
2022-06-09,4,6,7.89,False,,0,,0,2,100.0,0.0,0.0,0.0,0.0,0.0,0,0,0,0.0,7.737500011920929,20.112499952316284,0.0,,0.0,0.0,0.0,68.0,0
2022-06-10,5,6,7.88,False,,0,,0,1,68.0,0.0,0.0,0.0,0.0,0.0,0,0,0,0.0,8.224999964237213,19.77500033378601,0.0,,0.0,0.0,0.0,38.0,0
2022-06-11,6,6,7.86,False,,0,,0,2,38.0,0.0,0.0,0.0,0.0,0.0,0,0,0,0.0,9.400000035762787,21.40000009536743,0.0,,0.0,0.0,0.0,72.0,0
2022-06-12,7,6,7.84,False,Трійця,1,День росії,2,1,72.0,0.0,0.0,0.0,0.0,0.0,0,0,0,0.25,9.862500071525574,20.112499952316284,0.0,,0.0,0.0,0.0,31.0,0
2022-06-13,1,6,7.83,False,,0,,0,1,31.0,0.0,0.0,0.0,0.0,0.0,0,0,0,1.625,7.962499976158142,20.96250033378601,0.0,,0.0,0.0,0.0,86.0,0
2022-06-14,2,6,7.82,False,,0,,0,2,86.0,0.0,0.0,0.0,0.0,0.0,0,0,0,0.0,11.350000143051147,15.012499928474426,0.0,,0.0,0.0,0.0,122.0,0
2022-06-15,3,6,7.81,False,,0,,0,2,122.0,0.0,0.0,0.0,0.0,0.0,0,0,0,1.375,6.949999988079071,15.099999904632568,0.0,,0.0,0.0,0.0,31.0,0
2022-06-16,4,6,7.8,False,,0,,0,1,31.0,0.0,0.0,0.0,0.0,0.0,0,0,0,0.375,6.475000023841858,15.737499833106995,0.0,,0.0,0.0,0.0,93.0,0
2022-06-17,5,6,7.79,False,,0,,0,2,93.0,0.0,0.0,0.0,0.0,0.0,0,0,0,41.25,9.712499916553497,15.225000023841858,4.6000004,,0.0,0.0,0.0,82.0,0
2022-06-18,6,6,7.79,False,,0,,0,2,82.0,0.0,0.0,0.0,0.0,0.0,0,0,0,0.75,6.399999991059303,15.487499952316284,0.0,,0.0,0.0,0.0,91.0,0
2022-06-19,7,6,7.78,False,,0,,0,3,91.0,0.0,0.0,0.0,0.0,0.0,0,0,0,0.0,13.087499976158142,20.75,0.0,,0.0,0.0,0.0,0.0,0
2022-06-20,1,6,7.78,False,,0,,0,0,0.0,0.0,0.0,0.0,0.0,0.0,0,0,0,0.0,16.08750009536743,22.5625,0.0,,0.0,0.0,0.0,60.0,0
2022-06-21,2,6,7.78,False,,0,,0,3,60.0,0.0,0.0,0.0,0.0,0.0,0,0,0,20.0,15.1875,13.762500047683716,0.0,,0.0,0.0,0.0,0.0,0
2022-06-22,3,6,7.78,False,,0,,0,0,0.0,0.0,0.0,0.0,0.0,0.0,0,0,0,47.5,17.574999928474426,15.487500071525574,0.2,,0.0,0.0,0.0,91.0,0
2022-06-23,4,6,7.78,False,,0,,0,3,91.0,0.0,0.0,0.0,0.0,0.0,0,0,0,6.5,17.03749990463257,19.262500047683716,0.0,,0.0,0.0,0.0,39.0,0
2022-06-24,5,6,7.78,False,,0,,0,2,39.0,0.0,0.0,0.0,0.0,0.0,0,0,0,9.0,10.712499976158142,18.512500047683716,0.0,,0.0,0.0,0.0,296.0,0
2022-06-25,6,6,7.79,False,,0,,0,3,296.0,0.0,0.0,0.0,0.0,0.0,0,0,0,0.875,6.625,18.837499856948853,0.0,,0.0,0.0,0.0,276.0,0
2022-06-26,7,6,7.79,False,,0,,0,4,276.0,0.0,0.0,0.0,0.0,0.0,0,0,0,5.375,7.349999904632568,20.537500143051147,0.0,,0.0,0.0,0.0,178.0,0
2022-06-27,1,6,7.8,False,,0,,0,3,178.0,0.0,0.0,0.0,0.0,0.0,0,0,0,0.0,5.6874998807907104,21.612499952316284,0.0,,0.0,0.0,0.0,92.0,0
2022-06-28,2,6,7.81,False,День Конституції,2,,0,2,92.0,0.0,0.0,0.0,0.0,0.0,0,0,0,0.0,6.9375,23.137500047683716,0.0,,0.0,0.0,0.0,120.0,0
2022-06-29,3,6,7.82,False,,0,,0,2,120.0,0.0,0.0,0.0,0.0,0.0,0,0,1,10.125,5.637499928474426,20.887500286102295,0.90000004,,0.0,0.0,0.0,0.0,0
2022-06-30,4,6,7.84,False,,0,,0,0,0.0,0.0,0.0,0.0,0.0,0.0,0,0,0,0.0,6.224999845027924,19.97499990463257,0.0,,0.0,0.0,0.0,0.0,0
2022-07-01,5,7,7.85,False,,0,,0,0,0.0,0.0,0.0,0.0,0.0,0.0,0,0,0,0.0,7.249999940395355,20.50000023841858,0.0,,0.0,0.0,0.0,0.0,0
2022-07-02,6,7,7.87,False,,0,,0,0,0.0,0.0,0.0,0.0,0.0,0.0,0,0,0,0.0,6.974999964237213,17.1875,0.0,,0.0,0.0,0.0,0.0,0
2022-07-03,7,7,7.88,False,,0,,0,0,0.0,0.0,0.0,0.0,0.0,0.0,0,0,0,3.125,6.399999976158142,18.637499809265137,0.0,,0.0,0.0,0.0,0.0,0
2022-07-04,1,7,7.9,False,,0,,0,0,0.0,0.0,0.0,0.0,0.0,0.0,0,0,0,0.0,7.025000035762787,21.09999966621399,0.0,,0.0,0.0,0.0,111.0,0
2022-07-05,2,7,7.92,False,,0,,0,1,111.0,0.0,0.0,0.0,0.0,0.0,0,0,0,0.0,8.087499976158142,23.15000009536743,0.0,,0.0,0.0,0.0,128.0,0
2022-07-06,3,7,7.94,False,,0,,0,2,128.0,0.0,0.0,0.0,0.0,0.0,0,0,1,34.125,15.849999904632568,19.449999809265137,0.0,,0.0,0.0,0.0,54.0,0
2022-07-07,4,7,7.97,False,,0,,0,1,54.0,0.0,0.0,0.0,0.0,0.0,0,0,0,3.875,6.874999940395355,18.18750023841858,0.3,,0.0,0.0,0.0,0.0,0
2022-07-08,5,7,7.99,False,,0,,0,0,0.0,0.0,0.0,0.0,0.0,0.0,0,0,0,1.375,11.712499976158142,18.424999952316284,0.0,,0.0,0.0,0.0,0.0,0
2022-07-09,6,7,8.02,False,,0,,0,0,0.0,0.0,0.0,0.0,0.0,0.0,0,0,0,2.375,9.48749989271164,16.675000309944153,0.0,,0.0,0.0,0.0,0.0,0
2022-07-10,7,7,8.04,False,,0,,0,0,0.0,0.0,0.0,0.0,0.0,0.0,0,0,0,7.125,14.737500071525574,17.075000047683716,0.0,,0.0,0.0,0.0,133.0,0
2022-07-11,1,7,8.07,False,,0,,0,1,133.0,0.0,0.0,0.0,0.0,0.0,0,0,0,0.75,19.712499856948853,16.512500166893005,0.1,,0.0,0.0,0.0,76.0,0
2022-07-12,2,7,8.1,False,,0,,0,1,76.0,0.0,0.0,0.0,0.0,0.0,0,0,0,0.875,19.574999928474426,15.700000047683716,0.4,,0.0,0.0,0.0,0.0,0
2022-07-13,3,7,8.13,False,,0,,0,0,0.0,0.0,0.0,0.0,0.0,0.0,0,0,0,56.25,19.649999856948853,14.462499976158142,0.4,,0.0,0.0,0.0,178.0,0
2022-07-14,4,7,8.17,False,,0,,0,2,178.0,0.0,0.0,0.0,0.0,0.0,0,0,0,2.5,8.725000023841858,17.112499952316284,0.0,,0.0,0.0,0.0,146.0,0
2022-07-15,5,7,8.2,False,,0,,0,2,146.0,0.0,0.0,0.0,0.0,0.0,0,0,0,0.0,9.324999928474426,15.025000214576721,0.0,,0.0,0.0,0.0,205.0,0
2022-07-16,6,7,8.23,False,,0,,0,3,205.0,0.0,0.0,0.0,0.0,0.0,0,0,0,13.0,5.562499925494194,16.050000190734863,7.7,,0.0,0.0,0.0,91.0,0
2022-07-17,7,7,8.27,False,,0,,0,1,91.0,0.0,0.0,0.0,0.0,0.0,0,0,0,5.375,13.087499976158142,12.549999952316284,0.0,,0.0,0.0,0.0,0.0,0
2022-07-18,1,7,8.31,False,,0,,0,0,0.0,0.0,0.0,0.0,0.0,0.0,0,0,0,0.0,7.387499988079071,14.162499904632568,0.0,,0.0,0.0,0.0,68.0,0
2022-07-19,2,7,8.35,False,,0,,0,2,68.0,0.0,0.0,0.0,0.0,0.0,0,0,0,1.125,7.299999952316284,14.875,0.0,,0.0,0.0,0.0,0.0,0
2022-07-20,3,7,8.38,False,,0,,0,0,0.0,0.0,0.0,0.0,0.0,0.0,0,0,0,2.75,13.699999928474426,15.8125,0.0,,0.0,0.0,0.0,0.0,0
2022-07-21,4,7,8.42,False,,0,,0,0,0.0,0.0,0.0,0.0,0.0,0.0,0,0,0,16.875,15.900000095367432,17.81249976158142,0.4,,0.0,0.0,0.0,0.0,0
2022-07-22,5,7,8.47,False,,0,,0,0,0.0,0.0,0.0,0.0,0.0,0.0,0,0,0,0.125,9.149999916553497,18.06249976158142,0.0,,0.0,0.0,0.0,85.0,0
2022-07-23,6,7,8.51,False,,0,,0,1,85.0,0.0,0.0,0.0,0.0,0.0,0,0,0,0.0,8.912499964237213,19.000000476837158,0.0,,0.0,0.0,0.0,149.0,0
2022-07-24,7,7,8.55,False,,0,,0,2,149.0,0.0,0.0,0.0,0.0,0.0,0,0,0,13.375,13.162500023841858,18.15000033378601,0.2,,0.0,0.0,0.0,39.0,0
2022-07-25,1,7,8.6,False,,0,,0,1,39.0,0.0,0.0,0.0,0.0,0.0,0,0,0,8.0,8.712499856948853,16.97499966621399,0.0,,0.0,0.0,0.0,177.0,0
2022-07-26,2,7,8.64,False,,0,,0,2,177.0,0.0,0.0,0.0,0.0,0.0,0,0,0,0.0,9.212499916553497,17.33750009536743,0.0,,0.0,0.0,0.0,150.0,0
2022-07-27,3,7,8.69,False,,0,,0,2,150.0,0.0,0.0,0.0,0.0,0.0,0,0,0,5.75,9.499999940395355,18.800000190734863,0.2,,0.0,0.0,0.0,131.0,0
2022-07-28,4,7,8.73,False,День Державності,2,,0,4,131.0,0.0,0.0,0.0,0.0,0.0,0,0,0,0.0,8.149999737739563,17.050000071525574,0.0,,0.0,0.0,0.0,110.0,0
2022-07-29,5,7,8.78,False,,0,,0,2,110.0,0.0,0.0,0.0,0.0,0.0,0,0,0,0.375,8.42499989271164,19.387500047683716,0.0,,0.0,0.0,0.0,29.0,0
2022-07-30,6,7,8.83,False,,0,,0,1,29.0,0.0,0.0,0.0,0.0,0.0,0,0,0,0.0,14.125000238418579,20.899999856948853,0.0,,0.0,0.0,0.0,0.0,0
2022-07-31,7,7,8.88,False,,0,,0,0,0.0,0.0,0.0,0.0,0.0,0.0,0,0,0,0.0,11.824999928474426,20.649999618530273,0.0,,0.0,0.0,0.0,97.0,0
2022-08-01,1,8,8.93,False,,0,,0,2,97.0,0.0,0.0,0.0,0.0,0.0,0,0,0,9.5,8.737500131130219,19.799999952316284,1.1,,0.0,0.0,0.0,0.0,0
2022-08-02,2,8,8.98,False,,0,День ВДВ,1,0,0.0,0.0,0.0,0.0,0.0,0.0,0,0,0,100.0,16.5,18.24999976158142,5.5,,0.0,0.0,0.0,85.0,0
2022-08-03,3,8,9.03,False,,0,,0,1,85.0,0.0,0.0,0.0,0.0,0.0,0,0,0,59.125,10.987499952316284,18.56249976158142,0.0,,0.0,0.0,0.0,0.0,0
2022-08-04,4,8,9.08,False,,0,,0,0,0.0,0.0,0.0,0.0,0.0,0.0,0,0,0,60.125,9.649999856948853,18.712499856948853,0.1,,0.0,0.0,0.0,26.0,0
2022-08-05,5,8,9.14,False,,0,,0,1,26.0,0.0,0.0,0.0,0.0,0.0,0,0,0,2.75,7.049999952316284,19.112499713897705,0.0,,0.0,0.0,0.0,60.0,0
2022-08-06,6,8,9.19,False,,0,,0,2,60.0,0.0,0.0,0.0,0.0,0.0,0,0,0,0.0,7.324999928474426,20.52500033378601,0.0,,0.0,0.0,0.0,0.0,0
2022-08-07,7,8,9.24,False,,0,,0,0,0.0,0.0,0.0,0.0,0.0,0.0,0,0,0,61.125,12.762500047683716,18.53749966621399,16.0,,0.0,0.0,0.0,141.0,0
2022-08-08,1,8,9.3,False,,0,,0,3,141.0,0.0,0.0,0.0,0.0,0.0,0,0,1,65.0,7.762500047683716,18.9375,0.0,,0.0,0.0,0.0,70.0,0
2022-08-09,2,8,9.35,False,,0,,0,2,70.0,0.0,0.0,0.0,0.0,0.0,0,0,1,3.375,8.437499940395355,17.237499952316284,1.0,,0.0,0.0,0.0,0.0,0
2022-08-10,3,8,9.41,False,,0,,0,0,0.0,0.0,0.0,0.0,0.0,0.0,0,0,0,18.875,10.887499928474426,17.187500476837158,1.7,,0.0,0.0,0.0,0.0,0
2022-08-11,4,8,9.47,False,,0,,0,0,0.0,0.0,0.0,0.0,0.0,0.0,0,0,0,15.375,14.800000071525574,19.15000009536743,9.1,,0.0,0.0,0.0,128.0,0
2022-08-12,5,8,9.52,False,,0,,0,4,128.0,0.0,0.0,0.0,0.0,0.0,0,0,1,0.5,13.837500095367432,20.71250009536743,0.0,,0.0,0.0,0.0,41.0,0
2022-08-13,6,8,9.58,False,,0,,0,2,41.0,0.0,0.0,0.0,0.0,0.0,0,0,0,1.25,13.050000071525574,21.5,0.0,,0.0,0.0,0.0,0.0,0
2022-08-14,7,8,9.64,False,,0,,0,0,0.0,0.0,0.0,0.0,0.0,0.0,0,0,0,0.0,15.025000214576721,22.09999966621399,0.0,,0.0,0.0,0.0,0.0,0
2022-08-15,1,8,9.7,False,,0,,0,0,0.0,0.0,0.0,0.0,0.0,0.0,0,0,0,0.0,13.987500131130219,23.06249976158142,1.8000001,,0.0,0.0,0.0,148.0,0
2022-08-16,2,8,9.76,False,,0,,0,2,148.0,0.0,0.0,0.0,0.0,0.0,0,0,0,10.125,9.012499988079071,18.50000023841858,0.0,,0.0,0.0,0.0,152.0,0
2022-08-17,3,8,9.81,False,,0,,0,3,152.0,0.0,0.0,0.0,0.0,0.0,0,0,0,0.0,7.362499952316284,19.487499952316284,0.1,,0.0,0.0,0.0,18.0,0
2022-08-18,4,8,9.87,False,,0,,0,1,18.0,0.0,0.0,0.0,0.0,0.0,0,0,0,0.0,12.212500095367432,20.737500190734863,0.0,,0.0,0.0,0.0,47.0,0
2022-08-19,5,8,9.93,False,,0,,0,1,47.0,0.0,0.0,0.0,0.0,0.0,0,0,0,4.0,6.737499952316284,17.41249990463257,0.0,,0.0,0.0,0.0,175.0,0
2022-08-20,6,8,9.99,False,,0,,0,5,175.0,0.0,0.0,0.0,0.0,0.0,0,0,1,33.5,7.512499928474426,18.274999856948853,0.3,,0.0,0.0,0.0,119.0,0
2022-08-21,7,8,10.06,False,,0,,0,2,119.0,0.0,0.0,0.0,0.0,0.0,0,0,1,2.125,8.237499952316284,19.274999856948853,0.0,,0.0,0.0,0.0,16.0,0
2022-08-22,1,8,10.12,False,,0,,0,1,16.0,0.0,0.0,0.0,0.0,0.0,0,0,0,0.0,9.124999940395355,20.149999856948853,0.0,,0.0,0.0,0.0,40.0,0
2022-08-23,2,8,10.18,False,День Прапора,2,,0,2,40.0,0.0,0.0,0.0,0.0,0.0,0,0,0,0.0,10.87500011920929,20.850000143051147,0.0,,0.0,0.0,0.0,103.0,0
2022-08-24,3,8,10.24,False,День Незалежності,3,,0,2,103.0,0.0,0.0,0.0,0.0,0.0,0,0,0,0.0,9.900000095367432,19.924999952316284,0.0,,0.0,0.0,0.0,372.0,0
2022-08-25,4,8,10.3,False,,0,,0,6,372.0,0.0,0.0,0.0,0.0,0.0,0,0,0,0.0,10.887499809265137,20.625,0.0,,0.0,0.0,0.0,27.0,0
2022-08-26,5,8,10.36,False,,0,,0,1,27.0,0.0,0.0,0.0,0.0,0.0,0,0,0,0.0,9.912499964237213,21.6875,0.0,,0.0,0.0,0.0,0.0,0
2022-08-27,6,8,10.42,False,,0,,0,0,0.0,0.0,0.0,0.0,0.0,0.0,0,0,0,0.0,7.274999976158142,19.40000033378601,0.0,,0.0,0.0,0.0,0.0,0
2022-08-28,7,8,10.49,False,,0,,0,0,0.0,0.0,0.0,0.0,0.0,0.0,0,0,0,0.0,4.21249994635582,17.97499990463257,0.0,,0.0,0.0,0.0,32.0,0
2022-08-29,1,8,10.55,False,,0,,0,1,32.0,0.0,0.0,0.0,0.0,0.0,0,0,0,0.0,11.824999928474426,21.22499990463257,0.0,,0.0,0.0,0.0,0.0,0
2022-08-30,2,8,10.61,False,,0,,0,0,0.0,0.0,0.0,0.0,0.0,0.0,0,0,0,0.125,8.374999940395355,18.12499964237213,0.0,,0.0,0.0,0.0,15.0,0
2022-08-31,3,8,10.68,False,,0,,0,1,15.0,0.0,0.0,0.0,0.0,0.0,0,0,0,31.125,7.624999940395355,16.93750011920929,0.0,,0.0,0.0,0.0,22.0,0
2022-09-01,4,9,10.74,False,,0,,0,0,22.0,0.0,0.0,0.0,0.0,0.0,0,0,0,0.75,6.974999964237213,12.412499904632568,0.0,,0.0,0.0,0.0,0.0,0
2022-09-02,5,9,10.8,False,,0,,0,0,0.0,0.0,0.0,0.0,0.0,0.0,0,0,0,0.0,9.762500166893005,13.5625,0.0,,0.0,0.0,0.0,83.0,0
2022-09-03,6,9,10.87,False,,0,,0,3,83.0,0.0,0.0,0.0,0.0,0.0,0,0,2,4.75,6.687499940395355,12.849999904632568,0.0,,0.0,0.0,0.0,84.0,0
2022-09-04,7,9,10.93,False,,0,,0,1,84.0,0.0,0.0,0.0,0.0,0.0,0,0,0,1.625,7.737500011920929,12.862500071525574,0.0,,0.0,0.0,0.0,0.0,0
2022-09-05,1,9,11.0,False,,0,,0,0,0.0,0.0,0.0,0.0,0.0,0.0,0,0,0,16.125,6.699999988079071,9.70000010728836,0.0,,0.0,0.0,0.0,61.0,0
2022-09-06,2,9,11.06,False,,0,,0,1,61.0,0.0,0.0,0.0,0.0,0.0,0,0,0,0.5,5.812499955296516,7.624999821186066,0.0,,0.0,0.0,0.0,16.0,0
2022-09-07,3,9,11.12,False,,0,,0,1,16.0,0.0,0.0,0.0,0.0,0.0,0,0,0,1.0,7.5999999940395355,9.724999904632568,0.0,,0.0,0.0,0.0,24.0,0
2022-09-08,4,9,11.19,False,,0,,0,1,24.0,0.0,0.0,0.0,0.0,0.0,0,0,0,0.0,9.912500143051147,10.025000095367432,0.0,,0.0,0.0,0.0,0.0,0
2022-09-09,5,9,11.25,False,,0,,0,0,0.0,0.0,0.0,0.0,0.0,0.0,0,0,0,56.875,18.362499713897705,12.200000047683716,3.4,,0.0,0.0,0.0,17.0,0
2022-09-10,6,9,11.32,False,,0,,0,1,17.0,0.0,0.0,0.0,0.0,0.0,0,0,0,77.0,26.700000047683716,12.450000047683716,10.5,,0.0,0.0,0.0,94.0,0
2022-09-11,7,9,11.38,False,,0,,0,2,94.0,0.0,0.0,0.0,0.0,0.0,0,0,0,22.125,11.075000166893005,11.925000190734863,0.5,,0.0,0.0,0.0,92.0,0
2022-09-12,1,9,11.45,False,,0,,0,1,92.0,0.0,0.0,0.0,0.0,0.0,0,0,1,95.5,11.837499976158142,11.099999785423279,6.3,,0.0,0.0,0.0,0.0,0
2022-09-13,2,9,11.51,False,,0,,0,0,0.0,0.0,0.0,0.0,0.0,0.0,0,0,0,92.75,10.862499952316284,10.974999904632568,0.70000005,,0.0,0.0,0.0,0.0,0
2022-09-14,3,9,11.58,False,,0,,0,0,0.0,0.0,0.0,0.0,0.0,0.0,0,0,0,3.125,7.049999952316284,11.524999976158142,0.0,,0.0,0.0,0.0,75.0,0
2022-09-15,4,9,11.64,False,,0,,0,2,75.0,0.0,0.0,0.0,0.0,0.0,0,0,0,53.0,11.575000047683716,15.41249966621399,0.6,,0.0,0.0,0.0,97.0,0
2022-09-16,5,9,11.71,False,,0,,0,3,97.0,0.0,0.0,0.0,0.0,0.0,0,0,0,0.125,7.199999988079071,11.024999856948853,0.0,,0.0,0.0,0.0,98.0,0
2022-09-17,6,9,11.77,False,,0,,0,3,98.0,0.0,0.0,0.0,0.0,0.0,0,0,0,42.125,9.624999940395355,12.074999928474426,0.0,,0.0,0.0,0.0,0.0,0
2022-09-18,7,9,11.84,False,,0,,0,0,0.0,0.0,0.0,0.0,0.0,0.0,0,0,0,78.0,26.912500143051147,9.387499928474426,2.1,,0.0,0.0,0.0,0.0,0
2022-09-19,1,9,11.9,False,,0,,0,0,0.0,0.0,0.0,0.0,0.0,0.0,0,0,0,15.25,6.012499988079071,8.675000011920929,0.0,,0.0,0.0,0.0,14.0,0
2022-09-20,2,9,11.97,False,,0,,0,1,14.0,0.0,0.0,0.0,0.0,0.0,0,0,0,91.5,10.825000047683716,9.375,5.1,,0.0,0.0,0.0,0.0,0
2022-09-21,3,9,12.03,False,,0,,0,0,0.0,0.0,0.0,0.0,0.0,0.0,0,0,0,4.75,8.462499856948853,7.162499964237213,0.0,,0.0,0.0,0.0,16.0,0
2022-09-22,4,9,12.1,False,,0,,0,1,16.0,0.0,0.0,0.0,0.0,0.0,0,0,0,27.0,8.025000035762787,6.6875,0.0,,0.0,0.0,0.0,21.0,0
2022-09-23,5,9,12.16,False,,0,,0,1,21.0,0.0,0.0,0.0,0.0,0.0,0,0,0,23.5,10.699999928474426,6.949999988079071,0.0,,0.0,0.0,0.0,0.0,0
2022-09-24,6,9,12.23,False,,0,,0,0,0.0,0.0,0.0,0.0,0.0,0.0,0,0,0,3.125,15.737499833106995,7.300000011920929,0.0,,0.0,0.0,0.0,0.0,0
2022-09-25,7,9,12.29,False,,0,,0,0,0.0,0.0,0.0,0.0,0.0,0.0,0,0,0,48.5,7.274999916553497,8.849999904632568,0.3,,0.0,0.0,0.0,0.0,0
2022-09-26,1,9,12.36,False,,0,,0,0,0.0,0.0,0.0,0.0,0.0,0.0,0,0,0,2.25,6.775000065565109,10.887500047683716,0.5,,0.0,0.0,0.0,29.0,0
2022-09-27,2,9,12.42,False,,0,,0,1,29.0,0.0,0.0,0.0,0.0,0.0,0,0,0,89.0,4.224999964237213,9.862499952316284,0.0,,0.0,0.0,0.0,0.0,0
2022-09-28,3,9,12.49,False,,0,,0,0,0.0,0.0,0.0,0.0,0.0,0.0,0,0,0,1.0,8.412499964237213,9.225000143051147,0.0,,0.0,0.0,0.0,27.0,0
2022-09-29,4,9,12.55,False,,0,,0,1,27.0,0.0,0.0,0.0,0.0,0.0,0,0,0,5.125,10.275000154972076,13.012499809265137,0.0,,0.0,0.0,0.0,0.0,0
2022-09-30,5,9,12.62,False,,0,,0,0,0.0,0.0,0.0,0.0,0.0,0.0,0,0,0,35.875,8.0,13.625,16.3,,0.0,0.0,0.0,63.0,0
2022-10-01,6,10,12.68,False,,0,,0,2,63.0,0.0,0.0,0.0,0.0,0.0,0,0,0,15.5,7.237499952316284,13.612499952316284,3.6,,0.0,0.0,0.0,38.0,0
2022-10-02,7,10,12.75,False,,0,,0,1,38.0,0.0,0.0,0.0,0.0,0.0,0,0,0,80.25,24.237500190734863,7.649999916553497,5.0,,0.0,0.0,0.0,58.0,0
2022-10-03,1,10,12.81,False,,0,,0,1,58.0,0.0,0.0,0.0,0.0,0.0,0,0,0,76.25,21.712499856948853,7.100000023841858,4.8,,0.0,0.0,0.0,0.0,0
2022-10-04,2,10,12.88,False,,0,,0,0,0.0,0.0,0.0,0.0,1.0,0.0,0,0,0,12.0,18.59999990463257,8.862500190734863,0.0,,0.0,0.0,0.0,348.0,0
2022-10-05,3,10,12.94,False,,0,,0,3,348.0,0.0,0.0,0.0,0.0,0.0,0,0,0,0.0,13.387499928474426,11.037500023841858,0.0,,0.0,0.0,0.0,29.0,0
2022-10-06,4,10,13.0,False,,0,,0,1,29.0,0.0,0.0,0.0,0.0,0.0,0,0,0,66.25,12.1875,13.149999976158142,0.0,,0.0,0.0,0.0,28.0,0
2022-10-07,5,10,13.07,False,,0,,0,1,28.0,0.0,0.0,0.0,1.0,0.0,0,0,0,0.0,7.774999976158142,8.575000047683716,0.0,,0.0,0.0,0.0,0.0,0
2022-10-08,6,10,13.13,False,,0,,0,0,0.0,0.0,0.0,0.0,0.0,0.0,0,0,0,0.0,8.587499797344208,7.500000059604645,0.0,,0.0,0.0,0.0,0.0,0
2022-10-09,7,10,13.2,False,,0,,0,0,0.0,0.0,0.0,0.0,0.0,0.0,0,0,0,11.5,16.612500190734863,8.500000059604645,0.0,,0.0,0.0,0.0,422.0,0
2022-10-10,1,10,13.26,False,,0,,0,3,422.0,0.0,0.0,0.0,0.0,0.0,0,0,0,0.0,8.287500023841858,5.249999940395355,0.0,,0.0,0.0,0.0,388.0,0
2022-10-11,2,10,13.32,False,,0,,0,2,388.0,0.0,0.0,0.0,0.0,0.0,0,0,0,13.375,10.087499737739563,6.537500023841858,0.0,,0.0,0.0,0.0,140.0,0
2022-10-12,3,10,13.39,False,,0,,0,4,140.0,0.0,0.0,0.0,0.0,0.0,0,0,0,30.625,7.412500023841858,6.337499916553497,0.0,,0.0,0.0,0.0,162.0,0
2022-10-13,4,10,13.45,False,,0,,0,2,162.0,0.0,0.0,0.0,0.0,0.0,0,0,0,48.625,4.125000059604645,7.200000047683716,0.0,,0.0,0.0,0.0,81.0,0
2022-10-14,5,10,13.51,False,День захисників і захисниць,2,,0,2,81.0,0.0,0.0,0.0,0.0,0.0,0,0,0,13.125,9.237499952316284,5.150000035762787,0.0,,0.0,0.0,0.0,60.0,0
2022-10-15,6,10,13.58,True,,0,,0,1,60.0,0.0,0.0,0.0,0.0,0.0,0,0,0,0.0,8.574999868869781,4.174999982118607,0.0,,0.0,0.0,0.0,57.0,0
2022-10-16,7,10,13.64,True,,0,,0,3,57.0,0.0,0.0,0.0,0.0,0.0,0,0,0,0.0,9.749999940395355,3.7500000596046448,0.0,,0.0,0.0,0.0,250.0,0
2022-10-17,1,10,13.7,True,,0,,0,2,250.0,0.0,0.0,0.0,0.0,0.0,0,0,0,0.0,12.912499785423279,9.087499976158142,0.0,,0.0,0.0,0.0,714.0,0
2022-10-18,2,10,13.76,True,,0,,0,5,714.0,0.0,0.0,0.0,0.0,0.0,0,0,0,0.0,17.25,11.474999904632568,0.0,,0.0,0.0,0.0,0.0,0
2022-10-19,3,10,13.82,True,,0,,0,0,0.0,0.0,0.0,0.0,0.0,0.0,0,0,0,46.5,21.25,5.612500041723251,0.8,,0.0,0.0,0.0,340.0,0
2022-10-20,4,10,13.88,True,,0,,0,3,340.0,0.0,0.0,0.0,0.0,0.0,0,0,0,68.875,12.899999856948853,4.162500038743019,0.0,,0.0,0.0,0.0,36.0,0
2022-10-21,5,10,13.94,True,,0,,0,1,36.0,0.0,0.0,0.0,0.0,0.0,0,0,0,0.0,9.650000154972076,2.474999964237213,0.0,,0.0,0.0,0.0,431.0,0
2022-10-22,6,10,14.01,True,,0,,0,4,431.0,0.0,0.0,0.0,0.0,0.0,0,0,0,28.625,9.399999737739563,7.999999940395355,2.2,,0.0,0.0,0.0,58.0,0
2022-10-23,7,10,14.07,True,,0,,0,1,58.0,0.0,0.0,0.0,0.0,0.0,0,0,0,56.125,15.037499904632568,10.087499856948853,0.0,,0.0,0.0,0.0,0.0,0
2022-10-24,1,10,14.13,True,,0,,0,0,0.0,0.0,0.0,0.0,0.0,0.0,0,0,0,77.0,7.912500023841858,10.574999809265137,0.0,,0.0,0.0,0.0,177.0,0
2022-10-25,2,10,14.19,True,,0,,0,2,177.0,0.0,0.0,0.0,0.0,0.0,0,0,0,93.75,10.300000101327896,11.099999904632568,5.0,,0.0,0.0,0.0,88.0,0
2022-10-26,3,10,14.24,True,,0,,0,1,88.0,0.0,0.0,0.0,0.0,0.0,0,0,0,50.5,15.637499809265137,9.387499809265137,0.0,,0.0,0.0,0.0,318.0,0
2022-10-27,4,10,14.3,True,,0,,0,6,318.0,0.0,0.0,0.0,0.0,0.0,0,0,0,98.75,10.18749988079071,10.112500071525574,0.0,,0.0,0.0,0.0,99.0,0
2022-10-28,5,10,14.36,True,,0,,0,1,99.0,0.0,0.0,0.0,0.0,0.0,0,0,0,51.375,10.5,10.18750011920929,0.0,,0.0,0.0,0.0,21.0,0
2022-10-29,6,10,14.42,True,,0,,0,1,21.0,0.0,0.0,0.0,0.0,0.0,0,0,0,52.55555555555556,21.211111068725586,13.544444613986546,0.3,,0.0,0.0,0.0,84.0,0
2022-10-30,7,10,14.48,True,,0,,0,1,84.0,0.0,0.0,0.0,0.0,0.0,0,0,0,52.75,21.287500143051147,9.274999976158142,0.0,,0.0,0.0,0.0,205.0,0
2022-10-31,1,10,14.53,True,,0,,0,2,205.0,0.0,0.0,0.0,0.0,0.0,0,0,0,0.0,10.212499976158142,2.124999985098839,0.0,,0.0,0.0,0.0,89.0,0
2022-11-01,2,11,14.59,True,,0,,0,1,89.0,0.0,0.0,0.0,0.0,0.0,0,0,0,0.0,8.162499964237213,4.075000017881393,0.0,,0.0,0.0,0.0,0.0,0
2022-11-02,3,11,14.65,True,,0,,0,0,0.0,0.0,0.0,0.0,0.0,0.0,0,0,0,28.25,6.712499916553497,6.599999964237213,0.70000005,,0.0,0.0,0.0,0.0,0
2022-11-03,4,11,14.7,True,,0,,0,0,0.0,0.0,0.0,0.0,0.0,0.0,0,0,0,100.0,9.900000035762787,7.837500154972076,0.90000004,,0.0,0.0,0.0,0.0,0
2022-11-04,5,11,14.76,True,,0,День єдності,2,0,0.0,0.0,0.0,0.0,0.0,0.0,0,0,0,58.75,4.6500000804662704,6.049999952316284,0.1,,0.0,0.0,0.0,136.0,0
2022-11-05,6,11,14.81,True,,0,,0,2,136.0,0.0,0.0,0.0,0.0,0.0,0,0,0,99.25,16.81250011920929,4.774999976158142,0.0,,0.0,0.0,0.0,0.0,0
2022-11-06,7,11,14.86,True,,0,,0,0,0.0,0.0,0.0,0.0,0.0,0.0,0,0,0,100.0,12.787499904632568,5.449999988079071,0.0,,0.0,0.0,0.0,0.0,0
2022-11-07,1,11,14.92,True,,0,,0,0,0.0,0.0,0.0,0.0,0.0,0.0,0,0,0,99.875,12.362499952316284,5.712500035762787,0.0,,0.0,0.0,0.0,0.0,0
2022-11-08,2,11,14.97,True,,0,,0,0,0.0,0.0,0.0,0.0,0.0,0.0,0,0,0,0.0,7.725000023841858,3.7750000655651093,0.0,,0.0,0.0,0.0,44.0,0
2022-11-09,3,11,15.02,True,,0,,0,1,44.0,0.0,0.0,0.0,0.0,0.0,0,0,0,56.625,12.4375,5.474999964237213,0.0,,0.0,0.0,0.0,87.0,0
2022-11-10,4,11,15.07,True,,0,,0,1,87.0,0.0,0.0,0.0,0.0,0.0,0,0,0,100.0,11.524999976158142,8.25000011920929,2.6000001,,0.0,0.0,0.0,0.0,0
2022-11-11,5,11,15.12,True,,0,,0,0,0.0,0.0,0.0,0.0,0.0,0.0,0,0,0,91.5,9.349999964237213,6.862500011920929,0.0,,0.0,0.0,0.0,0.0,0
2022-11-12,6,11,15.17,True,,0,,0,0,0.0,0.0,0.0,0.0,0.0,0.0,0,0,0,100.0,16.77500009536743,9.212500095367432,0.0,,0.0,0.0,0.0,217.0,0
2022-11-13,7,11,15.22,True,,0,,0,3,217.0,0.0,0.0,0.0,0.0,0.0,0,0,0,0.0,9.312499940395355,5.062499970197678,0.0,,0.0,0.0,0.0,97.0,0
2022-11-14,1,11,15.27,True,,0,,0,1,97.0,0.0,0.0,0.0,0.0,0.0,0,0,0,98.375,7.0625,3.5125000178813934,0.0,,0.0,0.0,0.0,0.0,0
2022-11-15,2,11,15.31,True,,0,,0,0,0.0,0.0,0.0,0.0,0.0,0.0,0,0,0,100.0,5.9375,6.037499904632568,0.2,,0.0,0.0,0.0,315.0,0
2022-11-16,3,11,15.36,True,,0,,0,3,315.0,0.0,0.0,0.0,0.0,0.0,0,0,0,100.0,17.737499713897705,1.7250000014901161,3.1000001,,0.0,0.0,0.0,176.0,0
2022-11-17,4,11,15.4,True,,0,,0,1,176.0,0.0,0.0,0.0,0.0,0.0,0,0,0,100.0,10.749999940395355,-2.7000000029802322,0.0,,0.0,0.0,0.0,30.0,0
2022-11-18,5,11,15.45,True,,0,,0,1,30.0,0.0,0.0,0.0,0.0,0.0,0,0,0,100.0,17.012500047683716,-0.6499999947845936,8.700001,,0.0,0.0,0.0,0.0,0
2022-11-19,6,11,15.49,True,,0,,0,0,0.0,0.0,0.0,0.0,0.0,0.0,0,0,0,98.25,6.899999976158142,-3.387499988079071,0.0,,0.0,0.0,0.0,93.0,0
2022-11-20,7,11,15.53,True,,0,,0,1,93.0,0.0,0.0,0.0,0.0,0.0,0,0,0,100.0,5.800000011920929,-1.9124999642372131,0.0,,0.0,0.0,0.0,0.0,0
2022-11-21,1,11,15.58,True,,0,,0,0,0.0,0.0,0.0,0.0,0.0,0.0,0,0,0,100.0,14.174999952316284,-1.1375000057742,0.3,,0.0,0.0,0.0,0.0,0
2022-11-22,2,11,15.62,True,,0,,0,0,0.0,0.0,0.0,0.0,0.0,0.0,0,0,0,99.625,9.537499904632568,-2.1749999970197678,0.0,,0.0,0.0,0.0,0.0,0
2022-11-23,3,11,15.65,True,,0,,0,0,0.0,0.0,0.0,0.0,0.0,0.0,0,0,0,100.0,14.975000023841858,-0.8249999945983291,3.7,,0.0,0.0,0.0,142.0,0
2022-11-24,4,11,15.69,True,,0,,0,1,142.0,0.0,0.0,0.0,0.0,0.0,0,0,0,100.0,7.175000160932541,0.9375000149011612,0.5,,0.0,0.0,0.0,0.0,0
2022-11-25,5,11,15.73,True,,0,,0,0,0.0,0.0,0.0,0.0,0.0,0.0,0,0,0,100.0,11.012499928474426,0.17500000447034836,3.8000002,,0.0,0.0,0.0,0.0,0
2022-11-26,6,11,15.77,True,,0,,0,0,0.0,0.0,0.0,0.0,0.0,0.0,0,0,0,100.0,12.037500023841858,-0.10000000149011612,0.0,,0.0,0.0,0.0,0.0,0
2022-11-27,7,11,15.8,True,,0,,0,0,0.0,0.0,0.0,0.0,0.0,0.0,0,0,0,100.0,5.8375000059604645,-1.5250000059604645,0.0,,0.0,0.0,0.0,0.0,0
2022-11-28,1,11,15.83,True,,0,,0,0,0.0,0.0,0.0,0.0,0.0,0.0,0,0,0,100.0,10.949999928474426,0.42500000540167093,0.9000001,,0.0,0.0,0.0,0.0,0
2022-11-29,2,11,15.87,True,,0,,0,0,0.0,0.0,0.0,0.0,0.0,0.0,0,0,0,50.75,9.762499928474426,-1.7999999821186066,2.4999998,,0.0,0.0,0.0,11.0,0
2022-11-30,3,11,15.9,True,,0,,0,1,11.0,0.0,0.0,0.0,0.0,0.0,0,0,0,97.875,6.5625,-2.825000047683716,0.0,,0.0,0.0,0.0,0.0,0
2022-12-01,4,12,15.93,True,,0,,0,0,0.0,0.0,0.0,0.0,0.0,0.0,0,0,0,5.5,8.249999940395355,-2.899999976158142,0.4,,0.0,0.0,0.0,77.0,0
2022-12-02,5,12,15.96,True,,0,,0,1,77.0,0.0,0.0,0.0,0.0,0.0,0,0,0,100.0,10.137499988079071,-2.0000000298023224,0.0,,0.0,0.0,0.0,0.0,0
2022-12-03,6,12,15.98,True,,0,,0,0,0.0,0.0,0.0,0.0,0.0,0.0,0,0,0,70.125,15.337500095367432,-4.825000017881393,0.0,,0.0,0.0,0.0,18.0,0
2022-12-04,7,12,16.01,True,,0,,0,1,18.0,0.0,0.0,0.0,0.0,0.0,0,0,0,0.125,14.299999833106995,-8.262500166893005,0.0,,0.0,0.0,0.0,0.0,0
2022-12-05,1,12,16.03,True,,0,,0,0,0.0,0.0,0.0,0.0,0.0,0.0,0,0,0,49.875,13.925000190734863,-7.6499998569488525,0.0,,0.0,0.0,0.0,180.0,0
2022-12-06,2,12,16.06,True,День Збройних Сил,2,,0,1,180.0,0.0,0.0,0.0,0.0,0.0,0,0,0,100.0,18.68750023841858,-3.9124999940395355,0.3,,0.0,0.0,0.0,0.0,0
2022-12-07,3,12,16.08,True,,0,,0,0,0.0,0.0,0.0,0.0,0.0,0.0,0,0,0,100.0,10.237499952316284,-0.48750001285225153,0.1,,0.0,0.0,0.0,0.0,0
2022-12-08,4,12,16.1,True,,0,,0,0,0.0,0.0,0.0,0.0,0.0,0.0,0,0,0,100.0,8.362499952316284,-0.6749999970197678,0.0,,0.0,0.0,0.0,0.0,0
2022-12-09,5,12,16.12,True,,0,,0,0,0.0,0.0,0.0,0.0,0.0,0.0,0,0,0,100.0,9.350000083446503,-0.1375000048428774,0.0,,0.0,0.0,0.0,0.0,0
2022-12-10,6,12,16.13,True,,0,,0,0,0.0,0.0,0.0,0.0,0.0,0.0,0,0,0,100.0,6.637499988079071,1.4374999850988388,0.0,,0.0,0.0,0.0,0.0,0
2022-12-11,7,12,16.15,True,,0,,0,0,0.0,0.0,0.0,0.0,0.0,0.0,0,0,0,99.25,14.837500095367432,1.9500000551342964,0.8,,0.0,0.0,0.0,49.0,0
2022-12-12,1,12,16.16,True,,0,День конституції рф,1,2,49.0,0.0,0.0,0.0,0.0,0.0,0,0,0,24.75,7.362499892711639,-2.137499988079071,0.0,,0.0,0.0,0.0,0.0,0
2022-12-13,2,12,16.18,True,,0,,0,0,0.0,0.0,0.0,0.0,0.0,0.0,0,0,0,97.625,14.837500214576721,-3.112500011920929,0.0,,0.0,0.0,0.0,263.0,0
2022-12-14,3,12,16.19,True,,0,,0,2,263.0,0.0,0.0,0.0,0.0,0.0,0,0,0,95.0,20.512500047683716,-3.587499976158142,1.8,,0.0,0.0,0.0,0.0,0
2022-12-15,4,12,16.2,True,,0,,0,0,0.0,0.0,0.0,0.0,0.0,0.0,0,0,0,78.25,8.287500023841858,-0.21249999664723873,0.0,,0.0,0.0,0.0,230.0,0
2022-12-16,5,12,16.21,True,,0,,0,1,230.0,0.0,0.0,0.0,0.0,0.0,0,0,0,100.0,10.849999785423279,1.8125,0.0,,0.0,0.0,0.0,56.0,0
2022-12-17,6,12,16.21,True,,0,,0,1,56.0,0.0,0.0,0.0,0.0,0.0,0,0,0,100.0,20.975000143051147,-1.187500017695129,0.0,,0.0,0.0,0.0,67.0,0
2022-12-18,7,12,16.22,True,,0,,0,0,67.0,0.0,0.0,0.0,0.0,0.0,0,0,0,100.0,17.3125,-7.750000059604645,0.0,,0.0,0.0,0.0,225.0,0
2022-12-19,1,12,16.22,True,,0,,0,2,225.0,0.0,0.0,0.0,0.0,0.0,0,0,0,5.125,14.612499952316284,-6.650000035762787,0.0,,0.0,0.0,0.0,22.0,0
2022-12-20,2,12,16.22,True,,0,,0,1,22.0,0.0,0.0,0.0,0.0,0.0,0,0,0,92.875,14.362499952316284,0.6375000011175871,0.5,,0.0,0.0,0.0,0.0,0
2022-12-21,3,12,16.22,True,,0,,0,0,0.0,0.0,0.0,0.0,0.0,0.0,0,0,0,0.0,11.712499856948853,0.049999997951090336,0.1,,0.0,0.0,0.0,161.0,0
2022-12-22,4,12,16.22,True,,0,,0,3,161.0,0.0,0.0,0.0,0.0,0.0,0,0,0,100.0,12.1875,1.824999988079071,1.8000002,,0.0,0.0,0.0,0.0,0
2022-12-23,5,12,16.22,True,,0,,0,0,0.0,0.0,0.0,0.0,0.0,0.0,0,0,0,73.5,11.212499856948853,1.7000000029802322,0.0,,0.0,0.0,0.0,38.0,0
2022-12-24,6,12,16.21,True,,0,,0,2,38.0,0.0,0.0,0.0,0.0,0.0,0,0,0,100.0,5.862499922513962,1.3875000029802322,0.0,,0.0,0.0,0.0,122.0,0
2022-12-25,7,12,16.21,True,Різдво (західне),1,,0,1,122.0,0.0,0.0,0.0,0.0,0.0,0,0,0,94.75,7.462499976158142,-1.2624999955296516,0.1,,0.0,0.0,0.0,114.0,0
2022-12-26,1,12,16.2,True,,0,,0,1,114.0,0.0,0.0,0.0,0.0,0.0,0,0,0,100.0,16.512500047683716,0.6374999927356839,3.6,,0.0,0.0,0.0,0.0,0
2022-12-27,2,12,16.19,True,,0,,0,0,0.0,0.0,0.0,0.0,0.0,0.0,0,0,0,100.0,19.06250023841858,1.4249999821186066,0.0,,0.0,0.0,0.0,158.0,0
2022-12-28,3,12,16.18,True,,0,,0,3,158.0,0.0,0.0,0.0,0.0,0.0,0,0,0,0.0,16.899999856948853,0.44999999832361937,0.0,,0.0,0.0,0.0,362.0,0
2022-12-29,4,12,16.17,True,,0,,0,1,362.0,0.0,0.0,0.0,0.0,0.0,0,0,0,0.0,15.162499904632568,0.9999999962747097,0.0,,0.0,0.0,0.0,144.0,0
2022-12-30,5,12,16.16,True,,0,,0,2,144.0,0.0,0.0,0.0,0.0,0.0,0,0,0,0.0,12.18749988079071,1.5125000234693289,0.0,,0.0,0.0,0.0,21.0,0
2022-12-31,6,12,16.14,True,,0,,0,0,21.0,0.0,0.0,0.0,0.0,0.0,0,0,0,65.5,20.424999952316284,6.524999976158142,0.0,,0.0,0.0,0.0,450.0,0
2023-01-01,7,1,16.12,True,Новий рік,3,Новий рік,2,2,450.0,0.0,0.0,0.0,0.0,0.0,0,0,0,0.0,19.237499952316284,8.9375,0.0,,0.0,0.0,0.0,248.0,0
2023-01-02,1,1,16.11,True,,0,,0,1,248.0,0.0,0.0,0.0,0.0,39.0,0,0,0,0.0,12.25,5.6875,0.0,,0.0,0.0,0.0,0.0,0
2023-01-03,2,1,16.09,True,,0,,0,0,0.0,0.0,0.0,0.0,0.0,0.0,0,0,0,77.375,19.675000429153442,4.250000029802322,0.0,,0.0,0.0,0.0,84.0,0
2023-01-04,3,1,16.07,True,,0,,0,1,84.0,0.0,0.0,0.0,0.0,0.0,0,0,0,13.875,16.84999990463257,1.0000000074505806,0.5,,0.0,0.0,0.0,64.0,0
2023-01-05,4,1,16.04,True,,0,,0,1,64.0,0.0,0.0,0.0,0.0,0.0,0,0,0,100.0,20.0,5.012500017881393,1.5999999,,0.0,0.0,0.0,0.0,0
2023-01-06,5,1,16.02,True,,0,,0,0,0.0,0.0,0.0,0.0,0.0,0.0,0,0,0,95.875,9.56249988079071,-8.287499904632568,0.0,,0.0,0.0,0.0,112.0,0
2023-01-07,6,1,16.0,True,,0,Різдво (РПЦ),2,1,112.0,0.0,0.0,0.0,0.0,0.0,0,0,0,0.0,12.412499904632568,-9.912499904632568,0.0,,0.0,0.0,0.0,0.0,0
2023-01-08,7,1,15.97,True,,0,,0,0,0.0,0.0,0.0,0.0,0.0,0.0,0,0,0,97.625,20.262500047683716,-5.612500011920929,0.3,,0.0,0.0,0.0,0.0,0
2023-01-09,1,1,15.94,True,,0,,0,0,0.0,0.0,0.0,0.0,0.0,0.0,0,0,0,52.125,25.75,-2.587500013411045,0.0,,0.0,0.0,0.0,0.0,0
2023-01-10,2,1,15.91,True,,0,,0,0,0.0,0.0,0.0,0.0,0.0,0.0,0,0,0,99.75,21.149999618530273,-5.799999892711639,1.8000002,,0.0,0.0,0.0,0.0,0
2023-01-11,3,1,15.88,True,,0,,0,0,0.0,0.0,0.0,0.0,0.0,0.0,0,0,0,0.0,13.762499928474426,-8.112500071525574,0.0,,0.0,0.0,0.0,0.0,0
2023-01-12,4,1,15.85,True,,0,,0,0,0.0,0.0,0.0,0.0,0.0,0.0,0,0,0,100.0,11.025000095367432,-4.9375,0.0,,0.0,0.0,0.0,0.0,0
2023-01-13,5,1,15.82,True,,0,,0,0,0.0,0.0,0.0,0.0,0.0,0.0,0,0,0,100.0,11.474999904632568,-1.8499999940395355,0.0,,0.0,0.0,0.0,88.0,0
2023-01-14,6,1,15.78,True,,0,,0,1,88.0,0.0,0.0,0.0,0.0,0.0,0,0,0,100.0,9.075000166893005,-1.5999999791383743,0.0,,0.0,0.0,0.0,144.0,0
2023-01-15,7,1,15.75,True,,0,,0,1,144.0,0.0,0.0,0.0,0.0,0.0,0,0,0,100.0,16.31249988079071,-1.2875000089406967,0.0,,0.0,0.0,0.0,0.0,0
2023-01-16,1,1,15.71,True,,0,,0,0,0.0,0.0,0.0,0.0,0.0,0.0,0,0,0,100.0,22.675000190734863,2.3125000298023224,1.6,,0.0,0.0,0.0,0.0,0
2023-01-17,2,1,15.67,True,,0,,0,0,0.0,0.0,0.0,0.0,0.0,0.0,0,0,0,100.0,16.49999988079071,5.512500047683716,0.0,,0.0,0.0,0.0,0.0,0
2023-01-18,3,1,15.64,True,,0,,0,0,0.0,0.0,0.0,0.0,0.0,0.0,0,0,0,1.25,10.562500059604645,4.600000023841858,0.0,,0.0,0.0,0.0,91.0,0
2023-01-19,4,1,15.6,True,,0,,0,1,91.0,0.0,0.0,0.0,0.0,0.0,0,0,0,2.375,16.037500143051147,6.300000011920929,0.0,,0.0,0.0,0.0,0.0,0
2023-01-20,5,1,15.56,True,,0,,0,0,0.0,0.0,0.0,0.0,0.0,0.0,0,0,0,0.0,17.262499809265137,1.5375000266358256,0.0,,0.0,0.0,0.0,105.0,0
2023-01-21,6,1,15.51,True,,0,,0,1,105.0,0.0,0.0,0.0,0.0,0.0,0,0,0,83.375,8.925000011920929,1.1374999806284904,0.0,,0.0,0.0,0.0,0.0,0
2023-01-22,7,1,15.47,True,День Соборності,2,,0,0,0.0,0.0,0.0,0.0,0.0,0.0,0,0,0,100.0,9.487500131130219,-0.11250000540167093,0.0,,0.0,0.0,0.0,0.0,0
2023-01-23,1,1,15.43,True,,0,,0,0,0.0,0.0,0.0,0.0,0.0,0.0,0,0,0,64.375,8.18749988079071,-2.050000011920929,0.0,,0.0,0.0,0.0,0.0,0
2023-01-24,2,1,15.38,True,,0,,0,0,0.0,0.0,0.0,0.0,0.0,0.0,0,0,0,99.875,5.124999940395355,-1.8749999850988388,0.0,,0.0,0.0,0.0,148.0,0
2023-01-25,3,1,15.34,True,,0,,0,2,148.0,0.0,0.0,0.0,0.0,0.0,0,0,0,99.875,4.1624999940395355,-3.0374999940395355,0.0,,0.0,0.0,0.0,642.0,0
2023-01-26,4,1,15.29,True,,0,,0,5,642.0,0.0,0.0,0.0,0.0,0.0,0,0,0,99.75,8.23749977350235,-1.800000011920929,0.2,,0.0,0.0,0.0,8.0,0
2023-01-27,5,1,15.24,True,,0,,0,0,8.0,0.0,0.0,0.0,0.0,0.0,0,0,1,100.0,10.487499952316284,-2.650000035762787,0.0,,0.0,0.0,0.0,0.0,0
2023-01-28,6,1,15.19,True,,0,,0,0,0.0,0.0,0.0,0.0,0.0,0.0,0,0,0,39.125,9.1875,-4.999999940395355,0.0,,0.0,0.0,0.0,0.0,0
2023-01-29,7,1,15.15,True,,0,,0,0,0.0,0.0,0.0,0.0,0.0,0.0,0,0,0,63.5,11.650000095367432,-3.412500023841858,0.0,,0.0,0.0,0.0,0.0,0
2023-01-30,1,1,15.1,True,,0,,0,0,0.0,0.0,0.0,0.0,0.0,0.0,0,0,0,35.75,16.037500262260437,-1.25,2.9,,0.0,0.0,0.0,27.0,0
2023-01-31,2,1,15.05,True,,0,,0,1,27.0,0.0,0.0,0.0,0.0,0.0,0,0,0,54.0,11.387500047683716,-2.0750000029802322,0.2,,0.0,0.0,0.0,43.0,0
2023-02-01,3,2,14.99,True,,0,,0,2,43.0,0.0,0.0,0.0,0.0,0.0,0,0,0,67.25,14.375,-0.9125000201165676,0.0,,0.0,0.0,0.0,0.0,0
2023-02-02,4,2,14.94,True,,0,,0,0,0.0,0.0,0.0,0.0,0.0,0.0,0,0,0,32.375,8.312499940395355,-1.7999999821186066,0.0,,0.0,0.0,0.0,89.0,0
2023-02-03,5,2,14.89,True,,0,,0,1,89.0,0.0,0.0,0.0,0.0,0.0,0,0,0,98.75,8.512500047683716,-1.7874999940395355,0.0,,0.0,0.0,0.0,186.0,0
2023-02-04,6,2,14.84,True,,0,,0,3,186.0,0.0,0.0,0.0,0.0,0.0,0,0,0,100.0,16.40000009536743,-4.174999952316284,0.2,,0.0,0.0,0.0,46.0,0
2023-02-05,7,2,14.78,True,,0,,0,1,46.0,0.0,0.0,0.0,0.0,0.0,0,0,0,92.625,15.37500011920929,-3.025000035762787,0.6,,0.0,0.0,0.0,0.0,0
2023-02-06,1,2,14.73,True,,0,,0,0,0.0,0.0,0.0,0.0,0.0,0.0,0,0,0,99.875,6.600000023841858,-3.7499999701976776,0.90000004,,0.0,0.0,0.0,0.0,0
2023-02-07,2,2,14.67,True,,0,,0,0,0.0,0.0,0.0,0.0,0.0,0.0,0,0,0,10.0,10.112499952316284,-8.637499988079071,0.0,,0.0,0.0,0.0,0.0,0
2023-02-08,3,2,14.62,True,,0,,0,0,0.0,0.0,0.0,0.0,0.0,0.0,0,0,0,2.5,8.687499940395355,-9.475000023841858,0.0,,0.0,0.0,0.0,7.0,0
2023-02-09,4,2,14.56,True,,0,,0,1,7.0,0.0,0.0,0.0,0.0,0.0,0,0,0,0.0,13.487500190734863,-6.537500083446503,0.0,,0.0,0.0,0.0,260.0,0
2023-02-10,5,2,14.51,True,,0,,0,2,260.0,0.0,0.0,0.0,0.0,0.0,0,0,1,98.0,12.6875,-1.5750000029802322,0.0,,0.0,0.0,0.0,383.0,0
2023-02-11,6,2,14.45,True,,0,,0,3,383.0,0.0,0.0,0.0,0.0,0.0,0,0,0,98.375,23.15000009536743,0.9625000106170774,1.6000001,,0.0,0.0,0.0,0.0,0
2023-02-12,7,2,14.39,True,,0,,0,0,0.0,0.0,0.0,0.0,0.0,0.0,0,0,0,3.0,13.199999928474426,-4.237500011920929,0.0,,0.0,0.0,0.0,0.0,0
2023-02-13,1,2,14.33,True,,0,,0,0,0.0,0.0,0.0,0.0,0.0,0.0,0,0,0,100.0,21.612500190734863,2.4249999821186066,0.0,,0.0,0.0,0.0,110.0,0
2023-02-14,2,2,14.27,True,,0,,0,1,110.0,0.0,0.0,0.0,0.0,0.0,0,0,0,51.375,17.762500047683716,-1.0000000055879354,0.0,,0.0,0.0,0.0,0.0,0
2023-02-15,3,2,14.21,True,,0,,0,0,0.0,0.0,0.0,0.0,0.0,0.0,0,0,0,84.625,8.137500166893005,-0.6875000018626451,0.4,,0.0,0.0,0.0,178.0,0
2023-02-16,4,2,14.16,True,,0,,0,2,178.0,0.0,0.0,0.0,0.0,0.0,0,0,0,79.5,6.887499988079071,-0.8125000111758709,0.0,,0.0,0.0,0.0,23.0,0
2023-02-17,5,2,14.1,True,,0,,0,1,23.0,0.0,0.0,0.0,0.0,0.0,0,0,0,100.0,18.325000047683716,0.6624999986961484,4.8,,0.0,0.0,0.0,126.0,0
2023-02-18,6,2,14.04,True,,0,,0,3,126.0,0.0,0.0,0.0,0.0,0.0,0,0,1,19.875,17.125,2.2999999821186066,0.0,,0.0,0.0,0.0,0.0,0
2023-02-19,7,2,13.98,True,,0,,0,0,0.0,0.0,0.0,0.0,0.0,0.0,0,0,0,0.0,19.1875,-0.7999999970197678,0.0,,0.0,0.0,0.0,50.0,0
2023-02-20,1,2,13.91,True,,0,,0,2,50.0,0.0,0.0,0.0,0.0,0.0,0,0,0,81.875,28.1875,2.8500000089406967,5.2,,0.0,0.0,0.0,67.0,0
2023-02-21,2,2,13.85,True,,0,,0,0,67.0,0.0,0.0,0.0,0.0,0.0,0,0,0,82.375,17.68750035762787,-0.5250000096857548,0.3,,0.0,0.0,0.0,115.0,0
2023-02-22,3,2,13.79,True,,0,,0,1,115.0,0.0,0.0,0.0,0.0,0.0,0,0,0,1.0,6.325000047683716,-6.300000011920929,0.0,,0.0,0.0,0.0,23.0,0
2023-02-23,4,2,13.73,True,,0,День захисника вітчизни,3,1,23.0,0.0,0.0,0.0,0.0,0.0,0,0,0,1.5,16.424999952316284,-4.2249999940395355,0.0,,0.0,0.0,0.0,0.0,0
2023-02-24,5,2,13.67,True,Річниця вторгнення,3,,0,0,0.0,0.0,0.0,0.0,0.0,0.0,0,0,0,55.375,18.25000023841858,2.3250000178813934,0.4,,0.0,0.0,0.0,29.0,0
2023-02-25,6,2,13.61,True,,0,,0,1,29.0,0.0,0.0,0.0,0.0,0.0,0,0,0,0.125,16.787500023841858,1.199999999254942,0.0,,0.0,0.0,0.0,22.0,0
2023-02-26,7,2,13.54,True,,0,,0,1,22.0,0.0,0.0,0.0,0.0,0.0,0,0,0,64.25,11.975000023841858,0.26250000670552254,0.1,,0.0,0.0,0.0,385.0,0
2023-02-27,1,2,13.48,True,,0,,0,2,385.0,0.0,0.0,0.0,0.0,0.0,0,0,0,8.875,10.524999976158142,-2.399999961256981,0.0,,0.0,0.0,0.0,0.0,0
2023-02-28,2,2,13.42,True,,0,,0,0,0.0,0.0,0.0,0.0,0.0,0.0,0,0,0,0.0,17.97499990463257,-3.0875000059604645,0.0,,0.0,0.0,0.0,126.0,0
2023-03-01,3,3,13.36,True,,0,,0,3,126.0,0.0,0.0,0.0,0.0,0.0,0,0,0,46.25,12.762499928474426,-1.3749999925494194,0.0,,0.0,0.0,0.0,27.0,0
2023-03-02,4,3,13.29,True,,0,,0,1,27.0,0.0,0.0,0.0,0.0,0.0,0,0,0,47.0,10.112500071525574,-0.0374999875202775,0.0,,0.0,0.0,0.0,123.0,0
2023-03-03,5,3,13.23,True,,0,,0,2,123.0,0.0,0.0,0.0,0.0,0.0,0,0,0,7.5,14.93749988079071,-0.29999999329447746,0.0,,0.0,0.0,0.0,30.0,0
2023-03-04,6,3,13.16,True,,0,,0,1,30.0,0.0,0.0,0.0,0.0,0.0,0,0,0,12.5,22.81249976158142,-1.8125000186264515,0.5,,0.0,0.0,0.0,0.0,0
2023-03-05,7,3,13.1,True,,0,,0,0,0.0,0.0,0.0,0.0,0.0,0.0,0,0,0,36.0,9.087499976158142,-2.7500000298023224,0.5,,0.0,0.0,0.0,234.0,0
2023-03-06,1,3,13.04,True,,0,,0,2,234.0,0.0,0.0,0.0,0.0,0.0,0,0,0,10.75,10.037500083446503,-2.2374999970197678,0.0,,0.0,0.0,0.0,24.0,0
2023-03-07,2,3,12.97,True,,0,,0,1,24.0,0.0,0.0,0.0,0.0,0.0,0,0,0,22.75,11.400000035762787,-0.9875000156462193,0.0,,0.0,0.0,0.0,45.0,0
2023-03-08,3,3,12.91,True,8 березня,1,8 березня,1,2,45.0,0.0,0.0,0.0,0.0,0.0,0,0,0,0.0,11.087499976158142,0.4625000059604645,0.0,,0.0,0.0,0.0,412.0,0
2023-03-09,4,3,12.84,True,,0,,0,1,412.0,0.0,0.0,0.0,0.0,0.0,0,0,1,100.0,16.399999976158142,1.9875000016763806,1.2,,0.0,0.0,0.0,165.0,0
2023-03-10,5,3,12.78,True,,0,,0,2,165.0,0.0,0.0,0.0,0.0,0.0,0,0,0,1.875,17.3125,3.7125000059604645,0.0,,0.0,0.0,0.0,20.0,0
2023-03-11,6,3,12.71,True,,0,,0,1,20.0,0.0,0.0,0.0,0.0,0.0,0,0,0,85.25,22.09999978542328,4.9000000059604645,4.4999995,,0.0,0.0,0.0,0.0,0
2023-03-12,7,3,12.65,True,,0,,0,0,0.0,0.0,0.0,0.0,0.0,0.0,0,0,0,0.0,16.049999952316284,-2.2999999970197678,0.0,,0.0,0.0,0.0,59.0,0
2023-03-13,1,3,12.59,True,,0,,0,1,59.0,0.0,0.0,0.0,0.0,0.0,0,0,0,0.0,20.83750009536743,4.175000041723251,0.0,,0.0,0.0,0.0,102.0,0
2023-03-14,2,3,12.52,True,,0,,0,2,102.0,0.0,0.0,0.0,0.0,0.0,0,1,0,0.0,21.09999966621399,4.437499970197678,0.0,,0.0,0.0,0.0,233.0,0
2023-03-15,3,3,12.46,True,,0,,0,5,233.0,0.0,0.0,0.0,0.0,0.0,0,0,0,81.875,7.950000047683716,5.900000035762787,0.0,,0.0,0.0,0.0,159.0,0
2023-03-16,4,3,12.39,True,,0,,0,3,159.0,0.0,0.0,0.0,0.0,0.0,0,0,0,100.0,20.325000047683716,1.5499999970197678,0.70000005,,0.0,0.0,0.0,0.0,0
2023-03-17,5,3,12.33,True,,0,,0,0,0.0,0.0,0.0,0.0,0.0,0.0,0,0,0,56.875,9.537500143051147,1.25,0.0,,0.0,0.0,0.0,393.0,0
2023-03-18,6,3,12.26,True,,0,,0,2,393.0,0.0,0.0,0.0,0.0,0.0,0,0,0,0.125,8.199999928474426,-1.3624999821186066,0.0,,0.0,0.0,0.0,13.0,0
2023-03-19,7,3,12.2,True,,0,,0,1,13.0,0.0,0.0,0.0,0.0,0.0,0,0,0,0.0,4.9749999940395355,0.14999998733401299,0.0,,0.0,0.0,0.0,92.0,0
2023-03-20,1,3,12.13,True,,0,,0,1,92.0,0.0,0.0,0.0,0.0,0.0,0,0,0,11.125,9.300000190734863,2.17500002682209,0.0,,0.0,0.0,0.0,17.0,0
2023-03-21,2,3,12.07,True,,0,,0,1,17.0,0.0,0.0,0.0,0.0,0.0,0,0,0,10.875,8.04999989271164,4.700000017881393,0.0,,0.0,0.0,0.0,378.0,0
2023-03-22,3,3,12.0,True,,0,,0,2,378.0,0.0,0.0,0.0,0.0,21.0,0,0,0,65.375,8.56250011920929,4.737499982118607,0.0,,0.0,0.0,0.0,117.0,0
2023-03-23,4,3,11.93,True,,0,,0,1,117.0,0.0,0.0,0.0,0.0,0.0,0,0,0,1.75,15.649999976158142,9.837499976158142,0.0,,0.0,0.0,0.0,91.0,0
2023-03-24,5,3,11.87,True,,0,,0,1,91.0,0.0,0.0,0.0,0.0,0.0,0,0,0,2.625,15.25,12.975000023841858,0.0,,0.0,0.0,0.0,0.0,0
2023-03-25,6,3,11.8,True,,0,,0,0,0.0,0.0,0.0,0.0,0.0,0.0,0,0,0,60.857142857142854,15.771428653172084,10.842857088361468,1.5,,0.0,0.0,0.0,0.0,0
2023-03-26,7,3,11.74,True,,0,,0,0,0.0,0.0,0.0,0.0,0.0,0.0,0,0,0,0.125,11.324999928474426,5.087500035762787,0.0,,0.0,0.0,0.0,0.0,0
2023-03-27,1,3,11.67,True,,0,,0,0,0.0,0.0,0.0,0.0,0.0,0.0,0,0,0,24.625,16.449999928474426,9.587500095367432,0.6,,0.0,0.0,0.0,145.0,0
2023-03-28,2,3,11.61,True,,0,,0,1,145.0,0.0,0.0,0.0,0.0,0.0,0,0,0,99.75,34.612499952316284,-0.9250000044703484,2.8999999,,0.0,0.0,0.0,0.0,0
2023-03-29,3,3,11.54,True,,0,,0,0,0.0,0.0,0.0,0.0,0.0,0.0,0,0,0,1.25,15.162500023841858,-2.6500000208616257,0.0,,0.0,0.0,0.0,0.0,0
2023-03-30,4,3,11.48,True,,0,,0,0,0.0,0.0,0.0,0.0,0.0,0.0,0,0,0,76.75,7.699999988079071,2.1749999821186066,0.0,,0.0,0.0,0.0,173.0,0
2023-03-31,5,3,11.41,True,,0,,0,2,173.0,0.0,0.0,0.0,0.0,0.0,0,0,0,26.125,10.862499952316284,5.162500023841858,0.0,,0.0,0.0,0.0,0.0,0
2023-04-01,6,4,11.35,True,,0,,0,0,0.0,0.0,0.0,0.0,0.0,0.0,0,0,0,100.0,14.862500071525574,8.5625,6.9999995,,0.0,0.0,0.0,0.0,0
2023-04-02,7,4,11.29,True,,0,,0,0,0.0,0.0,0.0,0.0,0.0,0.0,0,0,0,100.0,8.787499845027924,6.375,1.3000001,,0.0,0.0,0.0,0.0,0
2023-04-03,1,4,11.22,True,,0,,0,0,0.0,0.0,0.0,0.0,0.0,0.0,0,0,0,100.0,14.962499976158142,2.4624999910593033,0.0,,0.0,0.0,0.0,0.0,0
2023-04-04,2,4,11.16,True,,0,,0,0,0.0,0.0,0.0,0.0,0.0,0.0,0,0,0,100.0,16.837499856948853,3.5999999940395355,6.9,,0.0,0.0,0.0,123.0,0
2023-04-05,3,4,11.09,True,,0,,0,1,123.0,0.0,0.0,0.0,0.0,0.0,0,0,0,37.0,18.137499570846558,7.999999940395355,1.1,,0.0,0.0,0.0,0.0,0
2023-04-06,4,4,11.03,True,,0,,0,0,0.0,0.0,0.0,0.0,0.0,0.0,0,0,0,100.0,11.637500047683716,6.937499940395355,0.0,,0.0,0.0,0.0,0.0,0
2023-04-07,5,4,10.96,True,,0,,0,0,0.0,0.0,0.0,0.0,0.0,0.0,0,0,0,100.0,9.662499904632568,7.075000047683716,0.8,,0.0,0.0,0.0,23.0,0
2023-04-08,6,4,10.9,True,,0,,0,1,23.0,0.0,0.0,0.0,0.0,0.0,0,0,0,6.875,7.6874998807907104,6.487499952316284,0.0,,0.0,0.0,0.0,0.0,0
2023-04-09,7,4,10.84,True,,0,,0,0,0.0,0.0,0.0,0.0,0.0,0.0,0,0,0,67.875,10.3125,8.349999964237213,1.3000001,,0.0,0.0,0.0,0.0,0
2023-04-10,1,4,10.77,True,,0,,0,0,0.0,0.0,0.0,0.0,0.0,0.0,0,0,0,3.125,9.387499809265137,6.487500071525574,0.0,,0.0,0.0,0.0,0.0,0
2023-04-11,2,4,10.71,True,,0,,0,0,0.0,0.0,0.0,0.0,0.0,0.0,0,0,0,61.25,13.337500214576721,9.837499976158142,4.1000004,,0.0,0.0,0.0,0.0,0
2023-04-12,3,4,10.64,True,,0,День космонавтики,1,0,0.0,0.0,0.0,0.0,0.0,0.0,0,0,0,70.25,9.337499976158142,8.375000059604645,1.0,,0.0,0.0,0.0,32.0,0
2023-04-13,4,4,10.58,True,,0,,0,1,32.0,0.0,0.0,0.0,0.0,0.0,0,0,0,84.375,10.5,8.224999904632568,0.0,,0.0,0.0,0.0,15.0,0
2023-04-14,5,4,10.52,True,,0,,0,0,15.0,0.0,0.0,0.0,0.0,0.0,0,0,0,84.75,16.537500023841858,6.775000035762787,0.0,,0.0,0.0,0.0,0.0,0
2023-04-15,6,4,10.46,True,,0,,0,0,0.0,0.0,0.0,0.0,0.0,0.0,0,0,0,100.0,14.325000047683716,6.787499904632568,2.7999997,,0.0,0.0,0.0,0.0,0
2023-04-16,7,4,10.39,False,Великдень,3,Пасха (РПЦ),2,0,0.0,0.0,0.0,0.0,0.0,0.0,0,0,0,87.0,8.174999952316284,7.762500047683716,0.0,,0.0,0.0,0.0,0.0,0
2023-04-17,1,4,10.33,False,,0,,0,0,0.0,0.0,0.0,0.0,0.0,0.0,0,0,0,0.0,11.900000095367432,7.649999976158142,0.0,,0.0,0.0,0.0,0.0,0
2023-04-18,2,4,10.27,False,,0,,0,0,0.0,0.0,0.0,0.0,0.0,0.0,0,0,0,3.125,7.487499952316284,6.724999964237213,0.0,,0.0,0.0,0.0,0.0,0
2023-04-19,3,4,10.21,False,,0,,0,0,0.0,0.0,0.0,0.0,0.0,0.0,0,0,0,30.25,13.199999809265137,8.375,0.0,,0.0,0.0,0.0,54.0,0
2023-04-20,4,4,10.15,False,,0,,0,1,54.0,0.0,0.0,0.0,0.0,0.0,0,0,0,0.0,7.737500011920929,7.387500166893005,0.0,,0.0,0.0,0.0,195.0,0
2023-04-21,5,4,10.09,False,,0,,0,2,195.0,0.0,0.0,0.0,0.0,0.0,0,0,0,0.0,10.150000095367432,7.662499964237213,0.0,,0.0,0.0,0.0,31.0,0
2023-04-22,6,4,10.02,False,,0,,0,1,31.0,0.0,0.0,0.0,0.0,0.0,0,0,0,0.0,6.987500071525574,9.050000071525574,0.0,,0.0,0.0,0.0,0.0,0
2023-04-23,7,4,9.96,False,,0,,0,0,0.0,0.0,0.0,0.0,0.0,0.0,0,0,0,0.0,9.924999952316284,7.212499976158142,0.0,,0.0,0.0,0.0,0.0,0
2023-04-24,1,4,9.9,False,,0,,0,0,0.0,0.0,0.0,0.0,0.0,0.0,0,0,0,0.0,8.150000095367432,8.212499976158142,0.0,,0.0,0.0,0.0,0.0,0
2023-04-25,2,4,9.84,False,,0,,0,0,0.0,0.0,0.0,0.0,0.0,0.0,0,0,0,0.0,9.699999988079071,9.400000095367432,0.0,,0.0,0.0,0.0,0.0,0
2023-04-26,3,4,9.79,False,,0,,0,0,0.0,0.0,0.0,0.0,0.0,0.0,0,0,0,92.0,9.00000011920929,9.300000071525574,2.9999998,,0.0,0.0,0.0,0.0,0
2023-04-27,4,4,9.73,False,,0,,0,0,0.0,0.0,0.0,0.0,0.0,0.0,0,0,0,2.375,14.837499737739563,6.150000035762787,0.0,,0.0,0.0,0.0,132.0,0
2023-04-28,5,4,9.67,False,,0,,0,1,132.0,0.0,0.0,0.0,0.0,0.0,0,0,0,1.875,12.12499988079071,5.237500011920929,0.0,,0.0,0.0,0.0,43.0,0
2023-04-29,6,4,9.61,False,,0,,0,1,43.0,0.0,0.0,0.0,0.0,0.0,0,0,0,0.0,9.775000095367432,6.499999940395355,0.0,,0.0,0.0,0.0,0.0,0
2023-04-30,7,4,9.55,False,,0,,0,0,0.0,0.0,0.0,0.0,0.0,0.0,0,0,0,4.5,9.06250011920929,6.837500035762787,0.0,,0.0,0.0,0.0,172.0,0
2023-05-01,1,5,9.49,False,,0,1 травня,1,1,172.0,0.0,0.0,0.0,0.0,0.0,0,0,0,0.0,11.037500143051147,4.849999934434891,0.0,,0.0,0.0,0.0,0.0,0
2023-05-02,2,5,9.44,False,,0,,0,0,0.0,0.0,0.0,0.0,0.0,0.0,0,0,0,0.0,13.475000023841858,10.012500047683716,0.0,,0.0,0.0,0.0,274.0,0
2023-05-03,3,5,9.38,False,,0,,0,1,274.0,0.0,0.0,0.0,0.0,0.0,0,0,0,0.0,10.525000035762787,11.125,0.0,,0.0,0.0,0.0,287.0,0
2023-05-04,4,5,9.33,False,,0,,0,3,287.0,0.0,0.0,0.0,0.0,0.0,0,0,0,5.0,12.137499928474426,9.699999928474426,0.0,,0.0,0.0,0.0,33.0,0
2023-05-05,5,5,9.27,False,,0,,0,1,33.0,0.0,0.0,0.0,0.0,0.0,0,0,0,2.0,11.612499952316284,7.325000107288361,0.0,,0.0,0.0,0.0,58.0,0
2023-05-06,6,5,9.22,False,,0,,0,1,58.0,0.0,0.0,0.0,0.0,0.0,0,0,0,0.0,11.974999964237213,5.875,0.0,,0.0,0.0,0.0,166.0,0
2023-05-07,7,5,9.16,False,,0,,0,2,166.0,0.0,0.0,0.0,0.0,0.0,0,0,0,15.875,13.74999988079071,8.112500011920929,0.0,,0.0,0.0,0.0,218.0,0
2023-05-08,1,5,9.11,False,День памʼяті та перемоги,2,,0,2,218.0,0.0,0.0,0.0,0.0,35.0,0,0,0,0.125,9.25000011920929,6.687499940395355,0.0,,0.0,0.0,0.0,163.0,0
2023-05-09,2,5,9.06,False,,0,День перемоги,3,1,163.0,0.0,0.0,0.0,0.0,0.0,0,0,0,0.0,7.037500023841858,5.749999940395355,0.0,,0.0,0.0,0.0,0.0,0
2023-05-10,3,5,9.01,False,,0,,0,0,0.0,0.0,0.0,0.0,0.0,0.0,0,0,0,0.125,9.524999916553497,6.024999976158142,0.0,,0.0,0.0,0.0,0.0,0
2023-05-11,4,5,8.95,False,,0,,0,0,0.0,0.0,0.0,0.0,0.0,0.0,0,0,0,0.0,7.850000023841858,7.300000011920929,0.0,,0.0,0.0,0.0,0.0,0
2023-05-12,5,5,8.9,False,,0,,0,0,0.0,0.0,0.0,0.0,0.0,0.0,0,0,0,0.0,7.937499940395355,10.425000190734863,0.0,,0.0,0.0,0.0,150.0,0
2023-05-13,6,5,8.85,False,,0,,0,1,150.0,0.0,0.0,0.0,0.0,0.0,0,0,0,0.0,6.399999976158142,12.749999761581421,0.0,,0.0,0.0,0.0,268.0,0
2023-05-14,7,5,8.81,False,,0,,0,2,268.0,0.0,0.0,0.0,0.0,0.0,0,0,1,0.0,6.075000047683716,12.662500143051147,0.0,,0.0,0.0,0.0,0.0,0
2023-05-15,1,5,8.76,False,,0,,0,0,0.0,0.0,0.0,0.0,0.0,0.0,0,0,0,0.0,11.362499833106995,16.012499928474426,0.0,,0.0,0.0,0.0,187.0,0
2023-05-16,2,5,8.71,False,,0,,0,3,187.0,0.0,0.0,0.0,0.0,0.0,0,0,1,0.625,12.375,14.462499976158142,0.0,,0.0,0.0,0.0,63.0,0
2023-05-17,3,5,8.66,False,,0,,0,1,63.0,0.0,0.0,0.0,0.0,0.0,0,0,0,1.375,10.699999868869781,16.72499978542328,0.0,,0.0,0.0,0.0,197.0,0
2023-05-18,4,5,8.62,False,,0,,0,2,197.0,0.0,0.0,0.0,0.0,0.0,0,0,0,0.0,8.412500023841858,17.575000047683716,0.0,,0.0,0.0,0.0,288.0,0
2023-05-19,5,5,8.57,False,,0,,0,2,288.0,0.0,0.0,0.0,0.0,22.0,0,0,1,0.125,11.899999856948853,15.462499856948853,0.0,,0.0,0.0,0.0,140.0,0
2023-05-20,6,5,8.53,False,,0,,0,1,140.0,0.0,0.0,0.0,0.0,0.0,0,0,0,0.0,15.487500309944153,12.899999976158142,0.0,,0.0,0.0,0.0,0.0,0
2023-05-21,7,5,8.49,False,,0,,0,0,0.0,0.0,0.0,0.0,0.0,0.0,0,0,0,0.125,9.199999988079071,12.31249988079071,0.0,,0.0,0.0,0.0,146.0,0
2023-05-22,1,5,8.44,False,,0,,0,1,146.0,0.0,0.0,0.0,0.0,0.0,0,0,0,0.25,10.56250011920929,15.5625,0.0,,0.0,0.0,0.0,12.0,0
2023-05-23,2,5,8.4,False,,0,,0,1,12.0,0.0,0.0,0.0,0.0,0.0,0,0,0,0.5,6.199999988079071,15.337500095367432,0.0,,0.0,0.0,0.0,0.0,0
2023-05-24,3,5,8.36,False,,0,,0,0,0.0,0.0,0.0,0.0,0.0,0.0,0,0,0,0.5,8.625000059604645,15.700000166893005,0.0,,0.0,0.0,0.0,196.0,0
2023-05-25,4,5,8.33,False,,0,,0,1,196.0,0.0,0.0,0.0,0.0,36.0,0,0,0,3.0,7.137500047683716,17.612500071525574,0.0,,0.0,0.0,0.0,152.0,0
2023-05-26,5,5,8.29,False,,0,,0,1,152.0,0.0,0.0,0.0,0.0,17.0,0,0,0,0.0,8.450000047683716,17.912500143051147,0.0,,0.0,0.0,0.0,0.0,0
2023-05-27,6,5,8.25,False,,0,,0,0,0.0,0.0,0.0,0.0,0.0,0.0,0,0,0,0.0,16.862500429153442,15.712500214576721,0.0,,0.0,0.0,0.0,314.0,0
2023-05-28,7,5,8.22,False,,0,,0,1,314.0,0.0,0.0,0.0,0.0,0.0,0,0,0,0.0,8.399999856948853,12.050000190734863,0.0,,0.0,0.0,0.0,309.0,0
2023-05-29,1,5,8.18,False,,0,,0,2,309.0,0.0,0.0,0.0,0.0,29.0,0,0,0,0.0,7.625,13.100000143051147,0.0,,0.0,0.0,0.0,241.0,0
2023-05-30,2,5,8.15,False,,0,,0,2,241.0,0.0,0.0,0.0,0.0,31.0,0,0,0,0.0,8.737499952316284,15.574999809265137,0.0,,0.0,0.0,0.0,0.0,0
2023-05-31,3,5,8.12,False,,0,,0,0,0.0,0.0,0.0,0.0,0.0,0.0,0,0,0,0.0,8.11249989271164,13.037500023841858,0.0,,0.0,0.0,0.0,115.0,0
2023-06-01,4,6,8.09,False,,0,,0,3,115.0,0.0,0.0,0.0,0.0,0.0,0,0,0,0.0,9.387500047683716,16.62500023841858,0.0,,0.0,0.0,0.0,161.0,0
2023-06-02,5,6,8.06,False,,0,,0,1,161.0,0.0,0.0,0.0,0.0,0.0,0,0,0,35.125,14.524999916553497,15.18749988079071,0.7,,0.0,0.0,0.0,28.0,0
2023-06-03,6,6,8.03,False,,0,,0,1,28.0,0.0,0.0,0.0,0.0,0.0,0,0,0,0.0,7.237499952316284,10.537500023841858,0.0,,0.0,0.0,0.0,162.0,0
2023-06-04,7,6,8.0,False,Трійця,1,,0,1,162.0,0.0,0.0,0.0,0.0,0.0,0,0,0,0.0,6.737500011920929,12.5,0.0,,0.0,0.0,0.0,0.0,0
2023-06-05,1,6,7.98,False,,0,,0,0,0.0,0.0,0.0,0.0,0.0,0.0,0,0,0,0.0,7.674999952316284,15.0,0.0,,0.0,0.0,0.0,193.0,0
2023-06-06,2,6,7.96,False,,0,,0,1,193.0,0.0,0.0,0.0,0.0,0.0,0,0,0,0.0,6.787499964237213,16.425000071525574,0.0,,0.0,0.0,0.0,31.0,0
2023-06-07,3,6,7.93,False,,0,,0,1,31.0,0.0,0.0,0.0,0.0,0.0,0,0,0,0.0,8.175000011920929,17.300000190734863,0.8,,0.0,0.0,0.0,3.0,0
2023-06-08,4,6,7.91,False,,0,,0,0,3.0,0.0,0.0,0.0,0.0,0.0,0,0,0,0.0,7.850000083446503,16.96250009536743,0.0,,0.0,0.0,0.0,269.0,0
2023-06-09,5,6,7.89,False,,0,,0,2,269.0,0.0,0.0,0.0,0.0,16.0,0,0,0,0.0,9.699999988079071,18.237499952316284,0.0,,0.0,0.0,0.0,40.0,0
2023-06-10,6,6,7.88,False,,0,,0,1,40.0,0.0,0.0,0.0,0.0,35.0,0,0,0,47.625,17.737499833106995,16.662500143051147,4.0,,0.0,0.0,0.0,0.0,0
2023-06-11,7,6,7.86,False,,0,,0,0,0.0,0.0,0.0,0.0,0.0,0.0,0,0,0,92.875,16.100000023841858,11.5,2.8,,0.0,0.0,0.0,17.0,0
2023-06-12,1,6,7.84,False,,0,День росії,2,1,17.0,0.0,0.0,0.0,0.0,0.0,0,0,0,72.875,12.875,13.74999988079071,0.1,,0.0,0.0,0.0,182.0,0
2023-06-13,2,6,7.83,False,,0,,0,2,182.0,0.0,0.0,0.0,0.0,0.0,0,0,0,24.5,6.762500047683716,13.400000095367432,0.0,,0.0,0.0,0.0,0.0,0
2023-06-14,3,6,7.82,False,,0,,0,0,0.0,0.0,0.0,0.0,0.0,0.0,0,0,0,41.125,7.487499952316284,16.575000047683716,0.0,,0.0,0.0,0.0,134.0,0
2023-06-15,4,6,7.81,False,,0,,0,3,134.0,0.0,0.0,0.0,0.0,0.0,0,0,0,1.75,7.399999976158142,17.649999856948853,0.0,True,0.0,1.0,0.0,140.0,0
2023-06-16,5,6,7.8,False,,0,,0,3,140.0,0.0,1.0,0.0,0.0,0.0,0,0,1,0.0,7.962500035762787,18.012500286102295,0.0,,0.0,0.0,0.0,17.0,0
2023-06-17,6,6,7.79,False,,0,,0,0,17.0,0.0,0.0,0.0,0.0,0.0,0,0,0,0.0,8.17499989271164,19.90000033378601,0.0,,0.0,0.0,0.0,0.0,0
2023-06-18,7,6,7.79,False,,0,,0,0,0.0,0.0,0.0,0.0,0.0,0.0,0,0,0,0.0,8.199999988079071,19.637500286102295,0.0,,0.0,0.0,0.0,0.0,0
2023-06-19,1,6,7.78,False,,0,,0,0,0.0,0.0,0.0,0.0,0.0,0.0,0,0,1,0.0,8.12500011920929,19.037500143051147,0.0,True,0.0,2.0,0.0,217.0,0
2023-06-20,2,6,7.78,False,,0,,0,1,217.0,0.0,2.0,0.0,0.0,0.0,0,0,0,10.5,3.9374999701976776,18.137500047683716,1.3000001,,0.0,0.0,1.0,0.0,0
2023-06-21,3,6,7.78,False,,0,,0,0,0.0,0.0,0.0,1.0,0.0,0.0,0,0,0,0.75,5.800000060349703,19.549999952316284,0.0,,0.0,0.0,0.0,62.0,0
2023-06-22,4,6,7.78,False,,0,,0,1,62.0,0.0,0.0,0.0,1.0,0.0,0,0,0,0.125,9.175000011920929,21.375,0.0,,0.0,0.0,0.0,130.0,0
2023-06-23,5,6,7.78,False,,0,,0,1,130.0,0.0,0.0,0.0,1.0,0.0,0,0,0,2.375,4.999999970197678,21.762499570846558,0.0,True,0.0,2.0,0.0,198.0,2
2023-06-24,6,6,7.78,False,,0,,0,4,198.0,0.0,2.0,0.0,0.0,0.0,2,0,0,11.25,7.5999999940395355,20.462499856948853,1.8000001,,0.0,0.0,0.0,0.0,0
2023-06-25,7,6,7.79,False,,0,,0,0,0.0,0.0,0.0,0.0,0.0,0.0,0,0,0,29.5,10.987499952316284,17.18749988079071,1.8000001,,0.0,0.0,1.0,46.0,0
2023-06-26,1,6,7.79,False,,0,,0,1,46.0,0.0,0.0,1.0,1.0,0.0,0,0,2,11.5,8.412499904632568,14.262499809265137,0.0,,0.0,0.0,0.0,0.0,0
2023-06-27,2,6,7.8,False,,0,,0,0,0.0,0.0,0.0,0.0,0.0,0.0,0,0,0,25.5,10.175000131130219,16.96250021457672,1.9000001,,0.0,0.0,0.0,0.0,0
2023-06-28,3,6,7.81,False,День Конституції,2,,0,0,0.0,0.0,0.0,0.0,0.0,0.0,0,0,0,45.5,18.24999976158142,15.0,2.1,,0.0,0.0,0.0,0.0,0
2023-06-29,4,6,7.82,False,,0,,0,0,0.0,0.0,0.0,0.0,0.0,0.0,0,0,0,8.875,18.47499990463257,15.725000023841858,0.0,,0.0,0.0,0.0,0.0,0
2023-06-30,5,6,7.84,False,,0,,0,0,0.0,0.0,0.0,0.0,0.0,0.0,0,0,0,0.25,11.612500071525574,17.18750023841858,0.0,,0.0,0.0,0.0,0.0,0
2023-07-01,6,7,7.85,False,,0,,0,0,0.0,0.0,0.0,0.0,0.0,0.0,0,0,0,0.0,7.712499916553497,18.487499952316284,0.0,True,2.0,0.0,0.0,101.0,0
2023-07-02,7,7,7.87,False,,0,,0,2,101.0,2.0,0.0,0.0,1.0,0.0,0,0,1,2.0,8.249999940395355,19.65000033378601,0.0,False,0.0,0.0,0.0,0.0,0
2023-07-03,1,7,7.88,False,,0,,0,0,0.0,0.0,0.0,0.0,0.0,17.0,0,0,1,3.75,8.262499988079071,19.58750009536743,0.0,False,0.0,0.0,1.0,0.0,0
2023-07-04,2,7,7.9,False,,0,,0,0,0.0,0.0,0.0,1.0,0.0,0.0,0,0,0,0.0,10.012499988079071,20.300000190734863,0.0,False,0.0,0.0,0.0,0.0,0
2023-07-05,3,7,7.92,False,,0,,0,0,0.0,0.0,0.0,0.0,0.0,0.0,0,0,0,0.0,6.949999928474426,20.125,0.0,False,0.0,0.0,0.0,108.0,0
2023-07-06,4,7,7.94,False,,0,,0,1,108.0,0.0,0.0,0.0,1.0,0.0,0,0,2,18.875,6.725000083446503,20.77500009536743,8.2,False,0.0,0.0,1.0,0.0,0
2023-07-07,5,7,7.97,False,,0,,0,0,0.0,0.0,0.0,1.0,0.0,18.0,0,0,0,45.875,20.262500286102295,19.162500143051147,0.8,False,0.0,0.0,0.0,36.0,0
2023-07-08,6,7,7.99,False,,0,,0,1,36.0,0.0,0.0,0.0,0.0,0.0,0,0,0,0.375,19.362499952316284,18.199999809265137,0.0,False,0.0,0.0,0.0,0.0,0
2023-07-09,7,7,8.02,False,,0,,0,0,0.0,0.0,0.0,0.0,0.0,0.0,0,0,0,2.25,12.962499976158142,17.162500262260437,0.0,False,0.0,0.0,0.0,0.0,0
2023-07-10,1,7,8.04,False,,0,,0,0,0.0,0.0,0.0,0.0,0.0,0.0,0,0,0,10.125,10.862499833106995,15.737499952316284,0.0,True,0.0,1.0,1.0,61.0,0
2023-07-11,2,7,8.07,False,,0,,0,1,61.0,0.0,1.0,1.0,0.0,0.0,0,0,0,25.75,6.325000047683716,14.824999809265137,0.0,True,1.0,0.0,1.0,177.0,2
2023-07-12,3,7,8.1,False,,0,,0,3,177.0,1.0,0.0,1.0,0.0,0.0,2,0,0,5.125,8.399999976158142,18.262499809265137,0.0,True,1.0,0.0,0.0,175.0,0
2023-07-13,4,7,8.13,False,,0,,0,1,175.0,1.0,0.0,0.0,1.0,0.0,0,0,1,3.25,6.437499940395355,21.77500033378601,0.9,False,0.0,0.0,0.0,0.0,0
2023-07-14,5,7,8.17,False,,0,,0,0,0.0,0.0,0.0,0.0,0.0,0.0,0,0,0,0.0,10.875000059604645,17.287500262260437,0.0,False,0.0,0.0,0.0,31.0,1
2023-07-15,6,7,8.2,False,День Державності,2,,0,1,31.0,0.0,0.0,0.0,0.0,0.0,1,0,0,0.0,6.212499916553497,17.700000047683716,0.0,False,0.0,0.0,0.0,0.0,0
2023-07-16,7,7,8.23,False,,0,,0,0,0.0,0.0,0.0,0.0,0.0,0.0,0,0,0,0.0,6.9499998688697815,19.649999856948853,0.0,False,0.0,0.0,0.0,24.0,0
2023-07-17,1,7,8.27,False,,0,,0,2,24.0,0.0,0.0,0.0,0.0,0.0,0,0,0,0.0,7.674999892711639,22.300000190734863,0.0,False,0.0,0.0,0.0,0.0,0
2023-07-18,2,7,8.31,False,,0,,0,0,0.0,0.0,0.0,0.0,0.0,0.0,0,0,0,0.0,9.074999868869781,16.91249990463257,0.0,True,1.0,0.0,0.0,106.0,0
2023-07-19,3,7,8.35,False,,0,,0,2,106.0,1.0,0.0,0.0,1.0,0.0,0,0,3,0.0,8.8125,15.925000071525574,0.0,False,0.0,0.0,0.0,0.0,0
2023-07-20,4,7,8.38,False,,0,,0,0,0.0,0.0,0.0,0.0,0.0,0.0,0,0,0,44.625,10.93750011920929,16.762499809265137,0.4,False,0.0,0.0,0.0,118.0,2
2023-07-21,5,7,8.42,False,,0,,0,3,118.0,0.0,0.0,0.0,1.0,0.0,2,0,0,0.0,6.574999988079071,16.399999976158142,0.0,False,0.0,0.0,0.0,2.0,0
2023-07-22,6,7,8.47,False,,0,,0,0,2.0,0.0,0.0,0.0,0.0,0.0,0,0,0,66.75,11.024999976158142,15.924999952316284,0.0,False,0.0,0.0,0.0,0.0,0
2023-07-23,7,7,8.51,False,,0,,0,0,0.0,0.0,0.0,0.0,0.0,0.0,0,0,0,0.125,6.775000035762787,14.912500023841858,0.0,False,0.0,0.0,0.0,0.0,0
2023-07-24,1,7,8.55,False,,0,,0,0,0.0,0.0,0.0,0.0,0.0,0.0,0,0,0,0.75,12.399999976158142,20.59999966621399,0.0,,0.0,0.0,1.0,184.0,0
2023-07-25,2,7,8.6,False,,0,,0,1,184.0,0.0,0.0,1.0,0.0,0.0,0,0,0,0.125,16.400000035762787,22.87499976158142,0.0,False,0.0,0.0,0.0,0.0,0
2023-07-26,3,7,8.64,False,,0,,0,0,0.0,0.0,0.0,0.0,0.0,36.0,0,0,0,71.125,4.787499949336052,19.5625,8.8,,0.0,0.0,1.0,226.0,0
2023-07-27,4,7,8.69,False,,0,,0,2,226.0,0.0,0.0,1.0,1.0,0.0,0,1,2,94.625,21.587499856948853,16.299999952316284,0.0,False,0.0,0.0,0.0,0.0,0
2023-07-28,5,7,8.73,False,,0,,0,0,0.0,0.0,0.0,0.0,0.0,0.0,0,0,0,28.25,7.987499892711639,16.83750009536743,0.0,False,0.0,0.0,0.0,37.0,1
2023-07-29,6,7,8.78,False,,0,,0,2,37.0,0.0,0.0,0.0,0.0,0.0,1,0,0,0.25,6.387500017881393,16.350000143051147,0.0,False,0.0,0.0,0.0,0.0,0
2023-07-30,7,7,8.83,False,,0,,0,0,0.0,0.0,0.0,0.0,0.0,0.0,0,0,0,1.25,6.825000047683716,18.5625,0.0,False,0.0,0.0,0.0,43.0,0
2023-07-31,1,7,8.88,False,,0,,0,1,43.0,0.0,0.0,0.0,0.0,0.0,0,0,0,5.375,5.400000035762787,18.074999570846558,0.0,False,0.0,0.0,0.0,24.0,1
2023-08-01,2,8,8.93,False,,0,,0,1,24.0,0.0,0.0,0.0,0.0,0.0,1,0,0,0.0,8.06249988079071,19.22499990463257,0.0,True,1.0,0.0,2.0,179.0,3
2023-08-02,3,8,8.98,False,,0,День ВДВ,1,6,179.0,1.0,0.0,2.0,0.0,0.0,3,0,0,17.75,7.224999964237213,18.387499809265137,0.0,,0.0,0.0,1.0,181.0,0
2023-08-03,4,8,9.03,False,,0,,0,1,181.0,0.0,0.0,1.0,0.0,15.0,0,0,0,0.75,10.262500047683716,20.050000190734863,0.0,False,0.0,0.0,0.0,0.0,0
2023-08-04,5,8,9.08,False,,0,,0,0,0.0,0.0,0.0,0.0,0.0,0.0,0,0,0,2.0,9.125,23.550000429153442,0.0,False,0.0,0.0,0.0,104.0,3
2023-08-05,6,8,9.14,False,,0,,0,3,104.0,0.0,0.0,0.0,0.0,0.0,3,0,0,0.0,14.987499833106995,23.887500047683716,0.0,False,0.0,0.0,0.0,128.0,0
2023-08-06,7,8,9.19,False,,0,,0,2,128.0,0.0,0.0,0.0,6.0,27.0,0,0,0,0.0,21.625,27.22499990463257,0.0,False,0.0,0.0,0.0,0.0,0
2023-08-07,1,8,9.24,False,,0,,0,0,0.0,0.0,0.0,0.0,0.0,0.0,0,0,0,0.0,8.050000011920929,16.575000166893005,0.0,False,0.0,0.0,0.0,0.0,0
2023-08-08,2,8,9.3,False,,0,,0,0,0.0,0.0,0.0,0.0,0.0,0.0,0,0,0,0.0,8.175000011920929,15.762500286102295,0.0,False,0.0,0.0,0.0,33.0,1
2023-08-09,3,8,9.35,False,,0,,0,1,33.0,0.0,0.0,0.0,0.0,0.0,1,0,0,0.0,7.487499982118607,15.549999952316284,0.0,True,1.0,0.0,2.0,204.0,4
2023-08-10,4,8,9.41,False,,0,,0,6,204.0,1.0,0.0,2.0,0.0,10.0,4,0,0,8.125,10.287500023841858,18.33750009536743,0.0,False,0.0,0.0,0.0,46.0,1
2023-08-11,5,8,9.47,False,,0,,0,1,46.0,0.0,0.0,0.0,3.0,0.0,1,0,0,1.375,14.274999856948853,17.68750011920929,0.0,False,0.0,0.0,0.0,0.0,0
2023-08-12,6,8,9.52,False,,0,,0,0,0.0,0.0,0.0,0.0,0.0,0.0,0,0,0,0.25,11.574999928474426,16.975000262260437,0.0,False,0.0,0.0,0.0,0.0,0
2023-08-13,7,8,9.58,False,,0,,0,0,0.0,0.0,0.0,0.0,0.0,0.0,0,0,0,0.0,6.849999964237213,16.66249978542328,0.0,False,0.0,0.0,0.0,31.0,0
2023-08-14,1,8,9.64,False,,0,,0,1,31.0,0.0,0.0,0.0,0.0,15.0,0,0,1,0.0,6.962500035762787,20.22499990463257,0.0,False,0.0,0.0,0.0,125.0,0
2023-08-15,2,8,9.7,False,,0,,0,1,125.0,0.0,0.0,0.0,1.0,0.0,0,0,0,0.0,7.125000059604645,22.075000047683716,0.0,False,0.0,0.0,0.0,133.0,0
2023-08-16,3,8,9.76,False,,0,,0,2,133.0,0.0,0.0,0.0,0.0,0.0,0,0,0,0.0,7.175000011920929,20.337499856948853,0.0,False,0.0,0.0,0.0,0.0,0
2023-08-17,4,8,9.81,False,,0,,0,0,0.0,0.0,0.0,0.0,0.0,0.0,0,0,0,1.875,7.574999928474426,19.58750033378601,0.0,,0.0,0.0,0.0,259.0,0
2023-08-18,5,8,9.87,False,,0,,0,4,259.0,0.0,0.0,0.0,0.0,0.0,0,0,0,0.75,7.062499940395355,21.399999856948853,0.0,False,0.0,0.0,2.0,46.0,0
2023-08-19,6,8,9.93,False,,0,,0,2,46.0,0.0,0.0,2.0,1.0,0.0,0,0,0,1.0,7.5624998807907104,22.22499990463257,0.0,False,0.0,0.0,0.0,0.0,0
2023-08-20,7,8,9.99,False,,0,,0,0,0.0,0.0,0.0,0.0,0.0,0.0,0,0,0,0.0,6.312499940395355,22.012500286102295,0.0,False,0.0,0.0,0.0,0.0,0
2023-08-21,1,8,10.06,False,,0,,0,0,0.0,0.0,0.0,0.0,0.0,0.0,0,0,0,6.125,9.975000083446503,21.524999856948853,0.0,False,0.0,0.0,0.0,26.0,0
2023-08-22,2,8,10.12,False,,0,,0,1,26.0,0.0,0.0,0.0,1.0,0.0,0,0,0,0.625,8.849999964237213,17.600000023841858,0.0,False,0.0,0.0,0.0,32.0,1
2023-08-23,3,8,10.18,False,День Прапора,2,,0,1,32.0,0.0,0.0,0.0,0.0,0.0,1,0,0,0.875,5.962500035762787,16.81250011920929,0.0,False,0.0,0.0,0.0,73.0,0
2023-08-24,4,8,10.24,False,День Незалежності,3,,0,1,73.0,0.0,0.0,0.0,0.0,0.0,0,0,0,0.0,6.137500047683716,16.800000071525574,0.0,False,0.0,0.0,0.0,58.0,1
2023-08-25,5,8,10.3,False,,0,,0,1,58.0,0.0,0.0,0.0,0.0,0.0,1,0,0,0.25,7.262499988079071,19.5,0.0,False,0.0,0.0,0.0,178.0,0
2023-08-26,6,8,10.36,False,,0,,0,7,178.0,0.0,0.0,0.0,0.0,0.0,0,0,0,1.125,7.887500047683716,21.91249990463257,0.0,True,0.0,1.0,0.0,172.0,0
2023-08-27,7,8,10.42,False,,0,,0,1,172.0,0.0,1.0,0.0,1.0,0.0,0,0,0,0.0,6.062499940395355,22.16249990463257,0.0,False,0.0,0.0,0.0,24.0,0
2023-08-28,1,8,10.49,False,,0,,0,1,24.0,0.0,0.0,0.0,1.0,0.0,0,0,1,0.0,7.412499904632568,23.587499856948853,0.0,False,0.0,0.0,0.0,0.0,0
2023-08-29,2,8,10.55,False,,0,,0,0,0.0,0.0,0.0,0.0,0.0,0.0,0,0,0,0.0,11.112499952316284,24.137500047683716,0.0,True,3.0,1.0,1.0,182.0,0
2023-08-30,3,8,10.61,False,,0,,0,2,182.0,3.0,1.0,1.0,1.0,16.0,0,0,1,1.0,12.212499856948853,22.16249966621399,0.0,False,0.0,0.0,0.0,0.0,0
2023-08-31,4,8,10.68,False,,0,,0,0,0.0,0.0,0.0,0.0,0.0,0.0,0,0,0,3.875,8.82500010728836,19.387500047683716,1.6,False,0.0,0.0,0.0,55.0,0
2023-09-01,5,9,10.74,False,,0,,0,1,55.0,0.0,0.0,0.0,1.0,0.0,0,0,1,0.0,7.8999998569488525,15.950000286102295,0.0,False,0.0,0.0,0.0,0.0,0
2023-09-02,6,9,10.8,False,,0,,0,0,0.0,0.0,0.0,0.0,0.0,0.0,0,0,0,3.25,5.600000023841858,18.75,0.1,False,0.0,0.0,0.0,0.0,0
2023-09-03,7,9,10.87,False,,0,,0,0,0.0,0.0,0.0,0.0,0.0,25.0,0,0,0,12.5,8.687499940395355,17.21250009536743,0.0,False,0.0,0.0,0.0,0.0,0
2023-09-04,1,9,10.93,False,,0,,0,0,0.0,0.0,0.0,0.0,0.0,32.0,0,0,0,0.375,13.200000047683716,16.674999713897705,0.0,False,0.0,0.0,0.0,41.0,1
2023-09-05,2,9,11.0,False,,0,,0,1,41.0,0.0,0.0,0.0,0.0,0.0,1,0,0,0.0,8.100000023841858,14.212500095367432,0.0,False,0.0,0.0,0.0,114.0,0
2023-09-06,3,9,11.06,False,,0,,0,1,114.0,0.0,0.0,0.0,0.0,25.0,0,0,0,17.25,9.287500023841858,17.174999952316284,0.0,False,0.0,0.0,0.0,0.0,0
2023-09-07,4,9,11.12,False,,0,,0,0,0.0,0.0,0.0,0.0,0.0,33.0,0,0,0,0.0,7.125,13.150000214576721,0.0,False,0.0,0.0,0.0,75.0,1
2023-09-08,5,9,11.19,False,,0,,0,2,75.0,0.0,0.0,0.0,0.0,20.0,1,0,0,0.0,8.31249988079071,13.787500143051147,0.0,False,0.0,0.0,0.0,0.0,0
2023-09-09,6,9,11.25,False,,0,,0,0,0.0,0.0,0.0,0.0,0.0,0.0,0,0,0,0.0,7.387499928474426,11.162500023841858,0.0,False,0.0,0.0,2.0,113.0,0
2023-09-10,7,9,11.32,False,,0,,0,1,113.0,0.0,0.0,2.0,0.0,33.0,0,0,0,0.0,9.787499904632568,11.299999952316284,0.0,False,0.0,0.0,0.0,0.0,0
2023-09-11,1,9,11.38,False,,0,,0,0,0.0,0.0,0.0,0.0,0.0,12.0,0,0,0,0.0,7.837500035762787,12.212500095367432,0.0,False,0.0,0.0,0.0,0.0,0
2023-09-12,2,9,11.45,False,,0,,0,0,0.0,0.0,0.0,0.0,0.0,0.0,0,0,0,0.0,7.437500059604645,14.350000143051147,0.0,False,0.0,0.0,0.0,0.0,0
2023-09-13,3,9,11.51,False,,0,,0,0,0.0,0.0,0.0,0.0,0.0,44.0,0,0,0,1.75,11.537499904632568,17.487500429153442,1.2,False,0.0,0.0,0.0,0.0,0
2023-09-14,4,9,11.58,False,,0,,0,0,0.0,0.0,0.0,0.0,0.0,22.0,0,0,0,37.75,9.187499940395355,17.662500143051147,2.5,False,0.0,0.0,0.0,0.0,0
2023-09-15,5,9,11.64,False,,0,,0,0,0.0,0.0,0.0,0.0,0.0,17.0,0,0,0,93.75,7.400000035762787,16.387500405311584,0.1,False,0.0,0.0,0.0,33.0,0
2023-09-16,6,9,11.71,False,,0,,0,1,33.0,0.0,0.0,0.0,0.0,0.0,0,0,0,71.0,7.012499928474426,14.637500166893005,0.0,False,0.0,0.0,0.0,130.0,0
2023-09-17,7,9,11.77,False,,0,,0,1,130.0,0.0,0.0,0.0,0.0,6.0,0,1,0,0.0,9.387499928474426,14.137499928474426,0.0,False,0.0,0.0,0.0,123.0,0
2023-09-18,1,9,11.84,False,,0,,0,1,123.0,0.0,0.0,0.0,0.0,17.0,0,1,0,0.0,8.587500035762787,14.387499928474426,0.0,False,0.0,0.0,0.0,31.0,0
2023-09-19,2,9,11.9,False,,0,,0,1,31.0,0.0,0.0,0.0,0.0,30.0,0,0,0,1.375,13.962500095367432,17.950000047683716,0.1,False,0.0,0.0,1.0,113.0,0
2023-09-20,3,9,11.97,False,,0,,0,1,113.0,0.0,0.0,1.0,0.0,0.0,0,0,0,27.625,6.225000023841858,16.200000047683716,0.0,,0.0,0.0,0.0,183.0,0
2023-09-21,4,9,12.03,False,,0,,0,2,183.0,0.0,0.0,0.0,3.0,0.0,0,0,0,0.0,10.924999833106995,15.975000143051147,0.0,False,0.0,0.0,0.0,0.0,0
2023-09-22,5,9,12.1,False,,0,,0,0,0.0,0.0,0.0,0.0,0.0,0.0,0,0,0,0.0,11.337500214576721,16.899999976158142,0.0,False,0.0,0.0,0.0,0.0,0
2023-09-23,6,9,12.16,False,,0,,0,0,0.0,0.0,0.0,0.0,0.0,15.0,0,0,0,0.0,10.474999904632568,17.637499928474426,0.0,False,0.0,0.0,0.0,0.0,0
2023-09-24,7,9,12.23,False,,0,,0,0,0.0,0.0,0.0,0.0,0.0,0.0,0,0,0,0.0,7.6499998569488525,16.074999809265137,0.0,False,0.0,0.0,0.0,55.0,0
2023-09-25,1,9,12.29,False,,0,,0,1,55.0,0.0,0.0,0.0,0.0,19.0,0,0,2,0.0,8.350000023841858,16.625,0.0,False,0.0,0.0,0.0,0.0,0
2023-09-26,2,9,12.36,False,,0,,0,0,0.0,0.0,0.0,0.0,0.0,38.0,0,0,0,0.0,6.637499988079071,14.237500071525574,0.0,False,0.0,0.0,0.0,51.0,2
2023-09-27,3,9,12.42,False,,0,,0,2,51.0,0.0,0.0,0.0,0.0,0.0,2,0,0,0.0,8.9375,12.337499976158142,0.0,False,0.0,0.0,0.0,0.0,0
2023-09-28,4,9,12.49,False,,0,,0,0,0.0,0.0,0.0,0.0,0.0,44.0,0,0,0,0.0,9.987499952316284,13.75,0.0,False,0.0,0.0,0.0,0.0,0
2023-09-29,5,9,12.55,False,,0,,0,0,0.0,0.0,0.0,0.0,0.0,0.0,0,0,0,0.0,7.274999976158142,14.525000095367432,0.0,False,0.0,0.0,0.0,64.0,1
2023-09-30,6,9,12.62,False,,0,,0,1,64.0,0.0,0.0,0.0,0.0,40.0,1,0,0,0.0,8.537499904632568,14.400000095367432,0.0,False,0.0,0.0,0.0,0.0,0
2023-10-01,7,10,12.68,False,День захисників і захисниць,2,,0,0,0.0,0.0,0.0,0.0,0.0,30.0,0,0,0,12.75,10.037499904632568,11.450000047683716,0.0,False,0.0,0.0,0.0,41.0,0
2023-10-02,1,10,12.75,False,,0,,0,1,41.0,0.0,0.0,0.0,1.0,0.0,0,0,0,0.375,6.362499952316284,8.662500023841858,0.0,False,0.0,0.0,0.0,0.0,0
2023-10-03,2,10,12.81,False,,0,,0,0,0.0,0.0,0.0,0.0,0.0,31.0,0,0,0,0.0,14.387500047683716,12.475000023841858,0.0,False,0.0,0.0,0.0,0.0,0
2023-10-04,3,10,12.88,False,,0,,0,0,0.0,0.0,0.0,0.0,0.0,0.0,0,0,0,10.25,12.112499952316284,11.524999856948853,0.0,False,0.0,0.0,0.0,0.0,0
2023-10-05,4,10,12.94,False,,0,,0,0,0.0,0.0,0.0,0.0,0.0,29.0,0,0,0,16.625,17.412500023841858,13.3125,0.0,False,0.0,0.0,0.0,0.0,0
2023-10-06,5,10,13.0,False,,0,,0,0,0.0,0.0,0.0,0.0,0.0,33.0,0,0,0,0.25,11.612500071525574,7.837499976158142,0.0,False,0.0,0.0,0.0,0.0,0
2023-10-07,6,10,13.07,False,,0,,0,0,0.0,0.0,0.0,0.0,0.0,0.0,0,0,0,3.625,20.325000047683716,12.737499952316284,2.1,False,0.0,0.0,0.0,0.0,0
2023-10-08,7,10,13.13,False,,0,,0,0,0.0,0.0,0.0,0.0,0.0,0.0,0,0,0,49.625,25.72499990463257,5.862500071525574,0.0,False,0.0,0.0,0.0,0.0,0
2023-10-09,1,10,13.2,False,,0,,0,0,0.0,0.0,0.0,0.0,1.0,0.0,0,0,0,7.875,11.587500095367432,4.024999976158142,0.0,False,0.0,0.0,0.0,0.0,0
2023-10-10,2,10,13.26,False,,0,,0,0,0.0,0.0,0.0,0.0,0.0,36.0,0,0,0,3.25,6.28750005364418,1.4375000335276127,0.0,False,0.0,0.0,0.0,0.0,0
2023-10-11,3,10,13.32,False,,0,,0,0,0.0,0.0,0.0,0.0,0.0,0.0,0,0,0,36.875,22.924999952316284,10.837500095367432,0.0,False,0.0,0.0,0.0,0.0,0
2023-10-12,4,10,13.39,False,,0,,0,0,0.0,0.0,0.0,0.0,0.0,33.0,0,0,0,14.875,14.725000023841858,14.824999809265137,1.7,False,0.0,0.0,0.0,0.0,0
2023-10-13,5,10,13.45,False,,0,,0,0,0.0,0.0,0.0,0.0,0.0,0.0,0,0,0,0.0,10.212500035762787,8.999999761581421,0.0,False,0.0,0.0,0.0,0.0,0
2023-10-14,6,10,13.51,False,,0,,0,0,0.0,0.0,0.0,0.0,0.0,0.0,0,0,0,0.25,18.237500071525574,15.74999988079071,0.0,False,0.0,0.0,0.0,0.0,0
2023-10-15,7,10,13.58,True,,0,,0,0,0.0,0.0,0.0,0.0,0.0,0.0,0,0,0,76.0,13.862499952316284,8.537499964237213,9.900001,False,0.0,0.0,1.0,0.0,0
2023-10-16,1,10,13.64,True,,0,,0,0,0.0,0.0,0.0,1.0,0.0,12.0,0,0,0,48.625,18.600000143051147,5.662500023841858,0.3,False,0.0,0.0,0.0,0.0,0
2023-10-17,2,10,13.7,True,,0,,0,0,0.0,0.0,0.0,0.0,0.0,0.0,0,0,0,0.0,11.274999976158142,3.387500047683716,0.0,False,0.0,0.0,0.0,70.0,0
2023-10-18,3,10,13.76,True,,0,,0,1,70.0,0.0,0.0,0.0,0.0,0.0,0,0,0,76.75,11.587499856948853,6.250000059604645,0.0,False,0.0,0.0,0.0,0.0,0
2023-10-19,4,10,13.82,True,,0,,0,0,0.0,0.0,0.0,0.0,0.0,0.0,0,0,0,19.5,9.587500095367432,8.337499976158142,2.0,False,0.0,0.0,0.0,0.0,0
2023-10-20,5,10,13.88,True,,0,,0,0,0.0,0.0,0.0,0.0,0.0,0.0,0,0,0,21.125,7.000000059604645,12.362500071525574,1.3,False,0.0,0.0,0.0,0.0,0
2023-10-21,6,10,13.94,True,,0,,0,0,0.0,0.0,0.0,0.0,0.0,0.0,0,0,0,3.25,15.537499904632568,8.624999940395355,0.0,False,0.0,0.0,2.0,0.0,0
2023-10-22,7,10,14.01,True,,0,,0,0,0.0,0.0,0.0,2.0,1.0,0.0,0,0,0,0.25,14.950000166893005,14.612499952316284,0.0,True,1.0,0.0,2.0,49.0,0
2023-10-23,1,10,14.07,True,,0,,0,1,49.0,1.0,0.0,2.0,0.0,0.0,0,0,0,2.375,13.900000095367432,9.837500095367432,0.0,False,0.0,0.0,0.0,0.0,0
2023-10-24,2,10,14.13,True,,0,,0,0,0.0,0.0,0.0,0.0,0.0,0.0,0,0,0,13.75,11.550000011920929,7.499999940395355,0.0,False,0.0,0.0,2.0,0.0,0
2023-10-25,3,10,14.19,True,,0,,0,0,0.0,0.0,0.0,2.0,0.0,11.0,0,0,0,77.875,11.024999976158142,11.900000214576721,1.9,False,0.0,0.0,0.0,0.0,0
2023-10-26,4,10,14.24,True,,0,,0,0,0.0,0.0,0.0,0.0,0.0,0.0,0,0,0,32.25,11.4375,11.362499952316284,5.8999996,False,0.0,0.0,0.0,0.0,0
2023-10-27,5,10,14.3,True,,0,,0,0,0.0,0.0,0.0,0.0,0.0,0.0,0,0,0,20.625,15.512500166893005,13.462499976158142,5.9,False,0.0,0.0,0.0,66.0,0
2023-10-28,6,10,14.36,True,,0,,0,1,66.0,0.0,0.0,0.0,0.0,0.0,0,0,0,97.66666666666667,11.688888867696127,9.455555650922987,0.0,False,0.0,0.0,0.0,56.0,0
2023-10-29,7,10,14.42,True,,0,,0,0,56.0,0.0,0.0,0.0,0.0,0.0,0,0,0,1.375,14.537500262260437,9.299999833106995,0.0,False,0.0,0.0,2.0,0.0,0
2023-10-30,1,10,14.48,True,,0,,0,0,0.0,0.0,0.0,2.0,0.0,12.0,0,0,0,0.75,12.037500023841858,11.99999988079071,0.0,False,0.0,0.0,0.0,0.0,0
2023-10-31,2,10,14.53,True,,0,,0,0,0.0,0.0,0.0,0.0,0.0,0.0,0,0,0,15.0,18.125,13.262499928474426,0.0,False,0.0,0.0,1.0,51.0,0
2023-11-01,3,11,14.59,True,,0,,0,2,51.0,0.0,0.0,1.0,0.0,0.0,0,0,0,50.125,12.725000143051147,8.400000035762787,0.0,False,0.0,0.0,0.0,0.0,0
2023-11-02,4,11,14.65,True,,0,,0,0,0.0,0.0,0.0,0.0,0.0,0.0,0,0,0,0.0,9.262499928474426,5.449999988079071,0.0,False,0.0,0.0,4.0,0.0,0
2023-11-03,5,11,14.7,True,,0,,0,0,0.0,0.0,0.0,4.0,0.0,0.0,0,0,0,100.0,20.47499990463257,10.462499737739563,0.70000005,False,0.0,0.0,0.0,0.0,0
2023-11-04,6,11,14.76,True,,0,День єдності,2,0,0.0,0.0,0.0,0.0,0.0,0.0,0,0,0,84.125,22.012499928474426,14.175000190734863,24.0,False,0.0,0.0,0.0,150.0,0
2023-11-05,7,11,14.81,True,,0,,0,1,150.0,0.0,0.0,0.0,0.0,0.0,0,0,1,15.5,17.049999475479126,11.550000190734863,1.6,False,0.0,0.0,0.0,0.0,0
2023-11-06,1,11,14.86,True,,0,,0,0,0.0,0.0,0.0,0.0,0.0,22.0,0,0,0,0.0,17.71250009536743,8.487500071525574,0.0,False,0.0,0.0,0.0,87.0,1
2023-11-07,2,11,14.92,True,,0,,0,1,87.0,0.0,0.0,0.0,0.0,0.0,1,0,0,0.5,9.087499916553497,6.887500047683716,0.0,False,0.0,0.0,0.0,0.0,0
2023-11-08,3,11,14.97,True,,0,,0,0,0.0,0.0,0.0,0.0,0.0,0.0,0,0,0,15.5,12.850000023841858,5.562500059604645,0.0,False,0.0,0.0,0.0,40.0,0
2023-11-09,4,11,15.02,True,,0,,0,1,40.0,0.0,0.0,0.0,0.0,0.0,0,0,0,1.125,7.487499952316284,2.5,0.0,False,0.0,0.0,0.0,90.0,1
2023-11-10,5,11,15.07,True,,0,,0,1,90.0,0.0,0.0,0.0,1.0,0.0,1,0,0,10.375,21.074999809265137,7.837500035762787,0.0,True,1.0,1.0,2.0,268.0,0
2023-11-11,6,11,15.12,True,,0,,0,2,268.0,1.0,1.0,2.0,1.0,31.0,0,0,0,100.0,6.9375,8.400000214576721,7.1000004,,0.0,0.0,0.0,207.0,0
2023-11-12,7,11,15.17,True,,0,,0,1,207.0,0.0,0.0,0.0,0.0,0.0,0,0,0,90.875,21.8125,6.074999988079071,0.0,False,0.0,0.0,0.0,0.0,0
2023-11-13,1,11,15.22,True,,0,,0,0,0.0,0.0,0.0,0.0,0.0,0.0,0,0,0,0.125,11.899999976158142,2.2124999910593033,0.0,False,0.0,0.0,0.0,12.0,0
2023-11-14,2,11,15.27,True,,0,,0,1,12.0,0.0,0.0,0.0,0.0,9.0,0,0,0,47.875,16.675000190734863,6.512499988079071,0.0,False,0.0,0.0,0.0,177.0,0
2023-11-15,3,11,15.31,True,,0,,0,2,177.0,0.0,0.0,0.0,0.0,0.0,0,0,0,57.625,12.475000023841858,6.812499940395355,1.2,False,0.0,0.0,0.0,142.0,1
2023-11-16,4,11,15.36,True,,0,,0,2,142.0,0.0,0.0,0.0,0.0,18.0,1,0,0,63.625,14.6875,1.0999999977648258,0.3,False,0.0,0.0,1.0,0.0,0
2023-11-17,5,11,15.4,True,,0,,0,0,0.0,0.0,0.0,1.0,0.0,0.0,0,0,0,92.75,11.125,2.0999999791383743,0.0,True,1.0,0.0,2.0,114.0,0
2023-11-18,6,11,15.45,True,,0,,0,2,114.0,1.0,0.0,2.0,0.0,38.0,0,0,0,97.5,14.550000071525574,-1.124999986961484,0.0,True,2.0,1.0,2.0,190.0,0
2023-11-19,7,11,15.49,True,,0,,0,2,190.0,2.0,1.0,2.0,0.0,20.0,0,0,0,99.75,12.212499976158142,-2.224999949336052,0.0,False,0.0,0.0,0.0,0.0,0
2023-11-20,1,11,15.53,True,,0,,0,0,0.0,0.0,0.0,0.0,0.0,0.0,0,0,0,0.625,6.862499952316284,-5.112500011920929,0.0,False,0.0,0.0,2.0,0.0,0
2023-11-21,2,11,15.58,True,,0,,0,0,0.0,0.0,0.0,2.0,0.0,10.0,0,0,0,100.0,10.325000047683716,-1.3250000178813934,2.2,False,0.0,0.0,2.0,0.0,0
2023-11-22,3,11,15.62,True,,0,,0,0,0.0,0.0,0.0,2.0,1.0,14.0,0,0,0,96.0,10.237500011920929,-6.049999952316284,0.0,False,0.0,0.0,0.0,0.0,0
2023-11-23,4,11,15.65,True,,0,,0,0,0.0,0.0,0.0,0.0,0.0,0.0,0,0,0,91.5,30.72499990463257,2.9124999940395355,3.3999999,False,0.0,0.0,0.0,0.0,0
2023-11-24,5,11,15.69,True,,0,,0,0,0.0,0.0,0.0,0.0,0.0,0.0,0,0,0,2.125,16.625,-0.8750000074505806,0.0,True,5.0,1.0,1.0,368.0,0
2023-11-25,6,11,15.73,True,,0,,0,1,368.0,5.0,1.0,1.0,0.0,0.0,0,0,0,33.875,4.837499976158142,-2.862500011920929,0.0,True,1.0,0.0,0.0,231.0,0
2023-11-26,7,11,15.77,True,,0,,0,2,231.0,1.0,0.0,0.0,0.0,9.0,0,0,0,99.25,32.02500009536743,-2.6749999672174454,4.3,False,0.0,0.0,0.0,0.0,0
2023-11-27,1,11,15.8,True,,0,,0,0,0.0,0.0,0.0,0.0,0.0,0.0,0,0,0,38.0,18.537500143051147,-5.112499952316284,0.0,False,0.0,0.0,0.0,102.0,0
2023-11-28,2,11,15.83,True,,0,,0,1,102.0,0.0,0.0,0.0,0.0,0.0,0,0,0,90.75,23.21250009536743,0.9500000029802322,8.299999,False,0.0,0.0,3.0,70.0,1
2023-11-29,3,11,15.87,True,,0,,0,2,70.0,0.0,0.0,3.0,0.0,0.0,1,0,0,48.625,22.774999856948853,-4.174999952316284,0.0,False,0.0,0.0,1.0,8.0,0
2023-11-30,4,11,15.9,True,,0,,0,1,8.0,0.0,0.0,1.0,1.0,20.0,0,0,0,50.75,13.412499904632568,-1.762499988079071,2.3000002,True,1.0,0.0,0.0,105.0,1
2023-12-01,5,12,15.93,True,,0,,0,2,105.0,1.0,0.0,0.0,0.0,25.0,1,0,0,77.875,4.562499970197678,-1.9874999672174454,0.3,False,0.0,0.0,0.0,27.0,0
2023-12-02,6,12,15.96,True,,0,,0,0,27.0,0.0,0.0,0.0,0.0,11.0,0,0,0,100.0,11.800000071525574,-0.22500000335276127,1.0,False,0.0,0.0,0.0,100.0,1
2023-12-03,7,12,15.98,True,,0,,0,1,100.0,0.0,0.0,0.0,1.0,12.0,1,0,0,92.125,12.449999928474426,-3.3624999821186066,0.2,False,0.0,0.0,2.0,109.0,0
2023-12-04,1,12,16.01,True,,0,,0,2,109.0,0.0,0.0,2.0,1.0,23.0,0,0,0,75.5,10.675000071525574,-3.8874999582767487,0.0,False,0.0,0.0,0.0,0.0,0
2023-12-05,2,12,16.03,True,,0,,0,0,0.0,0.0,0.0,0.0,0.0,17.0,0,0,0,100.0,14.575000166893005,-2.4874999821186066,2.6,False,0.0,0.0,1.0,0.0,0
2023-12-06,3,12,16.06,True,День Збройних Сил,2,,0,0,0.0,0.0,0.0,1.0,0.0,48.0,0,0,0,4.0,9.200000047683716,-7.5625,0.0,False,0.0,0.0,0.0,108.0,0
2023-12-07,4,12,16.08,True,,0,,0,1,108.0,0.0,0.0,0.0,0.0,18.0,0,0,0,100.0,10.100000023841858,-3.0750000178813934,1.3,True,0.0,1.0,0.0,170.0,1
2023-12-08,5,12,16.1,True,,0,,0,2,170.0,0.0,1.0,0.0,1.0,0.0,1,0,0,99.625,4.975000023841858,-3.8124999403953552,0.0,,0.0,0.0,0.0,0.0,0
2023-12-09,6,12,16.12,True,,0,,0,0,0.0,0.0,0.0,0.0,0.0,0.0,0,0,0,100.0,4.912499904632568,-5.074999928474426,0.0,False,0.0,0.0,0.0,68.0,1
2023-12-10,7,12,16.13,True,,0,,0,1,68.0,0.0,0.0,0.0,0.0,0.0,1,0,0,100.0,10.637500047683716,-1.9749999940395355,0.0,True,0.0,1.0,0.0,46.0,0
2023-12-11,1,12,16.15,True,,0,,0,1,46.0,0.0,1.0,0.0,1.0,18.0,0,0,0,100.0,11.712500095367432,-1.8125000149011612,0.0,False,0.0,0.0,0.0,0.0,0
2023-12-12,2,12,16.16,True,,0,День конституції рф,1,0,0.0,0.0,0.0,0.0,0.0,0.0,0,0,0,100.0,9.299999952316284,-0.03750000149011612,0.0,False,0.0,0.0,2.0,37.0,0
2023-12-13,3,12,16.18,True,,0,,0,1,37.0,0.0,0.0,2.0,1.0,0.0,0,0,0,100.0,22.037500143051147,0.3125000027939677,7.2000003,False,0.0,0.0,0.0,81.0,0
2023-12-14,4,12,16.19,True,,0,,0,2,81.0,0.0,0.0,0.0,1.0,42.0,0,0,0,100.0,17.987500190734863,-4.337499976158142,0.0,,0.0,0.0,0.0,196.0,0
2023-12-15,5,12,16.2,True,,0,,0,3,196.0,0.0,0.0,0.0,1.0,0.0,0,0,0,93.75,12.387500047683716,-2.8624999821186066,0.2,True,2.0,1.0,3.0,256.0,0
2023-12-16,6,12,16.21,True,,0,,0,1,256.0,2.0,1.0,3.0,1.0,31.0,0,0,0,94.5,16.700000166893005,1.3374999910593033,0.4,False,0.0,0.0,0.0,17.0,0
2023-12-17,7,12,16.21,True,,0,,0,1,17.0,0.0,0.0,0.0,1.0,0.0,0,0,0,100.0,19.950000047683716,3.824999988079071,2.1000001,False,0.0,0.0,2.0,0.0,0
2023-12-18,1,12,16.22,True,,0,,0,0,0.0,0.0,0.0,2.0,0.0,0.0,0,0,0,100.0,13.00000011920929,3.487499952316284,0.0,False,0.0,0.0,0.0,0.0,0
2023-12-19,2,12,16.22,True,,0,,0,0,0.0,0.0,0.0,0.0,0.0,0.0,0,0,0,26.0,18.012499809265137,4.924999982118607,0.0,False,0.0,0.0,2.0,92.0,0
2023-12-20,3,12,16.22,True,,0,,0,1,92.0,0.0,0.0,2.0,0.0,0.0,0,0,0,52.75,15.612499952316284,3.0374999940395355,0.0,False,0.0,0.0,1.0,65.0,1
2023-12-21,4,12,16.22,True,,0,,0,2,65.0,0.0,0.0,1.0,0.0,35.0,1,0,0,3.875,21.08750009536743,1.2499999925494194,0.0,False,0.0,0.0,4.0,119.0,0
2023-12-22,5,12,16.22,True,,0,,0,1,119.0,0.0,0.0,4.0,0.0,0.0,0,0,0,21.125,16.487499952316284,-0.6500000096857548,0.0,False,0.0,0.0,0.0,55.0,1
2023-12-23,6,12,16.22,True,,0,,0,1,55.0,0.0,0.0,0.0,0.0,0.0,1,0,0,76.125,17.77500009536743,-1.287499986588955,0.3,False,0.0,0.0,0.0,0.0,0
2023-12-24,7,12,16.21,True,,0,,0,0,0.0,0.0,0.0,0.0,0.0,15.0,0,0,0,62.5,14.1875,-1.5500000044703484,0.9,False,0.0,0.0,0.0,89.0,1
2023-12-25,1,12,16.21,True,Різдво,3,,0,1,89.0,0.0,0.0,0.0,0.0,31.0,1,0,0,56.75,24.787500381469727,4.337499976158142,0.0,True,0.0,1.0,1.0,119.0,0
2023-12-26,2,12,16.2,True,,0,,0,3,119.0,0.0,1.0,1.0,0.0,19.0,0,0,0,66.5,23.887499809265137,7.350000023841858,0.1,False,0.0,0.0,0.0,59.0,1
2023-12-27,3,12,16.19,True,,0,,0,1,59.0,0.0,0.0,0.0,0.0,46.0,1,0,0,51.25,19.799999952316284,1.0374999856576324,0.0,False,0.0,0.0,0.0,27.0,1
2023-12-28,4,12,16.18,True,,0,,0,1,27.0,0.0,0.0,0.0,0.0,0.0,1,0,0,49.5,16.725000023841858,4.350000023841858,0.0,True,1.0,2.0,3.0,281.0,0
2023-12-29,5,12,16.17,True,,0,,0,3,281.0,1.0,2.0,3.0,1.0,0.0,0,0,0,1.125,17.274999856948853,4.325000137090683,0.0,False,0.0,0.0,0.0,151.0,1
2023-12-30,6,12,16.16,True,,0,,0,2,151.0,0.0,0.0,0.0,0.0,0.0,1,0,0,66.0,19.762500047683716,4.637499958276749,0.0,False,0.0,0.0,5.0,67.0,0
2023-12-31,7,12,16.14,True,,0,,0,1,67.0,0.0,0.0,5.0,1.0,0.0,0,0,0,27.25,7.437500059604645,-2.300000000745058,0.0,True,1.0,0.0,3.0,209.0,2
2024-01-01,1,1,16.12,True,Новий рік,3,Новий рік,2,3,209.0,1.0,0.0,3.0,0.0,10.0,2,0,0,99.375,17.550000071525574,4.174999982118607,3.3999999,True,6.0,12.0,1.0,573.0,0
2024-01-02,2,1,16.11,True,,0,,0,4,573.0,6.0,12.0,1.0,7.0,35.0,0,2,0,98.375,7.912499964237213,-6.225000083446503,0.0,False,0.0,0.0,0.0,38.0,0
2024-01-03,3,1,16.09,True,,0,,0,1,38.0,0.0,0.0,0.0,0.0,0.0,0,0,0,100.0,14.299999833106995,1.7125000283122063,1.5,False,0.0,0.0,1.0,0.0,0
2024-01-04,4,1,16.07,True,,0,,0,0,0.0,0.0,0.0,1.0,0.0,0.0,0,0,0,100.0,10.187499940395355,1.9374999701976776,1.0,False,0.0,0.0,2.0,30.0,0
2024-01-05,5,1,16.04,True,,0,,0,1,30.0,0.0,0.0,2.0,0.0,29.0,0,0,0,66.0,8.437499940395355,-5.200000017881393,0.0,False,0.0,0.0,2.0,128.0,1
2024-01-06,6,1,16.02,True,,0,,0,1,128.0,0.0,0.0,2.0,0.0,0.0,1,0,0,65.75,17.299999952316284,-4.849999964237213,0.0,False,0.0,0.0,2.0,70.0,1
2024-01-07,7,1,16.0,True,,0,Різдво (РПЦ),2,1,70.0,0.0,0.0,2.0,0.0,28.0,1,0,0,0.0,21.112500190734863,-12.174999833106995,0.0,False,0.0,0.0,0.0,160.0,1
2024-01-08,1,1,15.97,True,,0,,0,2,160.0,0.0,0.0,0.0,3.0,0.0,1,1,0,2.25,13.637499809265137,-15.537500143051147,0.0,False,0.0,0.0,0.0,0.0,0
2024-01-09,2,1,15.94,True,,0,,0,0,0.0,0.0,0.0,0.0,0.0,0.0,0,0,0,100.0,18.912500023841858,-4.950000077486038,0.0,False,0.0,0.0,0.0,51.0,1
2024-01-10,3,1,15.91,True,,0,,0,1,51.0,0.0,0.0,0.0,0.0,0.0,1,0,0,100.0,19.46250009536743,-2.1499999463558197,0.5,False,0.0,0.0,0.0,0.0,0
2024-01-11,4,1,15.88,True,,0,,0,0,0.0,0.0,0.0,0.0,0.0,0.0,0,0,0,78.5,23.625,-6.8874998688697815,0.4,False,0.0,0.0,0.0,76.0,1
2024-01-12,5,1,15.85,True,,0,,0,1,76.0,0.0,0.0,0.0,0.0,0.0,1,0,0,44.0,15.737499833106995,-9.099999964237213,1.0,True,0.0,3.0,3.0,191.0,2
2024-01-13,6,1,15.82,True,,0,,0,4,191.0,0.0,3.0,3.0,2.0,0.0,2,1,0,88.625,10.150000095367432,-6.550000071525574,0.1,False,0.0,0.0,0.0,97.0,0
2024-01-14,7,1,15.78,True,,0,,0,1,97.0,0.0,0.0,0.0,0.0,0.0,0,0,0,99.0,17.96250009536743,-1.0874999910593033,0.5,False,0.0,0.0,0.0,26.0,0
2024-01-15,1,1,15.75,True,,0,,0,1,26.0,0.0,0.0,0.0,0.0,0.0,0,0,0,2.625,11.724999904632568,-2.4874999821186066,0.0,False,0.0,0.0,0.0,80.0,1
2024-01-16,2,1,15.71,True,,0,,0,1,80.0,0.0,0.0,0.0,0.0,0.0,1,0,0,0.0,14.412500143051147,-7.312499940395355,0.0,False,0.0,0.0,0.0,91.0,0
2024-01-17,3,1,15.67,True,,0,,0,1,91.0,0.0,0.0,0.0,0.0,20.0,0,0,0,44.375,23.12499976158142,-5.162499964237213,1.3,False,0.0,0.0,0.0,51.0,0
2024-01-18,4,1,15.64,True,,0,,0,2,51.0,0.0,0.0,0.0,0.0,33.0,0,0,0,75.75,9.599999964237213,1.5125000178813934,0.70000005,False,0.0,0.0,0.0,78.0,0
2024-01-19,5,1,15.6,True,,0,,0,0,78.0,0.0,0.0,0.0,0.0,0.0,0,0,0,28.125,14.612500071525574,-3.5249999165534973,0.90000004,True,1.0,0.0,1.0,0.0,0
2024-01-20,6,1,15.56,True,,0,,0,0,0.0,1.0,0.0,1.0,0.0,7.0,0,0,0,88.125,17.02500021457672,-0.6500000087544322,1.3000001,False,0.0,0.0,0.0,31.0,1
2024-01-21,7,1,15.51,True,,0,,0,1,31.0,0.0,0.0,0.0,0.0,0.0,1,0,0,99.0,4.312499985098839,-5.175000011920929,0.0,False,0.0,0.0,0.0,0.0,0
2024-01-22,1,1,15.47,True,День Соборності,2,,0,0,0.0,0.0,0.0,0.0,0.0,8.0,0,0,0,27.5,23.72499990463257,-2.0125000029802322,0.0,True,0.0,2.0,0.0,264.0,2
2024-01-23,2,1,15.43,True,,0,,0,3,264.0,0.0,2.0,0.0,2.0,0.0,2,0,0,87.875,13.525000214576721,-0.3125000027939677,1.4000001,,0.0,0.0,1.0,231.0,1
2024-01-24,3,1,15.38,True,,0,,0,3,231.0,0.0,0.0,1.0,0.0,0.0,1,0,0,100.0,19.662500143051147,1.4124999791383743,1.9,False,0.0,0.0,0.0,117.0,0
2024-01-25,4,1,15.34,True,,0,,0,0,117.0,0.0,0.0,0.0,0.0,14.0,0,0,0,100.0,13.212499976158142,1.0000000074505806,0.1,False,0.0,0.0,0.0,0.0,0
2024-01-26,5,1,15.29,True,,0,,0,0,0.0,0.0,0.0,0.0,0.0,0.0,0,0,0,100.0,12.050000071525574,0.22500000707805157,0.2,False,0.0,0.0,0.0,58.0,1
2024-01-27,6,1,15.24,True,,0,,0,1,58.0,0.0,0.0,0.0,0.0,0.0,1,0,0,100.0,13.93749988079071,-0.8374999910593033,0.0,False,0.0,0.0,0.0,34.0,0
2024-01-28,7,1,15.19,True,,0,,0,1,34.0,0.0,0.0,0.0,0.0,8.0,0,0,0,66.625,10.900000035762787,-3.5874999463558197,0.0,False,0.0,0.0,2.0,34.0,0
2024-01-29,1,1,15.15,True,,0,,0,1,34.0,0.0,0.0,2.0,0.0,8.0,0,0,0,86.125,8.662499964237213,-2.350000023841858,0.0,False,0.0,0.0,2.0,0.0,0
2024-01-30,2,1,15.1,True,,0,,0,0,0.0,0.0,0.0,2.0,0.0,35.0,0,0,0,0.0,12.424999952316284,-2.3374999910593033,0.0,False,0.0,0.0,0.0,26.0,0
2024-01-31,3,1,15.05,True,,0,,0,1,26.0,0.0,0.0,0.0,0.0,20.0,0,0,0,53.625,14.175000071525574,0.7249999986961484,0.0,False,0.0,0.0,0.0,119.0,2
2024-02-01,4,2,14.99,True,,0,,0,2,119.0,0.0,0.0,0.0,0.0,0.0,2,0,0,91.375,20.53749966621399,1.8375000059604645,0.1,False,0.0,0.0,0.0,0.0,0
2024-02-02,5,2,14.94,True,,0,,0,0,0.0,0.0,0.0,0.0,0.0,24.0,0,0,0,95.75,16.450000047683716,0.6374999973922968,0.1,False,0.0,0.0,2.0,21.0,0
2024-02-03,6,2,14.89,True,,0,,0,1,21.0,0.0,0.0,2.0,0.0,14.0,0,0,0,97.5,25.4375,5.275000035762787,0.2,False,0.0,0.0,0.0,36.0,0
2024-02-04,7,2,14.84,True,,0,,0,1,36.0,0.0,0.0,0.0,0.0,0.0,0,0,0,86.5,24.72499990463257,2.662500023841858,2.9,,0.0,0.0,0.0,0.0,0
2024-02-05,1,2,14.78,True,,0,,0,0,0.0,0.0,0.0,0.0,0.0,0.0,0,0,0,0.0,20.387500166893005,0.05000000260770321,0.0,False,0.0,0.0,0.0,0.0,0
2024-02-06,2,2,14.73,True,,0,,0,0,0.0,0.0,0.0,0.0,0.0,0.0,0,0,0,100.0,24.65000009536743,5.737500011920929,0.5,True,0.0,9.0,0.0,174.0,0
2024-02-07,3,2,14.67,True,,0,,0,1,174.0,0.0,9.0,0.0,3.0,0.0,0,1,0,75.125,18.449999809265137,2.375,1.5,False,0.0,0.0,2.0,0.0,0
2024-02-08,4,2,14.62,True,,0,,0,0,0.0,0.0,0.0,2.0,0.0,17.0,0,0,0,52.5,11.537499964237213,-2.0499999970197678,3.4,False,0.0,0.0,0.0,38.0,0
2024-02-09,5,2,14.56,True,,0,,0,1,38.0,0.0,0.0,0.0,0.0,16.0,0,0,0,100.0,15.43750011920929,-1.6875000149011612,4.1,False,0.0,0.0,0.0,59.0,0
2024-02-10,6,2,14.51,True,,0,,0,0,59.0,0.0,0.0,0.0,0.0,31.0,0,0,0,100.0,12.662500023841858,0.7625000029802322,0.0,True,1.0,0.0,3.0,120.0,0
2024-02-11,7,2,14.45,True,,0,,0,1,120.0,1.0,0.0,3.0,0.0,45.0,0,0,0,100.0,10.037499845027924,1.6874999850988388,0.0,False,0.0,0.0,1.0,0.0,0
2024-02-12,1,2,14.39,True,,0,,0,0,0.0,0.0,0.0,1.0,0.0,17.0,0,0,0,52.0,8.487500131130219,3.424999952316284,0.8,False,0.0,0.0,0.0,0.0,0
2024-02-13,2,2,14.33,True,,0,,0,0,0.0,0.0,0.0,0.0,0.0,23.0,0,0,0,100.0,8.387500047683716,4.350000023841858,4.7999997,False,0.0,0.0,0.0,0.0,0
2024-02-14,3,2,14.27,True,,0,,0,0,0.0,0.0,0.0,0.0,0.0,0.0,0,0,0,100.0,14.18750011920929,1.6375000178813934,0.1,True,0.0,3.0,0.0,235.0,2
2024-02-15,4,2,14.21,True,,0,,0,3,235.0,0.0,3.0,0.0,1.0,26.0,2,1,0,100.0,7.099999964237213,1.5625000149011612,0.0,False,0.0,0.0,0.0,5.0,0
2024-02-16,5,2,14.16,True,,0,,0,0,5.0,0.0,0.0,0.0,0.0,0.0,0,0,0,100.0,8.137499868869781,1.1625000014901161,0.0,False,0.0,0.0,0.0,39.0,0
2024-02-17,6,2,14.1,True,,0,,0,1,39.0,0.0,0.0,0.0,0.0,0.0,0,0,0,100.0,14.987500071525574,3.262500047683716,0.4,False,0.0,0.0,0.0,30.0,0
2024-02-18,7,2,14.04,True,,0,,0,1,30.0,0.0,0.0,0.0,0.0,0.0,0,0,0,0.375,7.537500023841858,-3.7999999821186066,0.0,False,0.0,0.0,0.0,0.0,0
2024-02-19,1,2,13.98,True,,0,,0,0,0.0,0.0,0.0,0.0,0.0,0.0,0,0,0,0.0,12.0,-3.1875,0.0,False,0.0,0.0,0.0,104.0,1
2024-02-20,2,2,13.91,True,,0,,0,2,104.0,0.0,0.0,0.0,0.0,0.0,1,0,0,99.75,15.324999928474426,1.5625,1.9000001,False,0.0,0.0,0.0,0.0,0
2024-02-21,3,2,13.85,True,,0,,0,0,0.0,0.0,0.0,0.0,0.0,0.0,0,0,0,70.0,9.874999940395355,1.6874999701976776,0.1,False,0.0,0.0,0.0,70.0,0
2024-02-22,4,2,13.79,True,,0,,0,1,70.0,0.0,0.0,0.0,0.0,0.0,0,0,0,17.25,21.40000009536743,4.924999952316284,0.1,False,0.0,0.0,0.0,0.0,0
2024-02-23,5,2,13.73,True,,0,День захисника вітчизни,3,0,0.0,0.0,0.0,0.0,0.0,31.0,0,0,0,6.625,20.43749976158142,6.412499904632568,0.70000005,False,0.0,0.0,4.0,104.0,0
2024-02-24,6,2,13.67,True,Річниця вторгнення,3,,0,1,104.0,0.0,0.0,4.0,0.0,0.0,0,0,0,62.75,21.612500190734863,8.025000035762787,0.0,False,0.0,0.0,3.0,0.0,0
2024-02-25,7,2,13.61,True,,0,,0,0,0.0,0.0,0.0,3.0,0.0,18.0,0,0,1,16.0,20.375,4.387500017881393,0.0,False,0.0,0.0,0.0,0.0,0
2024-02-26,1,2,13.54,True,,0,,0,0,0.0,0.0,0.0,0.0,0.0,0.0,0,0,0,0.0,14.987500071525574,1.4249999914318323,0.0,False,0.0,0.0,0.0,47.0,1
2024-02-27,2,2,13.48,True,,0,,0,1,47.0,0.0,0.0,0.0,0.0,0.0,1,0,0,0.0,13.699999928474426,1.1374999955296516,0.0,False,0.0,0.0,0.0,0.0,0
2024-02-28,3,2,13.42,True,,0,,0,0,0.0,0.0,0.0,0.0,0.0,10.0,0,0,0,0.0,13.424999952316284,2.225000023841858,0.0,False,0.0,0.0,0.0,20.0,0
2024-02-29,4,2,13.36,True,,0,,0,1,20.0,0.0,0.0,0.0,1.0,0.0,0,0,0,0.0,7.037499964237213,0.899999980814755,0.0,False,0.0,0.0,0.0,0.0,0
2024-03-01,5,3,13.29,True,,0,,0,0,0.0,0.0,0.0,0.0,0.0,4.0,0,0,0,3.625,9.362500011920929,0.3875000039115548,0.0,False,0.0,0.0,0.0,0.0,0
2024-03-02,6,3,13.23,True,,0,,0,0,0.0,0.0,0.0,0.0,0.0,0.0,0,0,0,24.875,8.162500023841858,-0.9000000152736902,0.0,False,0.0,0.0,0.0,0.0,0
2024-03-03,7,3,13.16,True,,0,,0,0,0.0,0.0,0.0,0.0,0.0,0.0,0,0,0,48.625,10.924999952316284,-0.3999999947845936,0.0,False,0.0,0.0,0.0,11.0,0
2024-03-04,1,3,13.1,True,,0,,0,1,11.0,0.0,0.0,0.0,0.0,0.0,0,0,0,1.375,9.74999988079071,2.0999999679625034,0.0,False,0.0,0.0,1.0,0.0,0
2024-03-05,2,3,13.04,True,,0,,0,0,0.0,0.0,0.0,1.0,0.0,0.0,0,0,0,98.625,11.100000023841858,3.175000011920929,0.0,False,0.0,0.0,1.0,24.0,1
2024-03-06,3,3,12.97,True,,0,,0,1,24.0,0.0,0.0,1.0,0.0,0.0,1,0,0,100.0,12.274999976158142,-0.6500000031664968,0.0,False,0.0,0.0,0.0,0.0,0
2024-03-07,4,3,12.91,True,,0,,0,0,0.0,0.0,0.0,0.0,0.0,0.0,0,0,0,86.75,4.175000060349703,-1.612500000745058,0.0,False,0.0,0.0,0.0,22.0,1
2024-03-08,5,3,12.84,True,8 березня,1,8 березня,1,1,22.0,0.0,0.0,0.0,0.0,37.0,1,0,0,0.375,9.474999904632568,-2.3624999821186066,0.0,False,0.0,0.0,0.0,21.0,0
2024-03-09,6,3,12.78,True,,0,,0,1,21.0,0.0,0.0,0.0,0.0,0.0,0,0,0,20.75,7.787499845027924,-1.4625000059604645,0.0,False,0.0,0.0,1.0,30.0,0
2024-03-10,7,3,12.71,True,,0,,0,1,30.0,0.0,0.0,1.0,0.0,39.0,0,0,0,0.0,11.712500095367432,-3.987500011920929,0.0,False,0.0,0.0,0.0,0.0,0
2024-03-11,1,3,12.65,True,,0,,0,0,0.0,0.0,0.0,0.0,0.0,0.0,0,0,0,2.0,14.150000095367432,-1.75,0.0,False,0.0,0.0,1.0,108.0,1
2024-03-12,2,3,12.59,True,,0,,0,4,108.0,0.0,0.0,1.0,0.0,0.0,1,0,0,88.75,16.850000143051147,0.03750000149011612,3.3999999,False,0.0,0.0,0.0,13.0,0
2024-03-13,3,3,12.52,True,,0,,0,0,13.0,0.0,0.0,0.0,0.0,0.0,0,0,0,15.0,10.024999976158142,0.48750000819563866,0.0,False,0.0,0.0,0.0,62.0,0
2024-03-14,4,3,12.46,True,,0,,0,2,62.0,0.0,0.0,0.0,0.0,0.0,0,0,0,86.875,5.475000023841858,1.4499999852851033,0.0,False,0.0,0.0,0.0,108.0,1
2024-03-15,5,3,12.39,True,,0,,0,3,108.0,0.0,0.0,0.0,0.0,27.0,1,0,0,99.625,3.387499988079071,2.437499985098839,0.0,False,0.0,0.0,0.0,34.0,1
2024-03-16,6,3,12.33,True,,0,,0,1,34.0,0.0,0.0,0.0,0.0,0.0,1,0,0,68.5,9.18749988079071,4.112500011920929,0.0,False,0.0,0.0,0.0,0.0,0
2024-03-17,7,3,12.26,True,,0,,0,0,0.0,0.0,0.0,0.0,0.0,16.0,0,0,0,99.875,14.037499904632568,4.299999952316284,3.1000001,False,0.0,0.0,1.0,33.0,0
2024-03-18,1,3,12.2,True,,0,,0,1,33.0,0.0,0.0,1.0,0.0,22.0,0,0,0,100.0,11.712499976158142,0.8125,3.8000002,False,0.0,0.0,0.0,13.0,1
2024-03-19,2,3,12.13,True,,0,,0,1,13.0,0.0,0.0,0.0,0.0,0.0,1,0,0,37.875,7.6875,-0.7124999985098839,0.0,False,0.0,0.0,0.0,45.0,1
2024-03-20,3,3,12.07,True,,0,,0,1,45.0,0.0,0.0,0.0,0.0,0.0,1,0,0,86.125,11.362499952316284,3.5875000059604645,0.0,True,0.0,5.0,0.0,195.0,0
2024-03-21,4,3,12.0,True,,0,,0,2,195.0,0.0,5.0,0.0,5.0,0.0,0,0,0,87.375,6.137500047683716,3.125,0.0,True,0.0,1.0,0.0,161.0,1
2024-03-22,5,3,11.93,True,,0,,0,2,161.0,0.0,1.0,0.0,3.0,63.0,1,0,0,21.625,12.762500047683716,5.550000071525574,0.0,False,0.0,0.0,0.0,0.0,0
2024-03-23,6,3,11.87,True,,0,,0,0,0.0,0.0,0.0,0.0,0.0,34.0,0,0,0,7.375,17.949999809265137,9.6875,0.3,False,0.0,0.0,0.0,172.0,0
2024-03-24,7,3,11.8,True,,0,,0,2,172.0,0.0,0.0,0.0,1.0,28.0,0,0,0,1.125,7.024999976158142,1.9374999925494194,0.0,True,0.0,1.0,0.0,35.0,0
2024-03-25,1,3,11.74,True,,0,,0,1,35.0,0.0,1.0,0.0,0.0,9.0,0,0,0,54.125,18.425000071525574,3.0750000178813934,2.0,False,0.0,0.0,0.0,49.0,0
2024-03-26,2,3,11.67,True,,0,,0,1,49.0,0.0,0.0,0.0,0.0,12.0,0,0,0,0.0,9.237500071525574,1.012499992735684,0.0,False,0.0,0.0,1.0,20.0,0
2024-03-27,3,3,11.61,True,,0,,0,1,20.0,0.0,0.0,1.0,0.0,0.0,0,0,0,37.625,17.09999978542328,4.1500000059604645,0.0,False,0.0,0.0,0.0,38.0,0
2024-03-28,4,3,11.54,True,,0,,0,1,38.0,0.0,0.0,0.0,0.0,28.0,0,0,0,12.875,13.300000071525574,8.600000023841858,1.0,,0.0,0.0,4.0,264.0,2
2024-03-29,5,3,11.48,True,,0,,0,4,264.0,0.0,0.0,4.0,1.0,60.0,2,0,0,0.0,8.724999964237213,4.937499940395355,0.0,False,0.0,0.0,0.0,16.0,0
2024-03-30,6,3,11.41,True,,0,,0,1,16.0,0.0,0.0,0.0,0.0,0.0,0,0,0,0.0,13.785714421953474,11.271428516932897,0.0,True,0.0,2.0,1.0,158.0,0
2024-03-31,7,3,11.35,True,,0,,0,4,158.0,0.0,2.0,1.0,2.0,11.0,0,0,0,0.0,15.700000047683716,13.12499988079071,0.0,False,0.0,0.0,0.0,50.0,0
2024-04-01,1,4,11.29,True,,0,,0,2,50.0,0.0,0.0,0.0,0.0,0.0,0,0,0,0.0,13.150000095367432,15.100000023841858,0.0,False,0.0,0.0,0.0,0.0,0
2024-04-02,2,4,11.22,True,,0,,0,0,0.0,0.0,0.0,0.0,0.0,0.0,0,0,0,62.625,25.59999990463257,10.224999845027924,0.6,False,0.0,0.0,1.0,0.0,0
2024-04-03,3,4,11.16,True,,0,,0,0,0.0,0.0,0.0,1.0,0.0,0.0,0,0,0,42.5,17.58750009536743,10.112500071525574,0.0,False,0.0,0.0,0.0,0.0,0
2024-04-04,4,4,11.09,True,,0,,0,0,0.0,0.0,0.0,0.0,0.0,20.0,0,0,0,0.0,8.499999940395355,2.0125000178813934,0.0,False,0.0,0.0,0.0,29.0,1
2024-04-05,5,4,11.03,True,,0,,0,1,29.0,0.0,0.0,0.0,0.0,13.0,1,0,0,5.5,8.837499976158142,8.524999976158142,0.0,True,1.0,1.0,1.0,216.0,1
2024-04-06,6,4,10.96,True,,0,,0,2,216.0,1.0,1.0,1.0,2.0,32.0,1,0,1,6.25,8.199999928474426,9.00000011920929,0.8,False,0.0,0.0,0.0,0.0,0
2024-04-07,7,4,10.9,True,,0,,0,0,0.0,0.0,0.0,0.0,0.0,17.0,0,0,0,0.0,8.437499940395355,8.375,0.0,False,0.0,0.0,1.0,0.0,0
2024-04-08,1,4,10.84,True,,0,,0,0,0.0,0.0,0.0,1.0,0.0,24.0,0,0,0,0.0,9.124999940395355,12.1875,0.0,False,0.0,0.0,0.0,43.0,1
2024-04-09,2,4,10.77,True,,0,,0,1,43.0,0.0,0.0,0.0,0.0,20.0,1,0,0,0.0,9.662499785423279,12.837499976158142,0.0,False,0.0,0.0,0.0,0.0,0
2024-04-10,3,4,10.71,True,,0,,0,0,0.0,0.0,0.0,0.0,0.0,17.0,0,0,0,0.0,9.924999833106995,13.300000071525574,0.0,True,0.0,1.0,0.0,153.0,1
2024-04-11,4,4,10.64,True,,0,,0,1,153.0,0.0,1.0,0.0,4.0,40.0,1,1,0,0.5,11.600000023841858,11.174999952316284,0.0,False,0.0,0.0,2.0,0.0,0
2024-04-12,5,4,10.58,True,,0,День космонавтики,1,0,0.0,0.0,0.0,2.0,0.0,17.0,0,0,0,24.625,10.012499988079071,10.837500095367432,0.0,False,0.0,0.0,0.0,20.0,1
2024-04-13,6,4,10.52,True,,0,,0,1,20.0,0.0,0.0,0.0,0.0,0.0,1,0,0,49.0,8.837500035762787,11.262499928474426,0.0,False,0.0,0.0,0.0,25.0,0
2024-04-14,7,4,10.46,True,,0,,0,1,25.0,0.0,0.0,0.0,0.0,10.0,0,0,0,10.0,14.049999952316284,12.787499904632568,1.5,False,0.0,0.0,0.0,0.0,0
2024-04-15,1,4,10.39,True,,0,,0,0,0.0,0.0,0.0,0.0,0.0,0.0,0,0,0,3.625,4.912499934434891,8.287499785423279,1.0,False,0.0,0.0,0.0,0.0,0
2024-04-16,2,4,10.33,False,,0,,0,0,0.0,0.0,0.0,0.0,0.0,9.0,0,0,0,69.25,12.274999767541885,11.0,7.6000004,True,0.0,1.0,0.0,88.0,0
2024-04-17,3,4,10.27,False,,0,,0,3,88.0,0.0,1.0,0.0,2.0,0.0,0,0,0,71.875,7.849999964237213,7.662499964237213,0.6,False,0.0,0.0,1.0,30.0,0
2024-04-18,4,4,10.21,False,,0,,0,1,30.0,0.0,0.0,1.0,1.0,13.0,0,0,0,100.0,20.53749966621399,5.174999952316284,4.4000006,False,0.0,0.0,0.0,94.0,0
2024-04-19,5,4,10.15,False,,0,,0,1,94.0,0.0,0.0,0.0,0.0,14.0,0,0,0,0.0,9.062499701976776,2.675000011920929,0.0,False,0.0,0.0,0.0,96.0,0
2024-04-20,6,4,10.09,False,,0,,0,3,96.0,0.0,0.0,0.0,0.0,0.0,0,0,0,19.375,15.774999856948853,8.112499952316284,7.1000004,False,0.0,0.0,0.0,28.0,1
2024-04-21,7,4,10.02,False,,0,,0,1,28.0,0.0,0.0,0.0,0.0,0.0,1,0,0,100.0,24.774999856948853,5.199999988079071,5.2,False,0.0,0.0,0.0,0.0,0
2024-04-22,1,4,9.96,False,,0,,0,0,0.0,0.0,0.0,0.0,0.0,7.0,0,0,0,32.375,5.78750005364418,6.900000095367432,0.4,True,1.0,0.0,0.0,59.0,0
2024-04-23,2,4,9.9,False,,0,,0,2,59.0,1.0,0.0,0.0,0.0,16.0,0,0,0,62.625,12.325000047683716,8.62500011920929,0.3,False,0.0,0.0,0.0,57.0,0
2024-04-24,3,4,9.84,False,,0,,0,2,57.0,0.0,0.0,0.0,0.0,0.0,0,0,0,0.0,9.749999940395355,9.987500071525574,0.0,False,0.0,0.0,0.0,26.0,1
2024-04-25,4,4,9.79,False,,0,,0,1,26.0,0.0,0.0,0.0,1.0,0.0,1,0,0,4.625,8.274999856948853,10.362499952316284,0.3,False,0.0,0.0,0.0,87.0,2
2024-04-26,5,4,9.73,False,,0,,0,3,87.0,0.0,0.0,0.0,0.0,0.0,2,0,0,6.625,10.099999904632568,10.287499904632568,0.0,,0.0,0.0,0.0,200.0,1
2024-04-27,6,4,9.67,False,,0,,0,2,200.0,0.0,0.0,0.0,1.0,0.0,1,0,0,0.0,9.225000023841858,8.5,0.0,False,0.0,0.0,1.0,0.0,0
2024-04-28,7,4,9.61,False,,0,,0,0,0.0,0.0,0.0,1.0,1.0,4.0,0,0,0,0.0,10.612499952316284,8.575000047683716,0.0,False,0.0,0.0,0.0,0.0,0
2024-04-29,1,4,9.55,False,,0,,0,0,0.0,0.0,0.0,0.0,0.0,0.0,0,0,0,0.0,9.787499904632568,9.49999988079071,0.0,False,0.0,0.0,0.0,0.0,0
2024-04-30,2,4,9.49,False,,0,,0,0,0.0,0.0,0.0,0.0,0.0,0.0,0,0,0,0.0,11.050000071525574,9.362499833106995,0.0,False,0.0,0.0,0.0,0.0,0
2024-05-01,3,5,9.44,False,,0,1 травня,1,0,0.0,0.0,0.0,0.0,0.0,0.0,0,0,0,0.0,5.237499937415123,12.962499856948853,0.0,False,0.0,0.0,0.0,0.0,0
2024-05-02,4,5,9.38,False,,0,,0,0,0.0,0.0,0.0,0.0,0.0,0.0,0,0,0,0.0,8.862499952316284,12.500000357627869,0.0,False,0.0,0.0,0.0,0.0,0
2024-05-03,5,5,9.33,False,,0,,0,0,0.0,0.0,0.0,0.0,0.0,0.0,0,0,0,0.0,10.712499976158142,9.625,0.0,False,0.0,0.0,0.0,129.0,3
2024-05-04,6,5,9.27,False,,0,,0,4,129.0,0.0,0.0,0.0,0.0,13.0,3,0,0,3.375,9.449999928474426,9.75,0.0,False,0.0,0.0,0.0,8.0,0
2024-05-05,7,5,9.22,False,Великдень,3,Пасха (РПЦ),2,1,8.0,0.0,0.0,0.0,0.0,24.0,0,0,0,0.0,8.674999952316284,12.112500071525574,0.0,False,0.0,0.0,0.0,0.0,0
2024-05-06,1,5,9.16,False,,0,,0,0,0.0,0.0,0.0,0.0,0.0,13.0,0,0,0,0.0,12.950000047683716,14.775000095367432,0.0,False,0.0,0.0,0.0,0.0,0
2024-05-07,2,5,9.11,False,,0,,0,0,0.0,0.0,0.0,0.0,0.0,0.0,0,0,0,18.125,14.149999976158142,7.125,0.0,True,0.0,2.0,1.0,226.0,1
2024-05-08,3,5,9.06,False,День памʼяті та перемоги,2,,0,3,226.0,0.0,2.0,1.0,8.0,0.0,1,0,0,2.25,8.68749988079071,8.137500047683716,0.0,False,0.0,0.0,0.0,0.0,0
2024-05-09,4,5,9.01,False,,0,День перемоги,3,0,0.0,0.0,0.0,0.0,0.0,20.0,0,0,0,0.375,8.675000011920929,5.525000035762787,0.0,False,0.0,0.0,0.0,53.0,0
2024-05-10,5,5,8.95,False,,0,,0,1,53.0,0.0,0.0,0.0,0.0,0.0,0,0,0,1.125,8.687500059604645,11.524999976158142,0.0,False,0.0,0.0,0.0,93.0,0
2024-05-11,6,5,8.9,False,,0,,0,2,93.0,0.0,0.0,0.0,0.0,0.0,0,0,0,0.5,8.57500010728836,6.862499892711639,0.0,False,0.0,0.0,0.0,28.0,1
2024-05-12,7,5,8.85,False,,0,,0,1,28.0,0.0,0.0,0.0,0.0,0.0,1,0,0,12.125,7.612499952316284,6.2250001430511475,0.0,False,0.0,0.0,0.0,0.0,0
2024-05-13,1,5,8.81,False,,0,,0,0,0.0,0.0,0.0,0.0,0.0,0.0,0,0,0,41.75,9.037499785423279,5.262499958276749,0.0,False,0.0,0.0,0.0,104.0,3
2024-05-14,2,5,8.76,False,,0,,0,3,104.0,0.0,0.0,0.0,0.0,18.0,3,0,0,12.375,7.949999988079071,7.374999940395355,0.0,False,0.0,0.0,0.0,0.0,0
2024-05-15,3,5,8.71,False,,0,,0,0,0.0,0.0,0.0,0.0,0.0,0.0,0,0,0,1.125,8.787499845027924,9.550000011920929,0.0,False,0.0,0.0,0.0,29.0,0
2024-05-16,4,5,8.66,False,,0,,0,1,29.0,0.0,0.0,0.0,0.0,0.0,0,0,0,0.0,5.700000107288361,9.262499928474426,0.0,False,0.0,0.0,0.0,13.0,0
2024-05-17,5,5,8.62,False,,0,,0,1,13.0,0.0,0.0,0.0,0.0,20.0,0,0,0,5.875,8.349999964237213,11.762500047683716,0.0,False,0.0,0.0,0.0,0.0,0
2024-05-18,6,5,8.57,False,,0,,0,0,0.0,0.0,0.0,0.0,0.0,13.0,0,0,0,1.125,10.799999952316284,13.450000047683716,0.0,False,0.0,0.0,1.0,72.0,0
2024-05-19,7,5,8.53,False,,0,,0,2,72.0,0.0,0.0,1.0,1.0,0.0,0,0,0,0.0,7.949999928474426,13.987500071525574,0.0,False,0.0,0.0,0.0,33.0,1
2024-05-20,1,5,8.49,False,,0,,0,1,33.0,0.0,0.0,0.0,0.0,29.0,1,0,0,0.0,8.099999964237213,14.712499856948853,0.0,False,0.0,0.0,0.0,69.0,2
2024-05-21,2,5,8.44,False,,0,,0,2,69.0,0.0,0.0,0.0,0.0,29.0,2,0,0,0.0,9.699999868869781,16.199999928474426,0.0,False,0.0,0.0,0.0,20.0,1
2024-05-22,3,5,8.4,False,,0,,0,1,20.0,0.0,0.0,0.0,0.0,24.0,1,0,0,0.0,10.987500071525574,16.90000009536743,0.0,False,0.0,0.0,1.0,65.0,1
2024-05-23,4,5,8.36,False,,0,,0,2,65.0,0.0,0.0,1.0,0.0,0.0,1,0,0,0.0,12.237500071525574,16.837499976158142,0.0,False,0.0,0.0,0.0,16.0,0
2024-05-24,5,5,8.33,False,,0,,0,1,16.0,0.0,0.0,0.0,1.0,0.0,0,0,0,0.0,13.162500143051147,16.87500011920929,0.0,False,0.0,0.0,0.0,82.0,3
2024-05-25,6,5,8.29,False,,0,,0,3,82.0,0.0,0.0,0.0,0.0,0.0,3,0,0,0.0,9.237500011920929,13.237500071525574,0.0,,0.0,0.0,0.0,241.0,2
2024-05-26,7,5,8.25,False,,0,,0,5,241.0,0.0,0.0,0.0,3.0,31.0,2,0,0,0.0,7.799999952316284,15.424999952316284,0.0,,0.0,0.0,0.0,0.0,0
2024-05-27,1,5,8.22,False,,0,,0,0,0.0,0.0,0.0,0.0,0.0,0.0,0,0,0,0.0,6.524999976158142,16.162500143051147,0.0,False,0.0,0.0,1.0,0.0,0
2024-05-28,2,5,8.18,False,,0,,0,0,0.0,0.0,0.0,1.0,0.0,3.0,0,0,0,0.0,9.812499940395355,17.83750009536743,0.0,False,0.0,0.0,2.0,14.0,1
2024-05-29,3,5,8.15,False,,0,,0,1,14.0,0.0,0.0,2.0,1.0,14.0,1,0,0,1.5,6.2499998807907104,17.899999976158142,3.3000002,False,0.0,0.0,2.0,166.0,1
2024-05-30,4,5,8.12,False,,0,,0,2,166.0,0.0,0.0,2.0,3.0,32.0,1,0,0,1.625,9.68750011920929,15.037500023841858,0.0,False,0.0,0.0,1.0,43.0,0
2024-05-31,5,5,8.09,False,,0,,0,2,43.0,0.0,0.0,1.0,0.0,0.0,0,0,0,2.375,7.674999833106995,16.487500071525574,0.0,True,0.0,1.0,0.0,181.0,1
2024-06-01,6,6,8.06,False,,0,,0,2,181.0,0.0,1.0,0.0,5.0,47.0,1,0,0,4.125,10.374999940395355,18.200000047683716,4.7000003,False,0.0,0.0,0.0,0.0,0
2024-06-02,7,6,8.03,False,,0,,0,0,0.0,0.0,0.0,0.0,0.0,25.0,0,0,0,0.0,9.999999761581421,16.4375,0.0,False,0.0,0.0,0.0,0.0,0
2024-06-03,1,6,8.0,False,,0,,0,0,0.0,0.0,0.0,0.0,0.0,0.0,0,0,0,0.0,6.224999964237213,17.21250009536743,0.0,False,0.0,0.0,1.0,0.0,0
2024-06-04,2,6,7.98,False,,0,,0,0,0.0,0.0,0.0,1.0,0.0,0.0,0,0,0,0.125,10.737500011920929,18.65000009536743,0.9,False,0.0,0.0,0.0,59.0,2
2024-06-05,3,6,7.96,False,,0,,0,2,59.0,0.0,0.0,0.0,1.0,27.0,2,0,0,44.75,16.037500143051147,17.18749976158142,1.1,False,0.0,0.0,0.0,52.0,2
2024-06-06,4,6,7.93,False,,0,,0,2,52.0,0.0,0.0,0.0,0.0,18.0,2,0,0,0.0,10.450000166893005,17.91249990463257,0.0,False,0.0,0.0,1.0,138.0,0
2024-06-07,5,6,7.91,False,,0,,0,1,138.0,0.0,0.0,1.0,2.0,53.0,0,0,0,4.625,6.349999964237213,17.18749976158142,0.0,False,0.0,0.0,0.0,0.0,0
2024-06-08,6,6,7.89,False,,0,,0,0,0.0,0.0,0.0,0.0,0.0,0.0,0,0,0,0.0,7.275000035762787,15.87499988079071,0.0,False,0.0,0.0,0.0,0.0,0
2024-06-09,7,6,7.88,False,,0,,0,0,0.0,0.0,0.0,0.0,0.0,0.0,0,0,0,3.25,8.849999904632568,19.774999856948853,0.2,False,0.0,0.0,0.0,0.0,0
2024-06-10,1,6,7.86,False,,0,,0,0,0.0,0.0,0.0,0.0,0.0,0.0,0,0,0,11.125,11.387500047683716,20.16249990463257,17.4,False,0.0,0.0,0.0,19.0,0
2024-06-11,2,6,7.84,False,,0,,0,1,19.0,0.0,0.0,0.0,1.0,0.0,0,0,0,20.25,4.987499922513962,18.737500429153442,2.2,True,2.0,3.0,1.0,178.0,1
2024-06-12,3,6,7.83,False,,0,День росії,2,3,178.0,2.0,3.0,1.0,1.0,24.0,1,0,0,0.25,15.699999928474426,14.637500047683716,0.0,False,0.0,0.0,0.0,0.0,0
2024-06-13,4,6,7.82,False,,0,,0,0,0.0,0.0,0.0,0.0,0.0,0.0,0,0,0,58.375,7.387500107288361,16.1875,0.0,False,0.0,0.0,2.0,175.0,0
2024-06-14,5,6,7.81,False,,0,,0,3,175.0,0.0,0.0,2.0,4.0,17.0,0,0,0,66.75,9.862500131130219,16.83750009536743,3.3000002,False,0.0,0.0,1.0,148.0,3
2024-06-15,6,6,7.8,False,,0,,0,4,148.0,0.0,0.0,1.0,1.0,0.0,3,0,0,8.125,10.324999928474426,17.08750033378601,0.6,False,0.0,0.0,0.0,0.0,0
2024-06-16,7,6,7.79,False,,0,,0,0,0.0,0.0,0.0,0.0,0.0,0.0,0,0,0,0.875,11.537499904632568,17.75,2.1000001,,0.0,0.0,0.0,0.0,0
2024-06-17,1,6,7.79,False,,0,,0,0,0.0,0.0,0.0,0.0,0.0,0.0,0,0,0,0.125,12.6875,18.512500047683716,0.0,False,0.0,0.0,0.0,0.0,0
2024-06-18,2,6,7.78,False,,0,,0,0,0.0,0.0,0.0,0.0,0.0,0.0,0,0,0,0.375,7.974999964237213,18.387500286102295,0.0,False,0.0,0.0,0.0,0.0,0
2024-06-19,3,6,7.78,False,,0,,0,0,0.0,0.0,0.0,0.0,0.0,0.0,0,0,0,0.0,14.262500166893005,22.075000047683716,0.0,True,1.0,0.0,4.0,189.0,1
2024-06-20,4,6,7.78,False,,0,,0,2,189.0,1.0,0.0,4.0,0.0,27.0,1,0,0,0.0,12.824999928474426,15.737500071525574,0.0,False,0.0,0.0,0.0,32.0,1
2024-06-21,5,6,7.78,False,,0,,0,1,32.0,0.0,0.0,0.0,0.0,0.0,1,0,0,0.0,7.574999988079071,15.987499713897705,0.0,True,0.0,1.0,0.0,209.0,3
2024-06-22,6,6,7.78,False,,0,,0,4,209.0,0.0,1.0,0.0,1.0,13.0,3,1,0,0.0,8.525000035762787,19.975000143051147,0.0,False,0.0,0.0,0.0,47.0,0
2024-06-23,7,6,7.78,False,Трійця,1,,0,1,47.0,0.0,0.0,0.0,3.0,0.0,0,0,0,2.875,9.149999976158142,16.774999976158142,0.0,False,0.0,0.0,0.0,0.0,0
2024-06-24,1,6,7.79,False,,0,,0,0,0.0,0.0,0.0,0.0,0.0,0.0,0,0,0,4.75,13.8125,16.675000071525574,0.0,False,0.0,0.0,0.0,78.0,3
2024-06-25,2,6,7.79,False,,0,,0,3,78.0,0.0,0.0,0.0,0.0,0.0,3,0,0,0.875,9.049999833106995,16.08750009536743,0.0,False,0.0,0.0,0.0,76.0,1
2024-06-26,3,6,7.8,False,,0,,0,2,76.0,0.0,0.0,0.0,0.0,0.0,1,0,0,0.625,6.5749998688697815,17.524999856948853,0.0,False,0.0,0.0,1.0,65.0,1
2024-06-27,4,6,7.81,False,,0,,0,1,65.0,0.0,0.0,1.0,0.0,23.0,1,0,0,2.0,8.0625,18.77500009536743,0.0,False,0.0,0.0,0.0,0.0,0
2024-06-28,5,6,7.82,False,День Конституції,2,,0,0,0.0,0.0,0.0,0.0,0.0,0.0,0,0,0,1.0,4.362499982118607,20.012499809265137,0.0,False,0.0,0.0,0.0,35.0,1
2024-06-29,6,6,7.84,False,,0,,0,1,35.0,0.0,0.0,0.0,0.0,10.0,1,0,0,0.625,7.587500035762787,20.575000286102295,0.0,False,0.0,0.0,0.0,17.0,0
2024-06-30,7,6,7.85,False,,0,,0,1,17.0,0.0,0.0,0.0,0.0,0.0,0,0,0,0.0,9.325000047683716,22.31250023841858,0.0,True,0.0,2.0,0.0,60.0,0
2024-07-01,1,7,7.87,False,,0,,0,3,60.0,0.0,2.0,0.0,0.0,0.0,0,0,0,0.0,9.074999868869781,22.149999856948853,0.0,False,0.0,0.0,0.0,158.0,2
2024-07-02,2,7,7.88,False,,0,,0,5,158.0,0.0,0.0,0.0,2.0,0.0,2,0,0,13.25,8.224999994039536,21.675000190734863,0.0,False,0.0,0.0,0.0,39.0,1
2024-07-03,3,7,7.9,False,,0,,0,1,39.0,0.0,0.0,0.0,0.0,0.0,1,0,0,0.0,9.874999940395355,20.537500143051147,0.0,True,1.0,0.0,3.0,39.0,0
2024-07-04,4,7,7.92,False,,0,,0,1,39.0,1.0,0.0,3.0,0.0,22.0,0,0,0,42.375,11.300000071525574,19.325000047683716,3.0,False,0.0,0.0,2.0,75.0,1
2024-07-05,5,7,7.94,False,,0,,0,2,75.0,0.0,0.0,2.0,0.0,32.0,1,0,0,0.125,11.475000023841858,16.537500381469727,0.0,False,0.0,0.0,2.0,25.0,1
2024-07-06,6,7,7.97,False,,0,,0,1,25.0,0.0,0.0,2.0,0.0,27.0,1,0,0,0.0,7.662499964237213,17.22499978542328,0.0,False,0.0,0.0,0.0,0.0,0
2024-07-07,7,7,7.99,False,,0,,0,0,0.0,0.0,0.0,0.0,0.0,13.0,0,0,0,0.0,8.425000011920929,17.949999570846558,0.0,,0.0,0.0,0.0,235.0,2
2024-07-08,1,7,8.02,False,,0,,0,3,235.0,0.0,0.0,0.0,5.0,0.0,2,2,0,0.0,8.399999976158142,20.237499952316284,0.0,False,0.0,0.0,1.0,89.0,0
2024-07-09,2,7,8.04,False,,0,,0,3,89.0,0.0,0.0,1.0,0.0,0.0,0,0,0,2.25,13.962500095367432,23.625,0.0,False,0.0,0.0,1.0,15.0,0
2024-07-10,3,7,8.07,False,,0,,0,1,15.0,0.0,0.0,1.0,0.0,20.0,0,0,0,0.0,7.875,22.40000009536743,0.0,False,0.0,0.0,0.0,30.0,1
2024-07-11,4,7,8.1,False,,0,,0,1,30.0,0.0,0.0,0.0,0.0,6.0,1,0,0,0.0,7.087499916553497,24.325000286102295,0.0,True,1.0,0.0,5.0,137.0,3
2024-07-12,5,7,8.13,False,,0,,0,4,137.0,1.0,0.0,5.0,2.0,19.0,3,0,0,0.0,7.737500011920929,24.74999976158142,0.0,False,0.0,0.0,0.0,59.0,2
2024-07-13,6,7,8.17,False,,0,,0,2,59.0,0.0,0.0,0.0,0.0,5.0,2,0,0,0.0,11.512499928474426,25.62500023841858,0.0,False,0.0,0.0,0.0,0.0,0
2024-07-14,7,7,8.2,False,,0,,0,0,0.0,0.0,0.0,0.0,0.0,0.0,0,0,0,0.0,8.749999821186066,24.600000381469727,0.0,True,0.0,1.0,0.0,33.0,1
2024-07-15,1,7,8.23,False,День Державності,2,,0,2,33.0,0.0,1.0,0.0,0.0,0.0,1,0,0,0.0,7.024999976158142,24.97499990463257,0.0,True,1.0,0.0,5.0,45.0,0
2024-07-16,2,7,8.27,False,,0,,0,2,45.0,1.0,0.0,5.0,0.0,0.0,0,0,0,0.0,8.337499976158142,24.487500190734863,0.0,False,0.0,0.0,0.0,50.0,0
2024-07-17,3,7,8.31,False,,0,,0,1,50.0,0.0,0.0,0.0,1.0,0.0,0,0,0,0.0,5.574999958276749,25.0,0.0,True,1.0,0.0,1.0,71.0,2
2024-07-18,4,7,8.35,False,,0,,0,3,71.0,1.0,0.0,1.0,0.0,16.0,2,0,0,12.25,10.637499928474426,21.5,0.0,False,0.0,0.0,0.0,0.0,0
2024-07-19,5,7,8.38,False,,0,,0,0,0.0,0.0,0.0,0.0,0.0,0.0,0,0,0,1.25,7.3999998569488525,19.612499952316284,0.0,False,0.0,0.0,0.0,50.0,0
2024-07-20,6,7,8.42,False,,0,,0,1,50.0,0.0,0.0,0.0,0.0,16.0,0,0,0,0.0,7.087500095367432,20.4375,0.0,True,1.0,0.0,0.0,101.0,0
2024-07-21,7,7,8.47,False,,0,,0,1,101.0,1.0,0.0,0.0,0.0,39.0,0,0,0,4.0,6.862500071525574,21.299999713897705,0.4,False,0.0,0.0,0.0,21.0,0
2024-07-22,1,7,8.51,False,,0,,0,1,21.0,0.0,0.0,0.0,1.0,0.0,0,0,0,2.875,6.837499976158142,19.27500033378601,0.0,False,0.0,0.0,0.0,27.0,1
2024-07-23,2,7,8.55,False,,0,,0,1,27.0,0.0,0.0,0.0,0.0,8.0,1,0,0,2.875,7.624999940395355,19.24999976158142,0.0,False,0.0,0.0,3.0,0.0,0
2024-07-24,3,7,8.6,False,,0,,0,0,0.0,0.0,0.0,3.0,0.0,0.0,0,0,0,1.375,10.099999964237213,18.91249966621399,0.0,False,0.0,0.0,9.0,145.0,1
2024-07-25,4,7,8.64,False,,0,,0,3,145.0,0.0,0.0,9.0,0.0,38.0,1,0,0,0.0,8.650000154972076,18.5,0.0,False,0.0,0.0,2.0,63.0,1
2024-07-26,5,7,8.69,False,,0,,0,2,63.0,0.0,0.0,2.0,0.0,0.0,1,1,0,0.375,6.837499976158142,19.83750033378601,0.1,False,0.0,0.0,3.0,0.0,0
2024-07-27,6,7,8.73,False,,0,,0,0,0.0,0.0,0.0,3.0,0.0,0.0,0,0,0,0.125,7.549999952316284,18.72499990463257,0.0,False,0.0,0.0,0.0,0.0,0
2024-07-28,7,7,8.78,False,,0,,0,0,0.0,0.0,0.0,0.0,0.0,8.0,0,0,0,10.875,17.349999845027924,20.31250023841858,5.6,False,0.0,0.0,0.0,0.0,0
2024-07-29,1,7,8.83,False,,0,,0,0,0.0,0.0,0.0,0.0,0.0,10.0,0,0,0,62.875,27.68749976158142,18.074999809265137,0.9,False,0.0,0.0,0.0,0.0,0
2024-07-30,2,7,8.88,False,,0,,0,0,0.0,0.0,0.0,0.0,0.0,0.0,0,0,0,13.25,15.012499809265137,17.462499737739563,0.3,True,7.0,0.0,14.0,531.0,2
2024-07-31,3,7,8.93,False,,0,,0,3,531.0,7.0,0.0,14.0,0.0,89.0,2,0,0,0.625,7.675000071525574,15.799999952316284,0.0,True,1.0,0.0,1.0,74.0,1
2024-08-01,4,8,8.98,False,,0,,0,4,74.0,1.0,0.0,1.0,0.0,0.0,1,0,0,2.875,6.300000041723251,18.09999966621399,0.0,False,0.0,0.0,0.0,37.0,1
2024-08-02,5,8,9.03,False,,0,День ВДВ,1,2,37.0,0.0,0.0,0.0,0.0,0.0,1,0,0,0.0,7.087499916553497,18.074999809265137,0.0,False,0.0,0.0,2.0,33.0,0
2024-08-03,6,8,9.08,False,,0,,0,1,33.0,0.0,0.0,2.0,0.0,29.0,0,0,0,75.375,17.137499928474426,17.899999856948853,17.7,False,0.0,0.0,0.0,0.0,0
2024-08-04,7,8,9.14,False,,0,,0,0,0.0,0.0,0.0,0.0,0.0,5.0,0,0,0,0.25,7.475000023841858,16.550000071525574,0.0,False,0.0,0.0,6.0,0.0,0
2024-08-05,1,8,9.19,False,,0,,0,0,0.0,0.0,0.0,6.0,0.0,0.0,0,0,0,0.625,8.137499868869781,17.97499990463257,0.0,True,1.0,0.0,1.0,108.0,1
2024-08-06,2,8,9.24,False,,0,,0,2,108.0,1.0,0.0,1.0,0.0,16.0,1,0,0,4.125,8.387499868869781,18.387499809265137,0.6,False,0.0,0.0,0.0,36.0,0
2024-08-07,3,8,9.3,False,,0,,0,2,36.0,0.0,0.0,0.0,0.0,0.0,0,0,0,2.0,8.887500047683716,18.08750009536743,0.0,False,0.0,0.0,0.0,41.0,1
2024-08-08,4,8,9.35,False,,0,,0,1,41.0,0.0,0.0,0.0,0.0,4.0,1,0,0,0.0,5.662499979138374,18.737500190734863,0.0,False,0.0,0.0,3.0,11.0,0
2024-08-09,5,8,9.41,False,,0,,0,1,11.0,0.0,0.0,3.0,0.0,0.0,0,0,0,8.75,8.91249993443489,19.362499952316284,3.7999997,False,0.0,0.0,0.0,0.0,0
2024-08-10,6,8,9.47,False,,0,,0,0,0.0,0.0,0.0,0.0,0.0,0.0,0,0,0,1.125,10.56250011920929,19.24999976158142,0.0,True,0.0,1.0,3.0,284.0,0
2024-08-11,7,8,9.52,False,,0,,0,3,284.0,0.0,1.0,3.0,0.0,57.0,0,0,0,1.375,16.024999737739563,17.337499976158142,0.0,,0.0,0.0,0.0,24.0,0
2024-08-12,1,8,9.58,False,,0,,0,1,24.0,0.0,0.0,0.0,0.0,0.0,0,0,0,5.75,10.20000010728836,16.47499990463257,0.0,False,0.0,0.0,1.0,114.0,1
2024-08-13,2,8,9.64,False,,0,,0,5,114.0,0.0,0.0,1.0,0.0,38.0,1,0,0,0.0,7.474999964237213,14.637500047683716,0.0,False,0.0,0.0,3.0,72.0,0
2024-08-14,3,8,9.7,False,,0,,0,1,72.0,0.0,0.0,3.0,0.0,23.0,0,0,0,2.125,3.4249999821186066,15.987500071525574,0.0,False,0.0,0.0,2.0,69.0,0
2024-08-15,4,8,9.76,False,,0,,0,4,69.0,0.0,0.0,2.0,0.0,29.0,0,0,0,0.0,8.17499989271164,17.40000009536743,0.0,True,1.0,0.0,0.0,112.0,0
2024-08-16,5,8,9.81,False,,0,,0,4,112.0,1.0,0.0,0.0,0.0,3.0,0,0,0,0.0,7.399999976158142,17.425000071525574,0.0,False,0.0,0.0,6.0,65.0,0
2024-08-17,6,8,9.87,False,,0,,0,4,65.0,0.0,0.0,6.0,1.0,14.0,0,0,0,0.0,8.012499928474426,18.850000143051147,0.0,False,0.0,0.0,1.0,119.0,0
2024-08-18,7,8,9.93,False,,0,,0,3,119.0,0.0,0.0,1.0,1.0,8.0,0,0,0,0.0,7.375000178813934,21.787500143051147,0.0,False,0.0,0.0,1.0,30.0,0
2024-08-19,1,8,9.99,False,,0,,0,2,30.0,0.0,0.0,1.0,0.0,11.0,0,0,0,0.0,8.249999940395355,23.06249976158142,0.0,False,0.0,0.0,3.0,55.0,0
2024-08-20,2,8,10.06,False,,0,,0,2,55.0,0.0,0.0,3.0,1.0,26.0,0,0,0,0.0,7.962499916553497,22.02500009536743,0.0,False,0.0,0.0,5.0,95.0,0
2024-08-21,3,8,10.12,False,,0,,0,5,95.0,0.0,0.0,5.0,0.0,69.0,0,0,0,0.0,7.199999988079071,22.237500190734863,0.0,False,0.0,0.0,3.0,0.0,0
2024-08-22,4,8,10.18,False,,0,,0,0,0.0,0.0,0.0,3.0,0.0,0.0,0,0,0,0.0,17.487500071525574,18.74999976158142,0.0,False,0.0,0.0,1.0,40.0,0
2024-08-23,5,8,10.24,False,День Прапора,2,,0,1,40.0,0.0,0.0,1.0,0.0,16.0,0,0,0,0.0,7.375,16.649999976158142,0.0,False,0.0,0.0,0.0,0.0,1
2024-08-24,6,8,10.3,False,День Незалежності,3,,0,0,0.0,0.0,0.0,0.0,1.0,0.0,1,0,0,0.0,7.712499976158142,18.112499713897705,0.0,False,0.0,0.0,0.0,37.0,0
2024-08-25,7,8,10.36,False,,0,,0,2,37.0,0.0,0.0,0.0,0.0,0.0,0,0,0,0.0,7.924999892711639,20.825000047683716,0.0,True,4.0,0.0,8.0,387.0,1
2024-08-26,1,8,10.42,False,,0,,0,2,387.0,4.0,0.0,8.0,0.0,109.0,1,0,0,0.0,8.775000154972076,21.450000047683716,0.0,True,3.0,2.0,11.0,442.0,1
2024-08-27,2,8,10.49,False,,0,,0,5,442.0,3.0,2.0,11.0,1.0,81.0,1,1,0,0.0,7.662500083446503,22.012499809265137,0.0,True,1.0,0.0,1.0,0.0,0
2024-08-28,3,8,10.55,False,,0,,0,0,0.0,1.0,0.0,1.0,0.0,0.0,0,0,0,0.0,10.224999785423279,22.362500190734863,0.0,True,2.0,0.0,9.0,369.0,0
2024-08-29,4,8,10.61,False,,0,,0,3,369.0,2.0,0.0,9.0,1.0,74.0,0,0,0,0.0,10.050000071525574,21.549999713897705,0.0,False,0.0,0.0,0.0,0.0,0
2024-08-30,5,8,10.68,False,,0,,0,0,0.0,0.0,0.0,0.0,0.0,18.0,0,0,0,0.0,9.087499856948853,20.350000143051147,0.0,True,1.0,0.0,2.0,217.0,0
2024-08-31,6,8,10.74,False,,0,,0,4,217.0,1.0,0.0,2.0,0.0,52.0,0,0,0,0.0,8.800000011920929,20.274999856948853,0.0,False,0.0,0.0,0.0,0.0,0
2024-09-01,7,9,10.8,False,,0,,0,0,0.0,0.0,0.0,0.0,0.0,0.0,0,0,0,0.0,5.799999982118607,22.56249976158142,0.0,True,0.0,7.0,2.0,108.0,0
2024-09-02,1,9,10.87,False,,0,,0,1,108.0,0.0,7.0,2.0,4.0,23.0,0,0,0,0.0,9.799999952316284,20.65000009536743,0.0,True,1.0,0.0,3.0,48.0,0
2024-09-03,2,9,10.93,False,,0,,0,2,48.0,1.0,0.0,3.0,0.0,35.0,0,0,0,0.0,8.199999898672104,21.512500047683716,0.2,True,1.0,0.0,7.0,263.0,0
2024-09-04,3,9,11.0,False,,0,,0,1,263.0,1.0,0.0,7.0,1.0,29.0,0,0,0,0.0,11.762500047683716,20.425000429153442,0.0,,0.0,0.0,2.0,549.0,0
2024-09-05,4,9,11.06,False,,0,,0,1,549.0,0.0,0.0,2.0,0.0,78.0,0,0,0,0.0,14.587500214576721,19.825000047683716,0.0,False,0.0,0.0,4.0,59.0,1
2024-09-06,5,9,11.12,False,,0,,0,3,59.0,0.0,0.0,4.0,1.0,44.0,1,0,0,0.0,10.662499904632568,16.950000286102295,0.0,True,2.0,0.0,1.0,19.0,0
2024-09-07,6,9,11.19,False,,0,,0,1,19.0,2.0,0.0,1.0,0.0,0.0,0,0,0,0.0,8.724999845027924,14.262500047683716,0.0,False,0.0,0.0,0.0,0.0,0
2024-09-08,7,9,11.25,False,,0,,0,0,0.0,0.0,0.0,0.0,0.0,23.0,0,0,0,0.0,10.762499928474426,13.450000166893005,0.0,True,1.0,0.0,0.0,65.0,0
2024-09-09,1,9,11.32,False,,0,,0,1,65.0,1.0,0.0,0.0,0.0,8.0,0,0,0,0.0,10.337500154972076,14.849999785423279,0.0,False,0.0,0.0,4.0,126.0,0
2024-09-10,2,9,11.38,False,,0,,0,2,126.0,0.0,0.0,4.0,0.0,46.0,0,0,0,0.0,7.349999904632568,17.34999990463257,0.0,False,0.0,0.0,1.0,0.0,0
2024-09-11,3,9,11.45,False,,0,,0,0,0.0,0.0,0.0,1.0,0.0,25.0,0,0,0,3.0,11.68749988079071,19.6875,1.5,True,3.0,1.0,3.0,180.0,0
2024-09-12,4,9,11.51,False,,0,,0,5,180.0,3.0,1.0,3.0,2.0,64.0,0,0,0,21.125,7.962500095367432,18.325000286102295,0.0,False,0.0,0.0,5.0,0.0,0
2024-09-13,5,9,11.58,False,,0,,0,0,0.0,0.0,0.0,5.0,0.0,26.0,0,0,0,5.375,12.175000190734863,18.87499976158142,0.0,True,1.0,0.0,5.0,131.0,0
2024-09-14,6,9,11.64,False,,0,,0,2,131.0,1.0,0.0,5.0,1.0,0.0,0,0,0,0.0,19.50000023841858,22.149999856948853,0.0,False,0.0,0.0,3.0,0.0,0
2024-09-15,7,9,11.71,False,,0,,0,0,0.0,0.0,0.0,3.0,0.0,14.0,0,0,0,0.0,20.087499856948853,20.399999856948853,0.0,True,3.0,0.0,7.0,232.0,0
2024-09-16,1,9,11.77,False,,0,,0,2,232.0,3.0,0.0,7.0,1.0,56.0,0,0,0,0.0,14.950000047683716,18.799999713897705,0.0,True,1.0,0.0,2.0,51.0,0
2024-09-17,2,9,11.84,False,,0,,0,1,51.0,1.0,0.0,2.0,0.0,51.0,0,0,0,0.0,12.049999833106995,17.362499952316284,0.0,True,2.0,0.0,8.0,34.0,0
2024-09-18,3,9,11.9,False,,0,,0,1,34.0,2.0,0.0,8.0,0.0,52.0,0,0,0,0.0,11.850000023841858,14.18749988079071,0.0,False,0.0,0.0,2.0,0.0,0
2024-09-19,4,9,11.97,False,,0,,0,0,0.0,0.0,0.0,2.0,0.0,42.0,0,0,0,0.0,8.81249988079071,12.325000166893005,0.0,True,1.0,0.0,4.0,0.0,0
2024-09-20,5,9,12.03,False,,0,,0,0,0.0,1.0,0.0,4.0,0.0,70.0,0,0,0,0.125,7.824999988079071,13.574999928474426,0.0,False,0.0,0.0,0.0,34.0,1
2024-09-21,6,9,12.1,False,,0,,0,1,34.0,0.0,0.0,0.0,1.0,16.0,1,0,0,0.0,8.04999989271164,13.3125,0.0,True,1.0,0.0,5.0,64.0,0
2024-09-22,7,9,12.16,False,,0,,0,2,64.0,1.0,0.0,5.0,0.0,80.0,0,0,0,0.0,8.04999989271164,12.87500011920929,0.0,False,0.0,0.0,0.0,28.0,0
2024-09-23,1,9,12.23,False,,0,,0,1,28.0,0.0,0.0,0.0,0.0,0.0,0,0,0,0.0,10.325000047683716,12.537499785423279,0.0,False,0.0,0.0,2.0,9.0,0
2024-09-24,2,9,12.29,False,,0,,0,1,9.0,0.0,0.0,2.0,0.0,81.0,0,0,0,0.0,10.325000047683716,15.649999976158142,0.0,False,0.0,0.0,1.0,16.0,0
2024-09-25,3,9,12.36,False,,0,,0,1,16.0,0.0,0.0,1.0,0.0,32.0,0,0,0,0.0,12.0,16.424999833106995,0.0,True,4.0,0.0,8.0,423.0,1
2024-09-26,4,9,12.42,False,,0,,0,4,423.0,4.0,0.0,8.0,0.0,78.0,1,0,0,0.125,16.90000009536743,19.22499990463257,0.0,False,0.0,0.0,0.0,44.0,0
2024-09-27,5,9,12.49,False,,0,,0,1,44.0,0.0,0.0,0.0,0.0,32.0,0,0,0,2.125,13.949999928474426,20.537500143051147,0.0,True,2.0,0.0,3.0,208.0,0
2024-09-28,6,9,12.55,False,,0,,0,3,208.0,2.0,0.0,3.0,0.0,73.0,0,0,0,0.0,10.98749989271164,17.87500035762787,0.0,False,0.0,0.0,0.0,0.0,0
2024-09-29,7,9,12.62,False,,0,,0,0,0.0,0.0,0.0,0.0,1.0,22.0,0,0,0,22.875,25.72499990463257,11.862500071525574,0.0,True,3.0,0.0,4.0,322.0,0
2024-09-30,1,9,12.68,False,,0,,0,2,322.0,3.0,0.0,4.0,0.0,73.0,0,0,0,0.0,13.949999928474426,11.550000071525574,0.0,False,0.0,0.0,3.0,28.0,0
2024-10-01,2,10,12.75,False,День захисників і захисниць,2,,0,1,28.0,0.0,0.0,3.0,0.0,32.0,0,0,0,0.0,14.06250011920929,11.0,0.0,False,0.0,0.0,4.0,17.0,0
2024-10-02,3,10,12.81,False,,0,,0,1,17.0,0.0,0.0,4.0,0.0,32.0,0,0,0,1.125,7.125000059604645,12.8125,0.0,,0.0,0.0,3.0,382.0,0
2024-10-03,4,10,12.88,False,,0,,0,3,382.0,0.0,0.0,3.0,0.0,0.0,0,0,0,0.125,9.100000023841858,14.512499928474426,0.0,True,2.0,0.0,4.0,83.0,0
2024-10-04,5,10,12.94,False,,0,,0,3,83.0,2.0,0.0,4.0,0.0,19.0,0,0,0,47.625,11.337499856948853,17.41249990463257,4.2000003,False,0.0,0.0,0.0,0.0,0
2024-10-05,6,10,13.0,False,,0,,0,0,0.0,0.0,0.0,0.0,0.0,0.0,0,0,0,100.0,11.949999928474426,15.199999809265137,7.2999997,True,1.0,0.0,5.0,339.0,0
2024-10-06,7,10,13.07,False,,0,,0,4,339.0,1.0,0.0,5.0,0.0,0.0,0,0,0,83.625,10.600000143051147,12.950000047683716,2.5,True,1.0,0.0,7.0,180.0,0
2024-10-07,1,10,13.13,False,,0,,0,5,180.0,1.0,0.0,7.0,1.0,0.0,0,0,0,93.75,19.862499952316284,10.324999928474426,0.1,False,0.0,0.0,1.0,29.0,0
2024-10-08,2,10,13.2,False,,0,,0,1,29.0,0.0,0.0,1.0,0.0,19.0,0,0,0,3.0,6.087499976158142,9.487499952316284,0.0,False,0.0,0.0,1.0,0.0,0
2024-10-09,3,10,13.26,False,,0,,0,0,0.0,0.0,0.0,1.0,0.0,22.0,0,0,0,0.0,11.075000047683716,13.387499928474426,0.0,True,1.0,0.0,0.0,0.0,0
2024-10-10,4,10,13.32,False,,0,,0,0,0.0,1.0,0.0,0.0,0.0,62.0,0,0,0,64.125,10.612499952316284,13.93749988079071,0.0,,0.0,0.0,7.0,215.0,0
2024-10-11,5,10,13.39,False,,0,,0,2,215.0,0.0,0.0,7.0,0.0,66.0,0,0,0,73.0,14.950000047683716,14.625,6.1,False,0.0,0.0,3.0,38.0,1
2024-10-12,6,10,13.45,False,,0,,0,1,38.0,0.0,0.0,3.0,0.0,28.0,1,0,0,99.25,17.024999976158142,10.799999952316284,0.0,True,1.0,0.0,12.0,10.0,0
2024-10-13,7,10,13.51,False,,0,,0,1,10.0,1.0,0.0,12.0,0.0,68.0,0,0,0,21.5,9.93749988079071,8.212500095367432,0.3,,0.0,0.0,0.0,0.0,0
2024-10-14,1,10,13.58,False,,0,,0,0,0.0,0.0,0.0,0.0,0.0,0.0,0,0,0,67.125,16.237499952316284,8.875,0.0,False,0.0,0.0,1.0,31.0,1
2024-10-15,2,10,13.64,True,,0,,0,1,31.0,0.0,0.0,1.0,0.0,17.0,1,0,0,22.75,8.587499976158142,6.512500047683716,0.0,True,5.0,0.0,9.0,166.0,0
2024-10-16,3,10,13.7,True,,0,,0,2,166.0,5.0,0.0,9.0,0.0,136.0,0,0,0,28.5,13.712500095367432,5.512499988079071,0.0,True,4.0,0.0,8.0,208.0,0
2024-10-17,4,10,13.76,True,,0,,0,4,208.0,4.0,0.0,8.0,0.0,56.0,0,0,0,0.0,7.787500023841858,3.2500000298023224,0.0,True,2.0,0.0,5.0,305.0,0
2024-10-18,5,10,13.82,True,,0,,0,2,305.0,2.0,0.0,5.0,0.0,0.0,0,0,0,1.5,7.374999940395355,2.262500047683716,0.0,True,1.0,0.0,2.0,330.0,0
2024-10-19,6,10,13.88,True,,0,,0,2,330.0,1.0,0.0,2.0,0.0,0.0,0,0,0,10.5,7.112500011920929,1.975000023841858,0.0,True,5.0,0.0,2.0,171.0,0
2024-10-20,7,10,13.94,True,,0,,0,2,171.0,5.0,0.0,2.0,0.0,0.0,0,0,0,0.0,8.237500071525574,3.1875,0.0,True,7.0,0.0,5.0,306.0,0
2024-10-21,1,10,14.01,True,,0,,0,1,306.0,7.0,0.0,5.0,0.0,0.0,0,0,0,0.0,9.43749988079071,3.337499976158142,0.0,False,0.0,0.0,1.0,33.0,1
2024-10-22,2,10,14.07,True,,0,,0,1,33.0,0.0,0.0,1.0,0.0,0.0,1,0,0,0.0,14.537500023841858,7.999999940395355,0.0,False,0.0,0.0,1.0,0.0,0
2024-10-23,3,10,14.13,True,,0,,0,0,0.0,0.0,0.0,1.0,0.0,81.0,0,0,0,0.125,13.31249988079071,6.587499976158142,0.0,True,1.0,0.0,2.0,344.0,0
2024-10-24,4,10,14.19,True,,0,,0,3,344.0,1.0,0.0,2.0,0.0,50.0,0,0,0,100.0,13.224999904632568,8.00000011920929,0.0,True,1.0,0.0,4.0,258.0,1
2024-10-25,5,10,14.24,True,,0,,0,3,258.0,1.0,0.0,4.0,0.0,63.0,1,0,0,95.75,7.912500023841858,8.012499988079071,0.1,True,3.0,0.0,6.0,474.0,0
2024-10-26,6,10,14.3,True,,0,,0,4,474.0,3.0,0.0,6.0,0.0,0.0,0,0,0,0.0,8.744444317287869,5.622222211625841,0.0,,0.0,0.0,4.0,200.0,0
2024-10-27,7,10,14.36,True,,0,,0,1,200.0,0.0,0.0,4.0,0.0,80.0,0,0,0,13.625,7.599999964237213,8.362500131130219,0.0,True,1.0,0.0,8.0,90.0,0
2024-10-28,1,10,14.42,True,,0,,0,2,90.0,1.0,0.0,8.0,0.0,100.0,0,0,0,0.5,10.75,6.150000035762787,0.0,,0.0,0.0,7.0,256.0,0
2024-10-29,2,10,14.48,True,,0,,0,2,256.0,0.0,0.0,7.0,0.0,48.0,0,0,0,43.875,6.3375000059604645,6.149999976158142,0.0,True,1.0,0.0,1.0,156.0,0
2024-10-30,3,10,14.53,True,,0,,0,2,156.0,1.0,0.0,1.0,0.0,62.0,0,0,0,100.0,18.675000190734863,11.649999856948853,0.0,True,2.0,0.0,2.0,151.0,0
2024-10-31,4,10,14.59,True,,0,,0,2,151.0,2.0,0.0,2.0,0.0,43.0,0,0,0,37.625,17.3125,8.912499904632568,0.4,True,2.0,0.0,2.0,212.0,0
2024-11-01,5,11,14.65,True,,0,,0,2,212.0,2.0,0.0,2.0,0.0,48.0,0,0,0,33.0,24.97499990463257,11.850000023841858,0.0,True,3.0,0.0,3.0,346.0,0
2024-11-02,6,11,14.7,True,,0,,0,3,346.0,3.0,0.0,3.0,0.0,71.0,0,0,0,12.25,19.674999952316284,2.837499976158142,0.0,True,9.0,0.0,2.0,576.0,0
2024-11-03,7,11,14.76,True,,0,,0,4,576.0,9.0,0.0,2.0,0.0,96.0,0,0,0,63.75,28.799999475479126,5.162499964237213,0.1,True,2.0,0.0,2.0,74.0,0
2024-11-04,1,11,14.81,True,,0,День єдності,2,2,74.0,2.0,0.0,2.0,0.0,80.0,0,0,0,0.125,14.887499809265137,-0.6249999878928065,0.0,,0.0,0.0,2.0,313.0,0
2024-11-05,2,11,14.86,True,,0,,0,3,313.0,0.0,0.0,2.0,0.0,79.0,0,0,0,5.5,19.075000286102295,4.162499934434891,0.0,False,0.0,0.0,5.0,15.0,0
2024-11-06,3,11,14.92,True,,0,,0,1,15.0,0.0,0.0,5.0,0.0,63.0,0,0,0,63.875,12.412500023841858,3.9374999701976776,0.0,True,7.0,0.0,10.0,539.0,0
2024-11-07,4,11,14.97,True,,0,,0,4,539.0,7.0,0.0,10.0,0.0,106.0,0,0,0,47.125,11.825000047683716,3.1624999940395355,0.0,True,1.0,1.0,7.0,597.0,0
2024-11-08,5,11,15.02,True,,0,,0,1,597.0,1.0,1.0,7.0,0.0,92.0,0,0,0,99.5,8.762499928474426,4.674999922513962,0.0,True,1.0,0.0,0.0,58.0,0
2024-11-09,6,11,15.07,True,,0,,0,1,58.0,1.0,0.0,0.0,0.0,0.0,0,0,0,97.5,4.325000077486038,3.5249999463558197,0.0,True,3.0,0.0,12.0,309.0,0
2024-11-10,7,11,15.12,True,,0,,0,3,309.0,3.0,0.0,12.0,0.0,0.0,0,0,0,100.0,6.374999940395355,2.2749999910593033,0.0,True,1.0,0.0,10.0,390.0,1
2024-11-11,1,11,15.17,True,,0,,0,2,390.0,1.0,0.0,10.0,0.0,74.0,1,0,0,92.875,5.050000011920929,2.3499999791383743,0.0,True,2.0,0.0,8.0,429.0,0
2024-11-12,2,11,15.22,True,,0,,0,5,429.0,2.0,0.0,8.0,0.0,110.0,0,0,0,97.0,5.675000041723251,2.5,0.0,True,5.0,2.0,5.0,340.0,0
2024-11-13,3,11,15.27,True,,0,,0,5,340.0,5.0,2.0,5.0,2.0,90.0,0,1,0,100.0,7.037499964237213,2.6875,1.4000001,True,1.0,0.0,1.0,30.0,0
2024-11-14,4,11,15.31,True,,0,,0,1,30.0,1.0,0.0,1.0,0.0,59.0,0,0,0,100.0,9.424999952316284,0.9374999925494194,0.0,False,0.0,0.0,0.0,0.0,0
2024-11-15,5,11,15.36,True,,0,,0,0,0.0,0.0,0.0,0.0,1.0,29.0,0,1,0,40.625,9.837500035762787,1.4749999968335032,0.0,True,4.0,0.0,7.0,166.0,0
2024-11-16,6,11,15.4,True,,0,,0,1,166.0,4.0,0.0,7.0,0.0,83.0,0,0,0,100.0,11.362500071525574,5.375,0.0,True,1.0,4.0,5.0,360.0,0
2024-11-17,7,11,15.45,True,,0,,0,4,360.0,1.0,4.0,5.0,4.0,0.0,0,1,0,0.875,11.912499904632568,2.13749997317791,0.0,False,0.0,0.0,1.0,0.0,0
2024-11-18,1,11,15.49,True,,0,,0,0,0.0,0.0,0.0,1.0,0.0,11.0,0,0,0,59.25,13.56249988079071,2.850000023841858,0.4,True,2.0,0.0,7.0,182.0,1
2024-11-19,2,11,15.53,True,,0,,0,4,182.0,2.0,0.0,7.0,0.0,87.0,1,0,0,0.0,18.787500262260437,4.4625000059604645,0.0,True,6.0,0.0,6.0,255.0,0
2024-11-20,3,11,15.58,True,,0,,0,3,255.0,6.0,0.0,6.0,1.0,122.0,0,0,0,77.75,15.949999928474426,5.962500095367432,5.8999996,,0.0,0.0,0.0,187.0,1
2024-11-21,4,11,15.62,True,,0,,0,2,187.0,0.0,0.0,0.0,3.0,0.0,1,1,0,2.75,13.0625,-2.11250002682209,0.0,True,1.0,0.0,8.0,82.0,0
2024-11-22,5,11,15.65,True,,0,,0,2,82.0,1.0,0.0,8.0,0.0,0.0,0,0,0,100.0,7.800000011920929,0.949999988079071,12.2,False,0.0,0.0,7.0,0.0,0
2024-11-23,6,11,15.69,True,,0,,0,0,0.0,0.0,0.0,7.0,0.0,0.0,0,0,0,35.75,14.737499952316284,-1.8500000014901161,0.0,True,1.0,0.0,7.0,182.0,0
2024-11-24,7,11,15.73,True,,0,,0,1,182.0,1.0,0.0,7.0,0.0,0.0,0,0,0,1.0,5.500000059604645,-4.774999916553497,0.0,True,2.0,0.0,6.0,288.0,0
2024-11-25,1,11,15.77,True,,0,,0,3,288.0,2.0,0.0,6.0,0.0,0.0,0,0,0,0.0,8.650000035762787,-4.037500023841858,0.0,True,2.0,0.0,3.0,347.0,0
2024-11-26,2,11,15.8,True,,0,,0,2,347.0,2.0,0.0,3.0,0.0,0.0,0,0,0,91.25,8.512500166893005,-5.875,0.0,True,2.0,0.0,0.0,173.0,0
2024-11-27,3,11,15.83,True,,0,,0,4,173.0,2.0,0.0,0.0,0.0,89.0,0,0,0,99.875,6.1249998807907104,-0.3500000024214387,0.0,True,5.0,2.0,4.0,587.0,1
2024-11-28,4,11,15.87,True,,0,,0,3,587.0,5.0,2.0,4.0,8.0,97.0,1,0,1,100.0,13.37500011920929,0.33750000316649675,0.0,True,2.0,0.0,10.0,155.0,0
2024-11-29,5,11,15.9,True,,0,,0,2,155.0,2.0,0.0,10.0,0.0,132.0,0,0,0,99.875,5.700000047683716,-0.037500000558793545,0.1,True,1.0,0.0,1.0,14.0,0
2024-11-30,6,11,15.93,True,,0,,0,1,14.0,1.0,0.0,1.0,0.0,10.0,0,0,0,100.0,1.2499999795109034,0.32500000670552254,0.0,True,4.0,0.0,8.0,120.0,0
2024-12-01,7,12,15.96,True,,0,,0,2,120.0,4.0,0.0,8.0,0.0,78.0,0,0,0,100.0,7.587500095367432,0.8125,0.0,True,2.0,0.0,7.0,300.0,0
2024-12-02,1,12,15.98,True,,0,,0,2,300.0,2.0,0.0,7.0,0.0,110.0,0,0,0,100.0,8.400000214576721,0.3625000035390258,0.0,False,0.0,0.0,2.0,103.0,0
2024-12-03,2,12,16.01,True,,0,,0,3,103.0,0.0,0.0,2.0,0.0,28.0,0,0,0,100.0,7.650000095367432,-1.7250000089406967,0.0,False,0.0,0.0,6.0,0.0,0
2024-12-04,3,12,16.03,True,,0,,0,0,0.0,0.0,0.0,6.0,0.0,50.0,0,0,0,100.0,4.399999976158142,-2.699999988079071,0.0,True,1.0,0.0,7.0,28.0,0
2024-12-05,4,12,16.06,True,,0,,0,1,28.0,1.0,0.0,7.0,1.0,44.0,0,0,0,99.875,5.462499916553497,-1.5625000149011612,0.0,True,2.0,0.0,5.0,239.0,0
2024-12-06,5,12,16.08,True,День Збройних Сил,2,,0,2,239.0,2.0,0.0,5.0,0.0,53.0,0,0,0,100.0,12.674999952316284,0.06250001210719347,4.1,True,1.0,0.0,3.0,72.0,0
2024-12-07,6,12,16.1,True,,0,,0,2,72.0,1.0,0.0,3.0,0.0,14.0,0,0,0,100.0,17.762500047683716,1.6250000074505806,0.1,True,1.0,0.0,3.0,63.0,0
2024-12-08,7,12,16.12,True,,0,,0,1,63.0,1.0,0.0,3.0,0.0,74.0,0,0,0,100.0,10.700000166893005,0.12500000279396772,0.0,True,5.0,0.0,13.0,95.0,0
2024-12-09,1,12,16.13,True,,0,,0,3,95.0,5.0,0.0,13.0,0.0,37.0,0,0,0,100.0,14.12499988079071,0.26250000670552254,6.6000004,False,0.0,0.0,0.0,0.0,0
2024-12-10,2,12,16.15,True,,0,,0,0,0.0,0.0,0.0,0.0,0.0,0.0,0,0,0,100.0,11.075000047683716,0.07500000298023224,0.90000004,False,0.0,0.0,0.0,0.0,0
2024-12-11,3,12,16.16,True,,0,,0,0,0.0,0.0,0.0,0.0,0.0,0.0,0,0,0,100.0,14.987499833106995,-1.4500000029802322,1.0,,0.0,0.0,0.0,0.0,0
2024-12-12,4,12,16.18,True,,0,День конституції рф,1,0,0.0,0.0,0.0,0.0,0.0,0.0,0,0,0,54.25,22.199999809265137,-2.5624999552965164,0.90000004,True,10.0,0.0,5.0,423.0,1
2024-12-13,5,12,16.19,True,,0,,0,3,423.0,10.0,0.0,5.0,8.0,193.0,1,1,0,0.0,9.862500071525574,-9.137499928474426,0.0,True,1.0,0.0,12.0,238.0,1
2024-12-14,6,12,16.2,True,,0,,0,3,238.0,1.0,0.0,12.0,0.0,58.0,1,0,0,38.875,13.112500071525574,-3.512499988079071,1.2,False,0.0,0.0,4.0,0.0,0
2024-12-15,7,12,16.21,True,,0,,0,0,0.0,0.0,0.0,4.0,0.0,108.0,0,0,0,95.375,16.68749988079071,0.8250000104308128,1.0,True,1.0,0.0,5.0,64.0,0
2024-12-16,1,12,16.21,True,,0,,0,2,64.0,1.0,0.0,5.0,0.0,49.0,0,0,0,3.0,20.68750023841858,3.724999964237213,0.2,True,2.0,0.0,9.0,26.0,0
2024-12-17,2,12,16.22,True,,0,,0,2,26.0,2.0,0.0,9.0,0.0,20.0,0,0,0,2.875,19.6875,2.312499985098839,0.0,False,0.0,0.0,7.0,15.0,0
2024-12-18,3,12,16.22,True,,0,,0,1,15.0,0.0,0.0,7.0,0.0,51.0,0,0,0,65.25,9.687499940395355,1.500000011175871,1.0,True,1.0,0.0,8.0,128.0,0
2024-12-19,4,12,16.22,True,,0,,0,3,128.0,1.0,0.0,8.0,0.0,85.0,0,0,0,0.0,14.325000047683716,2.6999999582767487,0.0,True,1.0,2.0,2.0,130.0,1
2024-12-20,5,12,16.22,True,,0,,0,4,130.0,1.0,2.0,2.0,0.0,65.0,1,0,0,90.875,11.637499928474426,3.5999999940395355,3.2,True,3.0,0.0,2.0,97.0,0
2024-12-21,6,12,16.22,True,,0,,0,4,97.0,3.0,0.0,2.0,0.0,113.0,0,0,0,100.0,5.200000047683716,-0.32500000670552254,0.0,True,2.0,0.0,8.0,82.0,0
2024-12-22,7,12,16.22,True,,0,,0,3,82.0,2.0,0.0,8.0,0.0,103.0,0,0,0,100.0,7.087500035762787,-2.537499964237213,0.0,False,0.0,0.0,8.0,131.0,0
2024-12-23,1,12,16.21,True,,0,,0,2,131.0,0.0,0.0,8.0,0.0,72.0,0,0,0,98.375,4.175000011920929,-0.47500000707805157,0.0,True,4.0,0.0,8.0,162.0,0
2024-12-24,2,12,16.21,True,,0,,0,4,162.0,4.0,0.0,8.0,0.0,60.0,0,0,0,90.75,7.937500059604645,0.13750000204890966,0.0,True,5.0,0.0,4.0,400.0,0
2024-12-25,3,12,16.2,True,Різдво,3,,0,4,400.0,5.0,0.0,4.0,0.0,106.0,0,1,2,100.0,9.699999809265137,-1.4374999925494194,0.0,True,1.0,0.0,2.0,30.0,0
2024-12-26,4,12,16.19,True,,0,,0,1,30.0,1.0,0.0,2.0,0.0,20.0,0,0,0,100.0,8.025000035762787,0.3875000011175871,0.90000004,True,1.0,0.0,0.0,0.0,0
2024-12-27,5,12,16.18,True,,0,,0,0,0.0,1.0,0.0,0.0,0.0,24.0,0,0,0,100.0,7.5,0.037500000558793545,0.0,False,0.0,0.0,0.0,0.0,0
2024-12-28,6,12,16.17,True,,0,,0,0,0.0,0.0,0.0,0.0,0.0,16.0,0,0,0,100.0,4.024999976158142,-0.28750001080334187,0.0,False,0.0,0.0,0.0,0.0,0
2024-12-29,7,12,16.16,True,,0,,0,0,0.0,0.0,0.0,0.0,0.0,10.0,0,0,0,100.0,8.224999964237213,-0.23750000540167093,0.0,False,0.0,0.0,0.0,0.0,0
2024-12-30,1,12,16.14,True,,0,,0,0,0.0,0.0,0.0,0.0,0.0,43.0,0,0,0,100.0,13.125,0.6750000081956387,0.0,True,1.0,0.0,4.0,187.0,1
2024-12-31,2,12,16.12,True,,0,,0,3,187.0,1.0,0.0,4.0,2.0,40.0,1,0,0,66.875,11.837499976158142,1.537500023841858,0.0,True,4.0,0.0,4.0,166.0,0
2025-01-01,3,1,16.12,True,Новий рік,3,Новий рік,2,1,166.0,4.0,0.0,4.0,0.0,111.0,0,0,0,0.0,21.0,4.462500035762787,0.0,True,1.0,0.0,1.0,55.0,0
2025-01-02,4,1,16.11,True,,0,,0,1,55.0,1.0,0.0,1.0,0.0,72.0,0,0,0,3.5,13.625,3.625,0.4,True,1.0,0.0,5.0,254.0,0
2025-01-03,5,1,16.09,True,,0,,0,3,254.0,1.0,0.0,5.0,0.0,32.0,0,0,0,63.375,14.06249988079071,-1.4999999925494194,0.0,True,2.0,0.0,9.0,154.0,1
2025-01-04,6,1,16.07,True,,0,,0,4,154.0,2.0,0.0,9.0,0.0,30.0,1,0,0,0.0,14.800000071525574,-4.050000011920929,0.0,False,0.0,0.0,6.0,0.0,0
2025-01-05,7,1,16.04,True,,0,,0,0,0.0,0.0,0.0,6.0,0.0,103.0,0,0,0,0.375,10.712499976158142,-3.75,0.0,False,0.0,0.0,1.0,168.0,0
2025-01-06,1,1,16.02,True,,0,,0,5,168.0,0.0,0.0,1.0,0.0,128.0,0,0,0,3.125,12.850000023841858,2.0250000059604645,0.0,False,0.0,0.0,0.0,0.0,0
2025-01-07,2,1,16.0,True,,0,Різдво (РПЦ),2,0,0.0,0.0,0.0,0.0,0.0,38.0,0,0,0,1.625,13.850000023841858,4.46249994635582,0.0,True,1.0,0.0,6.0,123.0,1
2025-01-08,3,1,15.97,True,,0,,0,4,123.0,1.0,0.0,6.0,0.0,64.0,1,0,0,71.625,15.100000262260437,3.537500023841858,1.4,False,0.0,0.0,1.0,0.0,0
2025-01-09,4,1,15.94,True,,0,,0,0,0.0,0.0,0.0,1.0,0.0,70.0,0,0,0,0.0,13.087500095367432,3.637499988079071,0.0,True,2.0,0.0,4.0,38.0,0
2025-01-10,5,1,15.91,True,,0,,0,2,38.0,2.0,0.0,4.0,0.0,72.0,0,0,0,99.625,15.75,1.5125000029802322,6.3,False,0.0,0.0,3.0,43.0,0
2025-01-11,6,1,15.88,True,,0,,0,1,43.0,0.0,0.0,3.0,0.0,74.0,0,0,0,1.75,9.737500071525574,-2.824999988079071,0.0,False,0.0,0.0,4.0,175.0,0
2025-01-12,7,1,15.85,True,,0,,0,3,175.0,0.0,0.0,4.0,0.0,94.0,0,0,0,10.625,4.687500014901161,-4.837500065565109,0.0,False,0.0,0.0,6.0,37.0,0
2025-01-13,1,1,15.82,True,,0,,0,3,37.0,0.0,0.0,6.0,0.0,110.0,0,0,0,100.0,10.987500071525574,-2.5499999970197678,0.0,,0.0,0.0,3.0,215.0,0
2025-01-14,2,1,15.78,True,,0,,0,2,215.0,0.0,0.0,3.0,0.0,80.0,0,0,0,0.0,14.06250011920929,-0.33750000689178705,0.0,True,1.0,0.0,4.0,170.0,0
2025-01-15,3,1,15.75,True,,0,,0,2,170.0,1.0,0.0,4.0,0.0,74.0,0,1,0,100.0,6.637499988079071,0.12500000465661287,0.0,False,0.0,0.0,5.0,0.0,0
2025-01-16,4,1,15.71,True,,0,,0,0,0.0,0.0,0.0,5.0,0.0,55.0,0,0,0,86.25,16.237500190734863,1.0,0.0,True,1.0,0.0,2.0,73.0,0
2025-01-17,5,1,15.67,True,,0,,0,2,73.0,1.0,0.0,2.0,0.0,50.0,0,0,0,100.0,12.725000023841858,1.3874999731779099,0.1,True,6.0,0.0,8.0,252.0,0
2025-01-18,6,1,15.64,True,,0,,0,3,252.0,6.0,0.0,8.0,0.0,39.0,0,0,0,63.0,19.450000047683716,1.9124999791383743,0.0,False,0.0,0.0,4.0,72.0,0
2025-01-19,7,1,15.6,True,,0,,0,2,72.0,0.0,0.0,4.0,0.0,300.0,0,0,0,46.125,12.912499904632568,0.0875000050291419,0.0,True,1.0,0.0,9.0,100.0,0
2025-01-20,1,1,15.56,True,,0,,0,3,100.0,1.0,0.0,9.0,0.0,0.0,0,0,0,100.0,2.7874999940395355,0.7624999992549419,0.0,True,1.0,0.0,2.0,193.0,0
2025-01-21,2,1,15.51,True,,0,,0,2,193.0,1.0,0.0,2.0,0.0,0.0,0,0,0,100.0,12.225000023841858,-0.8499999940395355,0.0,True,2.0,0.0,5.0,100.0,0
2025-01-22,3,1,15.47,True,День Соборності,2,,0,3,100.0,2.0,0.0,5.0,0.0,99.0,0,0,0,100.0,11.975000143051147,0.38750000670552254,2.0000002,True,1.0,0.0,2.0,146.0,0
2025-01-23,4,1,15.43,True,,0,,0,3,146.0,1.0,0.0,2.0,0.0,92.0,0,0,0,100.0,7.150000035762787,-0.037500000558793545,0.0,True,2.0,0.0,5.0,99.0,0
2025-01-24,5,1,15.38,True,,0,,0,1,99.0,2.0,0.0,5.0,0.0,58.0,0,0,0,100.0,5.625,1.6875,0.0,False,0.0,0.0,1.0,65.0,0
2025-01-25,6,1,15.34,True,,0,,0,1,65.0,0.0,0.0,1.0,0.0,0.0,0,0,0,96.75,11.5625,2.9000000059604645,0.0,False,0.0,0.0,3.0,8.0,0
2025-01-26,7,1,15.29,True,,0,,0,1,8.0,0.0,0.0,3.0,1.0,375.0,0,0,0,65.125,15.087500095367432,5.474999964237213,0.0,True,2.0,0.0,2.0,65.0,0
2025-01-27,1,1,15.24,True,,0,,0,2,65.0,2.0,0.0,2.0,0.0,104.0,0,0,0,100.0,8.912500083446503,5.737499952316284,0.0,True,1.0,0.0,3.0,219.0,1
2025-01-28,2,1,15.19,True,,0,,0,2,219.0,1.0,0.0,3.0,0.0,100.0,1,0,0,82.625,13.199999928474426,5.850000023841858,0.0,True,2.0,0.0,1.0,41.0,0
2025-01-29,3,1,15.15,True,,0,,0,2,41.0,2.0,0.0,1.0,0.0,57.0,0,0,0,0.0,11.387500166893005,4.937499940395355,0.0,False,0.0,0.0,5.0,128.0,0
2025-01-30,4,1,15.1,True,,0,,0,1,128.0,0.0,0.0,5.0,0.0,0.0,0,0,0,82.125,8.499999940395355,4.224999964237213,0.0,True,3.0,0.0,4.0,62.0,0
2025-01-31,5,1,15.05,True,,0,,0,2,62.0,3.0,0.0,4.0,0.0,102.0,0,0,0,91.75,10.550000071525574,5.774999976158142,0.0,True,1.0,0.0,3.0,291.0,0
2025-02-01,6,2,14.99,True,,0,,0,2,291.0,1.0,0.0,3.0,0.0,123.0,0,0,0,64.5,12.037500023841858,1.0249999836087227,0.1,False,0.0,0.0,2.0,18.0,0
2025-02-02,7,2,14.94,True,,0,,0,1,18.0,0.0,0.0,2.0,0.0,1595.0,0,0,0,77.625,7.425000011920929,-0.3625000035390258,0.0,False,0.0,0.0,4.0,0.0,0
2025-02-03,1,2,14.89,True,,0,,0,0,0.0,0.0,0.0,4.0,0.0,0.0,0,0,0,96.5,12.125,-0.9874999821186066,0.2,True,1.0,0.0,3.0,237.0,0
2025-02-04,2,2,14.84,True,,0,,0,2,237.0,1.0,0.0,3.0,0.0,65.0,0,0,0,56.875,7.612499952316284,-2.949999988079071,0.1,True,2.0,0.0,7.0,397.0,0
2025-02-05,3,2,14.78,True,,0,,0,2,397.0,2.0,0.0,7.0,0.0,104.0,0,0,0,93.375,12.06250011920929,-1.4874999970197678,0.0,True,4.0,0.0,2.0,168.0,0
2025-02-06,4,2,14.73,True,,0,,0,2,168.0,4.0,0.0,2.0,0.0,77.0,0,0,0,56.375,6.850000023841858,-3.4375,0.0,True,1.0,0.0,3.0,287.0,0
2025-02-07,5,2,14.67,True,,0,,0,1,287.0,1.0,0.0,3.0,0.0,112.0,0,0,0,100.0,10.924999952316284,-4.949999988079071,0.0,True,3.0,0.0,5.0,423.0,0
2025-02-08,6,2,14.62,True,,0,,0,1,423.0,3.0,0.0,5.0,0.0,139.0,0,0,0,100.0,6.787499904632568,-6.449999928474426,0.0,True,1.0,0.0,2.0,288.0,0
2025-02-09,7,2,14.56,True,,0,,0,3,288.0,1.0,0.0,2.0,0.0,408.0,0,0,0,99.75,6.800000071525574,-7.087499916553497,0.0,True,2.0,0.0,5.0,206.0,0
2025-02-10,1,2,14.51,True,,0,,0,1,206.0,2.0,0.0,5.0,0.0,83.0,0,0,0,100.0,6.762499988079071,-5.950000047683716,0.0,True,3.0,0.0,4.0,408.0,0
2025-02-11,2,2,14.45,True,,0,,0,2,408.0,3.0,0.0,4.0,0.0,124.0,0,0,1,20.625,5.737499952316284,-8.45000010728836,0.0,True,2.0,0.0,8.0,229.0,0
2025-02-12,3,2,14.39,True,,0,,0,2,229.0,2.0,0.0,8.0,0.0,123.0,0,0,0,12.25,3.7874999344348907,-8.100000023841858,0.0,True,1.0,0.0,2.0,20.0,0
2025-02-13,4,2,14.33,True,,0,,0,1,20.0,1.0,0.0,2.0,0.0,140.0,0,0,0,0.0,8.987500071525574,-4.9375,0.0,False,0.0,0.0,1.0,128.0,0
2025-02-14,5,2,14.27,True,,0,,0,2,128.0,0.0,0.0,1.0,0.0,133.0,0,0,0,100.0,14.724999904632568,-3.600000023841858,0.70000005,False,0.0,0.0,0.0,0.0,0
2025-02-15,6,2,14.21,True,,0,,0,0,0.0,0.0,0.0,0.0,0.0,70.0,0,0,0,36.375,8.350000143051147,-8.98749989271164,0.0,True,3.0,0.0,3.0,314.0,0
2025-02-16,7,2,14.16,True,,0,,0,1,314.0,3.0,0.0,3.0,0.0,479.0,0,0,0,62.125,6.7499998807907104,-8.17499989271164,0.6,True,2.0,0.0,1.0,341.0,0
2025-02-17,1,2,14.1,True,,0,,0,1,341.0,2.0,0.0,1.0,0.0,147.0,0,0,0,0.0,11.56250011920929,-11.350000023841858,0.0,True,3.0,1.0,2.0,280.0,0
2025-02-18,2,2,14.04,True,,0,,0,3,280.0,3.0,1.0,2.0,1.0,176.0,0,0,0,1.0,11.49999988079071,-9.987500071525574,0.0,True,5.0,0.0,0.0,496.0,0
2025-02-19,3,2,13.98,True,,0,,0,2,496.0,5.0,0.0,0.0,1.0,167.0,0,0,0,91.25,9.225000023841858,-5.687500029802322,0.3,True,3.0,0.0,7.0,451.0,0
2025-02-20,4,2,13.91,True,,0,,0,2,451.0,3.0,0.0,7.0,0.0,0.0,0,0,0,96.875,6.624999940395355,-7.275000035762787,0.0,True,2.0,0.0,10.0,287.0,0
2025-02-21,5,2,13.85,True,,0,,0,1,287.0,2.0,0.0,10.0,0.0,160.0,0,0,0,1.25,2.9124999791383743,-12.987499952316284,0.0,,0.0,0.0,0.0,216.0,0
2025-02-22,6,2,13.79,True,,0,,0,1,216.0,0.0,0.0,0.0,0.0,162.0,0,0,0,0.0,6.662500023841858,-12.00000011920929,0.0,True,8.0,1.0,1.0,408.0,0
2025-02-23,7,2,13.73,True,,0,День захисника вітчизни,3,3,408.0,8.0,1.0,1.0,1.0,267.0,0,0,0,0.0,4.100000023841858,-10.93750011920929,0.0,True,2.0,0.0,4.0,242.0,1
2025-02-24,1,2,13.67,True,Річниця вторгнення,3,,0,2,242.0,2.0,0.0,4.0,0.0,185.0,1,0,0,0.0,4.775000035762787,-9.400000035762787,0.0,True,3.0,1.0,5.0,460.0,0
2025-02-25,2,2,13.61,True,,0,,0,2,460.0,3.0,1.0,5.0,1.0,213.0,0,0,0,0.0,5.287500023841858,-7.775000035762787,0.0,True,1.0,0.0,5.0,246.0,0
2025-02-26,3,2,13.54,True,,0,,0,1,246.0,1.0,0.0,5.0,0.0,177.0,0,0,0,0.0,9.887500047683716,-3.8875000178813934,0.0,True,2.0,0.0,6.0,346.0,0
2025-02-27,4,2,13.48,True,,0,,0,1,346.0,2.0,0.0,6.0,0.0,166.0,0,0,0,43.25,10.25,-1.475000023841858,0.0,True,1.0,0.0,1.0,117.0,0
2025-02-28,5,2,13.42,True,,0,,0,1,117.0,1.0,0.0,1.0,0.0,208.0,0,0,0,98.125,11.237500071525574,-0.17500000447034836,0.0,True,3.0,0.0,5.0,214.0,0
2025-03-01,6,3,13.36,True,,0,,0,1,214.0,3.0,0.0,5.0,0.0,154.0,0,0,0,79.625,6.324999988079071,-0.7499999981373549,0.0,True,1.0,0.0,0.0,157.0,0
2025-03-02,7,3,13.29,True,,0,,0,2,157.0,1.0,0.0,0.0,0.0,665.0,0,0,0,82.25,11.674999833106995,0.13750000298023224,0.0,False,0.0,0.0,6.0,116.0,1
2025-03-03,1,3,13.23,True,,0,,0,2,116.0,0.0,0.0,6.0,0.0,83.0,1,0,0,98.875,14.887500047683716,3.2000000178813934,0.0,False,0.0,0.0,0.0,8.0,0
2025-03-04,2,3,13.16,True,,0,,0,0,8.0,0.0,0.0,0.0,0.0,99.0,0,0,0,32.125,19.949999809265137,5.587499976158142,0.0,True,3.0,0.0,4.0,241.0,0
2025-03-05,3,3,13.1,True,,0,,0,1,241.0,3.0,0.0,4.0,2.0,0.0,0,0,0,0.0,21.34999990463257,7.937500059604645,0.0,True,1.0,0.0,1.0,33.0,0
2025-03-06,4,3,13.04,True,,0,,0,1,33.0,1.0,0.0,1.0,0.0,112.0,0,0,0,0.0,14.912499904632568,7.162500083446503,0.0,True,4.0,0.0,1.0,352.0,1
2025-03-07,5,3,12.97,True,,0,,0,3,352.0,4.0,0.0,1.0,3.0,194.0,1,1,1,0.0,7.450000047683716,5.562499970197678,0.0,False,0.0,0.0,1.0,43.0,0
2025-03-08,6,3,12.91,True,8 березня,1,8 березня,1,1,43.0,0.0,0.0,1.0,0.0,145.0,0,0,0,0.0,6.750000059604645,5.41250005364418,0.0,True,4.0,0.0,4.0,199.0,0
2025-03-09,7,3,12.84,True,,0,,0,2,199.0,4.0,0.0,4.0,0.0,520.0,0,0,0,0.0,10.887500166893005,5.762500047683716,0.0,True,1.0,0.0,2.0,209.0,0
2025-03-10,1,3,12.78,True,,0,,0,1,209.0,1.0,0.0,2.0,0.0,176.0,0,0,0,0.0,12.700000047683716,6.712499976158142,0.0,False,0.0,0.0,6.0,166.0,0
2025-03-11,2,3,12.71,True,,0,,0,1,166.0,0.0,0.0,6.0,0.0,126.0,0,0,0,4.75,9.26250010728836,8.775000095367432,1.2,True,2.0,0.0,1.0,64.0,0
2025-03-12,3,3,12.65,True,,0,,0,1,64.0,2.0,0.0,1.0,0.0,133.0,0,0,0,3.0,10.887500047683716,8.37500011920929,0.0,True,1.0,0.0,1.0,205.0,0
2025-03-13,4,3,12.59,True,,0,,0,2,205.0,1.0,0.0,1.0,0.0,117.0,0,0,0,0.375,17.875,11.674999833106995,0.0,False,0.0,0.0,0.0,17.0,1
2025-03-14,5,3,12.52,True,,0,,0,1,17.0,0.0,0.0,0.0,0.0,27.0,1,0,0,1.875,10.98749989271164,7.749999940395355,0.6,True,1.0,0.0,1.0,50.0,1
2025-03-15,6,3,12.46,True,,0,,0,2,50.0,1.0,0.0,1.0,0.0,178.0,1,0,0,85.5,10.424999952316284,0.8500000163912773,0.4,True,4.0,0.0,4.0,118.0,0
2025-03-16,7,3,12.39,True,,0,,0,2,118.0,4.0,0.0,4.0,1.0,515.0,0,0,0,0.0,7.274999976158142,-0.32500001322478056,0.0,True,2.0,0.0,1.0,149.0,0
2025-03-17,1,3,12.33,True,,0,,0,1,149.0,2.0,0.0,1.0,0.0,174.0,0,0,0,15.25,17.987499713897705,-2.6500000059604645,0.0,True,1.0,0.0,3.0,21.0,0
2025-03-18,2,3,12.26,True,,0,,0,1,21.0,1.0,0.0,3.0,0.0,137.0,0,0,0,100.0,8.599999904632568,-0.2125000013038516,0.1,True,6.0,0.0,5.0,352.0,0
2025-03-19,3,3,12.2,True,,0,,0,1,352.0,6.0,0.0,5.0,0.0,145.0,0,0,0,3.5,11.962499976158142,1.400000013411045,0.0,True,1.0,0.0,2.0,0.0,0
2025-03-20,4,3,12.13,True,,0,,0,0,0.0,1.0,0.0,2.0,0.0,75.0,0,0,0,0.0,8.950000047683716,2.5624999701976776,0.0,True,1.0,0.0,1.0,153.0,0
2025-03-21,5,3,12.07,True,,0,,0,1,153.0,1.0,0.0,1.0,0.0,214.0,0,0,0,0.0,4.250000059604645,2.4750000163912773,0.0,True,4.0,0.0,3.0,209.0,0
2025-03-22,6,3,12.0,True,,0,,0,1,209.0,4.0,0.0,3.0,2.0,179.0,0,0,0,0.0,8.474999964237213,5.550000071525574,0.0,True,4.0,0.0,3.0,313.0,0
2025-03-23,7,3,11.93,True,,0,,0,1,313.0,4.0,0.0,3.0,0.0,625.0,0,0,0,10.0,18.149999856948853,6.587499976158142,0.9,True,2.0,0.0,2.0,96.0,0
2025-03-24,1,3,11.87,True,,0,,0,1,96.0,2.0,0.0,2.0,0.0,99.0,0,0,0,100.0,12.199999928474426,8.037500023841858,4.8999996,False,0.0,0.0,1.0,147.0,0
2025-03-25,2,3,11.8,True,,0,,0,1,147.0,0.0,0.0,1.0,0.0,139.0,0,0,0,91.125,9.487500131130219,5.324999988079071,0.0,False,0.0,0.0,1.0,0.0,0
2025-03-26,3,3,11.74,True,,0,,0,0,0.0,0.0,0.0,1.0,0.0,117.0,0,0,0,0.0,7.5625,4.012500077486038,0.0,False,0.0,0.0,3.0,41.0,0
2025-03-27,4,3,11.67,True,,0,,0,2,41.0,0.0,0.0,3.0,0.0,86.0,0,0,0,4.375,7.3374998569488525,6.237500011920929,0.0,True,1.0,0.0,2.0,28.0,0
2025-03-28,5,3,11.61,True,,0,,0,1,28.0,1.0,0.0,2.0,0.0,163.0,0,0,0,0.0,9.5625,5.112499952316284,0.0,True,1.0,0.0,3.0,184.0,0
2025-03-29,6,3,11.54,True,,0,,0,2,184.0,1.0,0.0,3.0,0.0,172.0,0,0,0,0.7142857142857143,10.542857033865792,6.257142884390695,0.0,False,0.0,0.0,5.0,0.0,0
2025-03-30,7,3,11.48,True,,0,,0,0,0.0,0.0,0.0,5.0,0.0,2328.0,0,0,0,100.0,8.387500047683716,8.25000011920929,0.4,True,1.0,0.0,2.0,318.0,0
2025-03-31,1,3,11.41,True,,0,,0,2,318.0,1.0,0.0,2.0,0.0,57.0,0,0,0,93.5,9.25,9.0,1.5,,0.0,0.0,0.0,0.0,0
2025-04-01,2,4,11.35,True,,0,,0,0,0.0,0.0,0.0,0.0,0.0,0.0,0,0,0,100.0,11.25,7.662499964237213,3.3,False,0.0,0.0,0.0,0.0,0
2025-04-02,3,4,11.29,True,,0,,0,0,0.0,0.0,0.0,0.0,0.0,74.0,0,0,0,63.5,14.499999761581421,7.287500023841858,1.0,False,0.0,0.0,0.0,0.0,0
2025-04-03,4,4,11.22,True,,0,,0,0,0.0,0.0,0.0,0.0,0.0,39.0,0,0,0,0.0,7.649999976158142,8.649999976158142,0.0,True,1.0,0.0,1.0,134.0,1
2025-04-04,5,4,11.16,True,,0,,0,3,134.0,1.0,0.0,1.0,0.0,78.0,1,0,0,1.625,11.087499856948853,10.299999952316284,0.0,True,1.0,0.0,2.0,98.0,0
2025-04-05,6,4,11.09,True,,0,,0,2,98.0,1.0,0.0,2.0,0.0,92.0,0,0,0,12.25,10.274999856948853,3.5625000596046448,0.4,True,2.0,0.0,5.0,274.0,0
2025-04-06,7,4,11.03,True,,0,,0,2,274.0,2.0,0.0,5.0,4.0,257.0,0,0,0,73.75,13.262499928474426,-0.4750000135973096,0.0,False,0.0,0.0,0.0,56.0,0
2025-04-07,1,4,10.96,True,,0,,0,2,56.0,0.0,0.0,0.0,0.0,0.0,0,0,0,44.125,11.949999928474426,-2.5499999821186066,0.0,False,0.0,0.0,0.0,0.0,0
2025-04-08,2,4,10.9,True,,0,,0,0,0.0,0.0,0.0,0.0,0.0,46.0,0,0,0,0.0,8.975000143051147,-2.3499999940395355,0.0,False,0.0,0.0,0.0,54.0,0
2025-04-09,3,4,10.84,True,,0,,0,2,54.0,0.0,0.0,0.0,0.0,55.0,0,0,0,21.5,13.275000095367432,0.3500000052154064,0.2,,0.0,0.0,1.0,183.0,1
2025-04-10,4,4,10.77,True,,0,,0,3,183.0,0.0,0.0,1.0,0.0,145.0,1,0,0,0.375,12.487500071525574,-2.924999937415123,0.0,True,1.0,0.0,3.0,73.0,0
2025-04-11,5,4,10.71,True,,0,,0,2,73.0,1.0,0.0,3.0,0.0,39.0,0,0,0,0.0,6.187500029802322,0.5500000175088644,0.0,True,1.0,0.0,1.0,108.0,0
2025-04-12,6,4,10.64,True,,0,День космонавтики,1,3,108.0,1.0,0.0,1.0,1.0,88.0,0,0,0,10.375,7.025000095367432,3.5999999940395355,0.0,True,1.0,0.0,5.0,206.0,0
2025-04-13,7,4,10.58,True,,0,,0,2,206.0,1.0,0.0,5.0,0.0,55.0,0,0,0,0.0,10.712500095367432,6.999999940395355,0.0,False,0.0,0.0,0.0,107.0,0
2025-04-14,1,4,10.52,True,,0,,0,3,107.0,0.0,0.0,0.0,0.0,62.0,0,0,0,0.0,13.837499976158142,8.5625,0.0,False,0.0,0.0,0.0,39.0,0
2025-04-15,2,4,10.46,True,,0,,0,1,39.0,0.0,0.0,0.0,0.0,52.0,0,0,0,0.0,12.18750011920929,11.787499785423279,0.4,True,1.0,0.0,2.0,124.0,0
2025-04-16,3,4,10.39,False,,0,,0,2,124.0,1.0,0.0,2.0,0.0,97.0,0,0,0,0.0,14.625,11.912500023841858,0.1,False,0.0,0.0,1.0,30.0,0
2025-04-17,4,4,10.33,False,,0,,0,1,30.0,0.0,0.0,1.0,0.0,75.0,0,0,0,0.0,12.93749988079071,14.024999976158142,0.0,True,4.0,0.0,4.0,142.0,1
2025-04-18,5,4,10.27,False,,0,,0,3,142.0,4.0,0.0,4.0,0.0,37.0,1,0,0,0.0,10.862499952316284,14.512500047683716,0.0,False,0.0,0.0,0.0,49.0,1
2025-04-19,6,4,10.21,False,,0,,0,2,49.0,0.0,0.0,0.0,0.0,87.0,1,0,0,0.0,8.875,14.0,0.0,False,0.0,0.0,0.0,65.0,0
2025-04-20,7,4,10.15,False,Великдень,3,Пасха (РПЦ),2,2,65.0,0.0,0.0,0.0,3.0,0.0,0,0,0,0.0,4.262500017881393,15.537500143051147,0.0,True,1.0,0.0,3.0,68.0,0
2025-04-21,1,4,10.09,False,,0,,0,1,68.0,1.0,0.0,3.0,0.0,96.0,0,0,0,0.0,8.574999988079071,15.775000214576721,0.0,True,1.0,0.0,7.0,41.0,0
2025-04-22,2,4,10.02,False,,0,,0,1,41.0,1.0,0.0,7.0,0.0,77.0,0,0,0,0.0,6.675000011920929,17.137499690055847,0.0,True,1.0,0.0,3.0,71.0,0
2025-04-23,3,4,9.96,False,,0,,0,1,71.0,1.0,0.0,3.0,0.0,134.0,0,0,0,0.0,10.412499904632568,17.549999594688416,0.0,True,5.0,1.0,3.0,394.0,0
2025-04-24,4,4,9.9,False,,0,,0,3,394.0,5.0,1.0,3.0,6.0,145.0,0,0,0,0.0,8.712499976158142,16.15000009536743,0.0,False,0.0,0.0,7.0,0.0,0
2025-04-25,5,4,9.84,False,,0,,0,0,0.0,0.0,0.0,7.0,0.0,103.0,0,0,0,30.25,16.049999952316284,13.637499928474426,1.8,True,1.0,0.0,8.0,43.0,0
2025-04-26,6,4,9.79,False,,0,,0,1,43.0,1.0,0.0,8.0,0.0,114.0,0,0,0,0.125,9.574999988079071,6.262499958276749,0.0,False,0.0,0.0,4.0,0.0,0
2025-04-27,7,4,9.73,False,,0,,0,0,0.0,0.0,0.0,4.0,0.0,442.0,0,0,0,0.0,7.325000107288361,5.749999970197678,0.0,False,0.0,0.0,1.0,21.0,0
2025-04-28,1,4,9.67,False,,0,,0,1,21.0,0.0,0.0,1.0,0.0,166.0,0,0,0,0.0,8.5625,9.862499952316284,0.0,True,2.0,0.0,1.0,152.0,0
2025-04-29,2,4,9.61,False,,0,,0,2,152.0,2.0,0.0,1.0,0.0,37.0,0,0,0,0.875,10.324999988079071,13.1875,0.0,False,0.0,0.0,3.0,88.0,1
2025-04-30,3,4,9.55,False,,0,,0,1,88.0,0.0,0.0,3.0,0.0,50.0,1,0,0,0.0,8.737499952316284,12.737499833106995,0.0,True,1.0,0.0,4.0,65.0,0
2025-05-01,4,5,9.49,False,,0,1 травня,1,1,65.0,1.0,0.0,4.0,0.0,1214.0,0,0,0,0.0,9.362499952316284,8.687499940395355,0.0,True,1.0,0.0,4.0,31.0,0
2025-05-02,5,5,9.44,False,,0,,0,2,31.0,1.0,0.0,4.0,0.0,150.0,0,0,0,0.0,10.499999910593033,10.462499976158142,0.0,True,2.0,0.0,2.0,19.0,0
2025-05-03,6,5,9.38,False,,0,,0,1,19.0,2.0,0.0,2.0,0.0,183.0,0,0,0,0.25,10.15000033378601,16.25000011920929,0.0,True,2.0,0.0,4.0,90.0,0
2025-05-04,7,5,9.33,False,,0,,0,2,90.0,2.0,0.0,4.0,0.0,165.0,0,0,0,25.5,9.074999928474426,15.074999928474426,4.3,False,0.0,0.0,0.0,31.0,0
2025-05-05,1,5,9.27,False,,0,,0,1,31.0,0.0,0.0,0.0,0.0,116.0,0,0,0,3.25,11.787500023841858,10.112499952316284,0.0,False,0.0,0.0,0.0,0.0,0
2025-05-06,2,5,9.22,False,,0,,0,0,0.0,0.0,0.0,0.0,0.0,136.0,0,0,0,100.0,6.849999964237213,9.100000023841858,6.6000004,True,7.0,0.0,13.0,374.0,0
2025-05-07,3,5,9.16,False,,0,,0,6,374.0,7.0,0.0,13.0,0.0,187.0,0,0,0,0.125,12.974999785423279,9.199999928474426,0.0,False,0.0,0.0,2.0,96.0,0
2025-05-08,4,5,9.11,False,День памʼяті та перемоги,2,,0,2,96.0,0.0,0.0,2.0,0.0,20.0,0,0,0,12.0,7.112500011920929,7.924999952316284,0.1,,0.0,0.0,0.0,0.0,0
2025-05-09,5,5,9.06,False,,0,День перемоги,3,0,0.0,0.0,0.0,0.0,0.0,0.0,0,0,0,1.625,10.149999976158142,6.662500023841858,0.0,False,0.0,0.0,0.0,0.0,0
2025-05-10,6,5,9.01,False,,0,,0,0,0.0,0.0,0.0,0.0,0.0,0.0,0,0,0,82.125,5.000000029802322,5.662499964237213,2.7,True,1.0,0.0,1.0,93.0,0
2025-05-11,7,5,8.95,False,,0,,0,1,93.0,1.0,0.0,1.0,0.0,108.0,0,0,0,4.25,6.774999976158142,7.300000071525574,0.1,True,1.0,0.0,1.0,85.0,0
2025-05-12,1,5,8.9,False,,0,,0,3,85.0,1.0,0.0,1.0,0.0,108.0,0,0,0,25.5,8.18749988079071,7.300000011920929,0.0,False,0.0,0.0,0.0,0.0,0
2025-05-13,2,5,8.85,False,,0,,0,0,0.0,0.0,0.0,0.0,0.0,0.0,0,0,0,2.125,9.612500011920929,7.874999940395355,0.0,False,0.0,0.0,4.0,33.0,1
2025-05-14,3,5,8.81,False,,0,,0,1,33.0,0.0,0.0,4.0,0.0,145.0,1,0,0,5.75,12.962499976158142,10.924999952316284,0.0,True,1.0,0.0,2.0,115.0,0
2025-05-15,4,5,8.76,False,,0,,0,2,115.0,1.0,0.0,2.0,0.0,110.0,0,0,0,49.75,8.287500083446503,10.56249988079071,1.7,True,2.0,0.0,2.0,118.0,0
2025-05-16,5,5,8.71,False,,0,,0,2,118.0,2.0,0.0,2.0,0.0,112.0,0,0,0,0.75,5.775000125169754,6.849999904632568,0.0,False,0.0,0.0,5.0,0.0,0
2025-05-17,6,5,8.66,False,,0,,0,0,0.0,0.0,0.0,5.0,0.0,62.0,0,0,0,66.875,9.462499976158142,9.6875,0.3,True,2.0,0.0,5.0,535.0,0
2025-05-18,7,5,8.62,False,,0,,0,1,535.0,2.0,0.0,5.0,0.0,273.0,0,0,0,13.375,7.799999892711639,10.025000095367432,0.0,False,0.0,0.0,2.0,0.0,0
2025-05-19,1,5,8.57,False,,0,,0,0,0.0,0.0,0.0,2.0,0.0,112.0,0,0,0,14.625,7.3000001311302185,10.462500095367432,0.0,False,0.0,0.0,4.0,0.0,0
2025-05-20,2,5,8.53,False,,0,,0,0,0.0,0.0,0.0,4.0,0.0,108.0,0,0,0,1.0,13.287500143051147,11.224999904632568,0.0,True,1.0,0.0,5.0,86.0,0
2025-05-21,3,5,8.49,False,,0,,0,1,86.0,1.0,0.0,5.0,0.0,76.0,0,0,0,0.0,10.31250011920929,14.74999988079071,0.0,True,1.0,0.0,2.0,57.0,0
2025-05-22,4,5,8.44,False,,0,,0,1,57.0,1.0,0.0,2.0,0.0,128.0,0,0,0,1.25,13.737500190734863,16.62500023841858,0.0,True,1.0,0.0,5.0,32.0,0
2025-05-23,5,5,8.4,False,,0,,0,1,32.0,1.0,0.0,5.0,0.0,175.0,0,0,0,4.125,9.07500010728836,17.5625,0.0,True,6.0,1.0,5.0,454.0,1
2025-05-24,6,5,8.36,False,,0,,0,2,454.0,6.0,1.0,5.0,0.0,250.0,1,0,0,50.625,6.649999976158142,14.912499904632568,1.1,True,2.0,2.0,7.0,426.0,0
2025-05-25,7,5,8.33,False,,0,,0,3,426.0,2.0,2.0,7.0,4.0,298.0,0,0,0,2.5,8.912499904632568,16.175000071525574,1.0,True,2.0,0.0,0.0,383.0,0
2025-05-26,1,5,8.29,False,,0,,0,2,383.0,2.0,0.0,0.0,1.0,355.0,0,0,0,18.125,5.937500029802322,16.06250011920929,7.8999996,False,0.0,0.0,0.0,0.0,0
2025-05-27,2,5,8.25,False,,0,,0,0,0.0,0.0,0.0,0.0,0.0,60.0,0,0,0,21.5,5.0500001311302185,15.949999928474426,3.3000002,False,0.0,0.0,0.0,97.0,0
2025-05-28,3,5,8.22,False,,0,,0,3,97.0,0.0,0.0,0.0,0.0,88.0,0,0,0,50.0,7.6875,14.412500023841858,0.4,False,0.0,0.0,0.0,29.0,0
2025-05-29,4,5,8.18,False,,0,,0,1,29.0,0.0,0.0,0.0,0.0,90.0,0,0,0,0.75,5.325000017881393,14.687500238418579,0.0,False,0.0,0.0,0.0,0.0,0
2025-05-30,5,5,8.15,False,,0,,0,0,0.0,0.0,0.0,0.0,0.0,90.0,0,0,0,6.125,10.649999976158142,13.987499952316284,0.0,False,0.0,0.0,0.0,0.0,0
2025-05-31,6,5,8.12,False,,0,,0,0,0.0,0.0,0.0,0.0,0.0,107.0,0,0,0,1.75,9.5625,15.762499928474426,0.0,True,5.0,0.0,9.0,600.0,0
2025-06-01,7,6,8.09,False,,0,,0,2,600.0,5.0,0.0,9.0,0.0,472.0,0,0,0,0.0,4.974999964237213,16.625,0.0,False,0.0,0.0,1.0,116.0,0
2025-06-02,1,6,8.06,False,,0,,0,4,116.0,0.0,0.0,1.0,2.0,80.0,0,0,0,0.125,9.250000059604645,18.33750009536743,0.0,False,0.0,0.0,0.0,34.0,1
2025-06-03,2,6,8.03,False,,0,,0,1,34.0,0.0,0.0,0.0,0.0,112.0,1,0,0,52.75,12.287500083446503,17.837499976158142,5.7999997,False,0.0,0.0,0.0,51.0,1
2025-06-04,3,6,8.0,False,,0,,0,2,51.0,0.0,0.0,0.0,0.0,95.0,1,0,0,2.5,7.637500047683716,17.512499928474426,0.0,False,0.0,0.0,1.0,29.0,0
2025-06-05,4,6,7.98,False,,0,,0,1,29.0,0.0,0.0,1.0,1.0,103.0,0,0,0,0.5,12.5,20.87499976158142,0.0,True,4.0,2.0,4.0,269.0,0
2025-06-06,5,6,7.96,False,,0,,0,2,269.0,4.0,2.0,4.0,4.0,407.0,0,0,0,0.0,10.399999976158142,22.137499809265137,0.0,False,0.0,0.0,2.0,38.0,0
2025-06-07,6,6,7.93,False,,0,,0,1,38.0,0.0,0.0,2.0,0.0,206.0,0,0,0,0.0,11.324999928474426,24.1875,0.0,False,0.0,0.0,1.0,0.0,0
2025-06-08,7,6,7.91,False,Трійця,1,,0,0,0.0,0.0,0.0,1.0,0.0,49.0,0,0,0,0.5,10.825000047683716,24.52500033378601,0.0,True,0.0,3.0,1.0,437.0,1
2025-06-09,1,6,7.89,False,,0,,0,3,437.0,0.0,3.0,1.0,7.0,479.0,1,0,0,0.25,10.262499928474426,15.800000190734863,0.0,True,5.0,0.0,7.0,308.0,0
2025-06-10,2,6,7.88,False,,0,,0,1,308.0,5.0,0.0,7.0,0.0,315.0,0,0,0,0.0,5.950000047683716,15.387500047683716,0.0,False,0.0,0.0,2.0,52.0,0
2025-06-11,3,6,7.86,False,,0,,0,2,52.0,0.0,0.0,2.0,0.0,85.0,0,0,0,45.0,7.649999976158142,14.4375,7.4,False,0.0,0.0,0.0,13.0,0
2025-06-12,4,6,7.84,False,,0,День росії,2,1,13.0,0.0,0.0,0.0,0.0,63.0,0,0,0,43.125,15.712500095367432,12.399999856948853,0.0,False,0.0,0.0,0.0,0.0,0
2025-06-13,5,6,7.83,False,,0,,0,0,0.0,0.0,0.0,0.0,0.0,55.0,0,0,0,18.375,13.93750011920929,14.175000071525574,0.1,False,0.0,0.0,0.0,0.0,0
2025-06-14,6,6,7.82,False,,0,,0,0,0.0,0.0,0.0,0.0,0.0,58.0,0,0,0,9.375,13.199999928474426,15.549999833106995,1.0,,0.0,0.0,0.0,216.0,1
2025-06-15,7,6,7.81,False,,0,,0,1,216.0,0.0,0.0,0.0,0.0,183.0,1,0,0,10.75,11.424999952316284,16.637499809265137,0.0,True,2.0,0.0,6.0,232.0,0
2025-06-16,1,6,7.8,False,,0,,0,1,232.0,2.0,0.0,6.0,0.0,138.0,0,0,0,2.5,7.812499940395355,19.300000190734863,0.0,True,15.0,0.0,8.0,572.0,1
2025-06-17,2,6,7.79,False,,0,,0,2,572.0,15.0,0.0,8.0,0.0,440.0,1,0,0,0.5,13.762500047683716,17.325000166893005,0.0,False,0.0,0.0,0.0,18.0,1
2025-06-18,3,6,7.79,False,,0,,0,1,18.0,0.0,0.0,0.0,0.0,58.0,1,0,0,3.375,13.949999928474426,19.75,0.1,True,1.0,0.0,1.0,107.0,0
2025-06-19,4,6,7.78,False,,0,,0,2,107.0,1.0,0.0,1.0,0.0,104.0,0,0,0,1.0,15.662500023841858,16.199999690055847,0.0,False,0.0,0.0,0.0,0.0,0
2025-06-20,5,6,7.78,False,,0,,0,0,0.0,0.0,0.0,0.0,0.0,86.0,0,0,0,94.375,14.475000143051147,12.975000023841858,1.0,True,4.0,0.0,2.0,100.0,0
2025-06-21,6,6,7.78,False,,0,,0,2,100.0,4.0,0.0,2.0,0.0,272.0,0,0,0,0.0,10.75000011920929,14.149999976158142,0.0,False,0.0,0.0,2.0,31.0,0
2025-06-22,7,6,7.78,False,,0,,0,2,31.0,0.0,0.0,2.0,2.0,47.0,0,0,0,7.375,11.424999952316284,14.150000095367432,0.0,True,4.0,0.0,4.0,271.0,0
2025-06-23,1,6,7.78,False,,0,,0,2,271.0,4.0,0.0,4.0,0.0,352.0,0,0,0,0.0,10.425000011920929,15.574999928474426,0.0,True,4.0,0.0,1.0,106.0,0
2025-06-24,2,6,7.78,False,,0,,0,2,106.0,4.0,0.0,1.0,0.0,97.0,0,0,0,8.875,10.899999976158142,16.387499928474426,0.0,False,0.0,0.0,0.0,0.0,0
2025-06-25,3,6,7.79,False,,0,,0,0,0.0,0.0,0.0,0.0,0.0,0.0,0,0,0,38.625,17.75000011920929,18.53749978542328,2.1999998,False,0.0,0.0,0.0,0.0,0
2025-06-26,4,6,7.79,False,,0,,0,0,0.0,0.0,0.0,0.0,0.0,0.0,0,0,0,0.0,9.850000023841858,15.524999856948853,0.0,True,3.0,0.0,6.0,376.0,1
2025-06-27,5,6,7.8,False,,0,,0,1,376.0,3.0,0.0,6.0,2.0,363.0,1,0,0,26.625,11.12499988079071,17.58750033378601,0.0,False,0.0,0.0,0.0,0.0,0
2025-06-28,6,6,7.81,False,День Конституції,2,,0,0,0.0,0.0,0.0,0.0,0.0,23.0,0,0,0,12.625,16.52500009536743,15.912500143051147,0.0,True,3.0,0.0,5.0,376.0,2
2025-06-29,7,6,7.82,False,,0,,0,1,376.0,3.0,0.0,5.0,0.0,477.0,2,0,0,13.375,13.637499809265137,19.0,0.1,False,0.0,0.0,0.0,0.0,0
2025-06-30,1,6,7.84,False,,0,,0,0,0.0,0.0,0.0,0.0,0.0,107.0,0,0,0,6.0,16.899999856948853,14.299999952316284,0.2,False,0.0,0.0,0.0,0.0,0
2025-07-01,2,7,7.85,False,,0,,0,0,0.0,0.0,0.0,0.0,0.0,2453.0,0,0,0,18.375,12.962499976158142,15.849999904632568,0.0,False,0.0,0.0,0.0,18.0,0
2025-07-02,3,7,7.87,False,,0,,0,1,18.0,0.0,0.0,0.0,0.0,114.0,0,0,0,2.125,8.087499916553497,18.237500309944153,0.0,True,1.0,0.0,1.0,24.0,0
2025-07-03,4,7,7.88,False,,0,,0,1,24.0,1.0,0.0,1.0,0.0,52.0,0,0,0,0.5,9.38750010728836,23.824999809265137,0.0,True,9.0,4.0,3.0,878.0,1
2025-07-04,5,7,7.9,False,,0,,0,3,878.0,9.0,4.0,3.0,0.0,539.0,1,0,0,2.625,12.599999904632568,19.300000190734863,1.7,True,4.0,0.0,4.0,278.0,0
2025-07-05,6,7,7.92,False,,0,,0,2,278.0,4.0,0.0,4.0,0.0,322.0,0,0,0,0.0,7.450000047683716,19.850000143051147,0.0,True,1.0,0.0,2.0,141.0,2
2025-07-06,7,7,7.94,False,,0,,0,4,141.0,1.0,0.0,2.0,0.0,157.0,2,0,0,2.125,10.81250011920929,21.875,0.0,True,1.0,0.0,1.0,69.0,0
2025-07-07,1,7,7.97,False,,0,,0,3,69.0,1.0,0.0,1.0,0.0,0.0,0,0,0,0.0,15.950000047683716,26.81250023841858,0.0,False,0.0,0.0,1.0,0.0,0
2025-07-08,2,7,7.99,False,,0,,0,0,0.0,0.0,0.0,1.0,0.0,54.0,0,0,0,0.0,11.49999988079071,25.624999523162842,0.0,True,3.0,0.0,0.0,376.0,2
2025-07-09,3,7,8.02,False,,0,,0,1,376.0,3.0,0.0,0.0,2.0,728.0,2,0,0,0.0,10.32500010728836,24.987499713897705,0.0,True,2.0,2.0,6.0,269.0,0
2025-07-10,4,7,8.04,False,,0,,0,2,269.0,2.0,2.0,6.0,0.0,397.0,0,0,0,0.625,12.112500190734863,18.600000143051147,0.0,False,0.0,0.0,3.0,11.0,0
2025-07-11,5,7,8.07,False,,0,,0,1,11.0,0.0,0.0,3.0,0.0,79.0,0,0,0,2.75,9.162499964237213,19.28749990463257,0.0,True,6.0,0.0,10.0,421.0,0
2025-07-12,6,7,8.1,False,,0,,0,2,421.0,6.0,0.0,10.0,1.0,597.0,0,0,0,0.0,5.925000011920929,21.637500524520874,0.0,True,2.0,0.0,3.0,81.0,0
2025-07-13,7,7,8.13,False,,0,,0,1,81.0,2.0,0.0,3.0,0.0,60.0,0,0,0,0.0,2.675000011920929,22.74999976158142,0.0,False,0.0,0.0,1.0,11.0,0
2025-07-14,1,7,8.17,False,,0,,0,1,11.0,0.0,0.0,1.0,0.0,136.0,0,0,0,0.125,5.762500017881393,24.262500047683716,0.0,False,0.0,0.0,3.0,13.0,1
2025-07-15,2,7,8.2,False,День Державності,2,,0,1,13.0,0.0,0.0,3.0,1.0,267.0,1,0,0,0.0,8.124999940395355,22.837499856948853,0.0,True,1.0,0.0,1.0,86.0,2
2025-07-16,3,7,8.23,False,,0,,0,3,86.0,1.0,0.0,1.0,0.0,0.0,2,0,0,23.625,7.962500095367432,20.41249990463257,2.0,False,0.0,0.0,0.0,14.0,0
2025-07-17,4,7,8.27,False,,0,,0,1,14.0,0.0,0.0,0.0,0.0,64.0,0,0,0,0.875,5.075000017881393,18.575000047683716,0.0,False,0.0,0.0,1.0,0.0,0
2025-07-18,5,7,8.31,False,,0,,0,0,0.0,0.0,0.0,1.0,0.0,35.0,0,0,0,66.75,7.074999988079071,17.887500047683716,0.1,True,2.0,0.0,2.0,372.0,0
2025-07-19,6,7,8.35,False,,0,,0,3,372.0,2.0,0.0,2.0,3.0,344.0,0,0,0,85.375,11.912500023841858,17.27500009536743,0.2,False,0.0,0.0,0.0,0.0,0
2025-07-20,7,7,8.38,False,,0,,0,0,0.0,0.0,0.0,0.0,0.0,57.0,0,0,0,46.0,8.887500047683716,17.575000047683716,0.3,True,5.0,2.0,3.0,483.0,4
2025-07-21,1,7,8.42,False,,0,,0,1,483.0,5.0,2.0,3.0,1.0,426.0,4,1,0,2.875,7.299999952316284,19.612500190734863,0.0,False,0.0,0.0,1.0,0.0,0
2025-07-22,2,7,8.47,False,,0,,0,0,0.0,0.0,0.0,1.0,0.0,42.0,0,0,0,47.875,11.287500023841858,20.075000047683716,10.6,False,0.0,0.0,0.0,19.0,0
2025-07-23,3,7,8.51,False,,0,,0,1,19.0,0.0,0.0,0.0,0.0,0.0,0,0,0,0.0,10.100000023841858,19.325000047683716,0.0,False,0.0,0.0,0.0,22.0,0
2025-07-24,4,7,8.55,False,,0,,0,1,22.0,0.0,0.0,0.0,2.0,103.0,0,0,0,1.75,4.250000014901161,22.037500143051147,0.0,False,0.0,0.0,0.0,49.0,1
2025-07-25,5,7,8.6,False,,0,,0,2,49.0,0.0,0.0,0.0,0.0,0.0,1,0,0,4.625,3.4875000193715096,21.91249966621399,0.5,False,0.0,0.0,4.0,109.0,1
2025-07-26,6,7,8.64,False,,0,,0,2,109.0,0.0,0.0,4.0,0.0,208.0,1,0,0,2.5,5.525000035762787,22.475000143051147,0.0,False,0.0,0.0,1.0,26.0,0
2025-07-27,7,7,8.69,False,,0,,0,1,26.0,0.0,0.0,1.0,1.0,83.0,0,0,0,0.0,9.837499886751175,22.16249966621399,1.0,True,5.0,0.0,3.0,452.0,2
2025-07-28,1,7,8.73,False,,0,,0,3,452.0,5.0,0.0,3.0,0.0,324.0,2,0,0,0.625,12.3125,23.725000143051147,0.0,False,0.0,0.0,2.0,8.0,0
2025-07-29,2,7,8.78,False,,0,,0,1,8.0,0.0,0.0,2.0,0.0,37.0,0,0,0,42.25,8.787500008940697,19.512499809265137,8.9,False,0.0,0.0,1.0,31.0,0
2025-07-30,3,7,8.83,False,,0,,0,1,31.0,0.0,0.0,1.0,0.0,78.0,0,0,0,51.75,14.012500047683716,16.9375,0.0,True,1.0,0.0,3.0,353.0,1
2025-07-31,4,7,8.88,False,,0,,0,4,353.0,1.0,0.0,3.0,0.0,309.0,1,0,0,0.25,12.587500095367432,15.787499904632568,0.0,False,0.0,0.0,3.0,31.0,2
2025-08-01,5,8,8.93,False,,0,,0,2,31.0,0.0,0.0,3.0,0.0,72.0,2,0,0,0.0,7.324999988079071,17.50000011920929,0.0,True,1.0,0.0,4.0,23.0,0
2025-08-02,6,8,8.98,False,,0,День ВДВ,1,1,23.0,1.0,0.0,4.0,0.0,45.0,0,0,0,0.125,3.725000023841858,19.862499952316284,0.0,True,0.0,2.0,2.0,78.0,1
2025-08-03,7,8,9.03,False,,0,,0,3,78.0,0.0,2.0,2.0,0.0,76.0,1,0,0,0.25,7.762500107288361,20.987499475479126,0.0,False,0.0,0.0,4.0,116.0,3
2025-08-04,1,8,9.08,False,,0,,0,4,116.0,0.0,0.0,4.0,0.0,162.0,3,0,0,0.0,8.199999928474426,20.637500047683716,0.0,False,0.0,0.0,5.0,40.0,0
2025-08-05,2,8,9.14,False,,0,,0,1,40.0,0.0,0.0,5.0,0.0,46.0,0,0,0,1.25,4.425000041723251,21.612500190734863,0.0,False,0.0,0.0,0.0,11.0,0
2025-08-06,3,8,9.19,False,,0,,0,1,11.0,0.0,0.0,0.0,1.0,45.0,0,0,0,3.875,12.225000023841858,17.612499952316284,0.0,False,0.0,0.0,2.0,0.0,0
2025-08-07,4,8,9.24,False,,0,,0,0,0.0,0.0,0.0,2.0,0.0,112.0,0,0,0,0.5,5.012499958276749,16.8125,0.0,False,0.0,0.0,0.0,89.0,0
2025-08-08,5,8,9.3,False,,0,,0,3,89.0,0.0,0.0,0.0,0.0,104.0,0,0,0,3.875,8.649999916553497,18.225000143051147,0.0,False,0.0,0.0,0.0,19.0,0
2025-08-09,6,8,9.35,False,,0,,0,1,19.0,0.0,0.0,0.0,0.0,47.0,0,0,0,0.125,6.087499976158142,17.75,0.0,False,0.0,0.0,0.0,13.0,0
2025-08-10,7,8,9.41,False,,0,,0,1,13.0,0.0,0.0,0.0,0.0,100.0,0,0,0,9.25,11.574999928474426,18.975000143051147,4.6,False,0.0,0.0,0.0,0.0,0
2025-08-11,1,8,9.47,False,,0,,0,0,0.0,0.0,0.0,0.0,0.0,71.0,0,0,0,0.0,11.887499928474426,15.674999952316284,0.0,False,0.0,0.0,0.0,53.0,1
2025-08-12,2,8,9.52,False,,0,,0,2,53.0,0.0,0.0,0.0,0.0,48.0,1,0,0,0.125,7.762499928474426,16.787500023841858,0.0,False,0.0,0.0,0.0,46.0,0
2025-08-13,3,8,9.58,False,,0,,0,2,46.0,0.0,0.0,0.0,0.0,49.0,0,0,0,1.375,2.9124999828636646,18.762499928474426,0.0,False,0.0,0.0,3.0,47.0,0
2025-08-14,4,8,9.64,False,,0,,0,2,47.0,0.0,0.0,3.0,0.0,45.0,0,0,0,0.0,9.137500047683716,17.912500023841858,0.0,False,0.0,0.0,3.0,66.0,0
2025-08-15,5,8,9.7,False,,0,,0,4,66.0,0.0,0.0,3.0,0.0,97.0,0,0,0,1.625,5.350000042468309,18.21250009536743,0.0,False,0.0,0.0,0.0,32.0,1
2025-08-16,6,8,9.76,False,,0,,0,2,32.0,0.0,0.0,0.0,0.0,85.0,1,0,0,1.5,10.537499904632568,19.712499618530273,0.0,False,0.0,0.0,1.0,18.0,0
2025-08-17,7,8,9.81,False,,0,,0,1,18.0,0.0,0.0,1.0,0.0,60.0,0,0,0,0.0,8.737500011920929,17.449999928474426,0.0,True,1.0,0.0,1.0,62.0,0
2025-08-18,1,8,9.87,False,,0,,0,1,62.0,1.0,0.0,1.0,0.0,140.0,0,0,0,0.0,8.125,14.75000011920929,0.0,False,0.0,0.0,2.0,53.0,1
2025-08-19,2,8,9.93,False,,0,,0,2,53.0,0.0,0.0,2.0,0.0,270.0,1,1,0,13.0,5.462499976158142,16.90000021457672,0.0,False,0.0,0.0,2.0,0.0,0
2025-08-20,3,8,9.99,False,,0,,0,0,0.0,0.0,0.0,2.0,0.0,93.0,0,0,0,3.875,9.762499928474426,18.5,0.0,True,2.0,0.0,6.0,549.0,2
2025-08-21,4,8,10.06,False,,0,,0,3,549.0,2.0,0.0,6.0,1.0,574.0,2,0,0,0.875,7.762500107288361,19.100000143051147,1.0,True,4.0,0.0,4.0,135.0,0
2025-08-22,5,8,10.12,False,,0,,0,3,135.0,4.0,0.0,4.0,0.0,55.0,0,0,0,100.0,12.912499904632568,15.68749988079071,0.8000001,True,1.0,0.0,6.0,74.0,0
2025-08-23,6,8,10.18,False,День Прапора,2,,0,3,74.0,1.0,0.0,6.0,0.0,49.0,0,0,0,8.125,9.8125,14.37500011920929,0.0,False,0.0,0.0,1.0,0.0,0
2025-08-24,7,8,10.24,False,День Незалежності,3,,0,0,0.0,0.0,0.0,1.0,0.0,72.0,0,0,0,0.875,13.899999856948853,11.299999952316284,0.0,False,0.0,0.0,0.0,0.0,0
2025-08-25,1,8,10.3,False,,0,,0,0,0.0,0.0,0.0,0.0,0.0,104.0,0,0,0,1.125,12.050000071525574,13.075000047683716,1.5,False,0.0,0.0,0.0,15.0,0
2025-08-26,2,8,10.36,False,,0,,0,1,15.0,0.0,0.0,0.0,0.0,59.0,0,0,0,0.0,10.162500023841858,12.712499856948853,0.0,False,0.0,0.0,0.0,0.0,0
2025-08-27,3,8,10.42,False,,0,,0,0,0.0,0.0,0.0,0.0,0.0,95.0,0,0,0,0.0,8.099999964237213,13.912499904632568,0.0,True,11.0,0.0,14.0,681.0,1
2025-08-28,4,8,10.49,False,,0,,0,2,681.0,11.0,0.0,14.0,0.0,598.0,1,0,0,0.0,11.474999904632568,17.512500166893005,0.0,True,2.0,0.0,2.0,21.0,0
2025-08-29,5,8,10.55,False,,0,,0,2,21.0,2.0,0.0,2.0,0.0,68.0,0,0,0,0.0,13.699999928474426,20.449999809265137,0.0,True,5.0,0.0,8.0,557.0,0
2025-08-30,6,8,10.61,False,,0,,0,5,557.0,5.0,0.0,8.0,0.0,537.0,0,0,0,0.0,9.212500095367432,21.387499809265137,0.0,False,0.0,0.0,0.0,34.0,0
2025-08-31,7,8,10.68,False,,0,,0,0,34.0,0.0,0.0,0.0,0.0,142.0,0,0,0,0.0,9.512499928474426,22.662500381469727,0.0,False,0.0,0.0,5.0,23.0,1
2025-09-01,1,9,10.74,False,,0,,0,1,23.0,0.0,0.0,5.0,0.0,86.0,1,0,0,0.0,13.549999833106995,21.012500047683716,0.0,True,2.0,0.0,11.0,201.0,0
2025-09-02,2,9,10.8,False,,0,,0,2,201.0,2.0,0.0,11.0,0.0,53.0,0,0,0,0.0,7.075000107288361,17.662500143051147,0.0,True,4.0,0.0,4.0,522.0,0
2025-09-03,3,9,10.87,False,,0,,0,4,522.0,4.0,0.0,4.0,1.0,502.0,0,0,0,0.0,4.674999970942736,17.949999928474426,0.0,True,1.0,0.0,4.0,0.0,0
2025-09-04,4,9,10.93,False,,0,,0,0,0.0,1.0,0.0,4.0,0.0,112.0,0,0,0,0.0,8.362500011920929,17.550000190734863,0.0,False,0.0,0.0,2.0,28.0,0
2025-09-05,5,9,11.0,False,,0,,0,1,28.0,0.0,0.0,2.0,0.0,157.0,0,0,0,0.0,6.650000035762787,17.712499856948853,0.0,True,2.0,0.0,7.0,208.0,0
2025-09-06,6,9,11.06,False,,0,,0,1,208.0,2.0,0.0,7.0,0.0,91.0,0,0,0,3.125,7.775000035762787,16.799999952316284,0.0,True,2.0,0.0,6.0,710.0,1
2025-09-07,7,9,11.12,False,,0,,0,4,710.0,2.0,0.0,6.0,0.0,810.0,1,0,0,4.5,9.5,16.924999833106995,0.0,True,3.0,0.0,14.0,157.0,0
2025-09-08,1,9,11.19,False,,0,,0,3,157.0,3.0,0.0,14.0,0.0,142.0,0,0,0,1.125,8.674999833106995,16.100000143051147,0.0,False,0.0,0.0,6.0,0.0,0
2025-09-09,2,9,11.25,False,,0,,0,0,0.0,0.0,0.0,6.0,0.0,84.0,0,0,0,0.125,7.824999898672104,17.91249990463257,0.0,True,7.0,1.0,15.0,506.0,0
2025-09-10,3,9,11.32,False,,0,,0,2,506.0,7.0,1.0,15.0,2.0,415.0,0,0,0,0.125,11.662500023841858,17.712499856948853,0.0,True,1.0,0.0,3.0,48.0,1
2025-09-11,4,9,11.38,False,,0,,0,2,48.0,1.0,0.0,3.0,0.0,66.0,1,0,0,0.0,12.112500071525574,16.112499833106995,0.0,False,0.0,0.0,2.0,0.0,0
2025-09-12,5,9,11.45,False,,0,,0,0,0.0,0.0,0.0,2.0,0.0,40.0,0,0,0,0.0,8.137500047683716,17.762499928474426,0.0,False,0.0,0.0,3.0,0.0,0
2025-09-13,6,9,11.51,False,,0,,0,0,0.0,0.0,0.0,3.0,0.0,164.0,0,0,0,0.0,13.475000023841858,15.824999928474426,0.0,True,1.0,0.0,2.0,41.0,0
2025-09-14,7,9,11.58,False,,0,,0,1,41.0,1.0,0.0,2.0,0.0,58.0,0,0,0,0.0,11.949999928474426,15.174999952316284,0.0,True,1.0,0.0,1.0,36.0,0
2025-09-15,1,9,11.64,False,,0,,0,2,36.0,1.0,0.0,1.0,0.0,84.0,0,0,0,0.0,4.362499982118607,15.237499952316284,0.2,True,2.0,0.0,8.0,96.0,0
2025-09-16,2,9,11.71,False,,0,,0,2,96.0,2.0,0.0,8.0,0.0,113.0,0,0,0,0.0,7.162499904632568,17.087499856948853,0.0,False,0.0,0.0,0.0,17.0,0
2025-09-17,3,9,11.77,False,,0,,0,1,17.0,0.0,0.0,0.0,0.0,172.0,0,0,0,9.75,11.424999952316284,12.375,0.1,True,1.0,0.0,3.0,47.0,0
2025-09-18,4,9,11.84,False,,0,,0,1,47.0,1.0,0.0,3.0,0.0,75.0,0,0,0,3.75,9.549999833106995,12.162499904632568,0.0,True,3.0,0.0,6.0,171.0,0
2025-09-19,5,9,11.9,False,,0,,0,4,171.0,3.0,0.0,6.0,0.0,86.0,0,0,0,12.625,12.950000047683716,15.575000047683716,0.0,True,7.0,0.0,16.0,322.0,0
2025-09-20,6,9,11.97,False,,0,,0,4,322.0,7.0,0.0,16.0,1.0,579.0,0,0,0,0.0,8.300000071525574,14.587499976158142,0.0,True,1.0,0.0,4.0,41.0,0
2025-09-21,7,9,12.03,False,,0,,0,2,41.0,1.0,0.0,4.0,0.0,54.0,0,0,0,0.0,12.337500095367432,17.649999737739563,0.0,True,1.0,0.0,3.0,82.0,0
2025-09-22,1,9,12.1,False,,0,,0,1,82.0,1.0,0.0,3.0,0.0,0.0,0,0,0,0.0,13.150000095367432,16.887499928474426,0.0,False,0.0,0.0,0.0,35.0,0
2025-09-23,2,9,12.16,False,,0,,0,1,35.0,0.0,0.0,0.0,0.0,115.0,0,0,0,54.125,13.862499952316284,15.162499904632568,0.3,True,1.0,0.0,1.0,7.0,0
2025-09-24,3,9,12.23,False,,0,,0,1,7.0,1.0,0.0,1.0,0.0,152.0,0,0,0,0.0,11.68749988079071,9.887500047683716,0.0,False,0.0,0.0,1.0,40.0,0
2025-09-25,4,9,12.29,False,,0,,0,1,40.0,0.0,0.0,1.0,0.0,176.0,0,0,0,0.0,7.412500023841858,7.849999964237213,0.0,False,0.0,0.0,4.0,0.0,0
2025-09-26,5,9,12.36,False,,0,,0,0,0.0,0.0,0.0,4.0,0.0,154.0,0,0,0,15.875,3.087499976158142,7.737499952316284,0.0,False,0.0,0.0,4.0,37.0,0
2025-09-27,6,9,12.42,False,,0,,0,2,37.0,0.0,0.0,4.0,0.0,115.0,0,0,0,4.875,3.625,9.062500059604645,0.0,True,8.0,0.0,10.0,428.0,0
2025-09-28,7,9,12.49,False,,0,,0,2,428.0,8.0,0.0,10.0,0.0,593.0,0,0,0,38.375,6.500000029802322,8.12500011920929,0.90000004,False,0.0,0.0,2.0,25.0,0
2025-09-29,1,9,12.55,False,,0,,0,1,25.0,0.0,0.0,2.0,0.0,32.0,0,0,0,23.0,14.6875,9.887499928474426,0.0,True,1.0,0.0,11.0,20.0,0
2025-09-30,2,9,12.62,False,,0,,0,1,20.0,1.0,0.0,11.0,0.0,65.0,0,0,0,0.625,12.700000047683716,7.237500011920929,0.0,True,3.0,0.0,8.0,116.0,0
2025-10-01,3,10,12.68,False,День захисників і захисниць,2,,0,2,116.0,3.0,0.0,8.0,0.0,49.0,0,0,0,100.0,11.06250011920929,4.262499928474426,1.5,True,2.0,0.0,10.0,210.0,0
2025-10-02,4,10,12.75,False,,0,,0,2,210.0,2.0,0.0,10.0,0.0,86.0,0,0,0,85.75,5.774999976158142,6.287499904632568,0.0,True,5.0,0.0,13.0,387.0,0
2025-10-03,5,10,12.81,False,,0,,0,4,387.0,5.0,0.0,13.0,0.0,381.0,0,0,0,0.125,9.987500071525574,9.125000059604645,0.0,False,0.0,0.0,5.0,33.0,1
2025-10-04,6,10,12.88,False,,0,,0,1,33.0,0.0,0.0,5.0,0.0,109.0,1,0,0,98.375,7.012500107288361,10.24999988079071,0.1,True,1.0,0.0,6.0,392.0,1
2025-10-05,7,10,12.94,False,,0,,0,2,392.0,1.0,0.0,6.0,3.0,496.0,1,1,1,5.25,7.262499928474426,9.900000095367432,0.2,False,0.0,0.0,1.0,27.0,0
2025-10-06,1,10,13.0,False,,0,,0,1,27.0,0.0,0.0,1.0,0.0,116.0,0,0,0,14.25,5.650000035762787,10.149999856948853,0.3,True,2.0,0.0,4.0,84.0,0
2025-10-07,2,10,13.07,False,,0,,0,1,84.0,2.0,0.0,4.0,0.0,152.0,0,0,0,71.375,11.824999928474426,10.487500071525574,2.4999998,True,2.0,0.0,13.0,91.0,0
2025-10-08,3,10,13.13,False,,0,,0,3,91.0,2.0,0.0,13.0,0.0,183.0,0,0,0,3.125,12.612500071525574,11.5625,0.0,False,0.0,0.0,1.0,0.0,0
2025-10-09,4,10,13.2,False,,0,,0,0,0.0,0.0,0.0,1.0,0.0,112.0,0,0,0,100.0,13.725000023841858,10.824999928474426,2.0,True,6.0,3.0,2.0,446.0,1
2025-10-10,5,10,13.26,False,,0,,0,4,446.0,6.0,3.0,2.0,1.0,465.0,1,0,0,97.875,12.81250011920929,9.574999928474426,9.3,False,0.0,0.0,1.0,0.0,0
2025-10-11,6,10,13.32,False,,0,,0,0,0.0,0.0,0.0,1.0,0.0,78.0,0,0,0,60.125,11.074999928474426,8.387500047683716,0.2,True,2.0,0.0,4.0,33.0,0
2025-10-12,7,10,13.39,False,,0,,0,2,33.0,2.0,0.0,4.0,0.0,118.0,0,0,0,38.75,17.03749978542328,8.150000095367432,0.7,False,0.0,0.0,2.0,16.0,0
2025-10-13,1,10,13.45,False,,0,,0,1,16.0,0.0,0.0,2.0,0.0,82.0,0,0,0,55.375,13.112499833106995,5.125000059604645,0.2,False,0.0,0.0,3.0,46.0,1
2025-10-14,2,10,13.51,False,,0,,0,2,46.0,0.0,0.0,3.0,0.0,96.0,1,0,0,38.125,8.737499952316284,4.049999952316284,0.1,False,0.0,0.0,0.0,0.0,0
2025-10-15,3,10,13.58,True,,0,,0,0,0.0,0.0,0.0,0.0,0.0,113.0,0,0,0,57.375,9.974999904632568,6.375000059604645,0.0,True,1.0,0.0,2.0,113.0,2
2025-10-16,4,10,13.64,True,,0,,0,3,113.0,1.0,0.0,2.0,0.0,320.0,2,0,0,23.625,9.675000071525574,6.850000083446503,0.0,False,0.0,0.0,0.0,0.0,0
2025-10-17,5,10,13.7,True,,0,,0,0,0.0,0.0,0.0,0.0,0.0,70.0,0,0,0,5.0,8.737500071525574,9.649999976158142,0.0,False,0.0,0.0,3.0,0.0,0
2025-10-18,6,10,13.76,True,,0,,0,0,0.0,0.0,0.0,3.0,0.0,164.0,0,0,0,14.625,7.912499964237213,6.937500059604645,0.5,False,0.0,0.0,0.0,26.0,0
2025-10-19,7,10,13.82,True,,0,,0,1,26.0,0.0,0.0,0.0,0.0,62.0,0,0,0,79.5,6.262500077486038,3.3125,0.0,False,0.0,0.0,0.0,0.0,0
2025-10-20,1,10,13.88,True,,0,,0,0,0.0,0.0,0.0,0.0,0.0,60.0,0,0,0,53.0,10.599999904632568,5.249999940395355,0.0,False,0.0,0.0,1.0,85.0,1
2025-10-21,2,10,13.94,True,,0,,0,3,85.0,0.0,0.0,1.0,0.0,98.0,1,0,0,22.25,8.425000011920929,4.437499910593033,0.0,True,9.0,4.0,3.0,408.0,2
2025-10-22,3,10,14.01,True,,0,,0,5,408.0,9.0,4.0,3.0,1.0,405.0,2,0,0,97.375,8.900000035762787,7.374999940395355,0.0,True,2.0,0.0,9.0,132.0,0
2025-10-23,4,10,14.07,True,,0,,0,4,132.0,2.0,0.0,9.0,0.0,130.0,0,0,0,99.875,15.075000047683716,11.612499952316284,0.0,False,0.0,0.0,0.0,30.0,0
2025-10-24,5,10,14.13,True,,0,,0,1,30.0,0.0,0.0,0.0,0.0,128.0,0,0,0,99.125,18.699999928474426,12.212499856948853,11.1,True,1.0,0.0,7.0,67.0,0
2025-10-25,6,10,14.19,True,,0,,0,2,67.0,1.0,0.0,7.0,0.0,62.0,0,0,0,1.6666666666666667,12.400000042385525,5.833333333333333,0.0,True,2.0,0.0,2.0,38.0,0
2025-10-26,7,10,14.24,True,,0,,0,1,38.0,2.0,0.0,2.0,0.0,101.0,0,0,0,0.125,9.274999976158142,5.750000059604645,0.0,False,0.0,0.0,0.0,0.0,0
2025-10-27,1,10,14.3,True,,0,,0,0,0.0,0.0,0.0,0.0,0.0,100.0,0,0,0,1.5,10.25,5.899999976158142,0.0,False,0.0,0.0,1.0,17.0,1
2025-10-28,2,10,14.36,True,,0,,0,1,17.0,0.0,0.0,1.0,0.0,38.0,1,0,0,1.0,13.300000071525574,5.887499928474426,0.0,False,0.0,0.0,0.0,18.0,0
2025-10-29,3,10,14.42,True,,0,,0,1,18.0,0.0,0.0,0.0,0.0,126.0,0,0,0,0.0,10.674999952316284,6.374999940395355,0.0,True,3.0,0.0,5.0,387.0,0
2025-10-30,4,10,14.48,True,,0,,0,1,387.0,3.0,0.0,5.0,2.0,653.0,0,0,0,32.125,15.600000143051147,11.662499904632568,0.8,False,0.0,0.0,0.0,0.0,0
2025-10-31,5,10,14.53,True,,0,,0,0,0.0,0.0,0.0,0.0,0.0,145.0,0,0,0,10.875,15.962500214576721,8.737500131130219,0.0,False,0.0,0.0,1.0,30.0,0
2025-11-01,6,11,14.59,True,,0,,0,1,30.0,0.0,0.0,1.0,0.0,223.0,0,0,0,23.25,5.1875,5.487499982118607,0.0,False,0.0,0.0,0.0,75.0,0
2025-11-02,7,11,14.65,True,,0,,0,2,75.0,0.0,0.0,0.0,0.0,79.0,0,0,0,0.25,13.68749988079071,8.175000131130219,0.0,False,0.0,0.0,5.0,88.0,1
2025-11-03,1,11,14.7,True,,0,,0,3,88.0,0.0,0.0,5.0,0.0,138.0,1,0,0,26.75,10.787500023841858,9.537499904632568,0.4,False,0.0,0.0,0.0,58.0,0
2025-11-04,2,11,14.76,True,,0,День єдності,2,3,58.0,0.0,0.0,0.0,0.0,130.0,0,0,0,89.5,6.237500011920929,9.9375,1.1,False,0.0,0.0,0.0,23.0,0
2025-11-05,3,11,14.81,True,,0,,0,1,23.0,0.0,0.0,0.0,0.0,80.0,0,0,0,100.0,3.4500000178813934,9.574999928474426,0.0,False,0.0,0.0,7.0,85.0,1
2025-11-06,4,11,14.86,True,,0,,0,2,85.0,0.0,0.0,7.0,0.0,135.0,1,0,0,89.875,5.362499952316284,7.612500011920929,0.0,False,0.0,0.0,0.0,53.0,1
2025-11-07,5,11,14.92,True,,0,,0,2,53.0,0.0,0.0,0.0,0.0,128.0,1,0,0,89.75,5.324999928474426,5.612500071525574,0.0,True,1.0,3.0,5.0,357.0,2
2025-11-08,6,11,14.97,True,,0,,0,3,357.0,1.0,3.0,5.0,1.0,458.0,2,0,0,100.0,5.925000011920929,6.574999988079071,0.0,False,0.0,0.0,0.0,0.0,0
2025-11-09,7,11,15.02,True,,0,,0,0,0.0,0.0,0.0,0.0,0.0,69.0,0,0,0,100.0,6.949999988079071,9.087500095367432,0.0,True,0.0,1.0,2.0,86.0,1
2025-11-10,1,11,15.07,True,,0,,0,3,86.0,0.0,1.0,2.0,0.0,67.0,1,0,0,91.0,5.424999952316284,9.175000071525574,2.3999999,False,0.0,0.0,0.0,63.0,0
2025-11-11,2,11,15.12,True,,0,,0,2,63.0,0.0,0.0,0.0,0.0,119.0,0,0,0,64.0,11.37499988079071,6.6874998807907104,0.0,False,0.0,0.0,0.0,0.0,0
2025-11-12,3,11,15.17,True,,0,,0,0,0.0,0.0,0.0,0.0,0.0,121.0,0,0,0,99.0,7.25,5.287499964237213,0.0,False,0.0,0.0,2.0,30.0,0
2025-11-13,4,11,15.22,True,,0,,0,1,30.0,0.0,0.0,2.0,0.0,138.0,0,0,0,8.0,11.924999952316284,4.712499976158142,0.0,True,6.0,4.0,5.0,350.0,1
2025-11-14,5,11,15.27,True,,0,,0,3,350.0,6.0,4.0,5.0,0.0,430.0,1,0,0,0.0,17.162500143051147,7.462499976158142,0.0,True,0.0,1.0,0.0,44.0,2
2025-11-15,6,11,15.31,True,,0,,0,2,44.0,0.0,1.0,0.0,0.0,135.0,2,0,0,28.875,8.562499940395355,1.312500017695129,0.0,True,1.0,0.0,3.0,54.0,0
2025-11-16,7,11,15.36,True,,0,,0,2,54.0,1.0,0.0,3.0,0.0,176.0,0,0,0,90.625,14.199999928474426,5.375,4.4,False,0.0,0.0,0.0,30.0,0
2025-11-17,1,11,15.4,True,,0,,0,1,30.0,0.0,0.0,0.0,0.0,128.0,0,0,0,3.375,16.199999928474426,10.099999904632568,5.3999996,False,0.0,0.0,0.0,30.0,0
2025-11-18,2,11,15.45,True,,0,,0,2,30.0,0.0,0.0,0.0,0.0,114.0,0,0,0,1.0,6.412499874830246,-0.09999999310821295,0.0,,0.0,0.0,3.0,347.0,2
2025-11-19,3,11,15.49,True,,0,,0,2,347.0,0.0,0.0,3.0,5.0,476.0,2,0,0,22.625,9.787500143051147,-0.5750000067055225,0.0,False,0.0,0.0,1.0,0.0,0
2025-11-20,4,11,15.53,True,,0,,0,0,0.0,0.0,0.0,1.0,0.0,136.0,0,0,0,100.0,7.074999988079071,4.0999999940395355,0.0,False,0.0,0.0,1.0,22.0,0
2025-11-21,5,11,15.58,True,,0,,0,1,22.0,0.0,0.0,1.0,0.0,115.0,0,0,0,100.0,9.000000059604645,7.112500011920929,0.0,False,0.0,0.0,0.0,0.0,0
2025-11-22,6,11,15.62,True,,0,,0,0,0.0,0.0,0.0,0.0,0.0,104.0,0,0,0,100.0,11.824999928474426,2.0499999970197678,0.0,False,0.0,0.0,0.0,30.0,0
2025-11-23,7,11,15.65,True,,0,,0,1,30.0,0.0,0.0,0.0,0.0,98.0,0,0,0,99.25,10.762499928474426,2.5250000208616257,2.1000001,False,0.0,0.0,3.0,0.0,0
2025-11-24,1,11,15.69,True,,0,,0,0,0.0,0.0,0.0,3.0,0.0,162.0,0,0,0,79.625,11.112500071525574,3.274999976158142,0.0,True,4.0,3.0,6.0,350.0,3
2025-11-25,2,11,15.73,True,,0,,0,3,350.0,4.0,3.0,6.0,1.0,464.0,3,0,0,100.0,15.262500047683716,8.650000154972076,0.0,False,0.0,0.0,0.0,0.0,0
2025-11-26,3,11,15.77,True,,0,,0,0,0.0,0.0,0.0,0.0,0.0,0.0,0,0,0,96.25,12.387500047683716,10.787499904632568,0.4,True,1.0,0.0,4.0,20.0,0
2025-11-27,4,11,15.8,True,,0,,0,1,20.0,1.0,0.0,4.0,0.0,142.0,0,0,0,86.75,7.587500065565109,3.0625,0.3,False,0.0,0.0,0.0,22.0,0
2025-11-28,5,11,15.83,True,,0,,0,1,22.0,0.0,0.0,0.0,0.0,72.0,0,0,0,100.0,3.8499999940395355,3.4625000059604645,0.0,True,8.0,3.0,8.0,697.0,1
2025-11-29,6,11,15.87,True,,0,,0,3,697.0,8.0,3.0,8.0,4.0,596.0,1,0,0,100.0,7.237500071525574,4.975000023841858,0.0,True,1.0,0.0,3.0,87.0,0
2025-11-30,7,11,15.9,True,,0,,0,1,87.0,1.0,0.0,3.0,0.0,122.0,0,0,0,100.0,7.1875001192092896,2.3500000536441803,0.0,False,0.0,0.0,4.0,0.0,0
2025-12-01,1,12,15.93,True,,0,,0,0,0.0,0.0,0.0,4.0,0.0,89.0,0,0,0,100.0,4.4625000059604645,3.4874999821186066,0.5,False,0.0,0.0,6.0,0.0,0
2025-12-02,2,12,15.96,True,,0,,0,0,0.0,0.0,0.0,6.0,0.0,62.0,0,0,0,100.0,5.337499916553497,4.249999940395355,0.4,False,0.0,0.0,1.0,0.0,0
2025-12-03,3,12,15.98,True,,0,,0,0,0.0,0.0,0.0,1.0,0.0,111.0,0,0,0,93.875,11.012499928474426,5.875,0.4,True,2.0,0.0,3.0,37.0,0
2025-12-04,4,12,16.01,True,,0,,0,1,37.0,2.0,0.0,3.0,0.0,138.0,0,0,0,100.0,12.162499904632568,5.574999988079071,0.0,True,2.0,0.0,5.0,99.0,0
2025-12-05,5,12,16.03,True,,0,,0,1,99.0,2.0,0.0,5.0,0.0,137.0,0,0,0,34.625,10.87500011920929,1.4000000106170774,0.0,True,4.0,0.0,18.0,500.0,2
2025-12-06,6,12,16.06,True,День Збройних Сил,2,,0,2,500.0,4.0,0.0,18.0,2.0,653.0,2,0,0,100.0,8.675000131130219,0.9750000014901161,0.0,False,0.0,0.0,7.0,70.0,1
2025-12-07,7,12,16.08,True,,0,,0,1,70.0,0.0,0.0,7.0,0.0,241.0,1,0,0,43.375,9.037500023841858,0.8374999975785613,0.0,True,1.0,0.0,9.0,52.0,0
2025-12-08,1,12,16.1,True,,0,,0,1,52.0,1.0,0.0,9.0,0.0,149.0,0,0,0,95.375,4.574999988079071,1.2124999910593033,0.0,False,0.0,0.0,1.0,0.0,0
2025-12-09,2,12,16.12,True,,0,,0,0,0.0,0.0,0.0,1.0,0.0,110.0,0,0,0,100.0,11.399999916553497,4.550000011920929,0.3,False,0.0,0.0,0.0,12.0,0
2025-12-10,3,12,16.13,True,,0,,0,1,12.0,0.0,0.0,0.0,0.0,80.0,0,0,0,45.625,8.800000131130219,4.437500029802322,0.0,False,0.0,0.0,4.0,26.0,0
2025-12-11,4,12,16.15,True,,0,,0,1,26.0,0.0,0.0,4.0,0.0,151.0,0,0,0,91.125,13.18749988079071,7.012499928474426,0.3,False,0.0,0.0,1.0,0.0,0
2025-12-12,5,12,16.16,True,,0,День конституції рф,1,0,0.0,0.0,0.0,1.0,0.0,80.0,0,0,0,45.625,19.175000071525574,3.4124999614432454,0.5,False,0.0,0.0,0.0,157.0,2
2025-12-13,6,12,16.18,True,,0,,0,3,157.0,0.0,0.0,0.0,0.0,465.0,2,0,0,30.75,5.799999967217445,-2.3375000059604645,0.1,False,0.0,0.0,0.0,0.0,0
2025-12-14,7,12,16.19,True,,0,,0,0,0.0,0.0,0.0,0.0,0.0,138.0,0,0,0,98.5,5.987499982118607,-0.8874999955296516,0.5,False,0.0,0.0,3.0,0.0,0
2025-12-15,1,12,16.2,True,,0,,0,0,0.0,0.0,0.0,3.0,0.0,153.0,0,0,0,63.125,9.299999952316284,1.725000038743019,0.1,False,0.0,0.0,0.0,30.0,0
2025-12-16,2,12,16.21,True,,0,,0,1,30.0,0.0,0.0,0.0,0.0,69.0,0,0,0,100.0,6.112500011920929,1.274999976158142,0.0,False,0.0,0.0,3.0,76.0,0
2025-12-17,3,12,16.21,True,,0,,0,1,76.0,0.0,0.0,3.0,0.0,69.0,0,0,0,62.625,10.837499856948853,1.7999999821186066,0.0,False,0.0,0.0,3.0,0.0,0
2025-12-18,4,12,16.22,True,,0,,0,0,0.0,0.0,0.0,3.0,0.0,82.0,0,0,0,95.375,5.149999976158142,0.6875000149011612,0.0,False,0.0,0.0,0.0,30.0,0
2025-12-19,5,12,16.22,True,,0,,0,1,30.0,0.0,0.0,0.0,0.0,160.0,0,0,0,100.0,3.4749999940395355,-0.2625000011175871,0.0,False,0.0,0.0,2.0,0.0,0
2025-12-20,6,12,16.22,True,,0,,0,0,0.0,0.0,0.0,2.0,0.0,51.0,0,0,0,100.0,6.887499988079071,-0.15000000223517418,0.0,False,0.0,0.0,5.0,0.0,0
2025-12-21,7,12,16.22,True,,0,,0,0,0.0,0.0,0.0,5.0,0.0,97.0,0,0,0,98.375,10.925000190734863,0.9875000007450581,0.0,False,0.0,0.0,12.0,0.0,0
2025-12-22,1,12,16.22,True,,0,,0,0,0.0,0.0,0.0,12.0,0.0,86.0,0,0,0,89.0,6.600000083446503,1.3374999836087227,0.0,True,4.0,1.0,11.0,263.0,0
2025-12-23,2,12,16.22,True,,0,,0,1,263.0,4.0,1.0,11.0,2.0,635.0,0,0,0,90.875,12.787500023841858,-4.737499967217445,0.1,False,0.0,0.0,9.0,111.0,0
2025-12-24,3,12,16.21,True,,0,,0,1,111.0,0.0,0.0,9.0,0.0,116.0,0,0,0,45.0,6.700000047683716,-9.762499928474426,0.0,True,1.0,0.0,11.0,71.0,0
2025-12-25,4,12,16.21,True,Різдво,3,,0,2,71.0,1.0,0.0,11.0,0.0,131.0,0,0,0,44.375,17.712499856948853,-3.8125000298023224,0.2,True,4.0,0.0,8.0,65.0,0
2025-12-26,5,12,16.2,True,,0,,0,3,65.0,4.0,0.0,8.0,0.0,99.0,0,0,1,100.0,17.43749964237213,0.7625000029802322,0.0,True,19.0,1.0,14.0,624.0,1
2025-12-27,6,12,16.19,True,,0,,0,2,624.0,19.0,1.0,14.0,0.0,519.0,1,0,0,88.875,22.112499713897705,0.6125000054016709,2.1000001,True,4.0,0.0,2.0,238.0,0
2025-12-28,7,12,16.18,True,,0,,0,3,238.0,4.0,0.0,2.0,0.0,48.0,0,0,0,100.0,21.33750009536743,-1.7500000074505806,2.5,False,0.0,0.0,1.0,0.0,0
2025-12-29,1,12,16.17,True,,0,,0,0,0.0,0.0,0.0,1.0,0.0,25.0,0,0,0,69.375,18.16249990463257,-1.2249999940395355,1.1000001,False,0.0,0.0,0.0,0.0,0
2025-12-30,2,12,16.16,True,,0,,0,0,0.0,0.0,0.0,0.0,0.0,60.0,0,0,0,53.375,16.300000071525574,-5.737500011920929,1.9000001,True,1.0,0.0,1.0,28.0,0
2025-12-31,3,12,16.14,True,,0,,0,1,28.0,1.0,0.0,1.0,0.0,127.0,0,0,0,99.875,12.37499988079071,-6.900000035762787,0.0,False,0.0,0.0,13.0,48.0,0
2026-01-01,4,1,16.12,True,Новий рік,3,Новий рік,2,2,48.0,0.0,0.0,13.0,0.0,205.0,0,0,0,65.375,18.27500009536743,-6.5124998688697815,0.3,True,2.0,0.0,5.0,30.0,0
2026-01-02,5,1,16.11,True,,0,,0,1,30.0,2.0,0.0,5.0,0.0,116.0,0,0,0,16.75,10.75,-1.3250000029802322,0.4,True,2.0,0.0,5.0,100.0,0
2026-01-03,6,1,16.09,True,,0,,0,3,100.0,2.0,0.0,5.0,1.0,95.0,0,0,0,0.0,15.425000071525574,-4.149999976158142,0.0,False,0.0,0.0,7.0,11.0,0
2026-01-04,7,1,16.07,True,,0,,0,1,11.0,0.0,0.0,7.0,0.0,52.0,0,0,0,0.0,12.850000143051147,-5.774999916553497,0.0,True,2.0,0.0,9.0,273.0,3
2026-01-05,1,1,16.04,True,,0,,0,2,273.0,2.0,0.0,9.0,0.0,165.0,3,0,0,51.125,15.700000047683716,-5.362500011920929,0.8,False,0.0,0.0,1.0,16.0,0
2026-01-06,2,1,16.02,True,,0,,0,1,16.0,0.0,0.0,1.0,0.0,61.0,0,0,0,98.0,7.125,-0.9500000178813934,1.5000001,False,0.0,0.0,0.0,0.0,0
2026-01-07,3,1,16.0,True,,0,Різдво (РПЦ),2,0,0.0,0.0,0.0,0.0,0.0,95.0,0,0,0,100.0,11.18749988079071,-2.5999999940395355,1.5,False,0.0,0.0,0.0,0.0,0
2026-01-08,4,1,15.97,True,,0,,0,0,0.0,0.0,0.0,0.0,0.0,97.0,0,0,0,100.0,17.550000190734863,-3.0000000074505806,1.8000001,True,5.0,1.0,4.0,326.0,1
2026-01-09,5,1,15.94,True,,0,,0,2,326.0,5.0,1.0,4.0,0.0,242.0,1,0,1,86.0,14.8125,-8.87500011920929,0.3,True,4.0,0.0,4.0,154.0,0
2026-01-10,6,1,15.91,True,,0,,0,3,154.0,4.0,0.0,4.0,0.0,121.0,0,0,0,7.875,10.9375,-15.124999761581421,0.0,False,0.0,0.0,12.0,56.0,0
2026-01-11,7,1,15.88,True,,0,,0,1,56.0,0.0,0.0,12.0,0.0,154.0,0,0,0,79.25,7.675000011920929,-13.987500071525574,0.0,True,4.0,0.0,12.0,111.0,0
2026-01-12,1,1,15.85,True,,0,,0,3,111.0,4.0,0.0,12.0,0.0,156.0,0,0,0,99.625,7.5000001192092896,-13.337500095367432,0.1,True,5.0,0.0,16.0,423.0,0
2026-01-13,2,1,15.82,True,,0,,0,6,423.0,5.0,0.0,16.0,6.0,293.0,0,0,0,100.0,2.0124999657273293,-13.362500071525574,0.2,True,2.0,0.0,10.0,98.0,0
2026-01-14,3,1,15.78,True,,0,,0,3,98.0,2.0,0.0,10.0,0.0,113.0,0,0,0,81.375,4.0875000059604645,-16.28749990463257,0.0,True,9.0,0.0,12.0,225.0,0
2026-01-15,4,1,15.75,True,,0,,0,3,225.0,9.0,0.0,12.0,0.0,82.0,0,0,0,100.0,5.899999976158142,-15.81250011920929,0.0,True,3.0,0.0,12.0,88.0,0
2026-01-16,5,1,15.71,True,,0,,0,4,88.0,3.0,0.0,12.0,0.0,76.0,0,0,0,100.0,7.949999928474426,-15.625000238418579,0.0,True,7.0,0.0,10.0,211.0,2
2026-01-17,6,1,15.67,True,,0,,0,5,211.0,7.0,0.0,10.0,0.0,115.0,2,0,0,6.5,7.375000059604645,-16.18750011920929,0.0,False,0.0,0.0,10.0,40.0,0
2026-01-18,7,1,15.64,True,,0,,0,1,40.0,0.0,0.0,10.0,0.0,201.0,0,0,0,100.0,3.462499976158142,-15.324999928474426,0.0,True,1.0,0.0,6.0,119.0,0
2026-01-19,1,1,15.6,True,,0,,0,5,119.0,1.0,0.0,6.0,1.0,145.0,0,0,0,99.5,7.237500071525574,-14.887500047683716,0.0,True,3.0,3.0,16.0,396.0,0
2026-01-20,2,1,15.56,True,,0,,0,3,396.0,3.0,3.0,16.0,1.0,339.0,0,0,0,100.0,10.337500095367432,-13.5,0.0,True,2.0,0.0,8.0,131.0,0
2026-01-21,3,1,15.51,True,,0,,0,5,131.0,2.0,0.0,8.0,0.0,97.0,0,0,0,100.0,7.387500047683716,-10.674999952316284,0.0,True,1.0,0.0,5.0,39.0,0
2026-01-22,4,1,15.47,True,День Соборності,2,,0,1,39.0,1.0,0.0,5.0,0.0,94.0,0,0,0,97.75,13.087500095367432,-5.837499916553497,0.0,True,2.0,0.0,15.0,85.0,0
2026-01-23,5,1,15.43,True,,0,,0,2,85.0,2.0,0.0,15.0,0.0,101.0,0,0,0,99.625,10.062500238418579,-9.262500047683716,0.0,True,11.0,5.0,10.0,306.0,1
2026-01-24,6,1,15.38,True,,0,,0,5,306.0,11.0,5.0,10.0,0.0,375.0,1,0,0,100.0,5.962500035762787,-12.850000023841858,0.0,False,0.0,0.0,9.0,74.0,0
2026-01-25,7,1,15.34,True,,0,,0,2,74.0,0.0,0.0,9.0,0.0,102.0,0,0,0,100.0,14.662500262260437,-8.275000035762787,0.1,False,0.0,0.0,2.0,30.0,0
2026-01-26,1,1,15.29,True,,0,,0,1,30.0,0.0,0.0,2.0,0.0,138.0,0,0,0,100.0,17.262499928474426,-3.637499988079071,3.5,True,9.0,0.0,13.0,334.0,0
2026-01-27,2,1,15.24,True,,0,,0,3,334.0,9.0,0.0,13.0,0.0,165.0,0,0,0,99.875,8.637500047683716,-3.9000000655651093,1.2,False,0.0,0.0,8.0,99.0,0
2026-01-28,3,1,15.19,True,,0,,0,1,99.0,0.0,0.0,8.0,0.0,146.0,0,0,0,100.0,3.4624999910593033,0.15000000223517418,2.0,False,0.0,0.0,7.0,0.0,0
2026-01-29,4,1,15.15,True,,0,,0,0,0.0,0.0,0.0,7.0,0.0,105.0,0,0,0,85.125,15.474999785423279,-4.262500032782555,0.0,False,0.0,0.0,0.0,0.0,0
2026-01-30,5,1,15.1,True,,0,,0,0,0.0,0.0,0.0,0.0,0.0,111.0,0,0,0,100.0,16.87500023841858,-12.262500047683716,0.0,False,0.0,0.0,1.0,0.0,0
2026-01-31,6,1,15.05,True,,0,,0,0,0.0,0.0,0.0,1.0,0.0,2725.0,0,0,0,2.375,13.200000047683716,-14.762500047683716,0.0,False,0.0,0.0,5.0,30.0,0
2026-02-01,7,2,14.99,True,,0,,0,1,30.0,0.0,0.0,5.0,0.0,90.0,0,0,0,47.5,8.875,-19.56249976158142,0.0,False,0.0,0.0,4.0,54.0,0
2026-02-02,1,2,14.94,True,,0,,0,1,54.0,0.0,0.0,4.0,0.0,171.0,0,0,0,0.0,8.762499988079071,-19.08750033378601,0.0,True,4.0,2.0,14.0,512.0,0
2026-02-03,2,2,14.89,True,,0,,0,3,512.0,4.0,2.0,14.0,6.0,450.0,0,0,0,61.75,6.612500071525574,-19.62500023841858,0.0,False,0.0,0.0,1.0,44.0,1
2026-02-04,3,2,14.84,True,,0,,0,2,44.0,0.0,0.0,1.0,0.0,105.0,1,0,0,100.0,17.137500047683716,-7.762499988079071,2.8999999,True,8.0,0.0,3.0,148.0,0
2026-02-05,4,2,14.78,True,,0,,0,1,148.0,8.0,0.0,3.0,0.0,183.0,0,0,0,7.875,17.112500190734863,-7.324999988079071,0.3,True,2.0,0.0,6.0,151.0,1
2026-02-06,5,2,14.73,True,,0,,0,3,151.0,2.0,0.0,6.0,0.0,328.0,1,0,0,75.0,7.574999928474426,-6.650000035762787,0.4,True,2.0,0.0,14.0,267.0,1
2026-02-07,6,2,14.67,True,,0,,0,3,267.0,2.0,0.0,14.0,0.0,408.0,1,0,0,99.375,9.662500023841858,-5.512499988079071,0.70000005,False,0.0,0.0,4.0,0.0,0
2026-02-08,7,2,14.62,True,,0,,0,0,0.0,0.0,0.0,4.0,0.0,101.0,0,0,0,100.0,14.174999952316284,-9.224999904632568,0.0,False,0.0,0.0,5.0,108.0,0
2026-02-09,1,2,14.56,True,,0,,0,3,108.0,0.0,0.0,5.0,0.0,149.0,0,0,0,99.5,7.2250001430511475,-18.100000262260437,0.0,False,0.0,0.0,1.0,18.0,0
2026-02-10,2,2,14.51,True,,0,,0,1,18.0,0.0,0.0,1.0,0.0,125.0,0,0,0,56.125,15.550000071525574,-8.962499916553497,0.0,False,0.0,0.0,0.0,33.0,0
2026-02-11,3,2,14.45,True,,0,,0,2,33.0,0.0,0.0,0.0,0.0,129.0,0,0,0,100.0,16.924999713897705,0.12500000838190317,0.0,True,4.0,4.0,4.0,247.0,1
2026-02-12,4,2,14.39,True,,0,,0,2,247.0,4.0,4.0,4.0,0.0,219.0,1,0,0,100.0,12.075000047683716,2.137499988079071,0.0,False,0.0,0.0,10.0,56.0,0
2026-02-13,5,2,14.33,True,,0,,0,2,56.0,0.0,0.0,10.0,0.0,154.0,0,0,0,100.0,6.524999916553497,0.5750000067055225,0.0,True,2.0,0.0,12.0,129.0,0
2026-02-14,6,2,14.27,True,,0,,0,3,129.0,2.0,0.0,12.0,0.0,112.0,0,0,0,87.0,9.312500059604645,0.6625000052154064,0.0,False,0.0,0.0,0.0,24.0,0
2026-02-15,7,2,14.21,True,,0,,0,1,24.0,0.0,0.0,0.0,0.0,83.0,0,0,0,100.0,18.887499809265137,-4.337500035762787,3.5,False,0.0,0.0,0.0,70.0,0
2026-02-16,1,2,14.16,True,,0,,0,2,70.0,0.0,0.0,0.0,1.0,62.0,0,0,0,99.125,4.575000017881393,-8.925000011920929,0.0,True,2.0,0.0,4.0,186.0,0
2026-02-17,2,2,14.1,True,,0,,0,2,186.0,2.0,0.0,4.0,0.0,396.0,0,0,0,0.25,8.924999833106995,-11.137500166893005,0.0,False,0.0,0.0,1.0,21.0,0
2026-02-18,3,2,14.04,True,,0,,0,1,21.0,0.0,0.0,1.0,0.0,126.0,0,0,0,97.875,15.824999928474426,-8.862500071525574,2.8000002,False,0.0,0.0,0.0,33.0,0
2026-02-19,4,2,13.98,True,,0,,0,1,33.0,0.0,0.0,0.0,0.0,37.0,0,0,0,40.0,7.962499976158142,-6.650000035762787,0.0,False,0.0,0.0,0.0,26.0,0
2026-02-20,5,2,13.91,True,,0,,0,1,26.0,0.0,0.0,0.0,0.0,128.0,0,0,0,7.125,9.575000047683716,-10.650000035762787,0.0,False,0.0,0.0,1.0,60.0,0
2026-02-21,6,2,13.85,True,,0,,0,2,60.0,0.0,0.0,1.0,0.0,120.0,0,0,0,0.125,11.537499904632568,-10.9375,0.0,True,3.0,3.0,3.0,284.0,1
2026-02-22,7,2,13.79,True,,0,,0,3,284.0,3.0,3.0,3.0,3.0,297.0,1,0,0,98.875,8.462499916553497,1.1875,0.5,False,0.0,0.0,0.0,0.0,0
2026-02-23,1,2,13.73,True,,0,День захисника вітчизни,3,0,0.0,0.0,0.0,0.0,0.0,126.0,0,0,0,100.0,13.024999976158142,2.187500014901161,0.1,False,0.0,0.0,0.0,13.0,0
2026-02-24,2,2,13.67,True,Річниця вторгнення,3,,0,1,13.0,0.0,0.0,0.0,0.0,133.0,0,0,0,73.0,4.9749999940395355,0.637500018812716,0.3,False,0.0,0.0,0.0,0.0,0
2026-02-25,3,2,13.61,True,,0,,0,0,0.0,0.0,0.0,0.0,0.0,115.0,0,0,0,100.0,13.162500023841858,-1.7374999793246388,0.0,True,5.0,1.0,8.0,231.0,0
2026-02-26,4,2,13.54,True,,0,,0,2,231.0,5.0,1.0,8.0,4.0,420.0,0,0,0,100.0,3.975000023841858,-2.8499999940395355,0.0,False,0.0,0.0,0.0,56.0,1
2026-02-27,5,2,13.48,True,,0,,0,2,56.0,0.0,0.0,0.0,0.0,187.0,1,0,0,99.5,9.712499976158142,-2.925000011920929,0.0,True,1.0,0.0,2.0,18.0,0
2026-02-28,6,2,13.42,True,,0,,0,1,18.0,1.0,0.0,2.0,0.0,105.0,0,0,0,0.0,12.337499856948853,-1.8500000089406967,0.0,False,0.0,0.0,0.0,50.0,0
2026-03-01,7,3,13.36,True,,0,,0,2,50.0,0.0,0.0,0.0,0.0,3238.0,0,0,0,1.25,13.200000047683716,0.9250000044703484,0.0,False,0.0,0.0,0.0,30.0,0
2026-03-02,1,3,13.29,True,,0,,0,2,30.0,0.0,0.0,0.0,0.0,94.0,0,0,0,56.0,13.31250011920929,1.7125000283122063,0.0,True,1.0,0.0,0.0,92.0,0
2026-03-03,2,3,13.23,True,,0,,0,3,92.0,1.0,0.0,0.0,0.0,136.0,0,0,0,55.75,8.675000071525574,-0.5124999862164259,0.0,False,0.0,0.0,0.0,0.0,0
2026-03-04,3,3,13.16,True,,0,,0,0,0.0,0.0,0.0,0.0,0.0,149.0,0,0,0,1.0,11.9375,0.9375000037252903,0.0,False,0.0,0.0,0.0,30.0,0
2026-03-05,4,3,13.1,True,,0,,0,1,30.0,0.0,0.0,0.0,0.0,155.0,0,0,0,77.5,14.787500143051147,1.8124999701976776,0.0,False,0.0,0.0,0.0,0.0,0
2026-03-06,5,3,13.04,True,,0,,0,0,0.0,0.0,0.0,0.0,0.0,141.0,0,0,0,28.0,6.4375,-0.5374999940395355,0.0,True,3.0,5.0,10.0,296.0,0
2026-03-07,6,3,12.97,True,,0,,0,3,296.0,3.0,5.0,10.0,0.0,480.0,0,0,1,0.0,8.925000071525574,1.5750000216066837,0.0,False,0.0,0.0,0.0,0.0,0
2026-03-08,7,3,12.91,True,8 березня,1,8 березня,1,0,0.0,0.0,0.0,0.0,0.0,117.0,0,0,0,0.0,8.599999964237213,1.112500011920929,0.0,False,0.0,0.0,1.0,0.0,0
2026-03-09,1,3,12.84,True,,0,,0,0,0.0,0.0,0.0,1.0,0.0,197.0,0,0,0,0.0,11.024999976158142,2.6000000089406967,0.0,False,0.0,0.0,1.0,29.0,0
2026-03-10,2,3,12.78,True,,0,,0,1,29.0,0.0,0.0,1.0,0.0,137.0,0,0,0,0.0,14.112499952316284,5.100000023841858,0.0,False,0.0,0.0,0.0,30.0,0
2026-03-11,3,3,12.71,True,,0,,0,1,30.0,0.0,0.0,0.0,0.0,99.0,0,0,0,0.0,13.099999904632568,5.162499904632568,0.0,False,0.0,0.0,0.0,30.0,0
2026-03-12,4,3,12.65,True,,0,,0,1,30.0,0.0,0.0,0.0,0.0,94.0,0,0,0,0.0,8.87500011920929,5.037499964237213,0.0,False,0.0,0.0,0.0,22.0,0
2026-03-13,5,3,12.59,True,,0,,0,1,22.0,0.0,0.0,0.0,0.0,126.0,0,0,0,0.0,11.824999928474426,5.199999988079071,0.0,True,2.0,4.0,8.0,262.0,0
2026-03-14,6,3,12.52,True,,0,,0,2,262.0,2.0,4.0,8.0,9.0,430.0,0,0,1,0.0,12.87500011920929,3.2750000059604645,0.0,True,1.0,0.0,1.0,35.0,0
2026-03-15,7,3,12.46,True,,0,,0,2,35.0,1.0,0.0,1.0,0.0,97.0,0,0,0,0.0,9.099999845027924,3.362499952316284,0.0,True,2.0,0.0,1.0,123.0,0
2026-03-16,1,3,12.39,True,,0,,0,3,123.0,2.0,0.0,1.0,0.0,211.0,0,0,0,5.25,7.037499964237213,2.8875000029802322,0.0,False,0.0,0.0,2.0,43.0,0
2026-03-17,2,3,12.33,True,,0,,0,1,43.0,0.0,0.0,2.0,0.0,178.0,0,0,0,53.375,8.76250010728836,2.6749999821186066,0.0,True,2.0,0.0,7.0,148.0,0
2026-03-18,3,3,12.26,True,,0,,0,4,148.0,2.0,0.0,7.0,0.0,147.0,0,0,0,99.375,8.75,3.387499988079071,0.0,True,1.0,0.0,4.0,20.0,0
2026-03-19,4,3,12.2,True,,0,,0,1,20.0,1.0,0.0,4.0,0.0,133.0,0,0,0,3.125,4.462499991059303,2.037500038743019,0.0,True,2.0,0.0,0.0,0.0,0
2026-03-20,5,3,12.13,True,,0,,0,0,0.0,2.0,0.0,0.0,0.0,156.0,0,0,0,6.0,8.88750010728836,2.787500001490116,0.0,False,0.0,0.0,0.0,0.0,0
2026-03-21,6,3,12.07,True,,0,,0,0,0.0,0.0,0.0,0.0,0.0,154.0,0,0,0,0.0,9.762500047683716,2.6624999791383743,0.0,True,2.0,0.0,2.0,122.0,0
2026-03-22,7,3,12.0,True,,0,,0,3,122.0,2.0,0.0,2.0,0.0,139.0,0,0,0,0.0,8.162499845027924,3.4000000059604645,0.0,False,0.0,0.0,2.0,59.0,0
2026-03-23,1,3,11.93,True,,0,,0,2,59.0,0.0,0.0,2.0,0.0,251.0,0,0,0,0.0,4.187499970197678,3.7250000461935997,0.0,True,2.0,0.0,4.0,253.0,0
2026-03-24,2,3,11.87,True,,0,,0,2,253.0,2.0,0.0,4.0,2.0,550.0,0,0,0,0.0,7.775000214576721,5.175000041723251,0.0,True,2.0,0.0,2.0,281.0,0
2026-03-25,3,3,11.8,True,,0,,0,1,281.0,2.0,0.0,2.0,0.0,147.0,0,0,0,0.75,9.912500023841858,6.187499940395355,0.0,False,0.0,0.0,2.0,32.0,0
2026-03-26,4,3,11.74,True,,0,,0,1,32.0,0.0,0.0,2.0,0.0,153.0,0,0,0,52.125,5.924999952316284,8.125,0.0,False,0.0,0.0,1.0,0.0,0
2026-03-27,5,3,11.67,True,,0,,0,0,0.0,0.0,0.0,1.0,0.0,102.0,0,0,0,0.0,7.700000047683716,8.212499916553497,0.0,False,0.0,0.0,0.0,60.0,0
2026-03-28,6,3,11.61,True,,0,,0,2,60.0,0.0,0.0,0.0,0.0,273.0,0,0,0,100.0,7.371428557804653,9.771428653172084,0.0,True,1.0,0.0,8.0,124.0,1
2026-03-29,7,3,11.54,True,,0,,0,4,124.0,1.0,0.0,8.0,1.0,442.0,1,0,0,0.0,12.412500023841858,8.125,0.0,False,0.0,0.0,5.0,116.0,2
2026-03-30,1,3,11.48,True,,0,,0,3,116.0,0.0,0.0,5.0,0.0,164.0,2,0,0,33.25,6.649999976158142,9.325000047683716,0.0,False,0.0,0.0,7.0,105.0,4
2026-03-31,2,3,11.41,True,,0,,0,4,105.0,0.0,0.0,7.0,0.0,289.0,4,0,0,6.5,9.237500011920929,9.924999952316284,0.0,True,1.0,0.0,1.0,69.0,0
2026-04-01,3,4,11.35,True,,0,,0,3,69.0,1.0,0.0,1.0,0.0,360.0,0,0,0,12.25,9.699999809265137,10.337499856948853,0.0,False,0.0,0.0,4.0,26.0,0
2026-04-02,4,4,11.29,True,,0,,0,1,26.0,0.0,0.0,4.0,0.0,172.0,0,0,0,3.375,8.749999940395355,10.287500023841858,0.0,True,3.0,0.0,8.0,203.0,1
2026-04-03,5,4,11.22,True,,0,,0,4,203.0,3.0,0.0,8.0,1.0,542.0,1,0,0,3.375,10.662500023841858,10.262500047683716,0.0,True,1.0,0.0,7.0,81.0,1
2026-04-04,6,4,11.16,True,,0,,0,2,81.0,1.0,0.0,7.0,0.0,286.0,1,0,0,4.375,13.50000011920929,9.5625,0.0,False,0.0,0.0,0.0,60.0,0
2026-04-05,7,4,11.09,True,,0,,0,2,60.0,0.0,0.0,0.0,0.0,93.0,0,0,0,0.0,11.799999952316284,8.962499976158142,0.0,False,0.0,0.0,1.0,30.0,0
2026-04-06,1,4,11.03,True,,0,,0,1,30.0,0.0,0.0,1.0,0.0,141.0,0,0,0,0.125,16.50000011920929,4.487500011920929,0.0,False,0.0,0.0,2.0,78.0,0
2026-04-07,2,4,10.96,True,,0,,0,3,78.0,0.0,0.0,2.0,0.0,110.0,0,0,0,18.625,12.37500011920929,3.1250000298023224,0.4,False,0.0,0.0,1.0,0.0,0
2026-04-08,3,4,10.9,True,,0,,0,0,0.0,0.0,0.0,1.0,0.0,176.0,0,0,0,74.0,13.649999976158142,3.037499964237213,0.1,False,0.0,0.0,0.0,62.0,0
2026-04-09,4,4,10.84,True,,0,,0,2,62.0,0.0,0.0,0.0,0.0,119.0,0,0,0,98.375,12.5625,3.150000035762787,0.0,True,1.0,0.0,4.0,35.0,0
2026-04-10,5,4,10.77,True,,0,,0,2,35.0,1.0,0.0,4.0,0.0,128.0,0,0,0,26.75,7.6875,1.3124999850988388,0.6,False,0.0,0.0,3.0,33.0,0
2026-04-11,6,4,10.71,True,,0,,0,1,33.0,0.0,0.0,3.0,0.0,160.0,0,0,0,43.375,2.7124999463558197,1.6749999970197678,0.2,,0.0,0.0,0.0,0.0,0
2026-04-12,7,4,10.64,True,Великдень,3,Пасха (РПЦ),2,0,0.0,0.0,0.0,0.0,0.0,0.0,0,0,0,36.5,4.66250005364418,2.625,0.0,False,0.0,0.0,0.0,0.0,0
2026-04-13,1,4,10.58,True,,0,,0,0,0.0,0.0,0.0,0.0,0.0,98.0,0,0,0,1.875,7.187500059604645,5.812500059604645,0.0,False,0.0,0.0,0.0,25.0,0
2026-04-14,2,4,10.52,True,,0,,0,1,25.0,0.0,0.0,0.0,0.0,129.0,0,0,0,0.0,10.4375,7.949999928474426,0.0,True,3.0,0.0,1.0,65.0,0
2026-04-15,3,4,10.46,True,,0,,0,2,65.0,3.0,0.0,1.0,0.0,324.0,0,0,0,0.0,6.762500047683716,10.362499952316284,0.0,True,3.0,2.0,8.0,304.0,0
2026-04-16,4,4,10.39,False,,0,,0,3,304.0,3.0,2.0,8.0,1.0,0.0,0,0,0,7.5,8.337499916553497,10.987500190734863,0.0,False,0.0,0.0,3.0,30.0,0
2026-04-17,5,4,10.33,False,,0,,0,1,30.0,0.0,0.0,3.0,0.0,172.0,0,0,0,1.125,9.762500047683716,7.200000107288361,0.0,False,0.0,0.0,1.0,39.0,1
2026-04-18,6,4,10.27,False,,0,,0,2,39.0,0.0,0.0,1.0,0.0,219.0,1,0,0,3.0,11.574999928474426,7.474999964237213,0.0,False,0.0,0.0,1.0,0.0,0
2026-04-19,7,4,10.21,False,,0,,0,0,0.0,0.0,0.0,1.0,0.0,236.0,0,0,0,0.875,5.487500051036477,5.837499916553497,0.0,True,4.0,0.0,2.0,115.0,0
2026-04-20,1,4,10.15,False,,0,,0,2,115.0,4.0,0.0,2.0,0.0,142.0,0,0,0,0.25,7.562500059604645,4.037499934434891,0.0,True,1.0,0.0,2.0,53.0,0
2026-04-21,2,4,10.09,False,,0,,0,2,53.0,1.0,0.0,2.0,0.0,143.0,0,0,0,0.5,8.175000011920929,3.487500011920929,0.0,False,0.0,0.0,2.0,30.0,0
2026-04-22,3,4,10.02,False,,0,,0,1,30.0,0.0,0.0,2.0,0.0,215.0,0,0,0,0.0,14.462500095367432,8.362500131130219,0.0,True,1.0,0.0,5.0,27.0,0
2026-04-23,4,4,9.96,False,,0,,0,1,27.0,1.0,0.0,5.0,0.0,155.0,0,0,0,2.375,12.274999976158142,5.037500023841858,0.0,True,2.0,0.0,8.0,39.0,0
2026-04-24,5,4,9.9,False,,0,,0,1,39.0,2.0,0.0,8.0,0.0,107.0,0,0,0,1.625,6.262499988079071,6.412500023841858,0.0,True,1.0,3.0,5.0,120.0,0
2026-04-25,6,4,9.84,False,,0,,0,1,120.0,1.0,3.0,5.0,1.0,619.0,0,0,0,2.5,15.31250011920929,11.49999988079071,0.0,True,2.0,0.0,3.0,93.0,0
2026-04-26,7,4,9.79,False,,0,,0,3,93.0,2.0,0.0,3.0,0.0,144.0,0,0,0,1.5,20.550000190734863,2.3374999910593033,0.0,False,0.0,0.0,0.0,0.0,0
2026-04-27,1,4,9.73,False,,0,,0,0,0.0,0.0,0.0,0.0,0.0,94.0,0,0,0,0.0,11.5,4.012499928474426,0.0,False,0.0,0.0,0.0,0.0,0
2026-04-28,2,4,9.67,False,,0,,0,0,0.0,0.0,0.0,0.0,0.0,123.0,0,0,0,2.25,9.337500095367432,3.412500023841858,0.0,True,2.0,0.0,2.0,49.0,0
2026-04-29,3,4,9.61,False,,0,,0,1,49.0,2.0,0.0,2.0,0.0,171.0,0,0,0,1.625,8.250000178813934,3.4000000208616257,0.0,True,1.0,0.0,1.0,108.0,0
2026-04-30,4,4,9.55,False,,0,,0,4,108.0,1.0,0.0,1.0,0.0,206.0,0,0,0,13.625,5.175000011920929,5.475000023841858,0.0,True,1.0,0.0,6.0,126.0,1
2026-05-01,5,5,9.49,False,,0,1 травня,1,4,126.0,1.0,0.0,6.0,0.0,409.0,1,0,0,23.25,4.012499988079071,7.987499952316284,0.0,False,0.0,0.0,3.0,18.0,0
2026-05-02,6,5,9.44,False,,0,,0,1,18.0,0.0,0.0,3.0,0.0,227.0,0,0,0,0.5,11.087499976158142,8.712499976158142,0.0,True,6.0,0.0,9.0,349.0,0
2026-05-03,7,5,9.38,False,,0,,0,3,349.0,6.0,0.0,9.0,0.0,234.0,0,0,0,0.0,9.299999952316284,12.837499976158142,0.0,True,1.0,0.0,5.0,100.0,0
2026-05-04,1,5,9.33,False,,0,,0,3,100.0,1.0,0.0,5.0,0.0,88.0,0,0,0,0.0,13.799999952316284,17.112499952316284,0.0,True,1.0,0.0,3.0,137.0,0
2026-05-05,2,5,9.27,False,,0,,0,3,137.0,1.0,0.0,3.0,0.0,164.0,0,0,0,0.0,12.1875,18.200000047683716,0.0,False,0.0,0.0,0.0,15.0,0
2026-05-06,3,5,9.22,False,,0,,0,1,15.0,0.0,0.0,0.0,0.0,108.0,0,0,0,0.0,13.449999928474426,20.149999618530273,0.0,True,1.0,0.0,5.0,48.0,0
2026-05-07,4,5,9.16,False,,0,,0,1,48.0,1.0,0.0,5.0,0.0,102.0,0,0,0,0.0,14.399999976158142,18.037500143051147,0.0,False,0.0,0.0,0.0,62.0,0
2026-05-08,5,5,9.11,False,День памʼяті та перемоги,2,,0,4,62.0,0.0,0.0,0.0,0.0,67.0,0,0,0,2.875,9.875,13.887499928474426,0.0,False,0.0,0.0,0.0,0.0,0
2026-05-09,6,5,9.06,False,,0,День перемоги,3,0,0.0,0.0,0.0,0.0,0.0,43.0,0,0,0,15.75,7.662500023841858,15.712499976158142,1.9,False,0.0,0.0,0.0,0.0,0
2026-05-10,7,5,9.01,False,,0,,0,0,0.0,0.0,0.0,0.0,0.0,27.0,0,0,0,7.125,8.562500059604645,11.774999976158142,0.0,False,0.0,0.0,0.0,30.0,0
2026-05-11,1,5,8.95,False,,0,,0,1,30.0,0.0,0.0,0.0,0.0,0.0,0,0,0,2.875,9.099999904632568,13.300000071525574,0.0,True,1.0,0.0,4.0,135.0,0
2026-05-12,2,5,8.9,False,,0,,0,1,135.0,1.0,0.0,4.0,0.0,216.0,0,0,0,88.5,12.850000023841858,13.487500071525574,0.8000001,True,1.0,0.0,4.0,20.0,0
2026-05-13,3,5,8.85,False,,0,,0,2,20.0,1.0,0.0,4.0,0.0,753.0,0,0,0,3.375,12.825000047683716,9.112500190734863,0.0,True,7.0,10.0,13.0,669.0,4
2026-05-14,4,5,8.81,False,,0,,0,4,669.0,7.0,10.0,13.0,4.0,675.0,4,0,0,2.375,7.312500059604645,11.675000071525574,0.1,True,4.0,0.0,5.0,82.0,0
2026-05-15,5,5,8.76,False,,0,,0,2,82.0,4.0,0.0,5.0,0.0,141.0,0,0,0,0.0,7.887500047683716,12.537500023841858,0.0,True,2.0,0.0,10.0,126.0,0
2026-05-16,6,5,8.71,False,,0,,0,4,126.0,2.0,0.0,10.0,0.0,294.0,0,0,0,0.0,8.849999964237213,16.06249988079071,0.0,True,4.0,0.0,3.0,87.0,0
2026-05-17,7,5,8.66,False,,0,,0,4,87.0,4.0,0.0,3.0,0.0,287.0,0,0,0,56.5,13.24999988079071,15.574999928474426,2.1,True,2.0,0.0,15.0,140.0,0
2026-05-18,1,5,8.62,False,,0,,0,3,140.0,2.0,0.0,15.0,0.0,524.0,0,0,0,0.375,5.7249999940395355,16.274999976158142,0.0,False,0.0,0.0,1.0,63.0,1
2026-05-19,2,5,8.57,False,,0,,0,3,63.0,0.0,0.0,1.0,0.0,209.0,1,0,0,0.0,12.149999856948853,17.00000023841858,0.0,False,0.0,0.0,3.0,86.0,0
2026-05-20,3,5,8.53,False,,0,,0,2,86.0,0.0,0.0,3.0,0.0,84.0,0,0,0,0.5,10.649999976158142,17.012500047683716,1.3000001,False,0.0,0.0,2.0,30.0,0
2026-05-21,4,5,8.49,False,,0,,0,1,30.0,0.0,0.0,2.0,0.0,116.0,0,0,0,0.0,10.037500083446503,20.3125,0.0,True,1.0,0.0,4.0,51.0,0
2026-05-22,5,5,8.44,False,,0,,0,2,51.0,1.0,0.0,4.0,0.0,124.0,0,0,0,0.125,14.300000071525574,18.787500381469727,0.0,True,2.0,0.0,6.0,142.0,0
2026-05-23,6,5,8.4,False,,0,,0,3,142.0,2.0,0.0,6.0,0.0,124.0,0,0,0,0.375,9.787500143051147,17.549999833106995,0.0,True,12.0,11.0,8.0,456.0,1
2026-05-24,7,5,8.36,False,,0,,0,4,456.0,12.0,11.0,8.0,2.0,600.0,1,0,0,0.875,9.875,18.625,0.1,True,2.0,0.0,11.0,17.0,0
2026-05-25,1,5,8.33,False,,0,,0,1,17.0,2.0,0.0,11.0,0.0,262.0,0,0,0,3.375,13.637500166893005,17.825000047683716,0.0,False,0.0,0.0,6.0,30.0,0
2026-05-26,2,5,8.29,False,,0,,0,1,30.0,0.0,0.0,6.0,0.0,122.0,0,0,0,3.75,13.012500166893005,17.31249976158142,0.0,True,1.0,0.0,19.0,59.0,0
2026-05-27,3,5,8.25,False,,0,,0,3,59.0,1.0,0.0,19.0,0.0,163.0,0,0,0,0.375,13.375,12.400000095367432,0.0,False,0.0,0.0,0.0,85.0,2
2026-05-28,4,5,8.22,False,,0,,0,2,85.0,0.0,0.0,0.0,0.0,147.0,2,0,0,0.625,14.112500190734863,9.949999868869781,0.0,False,0.0,0.0,5.0,109.0,2
2026-05-29,5,5,8.18,False,,0,,0,2,109.0,0.0,0.0,5.0,0.0,232.0,2,0,0,36.125,11.424999952316284,9.0,3.8000002,True,0.0,1.0,5.0,111.0,1
2026-05-30,6,5,8.15,False,,0,,0,3,111.0,0.0,1.0,5.0,1.0,290.0,1,0,0,45.0,5.5999999940395355,10.174999952316284,1.2,True,1.0,0.0,14.0,101.0,0
2026-05-31,7,5,8.12,False,Трійця,1,,0,4,101.0,1.0,0.0,14.0,0.0,229.0,0,0,0,1.375,3.7249999940395355,10.087499976158142,0.0,False,0.0,0.0,3.0,0.0,0
2026-06-01,1,6,8.09,False,,0,,0,0,0.0,0.0,0.0,3.0,0.0,265.0,0,0,0,0.0,6.825000107288361,12.687500238418579,0.0,True,9.0,12.0,18.0,328.0,0
2026-06-02,2,6,8.06,False,,0,,0,5,328.0,9.0,12.0,18.0,0.0,5053.0,0,0,0,4.25,8.112500071525574,15.774999856948853,0.2,True,1.0,0.0,6.0,54.0,0
2026-06-03,3,6,8.03,False,,0,,0,2,54.0,1.0,0.0,6.0,0.0,198.0,0,0,0,70.875,9.112499952316284,14.137500047683716,8.3,True,1.0,0.0,3.0,70.0,0
2026-06-04,4,6,8.0,False,,0,,0,4,70.0,1.0,0.0,3.0,0.0,293.0,0,0,0,0.125,7.949999988079071,15.799999952316284,0.0,False,0.0,0.0,20.0,15.0,0
2026-06-05,5,6,7.98,False,,0,,0,1,15.0,0.0,0.0,20.0,0.0,216.0,0,0,0,1.0,9.237500071525574,19.799999952316284,0.0,False,0.0,0.0,3.0,44.0,0
2026-06-06,6,6,7.96,False,,0,,0,2,44.0,0.0,0.0,3.0,0.0,272.0,0,0,0,2.5,6.762499988079071,18.4375,2.8999999,True,1.0,0.0,4.0,44.0,0
2026-06-07,7,6,7.93,False,,0,,0,3,44.0,1.0,0.0,4.0,0.0,236.0,0,0,0,25.375,6.825000077486038,17.137499809265137,2.9,False,0.0,0.0,9.0,76.0,0
2026-06-08,1,6,7.91,False,,0,,0,2,76.0,0.0,0.0,9.0,0.0,155.0,0,0,0,10.25,15.875000238418579,15.700000166893005,2.8999999,False,0.0,0.0,6.0,30.0,0
2026-06-09,2,6,7.89,False,,0,,0,1,30.0,0.0,0.0,6.0,0.0,166.0,0,0,0,3.5,4.624999932944775,16.56249988079071,0.0,True,1.0,0.0,2.0,21.0,0
2026-06-10,3,6,7.88,False,,0,,0,1,21.0,1.0,0.0,2.0,0.0,207.0,0,0,0,1.0,5.824999958276749,18.62500023841858,0.0,False,0.0,0.0,1.0,0.0,0
2026-06-11,4,6,7.86,False,,0,,0,0,0.0,0.0,0.0,1.0,0.0,221.0,0,0,0,1.5,5.287499964237213,19.987500190734863,0.0,False,0.0,0.0,1.0,14.0,0
2026-06-12,5,6,7.84,False,,0,День росії,2,1,14.0,0.0,0.0,1.0,0.0,117.0,0,0,0,100.0,14.81250011920929,12.37500011920929,2.6000001,False,0.0,0.0,9.0,19.0,0
2026-06-13,6,6,7.83,False,,0,,0,1,19.0,0.0,0.0,9.0,0.0,118.0,0,0,0,1.75,7.500000059604645,14.562500238418579,0.0,False,0.0,0.0,7.0,0.0,0
2026-06-14,7,6,7.82,False,,0,,0,0,0.0,0.0,0.0,7.0,0.0,98.0,0,0,0,1.875,8.5625,14.12499988079071,6.7999997,True,7.0,23.0,7.0,297.0,0
2026-06-15,1,6,7.81,False,,0,,0,2,297.0,7.0,23.0,7.0,2.0,611.0,0,0,0,0.125,10.899999976158142,12.987500071525574,0.0,False,0.0,0.0,0.0,0.0,0
2026-06-16,2,6,7.8,False,,0,,0,0,0.0,0.0,0.0,0.0,0.0,132.0,0,0,0,0.25,11.06249988079071,13.37499988079071,0.0,False,0.0,0.0,4.0,0.0,0
2026-06-17,3,6,7.79,False,,0,,0,0,0.0,0.0,0.0,4.0,0.0,119.0,0,0,0,0.0,8.800000190734863,13.925000071525574,0.0,True,6.0,1.0,1.0,216.0,0
2026-06-18,4,6,7.79,False,,0,,0,4,216.0,6.0,1.0,1.0,0.0,239.0,0,0,0,0.75,7.837499976158142,16.28749978542328,0.0,True,1.0,0.0,4.0,0.0,0
2026-06-19,5,6,7.78,False,,0,,0,0,0.0,1.0,0.0,4.0,0.0,90.0,0,0,0,24.625,7.637499988079071,19.200000047683716,0.0,False,0.0,0.0,1.0,0.0,0
2026-06-20,6,6,7.78,False,,0,,0,0,0.0,0.0,0.0,1.0,0.0,99.0,0,0,0,0.0,7.412499964237213,19.91249990463257,0.0,True,3.0,1.0,22.0,241.0,3
2026-06-21,7,6,7.78,False,,0,,0,5,241.0,3.0,1.0,22.0,4.0,105.0,3,0,0,1.5,6.2249999940395355,22.074999809265137,0.0,True,2.0,0.0,1.0,53.0,1
2026-06-22,1,6,7.78,False,,0,,0,2,53.0,2.0,0.0,1.0,0.0,88.0,1,0,0,0.125,8.649999856948853,20.22499966621399,0.0,True,3.0,0.0,7.0,184.0,1
2026-06-23,2,6,7.78,False,,0,,0,3,184.0,3.0,0.0,7.0,0.0,135.0,1,0,0,0.25,8.062499940395355,21.512500047683716,0.0,False,0.0,0.0,1.0,33.0,2
2026-06-24,3,6,7.78,False,,0,,0,2,33.0,0.0,0.0,1.0,0.0,101.0,2,0,0,0.25,5.687500089406967,21.84999990463257,0.0,False,0.0,0.0,3.0,0.0,0
2026-06-25,4,6,7.79,False,,0,,0,0,0.0,0.0,0.0,3.0,0.0,90.0,0,0,0,0.375,6.987500011920929,20.412500143051147,0.0,True,0.0,2.0,1.0,169.0,0
2026-06-26,5,6,7.79,False,,0,,0,4,169.0,0.0,2.0,1.0,0.0,189.0,0,0,0,0.0,5.6500000059604645,19.81249976158142,0.0,False,0.0,0.0,6.0,46.0,1
2026-06-27,6,6,7.8,False,,0,,0,2,46.0,0.0,0.0,6.0,0.0,129.0,1,0,0,0.0,5.749999940395355,23.02500009536743,0.0,True,2.0,3.0,9.0,112.0,0
2026-06-28,7,6,7.81,False,День Конституції,2,,0,3,112.0,2.0,3.0,9.0,0.0,142.0,0,0,0,0.0,5.837500035762787,23.200000286102295,0.0,False,0.0,0.0,0.0,30.0,0
2026-06-29,1,6,7.82,False,,0,,0,1,30.0,0.0,0.0,0.0,0.0,108.0,0,0,0,0.0,10.024999976158142,22.587499856948853,0.0,False,0.0,0.0,0.0,0.0,0
2026-06-30,2,6,7.84,False,,0,,0,0,0.0,0.0,0.0,0.0,0.0,154.0,0,0,0,0.0,7.100000083446503,23.83750009536743,0.0,False,0.0,0.0,2.0,30.0,0
2026-07-01,3,7,7.85,False,,0,,0,1,30.0,0.0,0.0,2.0,0.0,151.0,0,0,0,0.0,7.124999940395355,24.175000190734863,0.0,True,31.0,26.0,10.0,750.0,0
2026-07-02,4,7,7.87,False,,0,,0,5,750.0,31.0,26.0,10.0,2.0,0.0,0,0,1,0.0,5.3125,25.787500143051147,0.0,False,0.0,0.0,0.0,10.0,0
2026-07-03,5,7,7.88,False,,0,,0,0,10.0,0.0,0.0,0.0,0.0,105.0,0,0,0,19.375,13.349999904632568,19.1875,5.1,False,0.0,0.0,0.0,30.0,0
2026-07-04,6,7,7.9,False,,0,,0,1,30.0,0.0,0.0,0.0,0.0,86.0,0,0,0,3.875,12.337500095367432,15.25000011920929,0.0,False,0.0,0.0,1.0,0.0,0
2026-07-05,7,7,7.92,False,,0,,0,0,0.0,0.0,0.0,1.0,0.0,125.0,0,0,0,0.5,10.549999952316284,16.987500190734863,0.0,True,4.0,10.0,9.0,307.0,0
2026-07-06,1,7,7.94,False,,0,,0,3,307.0,4.0,10.0,9.0,3.0,351.0,0,1,0,0.0,9.512500047683716,15.537499904632568,0.0,False,0.0,0.0,0.0,60.0,0
2026-07-07,2,7,7.97,False,,0,,0,3,60.0,0.0,0.0,0.0,0.0,123.0,0,0,0,0.5,12.087500095367432,17.58750009536743,0.3,True,4.0,2.0,6.0,259.0,0
2026-07-08,3,7,7.99,False,,0,,0,5,259.0,4.0,2.0,6.0,0.0,169.0,0,0,0,0.625,8.612500071525574,14.200000166893005,0.0,True,5.0,0.0,11.0,164.0,0
2026-07-09,4,7,8.02,False,,0,,0,3,164.0,5.0,0.0,11.0,0.0,94.0,0,0,0,0.125,5.674999952316284,15.074999928474426,0.0,False,0.0,0.0,1.0,30.0,0
2026-07-10,5,7,8.04,False,,0,,0,1,30.0,0.0,0.0,1.0,0.0,137.0,0,0,0,5.25,6.912500083446503,15.237500071525574,0.0,True,0.0,1.0,0.0,112.0,0
2026-07-11,6,7,8.07,False,,0,,0,2,112.0,0.0,1.0,0.0,0.0,121.0,0,0,0,19.0,7.712499916553497,15.100000023841858,1.0,False,0.0,0.0,1.0,114.0,0
2026-07-12,7,7,8.1,False,,0,,0,4,114.0,0.0,0.0,1.0,0.0,115.0,0,0,0,0.375,10.999999761581421,17.800000190734863,0.0,False,0.0,0.0,1.0,6.0,0
2026-07-13,1,7,8.13,False,,0,,0,0,6.0,0.0,0.0,1.0,0.0,134.0,0,0,0,1.5,9.137499928474426,18.71250033378601,0.0,True,0.0,1.0,2.0,51.0,0
2026-07-14,2,7,8.17,False,,0,,0,1,51.0,0.0,1.0,2.0,1.0,135.0,0,0,0,0.125,8.337499916553497,20.52500009536743,0.0,False,0.0,0.0,2.0,36.0,0
2026-07-15,3,7,8.2,False,День Державності,2,,0,2,36.0,0.0,0.0,2.0,0.0,122.0,0,0,0,1.625,7.987500071525574,22.27500009536743,0.0,True,3.0,5.0,10.0,128.0,0
2026-07-16,4,7,8.23,False,,0,,0,4,128.0,3.0,5.0,10.0,0.0,146.0,0,0,0,0.0,8.999999761581421,22.049999952316284,0.0,False,0.0,0.0,3.0,61.0,0
2026-07-17,5,7,8.27,False,,0,,0,2,61.0,0.0,0.0,3.0,0.0,130.0,0,0,0,0.0,7.8125,19.22499966621399,0.0,False,0.0,0.0,2.0,112.0,0
2026-07-18,6,7,8.31,False,,0,,0,4,112.0,0.0,0.0,2.0,0.0,90.0,0,0,0,0.25,11.112499833106995,19.74999976158142,0.0,True,2.0,19.0,3.0,216.0,0
2026-07-19,7,7,8.35,False,,0,,0,5,216.0,2.0,19.0,3.0,0.0,125.0,0,0,0,2.875,8.150000214576721,21.662500381469727,1.9000001,False,0.0,0.0,0.0,37.0,0
2026-07-20,1,7,8.38,False,,0,,0,2,37.0,0.0,0.0,0.0,0.0,94.0,0,0,0,1.125,8.849999964237213,19.112499713897705,0.0,False,0.0,0.0,3.0,30.0,0
2026-07-21,2,7,8.42,False,,0,,0,1,30.0,0.0,0.0,3.0,0.0,58.0,0,0,0,0.375,9.675000071525574,17.58750009536743,0.0,True,2.0,0.0,18.0,209.0,0
2026-07-22,3,7,8.47,False,,0,,0,6,209.0,2.0,0.0,18.0,0.0,216.0,0,0,0,0.25,7.537499964237213,15.0,0.0,False,0.0,0.0,7.0,13.0,0
2026-07-23,4,7,8.51,False,,0,,0,1,13.0,0.0,0.0,7.0,0.0,168.0,0,0,0,1.5,5.274999976158142,17.950000286102295,0.0,True,0.0,1.0,14.0,70.0,0
2026-07-24,5,7,8.55,False,,0,,0,3,70.0,0.0,1.0,14.0,1.0,180.0,0,0,0,0.0,7.050000011920929,16.5625,0.0,True,1.0,0.0,1.0,109.0,0
2026-07-25,6,7,8.6,False,,0,,0,5,109.0,1.0,0.0,1.0,0.0,157.0,0,0,0,0.0,8.287500083446503,17.34999978542328,0.0,True,3.0,1.0,3.0,114.0,0
2026-07-26,7,7,8.64,False,,0,,0,3,114.0,3.0,1.0,3.0,0.0,136.0,0,0,0,0.0,8.762499928474426,20.6875,0.0,False,0.0,0.0,1.0,31.0,0
2026-07-27,1,7,8.69,False,,0,,0,3,31.0,0.0,0.0,1.0,2.0,147.0,0,0,0,1.375,9.899999976158142,21.262500286102295,2.7,True,1.0,0.0,3.0,72.0,0
2026-07-28,2,7,8.73,False,,0,,0,3,72.0,1.0,0.0,3.0,1.0,131.0,0,0,0,0.0,13.274999976158142,14.5625,0.0,False,0.0,0.0,0.0,0.0,0
2026-07-29,3,7,8.78,False,,0,,0,0,0.0,0.0,0.0,0.0,0.0,80.0,0,0,0,1.125,10.062499761581421,15.550000071525574,0.0,True,0.0,4.0,6.0,334.0,0
2026-07-30,4,7,8.83,False,,0,,0,2,334.0,0.0,4.0,6.0,1.0,0.0,0,0,0,2.5,6.424999952316284,18.449999809265137,0.0,True,5.0,0.0,3.0,102.0,0
2026-07-31,5,7,8.88,False,,0,,0,3,102.0,5.0,0.0,3.0,0.0,255.0,0,0,0,0.0,6.137499988079071,21.112500190734863,0.0,True,6.0,11.0,8.0,166.0,0
2026-08-01,6,8,8.93,False,,0,,0,5,166.0,6.0,11.0,8.0,0.0,185.0,0,0,0,0.0,10.43749988079071,22.96250033378601,0.0,False,0.0,0.0,8.0,15.0,0
2026-08-02,7,8,8.98,False,,0,День ВДВ,1,1,15.0,0.0,0.0,8.0,0.0,133.0,0,0,0,0.0,8.850000143051147,24.049999952316284,0.0,True,1.0,0.0,4.0,25.0,0
2026-08-03,1,8,9.03,False,,0,,0,2,25.0,1.0,0.0,4.0,0.0,0.0,0,0,0,0.0,5.937500059604645,24.8125,0.0,True,4.0,0.0,7.0,108.0,0
2026-08-04,2,8,9.08,False,,0,,0,2,108.0,4.0,0.0,7.0,0.0,136.0,0,0,0,0.0,5.075000017881393,24.96250009536743,0.0,True,13.0,9.0,12.0,256.0,0
2026-08-05,3,8,9.14,False,,0,,0,5,256.0,13.0,9.0,12.0,0.0,115.0,0,0,0,0.0,8.149999976158142,26.8125,0.0,True,0.0,1.0,0.0,17.0,0
2026-08-06,4,8,9.19,False,,0,,0,1,17.0,0.0,1.0,0.0,0.0,101.0,0,0,0,0.0,7.324999988079071,28.712499856948853,0.0,False,0.0,0.0,3.0,21.0,0
2026-08-07,5,8,9.24,False,,0,,0,1,21.0,0.0,0.0,3.0,0.0,3656.0,0,0,0,9.125,11.375,23.56250023841858,0.1,True,5.0,0.0,11.0,92.0,1
2026-08-08,6,8,9.3,False,,0,,0,3,92.0,5.0,0.0,11.0,0.0,151.0,1,0,0,0.5,11.212500095367432,17.96250021457672,0.0,True,2.0,0.0,30.0,104.0,0
2026-08-09,7,8,9.35,False,,0,,0,3,104.0,2.0,0.0,30.0,0.0,202.0,0,0,0,0.375,7.274999976158142,18.287500381469727,0.0,True,0.0,1.0,4.0,52.0,0
2026-08-10,1,8,9.41,False,,0,,0,3,52.0,0.0,1.0,4.0,0.0,126.0,0,0,0,0.25,7.362499952316284,21.262500047683716,0.0,True,0.0,2.0,3.0,69.0,0
2026-08-11,2,8,9.47,False,,0,,0,3,69.0,0.0,2.0,3.0,0.0,120.0,0,0,0,0.75,13.762499928474426,19.700000286102295,0.0,True,4.0,0.0,12.0,211.0,0
2026-08-12,3,8,9.52,False,,0,,0,3,211.0,4.0,0.0,12.0,0.0,138.0,0,0,0,0.0,8.149999976158142,16.15000009536743,0.0,True,5.0,0.0,5.0,99.0,0
2026-08-13,4,8,9.58,False,,0,,0,1,99.0,5.0,0.0,5.0,0.0,133.0,0,0,0,0.625,8.3125,16.050000071525574,0.0,False,0.0,0.0,3.0,0.0,0
2026-08-14,5,8,9.64,False,,0,,0,0,0.0,0.0,0.0,3.0,0.0,112.0,0,0,0,2.25,5.912499964237213,16.74999988079071,0.0,False,0.0,0.0,0.0,0.0,0
2026-08-15,6,8,9.7,False,,0,,0,0,0.0,0.0,0.0,0.0,0.0,152.0,0,0,0,0.0,8.5625,19.21250009536743,0.0,True,6.0,3.0,10.0,214.0,0
2026-08-16,7,8,9.76,False,,0,,0,5,214.0,6.0,3.0,10.0,0.0,106.0,0,0,0,0.0,13.350000023841858,22.40000009536743,0.0,False,0.0,0.0,1.0,23.0,0
2026-08-17,1,8,9.81,False,,0,,0,1,23.0,0.0,0.0,1.0,0.0,128.0,0,0,0,0.0,4.55000002682209,22.450000047683716,0.0,True,6.0,0.0,13.0,230.0,0
2026-08-18,2,8,9.87,False,,0,,0,6,230.0,6.0,0.0,13.0,0.0,147.0,0,0,0,0.0,11.325000047683716,14.975000143051147,0.0,True,1.0,0.0,28.0,220.0,0
2026-08-19,3,8,9.93,False,,0,,0,5,220.0,1.0,0.0,28.0,0.0,65.0,0,0,0,0.5,8.5,16.362500071525574,0.0,True,9.0,14.0,22.0,650.0,0
2026-08-20,4,8,9.99,False,,0,,0,2,650.0,9.0,14.0,22.0,4.0,168.0,0,0,0,0.0,10.712499976158142,23.31250023841858,0.2,True,8.0,0.0,11.0,232.0,0
2026-08-21,5,8,10.06,False,,0,,0,6,232.0,8.0,0.0,11.0,0.0,135.0,0,0,0,0.0,11.549999952316284,23.774999856948853,0.0,True,3.0,5.0,12.0,115.0,0
2026-08-22,6,8,10.12,False,,0,,0,4,115.0,3.0,5.0,12.0,1.0,217.0,0,0,0,10.0,13.237499952316284,20.41249990463257,5.2000003,False,0.0,0.0,0.0,62.0,0
2026-08-23,7,8,10.18,False,День Прапора,2,,0,2,62.0,0.0,0.0,0.0,0.0,127.0,0,0,0,0.0,9.862500071525574,16.25,0.0,True,1.0,0.0,2.0,28.0,0
2026-08-24,1,8,10.24,False,День Незалежності,3,,0,1,28.0,1.0,0.0,2.0,0.0,143.0,0,0,0,0.75,7.21249994635582,15.237500071525574,0.0,True,1.0,0.0,2.0,89.0,0
2026-08-25,2,8,10.3,False,,0,,0,3,89.0,1.0,0.0,2.0,0.0,150.0,0,0,0,0.0,8.275000095367432,16.850000023841858,0.0,False,0.0,0.0,0.0,47.0,0
2026-08-26,3,8,10.36,False,,0,,0,1,47.0,0.0,0.0,0.0,0.0,162.0,0,0,0,6.875,7.399999976158142,16.887499809265137,0.0,True,15.0,3.0,33.0,537.0,0
2026-08-27,4,8,10.42,False,,0,,0,9,537.0,15.0,3.0,33.0,1.0,258.0,0,0,0,1.375,10.037500023841858,15.375000357627869,0.0,True,32.0,0.0,36.0,745.0,0
2026-08-28,5,8,10.49,False,,0,,0,14,745.0,32.0,0.0,36.0,0.0,164.0,0,0,0,1.75,8.775000035762787,16.012499928474426,0.0,True,37.0,0.0,38.0,778.0,0
2026-08-29,6,8,10.55,False,,0,,0,7,778.0,37.0,0.0,38.0,0.0,267.0,0,0,0,4.375,12.887500047683716,20.62500023841858,0.0,True,24.0,0.0,18.0,332.0,0
2026-08-30,7,8,10.61,False,,0,,0,11,332.0,24.0,0.0,18.0,0.0,130.0,0,0,0,8.125,5.324999988079071,18.34999990463257,0.3,True,28.0,0.0,35.0,584.0,0
2026-08-31,1,8,10.68,False,,0,,0,14,584.0,28.0,0.0,35.0,0.0,121.0,0,0,0,0.75,10.787500143051147,21.12499976158142,0.0,True,15.0,1.0,31.0,371.0,0
2026-09-01,2,9,10.74,False,,0,,0,7,371.0,15.0,1.0,31.0,0.0,218.0,0,0,0,0.625,9.212500154972076,16.91249990463257,0.1,True,17.0,0.0,40.0,396.0,0
2026-09-02,3,9,10.8,False,,0,,0,10,396.0,17.0,0.0,40.0,0.0,174.0,0,0,0,0.0,7.624999940395355,16.737499952316284,0.0,True,23.0,0.0,26.0,663.0,0
2026-09-03,4,9,10.87,False,,0,,0,11,663.0,23.0,0.0,26.0,0.0,163.0,0,0,0,8.5,7.362500071525574,15.75000011920929,1.2,True,20.0,0.0,60.0,617.0,0
2026-09-04,5,9,10.93,False,,0,,0,5,617.0,20.0,0.0,60.0,0.0,1876.0,0,0,0,2.625,13.8125,18.15000009536743,0.0,True,12.0,0.0,48.0,566.0,0
2026-09-05,6,9,11.0,False,,0,,0,9,566.0,12.0,0.0,48.0,0.0,167.0,0,0,0,14.375,11.449999988079071,15.6875,0.0,True,3.0,0.0,20.0,164.0,0
2026-09-06,7,9,11.06,False,,0,,0,2,164.0,3.0,0.0,20.0,0.0,108.0,0,0,0,58.0,11.850000143051147,12.99999988079071,0.2,False,0.0,0.0,2.0,0.0,0
2026-09-07,1,9,11.12,False,,0,,0,0,0.0,0.0,0.0,2.0,0.0,92.0,0,0,0,0.0,4.487500041723251,12.5625,0.0,True,29.0,3.0,49.0,955.0,0
2026-09-08,2,9,11.19,False,,0,,0,4,955.0,29.0,3.0,49.0,6.0,166.0,0,0,0,0.0,3.912500023841858,15.337500095367432,0.0,True,31.0,0.0,57.0,1012.0,0
2026-09-09,3,9,11.25,False,,0,,0,5,1012.0,31.0,0.0,57.0,0.0,196.0,0,0,0,0.0,6.899999904632568,20.120000076293945,0.0,True,28.0,0.0,21.0,493.0,0
2026-09-10,4,9,11.32,False,,0,,0,7,493.0,28.0,0.0,21.0,0.0,149.0,0,0,0,,,,,True,19.0,0.0,17.0,288.0,0
2026-09-11,5,9,11.38,False,,0,,0,5,288.0,19.0,0.0,17.0,0.0,161.0,0,0,0,,,,,True,6.0,0.0,10.0,175.0,0
2026-09-12,6,9,11.45,False,,0,,0,4,175.0,6.0,0.0,10.0,0.0,0.0,0,0,1,,,,,,0.0,0.0,0.0,0.0,0
2026-09-13,7,9,11.51,False,,0,,0,0,0.0,0.0,0.0,0.0,0.0,0.0,0,0,0,,,,,,0.0,0.0,0.0,0.0,0
2026-09-14,1,9,11.58,False,,0,,0,0,0.0,0.0,0.0,0.0,0.0,0.0,0,0,0,,,,,,0.0,0.0,0.0,0.0,0
2026-09-15,2,9,11.64,False,,0,,0,0,0.0,0.0,0.0,0.0,0.0,0.0,0,0,0,,,,,,0.0,0.0,0.0,0.0,0
2026-09-16,3,9,11.71,False,,0,,0,0,0.0,0.0,0.0,0.0,0.0,0.0,0,0,0,,,,,,0.0,0.0,0.0,0.0,0
2026-09-17,4,9,11.77,False,,0,,0,0,0.0,0.0,0.0,0.0,0.0,0.0,0,0,0,,,,,,0.0,0.0,0.0,0.0,0
2026-09-18,5,9,11.84,False,,0,,0,0,0.0,0.0,0.0,0.0,0.0,0.0,0,0,0,,,,,,0.0,0.0,0.0,0.0,0
2026-09-19,6,9,11.9,False,,0,,0,0,0.0,0.0,0.0,0.0,0.0,0.0,0,0,0,,,,,,0.0,0.0,0.0,0.0,0
2026-09-20,7,9,11.97,False,,0,,0,0,0.0,0.0,0.0,0.0,0.0,0.0,0,0,0,,,,,,0.0,0.0,0.0,0.0,0
2026-09-21,1,9,12.03,False,,0,,0,0,0.0,0.0,0.0,0.0,0.0,0.0,0,0,0,,,,,,0.0,0.0,0.0,0.0,0
2026-09-22,2,9,12.1,False,,0,,0,0,0.0,0.0,0.0,0.0,0.0,0.0,0,0,0,,,,,,0.0,0.0,0.0,0.0,0
2026-09-23,3,9,12.16,False,,0,,0,0,0.0,0.0,0.0,0.0,0.0,0.0,0,0,0,,,,,,0.0,0.0,0.0,0.0,0
2026-09-24,4,9,12.23,False,,0,,0,0,0.0,0.0,0.0,0.0,0.0,0.0,0,0,0,,,,,,0.0,0.0,0.0,0.0,0
2026-09-25,5,9,12.29,False,,0,,0,0,0.0,0.0,0.0,0.0,0.0,0.0,0,0,0,,,,,,0.0,0.0,0.0,0.0,0
2026-09-26,6,9,12.36,False,,0,,0,0,0.0,0.0,0.0,0.0,0.0,0.0,0,0,0,,,,,,0.0,0.0,0.0,0.0,0
2026-09-27,7,9,12.42,False,,0,,0,0,0.0,0.0,0.0,0.0,0.0,0.0,0,0,0,,,,,,0.0,0.0,0.0,0.0,0
2026-09-28,1,9,12.49,False,,0,,0,0,0.0,0.0,0.0,0.0,0.0,0.0,0,0,0,,,,,,0.0,0.0,0.0,0.0,0
2026-09-29,2,9,12.55,False,,0,,0,0,0.0,0.0,0.0,0.0,0.0,0.0,0,0,0,,,,,,0.0,0.0,0.0,0.0,0
2026-09-30,3,9,12.62,False,,0,,0,0,0.0,0.0,0.0,0.0,0.0,0.0,0,0,0,,,,,,0.0,0.0,0.0,0.0,0
2026-10-01,4,10,12.68,False,День захисників і захисниць,2,,0,0,0.0,0.0,0.0,0.0,0.0,0.0,0,0,0,,,,,,0.0,0.0,0.0,0.0,0
2026-10-02,5,10,12.75,False,,0,,0,0,0.0,0.0,0.0,0.0,0.0,0.0,0,0,0,,,,,,0.0,0.0,0.0,0.0,0
2026-10-03,6,10,12.81,False,,0,,0,0,0.0,0.0,0.0,0.0,0.0,0.0,0,0,0,,,,,,0.0,0.0,0.0,0.0,0
2026-10-04,7,10,12.88,False,,0,,0,0,0.0,0.0,0.0,0.0,0.0,0.0,0,0,0,,,,,,0.0,0.0,0.0,0.0,0
2026-10-05,1,10,12.94,False,,0,,0,0,0.0,0.0,0.0,0.0,0.0,0.0,0,0,0,,,,,,0.0,0.0,0.0,0.0,0
2026-10-06,2,10,13.0,False,,0,,0,0,0.0,0.0,0.0,0.0,0.0,0.0,0,0,0,,,,,,0.0,0.0,0.0,0.0,0
2026-10-07,3,10,13.07,False,,0,,0,0,0.0,0.0,0.0,0.0,0.0,0.0,0,0,0,,,,,,0.0,0.0,0.0,0.0,0
2026-10-08,4,10,13.13,False,,0,,0,0,0.0,0.0,0.0,0.0,0.0,0.0,0,0,0,,,,,,0.0,0.0,0.0,0.0,0
2026-10-09,5,10,13.2,False,,0,,0,0,0.0,0.0,0.0,0.0,0.0,0.0,0,0,0,,,,,,0.0,0.0,0.0,0.0,0
2026-10-10,6,10,13.26,False,,0,,0,0,0.0,0.0,0.0,0.0,0.0,0.0,0,0,0,,,,,,0.0,0.0,0.0,0.0,0
2026-10-11,7,10,13.32,False,,0,,0,0,0.0,0.0,0.0,0.0,0.0,0.0,0,0,0,,,,,,0.0,0.0,0.0,0.0,0
2026-10-12,1,10,13.39,False,,0,,0,0,0.0,0.0,0.0,0.0,0.0,0.0,0,0,0,,,,,,0.0,0.0,0.0,0.0,0
2026-10-13,2,10,13.45,False,,0,,0,0,0.0,0.0,0.0,0.0,0.0,0.0,0,0,0,,,,,,0.0,0.0,0.0,0.0,0
2026-10-14,3,10,13.51,False,,0,,0,0,0.0,0.0,0.0,0.0,0.0,0.0,0,0,0,,,,,,0.0,0.0,0.0,0.0,0
2026-10-15,4,10,13.58,True,,0,,0,0,0.0,0.0,0.0,0.0,0.0,0.0,0,0,0,,,,,,0.0,0.0,0.0,0.0,0
2026-10-16,5,10,13.64,True,,0,,0,0,0.0,0.0,0.0,0.0,0.0,0.0,0,0,0,,,,,,0.0,0.0,0.0,0.0,0
2026-10-17,6,10,13.7,True,,0,,0,0,0.0,0.0,0.0,0.0,0.0,0.0,0,0,0,,,,,,0.0,0.0,0.0,0.0,0
2026-10-18,7,10,13.76,True,,0,,0,0,0.0,0.0,0.0,0.0,0.0,0.0,0,0,0,,,,,,0.0,0.0,0.0,0.0,0
2026-10-19,1,10,13.82,True,,0,,0,0,0.0,0.0,0.0,0.0,0.0,0.0,0,0,0,,,,,,0.0,0.0,0.0,0.0,0
2026-10-20,2,10,13.88,True,,0,,0,0,0.0,0.0,0.0,0.0,0.0,0.0,0,0,0,,,,,,0.0,0.0,0.0,0.0,0
2026-10-21,3,10,13.94,True,,0,,0,0,0.0,0.0,0.0,0.0,0.0,0.0,0,0,0,,,,,,0.0,0.0,0.0,0.0,0
2026-10-22,4,10,14.01,True,,0,,0,0,0.0,0.0,0.0,0.0,0.0,0.0,0,0,0,,,,,,0.0,0.0,0.0,0.0,0
2026-10-23,5,10,14.07,True,,0,,0,0,0.0,0.0,0.0,0.0,0.0,0.0,0,0,0,,,,,,0.0,0.0,0.0,0.0,0
2026-10-24,6,10,14.13,True,,0,,0,0,0.0,0.0,0.0,0.0,0.0,0.0,0,0,0,,,,,,0.0,0.0,0.0,0.0,0
2026-10-25,7,10,14.19,True,,0,,0,0,0.0,0.0,0.0,0.0,0.0,0.0,0,0,0,,,,,,0.0,0.0,0.0,0.0,0
2026-10-26,1,10,14.24,True,,0,,0,0,0.0,0.0,0.0,0.0,0.0,0.0,0,0,0,,,,,,0.0,0.0,0.0,0.0,0
2026-10-27,2,10,14.3,True,,0,,0,0,0.0,0.0,0.0,0.0,0.0,0.0,0,0,0,,,,,,0.0,0.0,0.0,0.0,0
2026-10-28,3,10,14.36,True,,0,,0,0,0.0,0.0,0.0,0.0,0.0,0.0,0,0,0,,,,,,0.0,0.0,0.0,0.0,0
2026-10-29,4,10,14.42,True,,0,,0,0,0.0,0.0,0.0,0.0,0.0,0.0,0,0,0,,,,,,0.0,0.0,0.0,0.0,0
2026-10-30,5,10,14.48,True,,0,,0,0,0.0,0.0,0.0,0.0,0.0,0.0,0,0,0,,,,,,0.0,0.0,0.0,0.0,0
2026-10-31,6,10,14.53,True,,0,,0,0,0.0,0.0,0.0,0.0,0.0,0.0,0,0,0,,,,,,0.0,0.0,0.0,0.0,0
2026-11-01,7,11,14.59,True,,0,,0,0,0.0,0.0,0.0,0.0,0.0,0.0,0,0,0,,,,,,0.0,0.0,0.0,0.0,0
2026-11-02,1,11,14.65,True,,0,,0,0,0.0,0.0,0.0,0.0,0.0,0.0,0,0,0,,,,,,0.0,0.0,0.0,0.0,0
2026-11-03,2,11,14.7,True,,0,,0,0,0.0,0.0,0.0,0.0,0.0,0.0,0,0,0,,,,,,0.0,0.0,0.0,0.0,0
2026-11-04,3,11,14.76,True,,0,День єдності,2,0,0.0,0.0,0.0,0.0,0.0,0.0,0,0,0,,,,,,0.0,0.0,0.0,0.0,0
2026-11-05,4,11,14.81,True,,0,,0,0,0.0,0.0,0.0,0.0,0.0,0.0,0,0,0,,,,,,0.0,0.0,0.0,0.0,0
2026-11-06,5,11,14.86,True,,0,,0,0,0.0,0.0,0.0,0.0,0.0,0.0,0,0,0,,,,,,0.0,0.0,0.0,0.0,0
2026-11-07,6,11,14.92,True,,0,,0,0,0.0,0.0,0.0,0.0,0.0,0.0,0,0,0,,,,,,0.0,0.0,0.0,0.0,0
2026-11-08,7,11,14.97,True,,0,,0,0,0.0,0.0,0.0,0.0,0.0,0.0,0,0,0,,,,,,0.0,0.0,0.0,0.0,0
2026-11-09,1,11,15.02,True,,0,,0,0,0.0,0.0,0.0,0.0,0.0,0.0,0,0,0,,,,,,0.0,0.0,0.0,0.0,0
2026-11-10,2,11,15.07,True,,0,,0,0,0.0,0.0,0.0,0.0,0.0,0.0,0,0,0,,,,,,0.0,0.0,0.0,0.0,0
2026-11-11,3,11,15.12,True,,0,,0,0,0.0,0.0,0.0,0.0,0.0,0.0,0,0,0,,,,,,0.0,0.0,0.0,0.0,0
2026-11-12,4,11,15.17,True,,0,,0,0,0.0,0.0,0.0,0.0,0.0,0.0,0,0,0,,,,,,0.0,0.0,0.0,0.0,0
2026-11-13,5,11,15.22,True,,0,,0,0,0.0,0.0,0.0,0.0,0.0,0.0,0,0,0,,,,,,0.0,0.0,0.0,0.0,0
2026-11-14,6,11,15.27,True,,0,,0,0,0.0,0.0,0.0,0.0,0.0,0.0,0,0,0,,,,,,0.0,0.0,0.0,0.0,0
2026-11-15,7,11,15.31,True,,0,,0,0,0.0,0.0,0.0,0.0,0.0,0.0,0,0,0,,,,,,0.0,0.0,0.0,0.0,0
2026-11-16,1,11,15.36,True,,0,,0,0,0.0,0.0,0.0,0.0,0.0,0.0,0,0,0,,,,,,0.0,0.0,0.0,0.0,0
2026-11-17,2,11,15.4,True,,0,,0,0,0.0,0.0,0.0,0.0,0.0,0.0,0,0,0,,,,,,0.0,0.0,0.0,0.0,0
2026-11-18,3,11,15.45,True,,0,,0,0,0.0,0.0,0.0,0.0,0.0,0.0,0,0,0,,,,,,0.0,0.0,0.0,0.0,0
2026-11-19,4,11,15.49,True,,0,,0,0,0.0,0.0,0.0,0.0,0.0,0.0,0,0,0,,,,,,0.0,0.0,0.0,0.0,0
2026-11-20,5,11,15.53,True,,0,,0,0,0.0,0.0,0.0,0.0,0.0,0.0,0,0,0,,,,,,0.0,0.0,0.0,0.0,0
2026-11-21,6,11,15.58,True,,0,,0,0,0.0,0.0,0.0,0.0,0.0,0.0,0,0,0,,,,,,0.0,0.0,0.0,0.0,0
2026-11-22,7,11,15.62,True,,0,,0,0,0.0,0.0,0.0,0.0,0.0,0.0,0,0,0,,,,,,0.0,0.0,0.0,0.0,0
2026-11-23,1,11,15.65,True,,0,,0,0,0.0,0.0,0.0,0.0,0.0,0.0,0,0,0,,,,,,0.0,0.0,0.0,0.0,0
2026-11-24,2,11,15.69,True,,0,,0,0,0.0,0.0,0.0,0.0,0.0,0.0,0,0,0,,,,,,0.0,0.0,0.0,0.0,0
2026-11-25,3,11,15.73,True,,0,,0,0,0.0,0.0,0.0,0.0,0.0,0.0,0,0,0,,,,,,0.0,0.0,0.0,0.0,0
2026-11-26,4,11,15.77,True,,0,,0,0,0.0,0.0,0.0,0.0,0.0,0.0,0,0,0,,,,,,0.0,0.0,0.0,0.0,0
2026-11-27,5,11,15.8,True,,0,,0,0,0.0,0.0,0.0,0.0,0.0,0.0,0,0,0,,,,,,0.0,0.0,0.0,0.0,0
2026-11-28,6,11,15.83,True,,0,,0,0,0.0,0.0,0.0,0.0,0.0,0.0,0,0,0,,,,,,0.0,0.0,0.0,0.0,0
2026-11-29,7,11,15.87,True,,0,,0,0,0.0,0.0,0.0,0.0,0.0,0.0,0,0,0,,,,,,0.0,0.0,0.0,0.0,0
2026-11-30,1,11,15.9,True,,0,,0,0,0.0,0.0,0.0,0.0,0.0,0.0,0,0,0,,,,,,0.0,0.0,0.0,0.0,0
2026-12-01,2,12,15.93,True,,0,,0,0,0.0,0.0,0.0,0.0,0.0,0.0,0,0,0,,,,,,0.0,0.0,0.0,0.0,0
2026-12-02,3,12,15.96,True,,0,,0,0,0.0,0.0,0.0,0.0,0.0,0.0,0,0,0,,,,,,0.0,0.0,0.0,0.0,0
2026-12-03,4,12,15.98,True,,0,,0,0,0.0,0.0,0.0,0.0,0.0,0.0,0,0,0,,,,,,0.0,0.0,0.0,0.0,0
2026-12-04,5,12,16.01,True,,0,,0,0,0.0,0.0,0.0,0.0,0.0,0.0,0,0,0,,,,,,0.0,0.0,0.0,0.0,0
2026-12-05,6,12,16.03,True,,0,,0,0,0.0,0.0,0.0,0.0,0.0,0.0,0,0,0,,,,,,0.0,0.0,0.0,0.0,0
2026-12-06,7,12,16.06,True,День Збройних Сил,2,,0,0,0.0,0.0,0.0,0.0,0.0,0.0,0,0,0,,,,,,0.0,0.0,0.0,0.0,0
2026-12-07,1,12,16.08,True,,0,,0,0,0.0,0.0,0.0,0.0,0.0,0.0,0,0,0,,,,,,0.0,0.0,0.0,0.0,0
2026-12-08,2,12,16.1,True,,0,,0,0,0.0,0.0,0.0,0.0,0.0,0.0,0,0,0,,,,,,0.0,0.0,0.0,0.0,0
2026-12-09,3,12,16.12,True,,0,,0,0,0.0,0.0,0.0,0.0,0.0,0.0,0,0,0,,,,,,0.0,0.0,0.0,0.0,0
2026-12-10,4,12,16.13,True,,0,,0,0,0.0,0.0,0.0,0.0,0.0,0.0,0,0,0,,,,,,0.0,0.0,0.0,0.0,0
2026-12-11,5,12,16.15,True,,0,,0,0,0.0,0.0,0.0,0.0,0.0,0.0,0,0,0,,,,,,0.0,0.0,0.0,0.0,0
2026-12-12,6,12,16.16,True,,0,День конституції рф,1,0,0.0,0.0,0.0,0.0,0.0,0.0,0,0,0,,,,,,0.0,0.0,0.0,0.0,0
2026-12-13,7,12,16.18,True,,0,,0,0,0.0,0.0,0.0,0.0,0.0,0.0,0,0,0,,,,,,0.0,0.0,0.0,0.0,0
2026-12-14,1,12,16.19,True,,0,,0,0,0.0,0.0,0.0,0.0,0.0,0.0,0,0,0,,,,,,0.0,0.0,0.0,0.0,0
2026-12-15,2,12,16.2,True,,0,,0,0,0.0,0.0,0.0,0.0,0.0,0.0,0,0,0,,,,,,0.0,0.0,0.0,0.0,0
2026-12-16,3,12,16.21,True,,0,,0,0,0.0,0.0,0.0,0.0,0.0,0.0,0,0,0,,,,,,0.0,0.0,0.0,0.0,0
2026-12-17,4,12,16.21,True,,0,,0,0,0.0,0.0,0.0,0.0,0.0,0.0,0,0,0,,,,,,0.0,0.0,0.0,0.0,0
2026-12-18,5,12,16.22,True,,0,,0,0,0.0,0.0,0.0,0.0,0.0,0.0,0,0,0,,,,,,0.0,0.0,0.0,0.0,0
2026-12-19,6,12,16.22,True,,0,,0,0,0.0,0.0,0.0,0.0,0.0,0.0,0,0,0,,,,,,0.0,0.0,0.0,0.0,0
2026-12-20,7,12,16.22,True,,0,,0,0,0.0,0.0,0.0,0.0,0.0,0.0,0,0,0,,,,,,0.0,0.0,0.0,0.0,0
2026-12-21,1,12,16.22,True,,0,,0,0,0.0,0.0,0.0,0.0,0.0,0.0,0,0,0,,,,,,0.0,0.0,0.0,0.0,0
2026-12-22,2,12,16.22,True,,0,,0,0,0.0,0.0,0.0,0.0,0.0,0.0,0,0,0,,,,,,0.0,0.0,0.0,0.0,0
2026-12-23,3,12,16.22,True,,0,,0,0,0.0,0.0,0.0,0.0,0.0,0.0,0,0,0,,,,,,0.0,0.0,0.0,0.0,0
2026-12-24,4,12,16.21,True,,0,,0,0,0.0,0.0,0.0,0.0,0.0,0.0,0,0,0,,,,,,0.0,0.0,0.0,0.0,0
2026-12-25,5,12,16.21,True,Різдво,3,,0,0,0.0,0.0,0.0,0.0,0.0,0.0,0,0,0,,,,,,0.0,0.0,0.0,0.0,0
2026-12-26,6,12,16.2,True,,0,,0,0,0.0,0.0,0.0,0.0,0.0,0.0,0,0,0,,,,,,0.0,0.0,0.0,0.0,0
2026-12-27,7,12,16.19,True,,0,,0,0,0.0,0.0,0.0,0.0,0.0,0.0,0,0,0,,,,,,0.0,0.0,0.0,0.0,0
2026-12-28,1,12,16.18,True,,0,,0,0,0.0,0.0,0.0,0.0,0.0,0.0,0,0,0,,,,,,0.0,0.0,0.0,0.0,0
2026-12-29,2,12,16.17,True,,0,,0,0,0.0,0.0,0.0,0.0,0.0,0.0,0,0,0,,,,,,0.0,0.0,0.0,0.0,0
2026-12-30,3,12,16.16,True,,0,,0,0,0.0,0.0,0.0,0.0,0.0,0.0,0,0,0,,,,,,0.0,0.0,0.0,0.0,0
2026-12-31,4,12,16.14,True,,0,,0,0,0.0,0.0,0.0,0.0,0.0,0.0,0,0,0,,,,,,0.0,0.0,0.0,0.0,0
2027-01-01,5,1,16.12,True,Новий рік,3,Новий рік,2,0,0.0,0.0,0.0,0.0,0.0,0.0,0,0,0,,,,,,0.0,0.0,0.0,0.0,0
2027-01-02,6,1,16.11,True,,0,,0,0,0.0,0.0,0.0,0.0,0.0,0.0,0,0,0,,,,,,0.0,0.0,0.0,0.0,0
2027-01-03,7,1,16.09,True,,0,,0,0,0.0,0.0,0.0,0.0,0.0,0.0,0,0,0,,,,,,0.0,0.0,0.0,0.0,0
2027-01-04,1,1,16.07,True,,0,,0,0,0.0,0.0,0.0,0.0,0.0,0.0,0,0,0,,,,,,0.0,0.0,0.0,0.0,0
2027-01-05,2,1,16.04,True,,0,,0,0,0.0,0.0,0.0,0.0,0.0,0.0,0,0,0,,,,,,0.0,0.0,0.0,0.0,0
2027-01-06,3,1,16.02,True,,0,,0,0,0.0,0.0,0.0,0.0,0.0,0.0,0,0,0,,,,,,0.0,0.0,0.0,0.0,0
2027-01-07,4,1,16.0,True,,0,Різдво (РПЦ),2,0,0.0,0.0,0.0,0.0,0.0,0.0,0,0,0,,,,,,0.0,0.0,0.0,0.0,0
2027-01-08,5,1,15.97,True,,0,,0,0,0.0,0.0,0.0,0.0,0.0,0.0,0,0,0,,,,,,0.0,0.0,0.0,0.0,0
2027-01-09,6,1,15.94,True,,0,,0,0,0.0,0.0,0.0,0.0,0.0,0.0,0,0,0,,,,,,0.0,0.0,0.0,0.0,0
2027-01-10,7,1,15.91,True,,0,,0,0,0.0,0.0,0.0,0.0,0.0,0.0,0,0,0,,,,,,0.0,0.0,0.0,0.0,0
2027-01-11,1,1,15.88,True,,0,,0,0,0.0,0.0,0.0,0.0,0.0,0.0,0,0,0,,,,,,0.0,0.0,0.0,0.0,0
2027-01-12,2,1,15.85,True,,0,,0,0,0.0,0.0,0.0,0.0,0.0,0.0,0,0,0,,,,,,0.0,0.0,0.0,0.0,0
2027-01-13,3,1,15.82,True,,0,,0,0,0.0,0.0,0.0,0.0,0.0,0.0,0,0,0,,,,,,0.0,0.0,0.0,0.0,0
2027-01-14,4,1,15.78,True,,0,,0,0,0.0,0.0,0.0,0.0,0.0,0.0,0,0,0,,,,,,0.0,0.0,0.0,0.0,0
2027-01-15,5,1,15.75,True,,0,,0,0,0.0,0.0,0.0,0.0,0.0,0.0,0,0,0,,,,,,0.0,0.0,0.0,0.0,0
2027-01-16,6,1,15.71,True,,0,,0,0,0.0,0.0,0.0,0.0,0.0,0.0,0,0,0,,,,,,0.0,0.0,0.0,0.0,0
2027-01-17,7,1,15.67,True,,0,,0,0,0.0,0.0,0.0,0.0,0.0,0.0,0,0,0,,,,,,0.0,0.0,0.0,0.0,0
2027-01-18,1,1,15.64,True,,0,,0,0,0.0,0.0,0.0,0.0,0.0,0.0,0,0,0,,,,,,0.0,0.0,0.0,0.0,0
2027-01-19,2,1,15.6,True,,0,,0,0,0.0,0.0,0.0,0.0,0.0,0.0,0,0,0,,,,,,0.0,0.0,0.0,0.0,0
2027-01-20,3,1,15.56,True,,0,,0,0,0.0,0.0,0.0,0.0,0.0,0.0,0,0,0,,,,,,0.0,0.0,0.0,0.0,0
2027-01-21,4,1,15.51,True,,0,,0,0,0.0,0.0,0.0,0.0,0.0,0.0,0,0,0,,,,,,0.0,0.0,0.0,0.0,0
2027-01-22,5,1,15.47,True,День Соборності,2,,0,0,0.0,0.0,0.0,0.0,0.0,0.0,0,0,0,,,,,,0.0,0.0,0.0,0.0,0
2027-01-23,6,1,15.43,True,,0,,0,0,0.0,0.0,0.0,0.0,0.0,0.0,0,0,0,,,,,,0.0,0.0,0.0,0.0,0
2027-01-24,7,1,15.38,True,,0,,0,0,0.0,0.0,0.0,0.0,0.0,0.0,0,0,0,,,,,,0.0,0.0,0.0,0.0,0
2027-01-25,1,1,15.34,True,,0,,0,0,0.0,0.0,0.0,0.0,0.0,0.0,0,0,0,,,,,,0.0,0.0,0.0,0.0,0
2027-01-26,2,1,15.29,True,,0,,0,0,0.0,0.0,0.0,0.0,0.0,0.0,0,0,0,,,,,,0.0,0.0,0.0,0.0,0
2027-01-27,3,1,15.24,True,,0,,0,0,0.0,0.0,0.0,0.0,0.0,0.0,0,0,0,,,,,,0.0,0.0,0.0,0.0,0
2027-01-28,4,1,15.19,True,,0,,0,0,0.0,0.0,0.0,0.0,0.0,0.0,0,0,0,,,,,,0.0,0.0,0.0,0.0,0
2027-01-29,5,1,15.15,True,,0,,0,0,0.0,0.0,0.0,0.0,0.0,0.0,0,0,0,,,,,,0.0,0.0,0.0,0.0,0
2027-01-30,6,1,15.1,True,,0,,0,0,0.0,0.0,0.0,0.0,0.0,0.0,0,0,0,,,,,,0.0,0.0,0.0,0.0,0
2027-01-31,7,1,15.05,True,,0,,0,0,0.0,0.0,0.0,0.0,0.0,0.0,0,0,0,,,,,,0.0,0.0,0.0,0.0,0
2027-02-01,1,2,14.99,True,,0,,0,0,0.0,0.0,0.0,0.0,0.0,0.0,0,0,0,,,,,,0.0,0.0,0.0,0.0,0
2027-02-02,2,2,14.94,True,,0,,0,0,0.0,0.0,0.0,0.0,0.0,0.0,0,0,0,,,,,,0.0,0.0,0.0,0.0,0
2027-02-03,3,2,14.89,True,,0,,0,0,0.0,0.0,0.0,0.0,0.0,0.0,0,0,0,,,,,,0.0,0.0,0.0,0.0,0
2027-02-04,4,2,14.84,True,,0,,0,0,0.0,0.0,0.0,0.0,0.0,0.0,0,0,0,,,,,,0.0,0.0,0.0,0.0,0
2027-02-05,5,2,14.78,True,,0,,0,0,0.0,0.0,0.0,0.0,0.0,0.0,0,0,0,,,,,,0.0,0.0,0.0,0.0,0
2027-02-06,6,2,14.73,True,,0,,0,0,0.0,0.0,0.0,0.0,0.0,0.0,0,0,0,,,,,,0.0,0.0,0.0,0.0,0
2027-02-07,7,2,14.67,True,,0,,0,0,0.0,0.0,0.0,0.0,0.0,0.0,0,0,0,,,,,,0.0,0.0,0.0,0.0,0
2027-02-08,1,2,14.62,True,,0,,0,0,0.0,0.0,0.0,0.0,0.0,0.0,0,0,0,,,,,,0.0,0.0,0.0,0.0,0
2027-02-09,2,2,14.56,True,,0,,0,0,0.0,0.0,0.0,0.0,0.0,0.0,0,0,0,,,,,,0.0,0.0,0.0,0.0,0
2027-02-10,3,2,14.51,True,,0,,0,0,0.0,0.0,0.0,0.0,0.0,0.0,0,0,0,,,,,,0.0,0.0,0.0,0.0,0
2027-02-11,4,2,14.45,True,,0,,0,0,0.0,0.0,0.0,0.0,0.0,0.0,0,0,0,,,,,,0.0,0.0,0.0,0.0,0
2027-02-12,5,2,14.39,True,,0,,0,0,0.0,0.0,0.0,0.0,0.0,0.0,0,0,0,,,,,,0.0,0.0,0.0,0.0,0
2027-02-13,6,2,14.33,True,,0,,0,0,0.0,0.0,0.0,0.0,0.0,0.0,0,0,0,,,,,,0.0,0.0,0.0,0.0,0
2027-02-14,7,2,14.27,True,,0,,0,0,0.0,0.0,0.0,0.0,0.0,0.0,0,0,0,,,,,,0.0,0.0,0.0,0.0,0
2027-02-15,1,2,14.21,True,,0,,0,0,0.0,0.0,0.0,0.0,0.0,0.0,0,0,0,,,,,,0.0,0.0,0.0,0.0,0
2027-02-16,2,2,14.16,True,,0,,0,0,0.0,0.0,0.0,0.0,0.0,0.0,0,0,0,,,,,,0.0,0.0,0.0,0.0,0
2027-02-17,3,2,14.1,True,,0,,0,0,0.0,0.0,0.0,0.0,0.0,0.0,0,0,0,,,,,,0.0,0.0,0.0,0.0,0
2027-02-18,4,2,14.04,True,,0,,0,0,0.0,0.0,0.0,0.0,0.0,0.0,0,0,0,,,,,,0.0,0.0,0.0,0.0,0
2027-02-19,5,2,13.98,True,,0,,0,0,0.0,0.0,0.0,0.0,0.0,0.0,0,0,0,,,,,,0.0,0.0,0.0,0.0,0
2027-02-20,6,2,13.91,True,,0,,0,0,0.0,0.0,0.0,0.0,0.0,0.0,0,0,0,,,,,,0.0,0.0,0.0,0.0,0
2027-02-21,7,2,13.85,True,,0,,0,0,0.0,0.0,0.0,0.0,0.0,0.0,0,0,0,,,,,,0.0,0.0,0.0,0.0,0
2027-02-22,1,2,13.79,True,,0,,0,0,0.0,0.0,0.0,0.0,0.0,0.0,0,0,0,,,,,,0.0,0.0,0.0,0.0,0
2027-02-23,2,2,13.73,True,,0,День захисника вітчизни,3,0,0.0,0.0,0.0,0.0,0.0,0.0,0,0,0,,,,,,0.0,0.0,0.0,0.0,0
2027-02-24,3,2,13.67,True,Річниця вторгнення,3,,0,0,0.0,0.0,0.0,0.0,0.0,0.0,0,0,0,,,,,,0.0,0.0,0.0,0.0,0
2027-02-25,4,2,13.61,True,,0,,0,0,0.0,0.0,0.0,0.0,0.0,0.0,0,0,0,,,,,,0.0,0.0,0.0,0.0,0
2027-02-26,5,2,13.54,True,,0,,0,0,0.0,0.0,0.0,0.0,0.0,0.0,0,0,0,,,,,,0.0,0.0,0.0,0.0,0
2027-02-27,6,2,13.48,True,,0,,0,0,0.0,0.0,0.0,0.0,0.0,0.0,0,0,0,,,,,,0.0,0.0,0.0,0.0,0
2027-02-28,7,2,13.42,True,,0,,0,0,0.0,0.0,0.0,0.0,0.0,0.0,0,0,0,,,,,,0.0,0.0,0.0,0.0,0
2027-03-01,1,3,13.36,True,,0,,0,0,0.0,0.0,0.0,0.0,0.0,0.0,0,0,0,,,,,,0.0,0.0,0.0,0.0,0
2027-03-02,2,3,13.29,True,,0,,0,0,0.0,0.0,0.0,0.0,0.0,0.0,0,0,0,,,,,,0.0,0.0,0.0,0.0,0
2027-03-03,3,3,13.23,True,,0,,0,0,0.0,0.0,0.0,0.0,0.0,0.0,0,0,0,,,,,,0.0,0.0,0.0,0.0,0
2027-03-04,4,3,13.16,True,,0,,0,0,0.0,0.0,0.0,0.0,0.0,0.0,0,0,0,,,,,,0.0,0.0,0.0,0.0,0
2027-03-05,5,3,13.1,True,,0,,0,0,0.0,0.0,0.0,0.0,0.0,0.0,0,0,0,,,,,,0.0,0.0,0.0,0.0,0
2027-03-06,6,3,13.04,True,,0,,0,0,0.0,0.0,0.0,0.0,0.0,0.0,0,0,0,,,,,,0.0,0.0,0.0,0.0,0
2027-03-07,7,3,12.97,True,,0,,0,0,0.0,0.0,0.0,0.0,0.0,0.0,0,0,0,,,,,,0.0,0.0,0.0,0.0,0
2027-03-08,1,3,12.91,True,8 березня,1,8 березня,1,0,0.0,0.0,0.0,0.0,0.0,0.0,0,0,0,,,,,,0.0,0.0,0.0,0.0,0
2027-03-09,2,3,12.84,True,,0,,0,0,0.0,0.0,0.0,0.0,0.0,0.0,0,0,0,,,,,,0.0,0.0,0.0,0.0,0
2027-03-10,3,3,12.78,True,,0,,0,0,0.0,0.0,0.0,0.0,0.0,0.0,0,0,0,,,,,,0.0,0.0,0.0,0.0,0
2027-03-11,4,3,12.71,True,,0,,0,0,0.0,0.0,0.0,0.0,0.0,0.0,0,0,0,,,,,,0.0,0.0,0.0,0.0,0
2027-03-12,5,3,12.65,True,,0,,0,0,0.0,0.0,0.0,0.0,0.0,0.0,0,0,0,,,,,,0.0,0.0,0.0,0.0,0
2027-03-13,6,3,12.59,True,,0,,0,0,0.0,0.0,0.0,0.0,0.0,0.0,0,0,0,,,,,,0.0,0.0,0.0,0.0,0
2027-03-14,7,3,12.52,True,,0,,0,0,0.0,0.0,0.0,0.0,0.0,0.0,0,0,0,,,,,,0.0,0.0,0.0,0.0,0
2027-03-15,1,3,12.46,True,,0,,0,0,0.0,0.0,0.0,0.0,0.0,0.0,0,0,0,,,,,,0.0,0.0,0.0,0.0,0
2027-03-16,2,3,12.39,True,,0,,0,0,0.0,0.0,0.0,0.0,0.0,0.0,0,0,0,,,,,,0.0,0.0,0.0,0.0,0
2027-03-17,3,3,12.33,True,,0,,0,0,0.0,0.0,0.0,0.0,0.0,0.0,0,0,0,,,,,,0.0,0.0,0.0,0.0,0
2027-03-18,4,3,12.26,True,,0,,0,0,0.0,0.0,0.0,0.0,0.0,0.0,0,0,0,,,,,,0.0,0.0,0.0,0.0,0
2027-03-19,5,3,12.2,True,,0,,0,0,0.0,0.0,0.0,0.0,0.0,0.0,0,0,0,,,,,,0.0,0.0,0.0,0.0,0
2027-03-20,6,3,12.13,True,,0,,0,0,0.0,0.0,0.0,0.0,0.0,0.0,0,0,0,,,,,,0.0,0.0,0.0,0.0,0
2027-03-21,7,3,12.07,True,,0,,0,0,0.0,0.0,0.0,0.0,0.0,0.0,0,0,0,,,,,,0.0,0.0,0.0,0.0,0
2027-03-22,1,3,12.0,True,,0,,0,0,0.0,0.0,0.0,0.0,0.0,0.0,0,0,0,,,,,,0.0,0.0,0.0,0.0,0
2027-03-23,2,3,11.93,True,,0,,0,0,0.0,0.0,0.0,0.0,0.0,0.0,0,0,0,,,,,,0.0,0.0,0.0,0.0,0
2027-03-24,3,3,11.87,True,,0,,0,0,0.0,0.0,0.0,0.0,0.0,0.0,0,0,0,,,,,,0.0,0.0,0.0,0.0,0
2027-03-25,4,3,11.8,True,,0,,0,0,0.0,0.0,0.0,0.0,0.0,0.0,0,0,0,,,,,,0.0,0.0,0.0,0.0,0
2027-03-26,5,3,11.74,True,,0,,0,0,0.0,0.0,0.0,0.0,0.0,0.0,0,0,0,,,,,,0.0,0.0,0.0,0.0,0
2027-03-27,6,3,11.67,True,,0,,0,0,0.0,0.0,0.0,0.0,0.0,0.0,0,0,0,,,,,,0.0,0.0,0.0,0.0,0
2027-03-28,7,3,11.61,True,,0,,0,0,0.0,0.0,0.0,0.0,0.0,0.0,0,0,0,,,,,,0.0,0.0,0.0,0.0,0
2027-03-29,1,3,11.54,True,,0,,0,0,0.0,0.0,0.0,0.0,0.0,0.0,0,0,0,,,,,,0.0,0.0,0.0,0.0,0
2027-03-30,2,3,11.48,True,,0,,0,0,0.0,0.0,0.0,0.0,0.0,0.0,0,0,0,,,,,,0.0,0.0,0.0,0.0,0
2027-03-31,3,3,11.41,True,,0,,0,0,0.0,0.0,0.0,0.0,0.0,0.0,0,0,0,,,,,,0.0,0.0,0.0,0.0,0
2027-04-01,4,4,11.35,True,,0,,0,0,0.0,0.0,0.0,0.0,0.0,0.0,0,0,0,,,,,,0.0,0.0,0.0,0.0,0
2027-04-02,5,4,11.29,True,,0,,0,0,0.0,0.0,0.0,0.0,0.0,0.0,0,0,0,,,,,,0.0,0.0,0.0,0.0,0
2027-04-03,6,4,11.22,True,,0,,0,0,0.0,0.0,0.0,0.0,0.0,0.0,0,0,0,,,,,,0.0,0.0,0.0,0.0,0
2027-04-04,7,4,11.16,True,,0,,0,0,0.0,0.0,0.0,0.0,0.0,0.0,0,0,0,,,,,,0.0,0.0,0.0,0.0,0
2027-04-05,1,4,11.09,True,,0,,0,0,0.0,0.0,0.0,0.0,0.0,0.0,0,0,0,,,,,,0.0,0.0,0.0,0.0,0
2027-04-06,2,4,11.03,True,,0,,0,0,0.0,0.0,0.0,0.0,0.0,0.0,0,0,0,,,,,,0.0,0.0,0.0,0.0,0
2027-04-07,3,4,10.96,True,,0,,0,0,0.0,0.0,0.0,0.0,0.0,0.0,0,0,0,,,,,,0.0,0.0,0.0,0.0,0
2027-04-08,4,4,10.9,True,,0,,0,0,0.0,0.0,0.0,0.0,0.0,0.0,0,0,0,,,,,,0.0,0.0,0.0,0.0,0
2027-04-09,5,4,10.84,True,,0,,0,0,0.0,0.0,0.0,0.0,0.0,0.0,0,0,0,,,,,,0.0,0.0,0.0,0.0,0
2027-04-10,6,4,10.77,True,,0,,0,0,0.0,0.0,0.0,0.0,0.0,0.0,0,0,0,,,,,,0.0,0.0,0.0,0.0,0
2027-04-11,7,4,10.71,True,,0,,0,0,0.0,0.0,0.0,0.0,0.0,0.0,0,0,0,,,,,,0.0,0.0,0.0,0.0,0
2027-04-12,1,4,10.64,True,,0,День космонавтики,1,0,0.0,0.0,0.0,0.0,0.0,0.0,0,0,0,,,,,,0.0,0.0,0.0,0.0,0
2027-04-13,2,4,10.58,True,,0,,0,0,0.0,0.0,0.0,0.0,0.0,0.0,0,0,0,,,,,,0.0,0.0,0.0,0.0,0
2027-04-14,3,4,10.52,True,,0,,0,0,0.0,0.0,0.0,0.0,0.0,0.0,0,0,0,,,,,,0.0,0.0,0.0,0.0,0
2027-04-15,4,4,10.46,True,,0,,0,0,0.0,0.0,0.0,0.0,0.0,0.0,0,0,0,,,,,,0.0,0.0,0.0,0.0,0
2027-04-16,5,4,10.39,False,,0,,0,0,0.0,0.0,0.0,0.0,0.0,0.0,0,0,0,,,,,,0.0,0.0,0.0,0.0,0
2027-04-17,6,4,10.33,False,,0,,0,0,0.0,0.0,0.0,0.0,0.0,0.0,0,0,0,,,,,,0.0,0.0,0.0,0.0,0
2027-04-18,7,4,10.27,False,,0,,0,0,0.0,0.0,0.0,0.0,0.0,0.0,0,0,0,,,,,,0.0,0.0,0.0,0.0,0
2027-04-19,1,4,10.21,False,,0,,0,0,0.0,0.0,0.0,0.0,0.0,0.0,0,0,0,,,,,,0.0,0.0,0.0,0.0,0
2027-04-20,2,4,10.15,False,,0,,0,0,0.0,0.0,0.0,0.0,0.0,0.0,0,0,0,,,,,,0.0,0.0,0.0,0.0,0
2027-04-21,3,4,10.09,False,,0,,0,0,0.0,0.0,0.0,0.0,0.0,0.0,0,0,0,,,,,,0.0,0.0,0.0,0.0,0
2027-04-22,4,4,10.02,False,,0,,0,0,0.0,0.0,0.0,0.0,0.0,0.0,0,0,0,,,,,,0.0,0.0,0.0,0.0,0
2027-04-23,5,4,9.96,False,,0,,0,0,0.0,0.0,0.0,0.0,0.0,0.0,0,0,0,,,,,,0.0,0.0,0.0,0.0,0
2027-04-24,6,4,9.9,False,,0,,0,0,0.0,0.0,0.0,0.0,0.0,0.0,0,0,0,,,,,,0.0,0.0,0.0,0.0,0
2027-04-25,7,4,9.84,False,,0,,0,0,0.0,0.0,0.0,0.0,0.0,0.0,0,0,0,,,,,,0.0,0.0,0.0,0.0,0
2027-04-26,1,4,9.79,False,,0,,0,0,0.0,0.0,0.0,0.0,0.0,0.0,0,0,0,,,,,,0.0,0.0,0.0,0.0,0
2027-04-27,2,4,9.73,False,,0,,0,0,0.0,0.0,0.0,0.0,0.0,0.0,0,0,0,,,,,,0.0,0.0,0.0,0.0,0
2027-04-28,3,4,9.67,False,,0,,0,0,0.0,0.0,0.0,0.0,0.0,0.0,0,0,0,,,,,,0.0,0.0,0.0,0.0,0
2027-04-29,4,4,9.61,False,,0,,0,0,0.0,0.0,0.0,0.0,0.0,0.0,0,0,0,,,,,,0.0,0.0,0.0,0.0,0
2027-04-30,5,4,9.55,False,,0,,0,0,0.0,0.0,0.0,0.0,0.0,0.0,0,0,0,,,,,,0.0,0.0,0.0,0.0,0
2027-05-01,6,5,9.49,False,,0,1 травня,1,0,0.0,0.0,0.0,0.0,0.0,0.0,0,0,0,,,,,,0.0,0.0,0.0,0.0,0
2027-05-02,7,5,9.44,False,Великдень,3,Пасха (РПЦ),2,0,0.0,0.0,0.0,0.0,0.0,0.0,0,0,0,,,,,,0.0,0.0,0.0,0.0,0
2027-05-03,1,5,9.38,False,,0,,0,0,0.0,0.0,0.0,0.0,0.0,0.0,0,0,0,,,,,,0.0,0.0,0.0,0.0,0
2027-05-04,2,5,9.33,False,,0,,0,0,0.0,0.0,0.0,0.0,0.0,0.0,0,0,0,,,,,,0.0,0.0,0.0,0.0,0
2027-05-05,3,5,9.27,False,,0,,0,0,0.0,0.0,0.0,0.0,0.0,0.0,0,0,0,,,,,,0.0,0.0,0.0,0.0,0
2027-05-06,4,5,9.22,False,,0,,0,0,0.0,0.0,0.0,0.0,0.0,0.0,0,0,0,,,,,,0.0,0.0,0.0,0.0,0
2027-05-07,5,5,9.16,False,,0,,0,0,0.0,0.0,0.0,0.0,0.0,0.0,0,0,0,,,,,,0.0,0.0,0.0,0.0,0
2027-05-08,6,5,9.11,False,День памʼяті та перемоги,2,,0,0,0.0,0.0,0.0,0.0,0.0,0.0,0,0,0,,,,,,0.0,0.0,0.0,0.0,0
2027-05-09,7,5,9.06,False,,0,День перемоги,3,0,0.0,0.0,0.0,0.0,0.0,0.0,0,0,0,,,,,,0.0,0.0,0.0,0.0,0
2027-05-10,1,5,9.01,False,,0,,0,0,0.0,0.0,0.0,0.0,0.0,0.0,0,0,0,,,,,,0.0,0.0,0.0,0.0,0
2027-05-11,2,5,8.95,False,,0,,0,0,0.0,0.0,0.0,0.0,0.0,0.0,0,0,0,,,,,,0.0,0.0,0.0,0.0,0
2027-05-12,3,5,8.9,False,,0,,0,0,0.0,0.0,0.0,0.0,0.0,0.0,0,0,0,,,,,,0.0,0.0,0.0,0.0,0
2027-05-13,4,5,8.85,False,,0,,0,0,0.0,0.0,0.0,0.0,0.0,0.0,0,0,0,,,,,,0.0,0.0,0.0,0.0,0
2027-05-14,5,5,8.81,False,,0,,0,0,0.0,0.0,0.0,0.0,0.0,0.0,0,0,0,,,,,,0.0,0.0,0.0,0.0,0
2027-05-15,6,5,8.76,False,,0,,0,0,0.0,0.0,0.0,0.0,0.0,0.0,0,0,0,,,,,,0.0,0.0,0.0,0.0,0
2027-05-16,7,5,8.71,False,,0,,0,0,0.0,0.0,0.0,0.0,0.0,0.0,0,0,0,,,,,,0.0,0.0,0.0,0.0,0
2027-05-17,1,5,8.66,False,,0,,0,0,0.0,0.0,0.0,0.0,0.0,0.0,0,0,0,,,,,,0.0,0.0,0.0,0.0,0
2027-05-18,2,5,8.62,False,,0,,0,0,0.0,0.0,0.0,0.0,0.0,0.0,0,0,0,,,,,,0.0,0.0,0.0,0.0,0
2027-05-19,3,5,8.57,False,,0,,0,0,0.0,0.0,0.0,0.0,0.0,0.0,0,0,0,,,,,,0.0,0.0,0.0,0.0,0
2027-05-20,4,5,8.53,False,,0,,0,0,0.0,0.0,0.0,0.0,0.0,0.0,0,0,0,,,,,,0.0,0.0,0.0,0.0,0
2027-05-21,5,5,8.49,False,,0,,0,0,0.0,0.0,0.0,0.0,0.0,0.0,0,0,0,,,,,,0.0,0.0,0.0,0.0,0
2027-05-22,6,5,8.44,False,,0,,0,0,0.0,0.0,0.0,0.0,0.0,0.0,0,0,0,,,,,,0.0,0.0,0.0,0.0,0
2027-05-23,7,5,8.4,False,,0,,0,0,0.0,0.0,0.0,0.0,0.0,0.0,0,0,0,,,,,,0.0,0.0,0.0,0.0,0
2027-05-24,1,5,8.36,False,,0,,0,0,0.0,0.0,0.0,0.0,0.0,0.0,0,0,0,,,,,,0.0,0.0,0.0,0.0,0
2027-05-25,2,5,8.33,False,,0,,0,0,0.0,0.0,0.0,0.0,0.0,0.0,0,0,0,,,,,,0.0,0.0,0.0,0.0,0
2027-05-26,3,5,8.29,False,,0,,0,0,0.0,0.0,0.0,0.0,0.0,0.0,0,0,0,,,,,,0.0,0.0,0.0,0.0,0
2027-05-27,4,5,8.25,False,,0,,0,0,0.0,0.0,0.0,0.0,0.0,0.0,0,0,0,,,,,,0.0,0.0,0.0,0.0,0
2027-05-28,5,5,8.22,False,,0,,0,0,0.0,0.0,0.0,0.0,0.0,0.0,0,0,0,,,,,,0.0,0.0,0.0,0.0,0
2027-05-29,6,5,8.18,False,,0,,0,0,0.0,0.0,0.0,0.0,0.0,0.0,0,0,0,,,,,,0.0,0.0,0.0,0.0,0
2027-05-30,7,5,8.15,False,,0,,0,0,0.0,0.0,0.0,0.0,0.0,0.0,0,0,0,,,,,,0.0,0.0,0.0,0.0,0
2027-05-31,1,5,8.12,False,,0,,0,0,0.0,0.0,0.0,0.0,0.0,0.0,0,0,0,,,,,,0.0,0.0,0.0,0.0,0
2027-06-01,2,6,8.09,False,,0,,0,0,0.0,0.0,0.0,0.0,0.0,0.0,0,0,0,,,,,,0.0,0.0,0.0,0.0,0
2027-06-02,3,6,8.06,False,,0,,0,0,0.0,0.0,0.0,0.0,0.0,0.0,0,0,0,,,,,,0.0,0.0,0.0,0.0,0
2027-06-03,4,6,8.03,False,,0,,0,0,0.0,0.0,0.0,0.0,0.0,0.0,0,0,0,,,,,,0.0,0.0,0.0,0.0,0
2027-06-04,5,6,8.0,False,,0,,0,0,0.0,0.0,0.0,0.0,0.0,0.0,0,0,0,,,,,,0.0,0.0,0.0,0.0,0
2027-06-05,6,6,7.98,False,,0,,0,0,0.0,0.0,0.0,0.0,0.0,0.0,0,0,0,,,,,,0.0,0.0,0.0,0.0,0
2027-06-06,7,6,7.96,False,,0,,0,0,0.0,0.0,0.0,0.0,0.0,0.0,0,0,0,,,,,,0.0,0.0,0.0,0.0,0
2027-06-07,1,6,7.93,False,,0,,0,0,0.0,0.0,0.0,0.0,0.0,0.0,0,0,0,,,,,,0.0,0.0,0.0,0.0,0
2027-06-08,2,6,7.91,False,,0,,0,0,0.0,0.0,0.0,0.0,0.0,0.0,0,0,0,,,,,,0.0,0.0,0.0,0.0,0
2027-06-09,3,6,7.89,False,,0,,0,0,0.0,0.0,0.0,0.0,0.0,0.0,0,0,0,,,,,,0.0,0.0,0.0,0.0,0
2027-06-10,4,6,7.88,False,,0,,0,0,0.0,0.0,0.0,0.0,0.0,0.0,0,0,0,,,,,,0.0,0.0,0.0,0.0,0
2027-06-11,5,6,7.86,False,,0,,0,0,0.0,0.0,0.0,0.0,0.0,0.0,0,0,0,,,,,,0.0,0.0,0.0,0.0,0
2027-06-12,6,6,7.84,False,,0,День росії,2,0,0.0,0.0,0.0,0.0,0.0,0.0,0,0,0,,,,,,0.0,0.0,0.0,0.0,0
2027-06-13,7,6,7.83,False,,0,,0,0,0.0,0.0,0.0,0.0,0.0,0.0,0,0,0,,,,,,0.0,0.0,0.0,0.0,0
2027-06-14,1,6,7.82,False,,0,,0,0,0.0,0.0,0.0,0.0,0.0,0.0,0,0,0,,,,,,0.0,0.0,0.0,0.0,0
2027-06-15,2,6,7.81,False,,0,,0,0,0.0,0.0,0.0,0.0,0.0,0.0,0,0,0,,,,,,0.0,0.0,0.0,0.0,0
2027-06-16,3,6,7.8,False,,0,,0,0,0.0,0.0,0.0,0.0,0.0,0.0,0,0,0,,,,,,0.0,0.0,0.0,0.0,0
2027-06-17,4,6,7.79,False,,0,,0,0,0.0,0.0,0.0,0.0,0.0,0.0,0,0,0,,,,,,0.0,0.0,0.0,0.0,0
2027-06-18,5,6,7.79,False,,0,,0,0,0.0,0.0,0.0,0.0,0.0,0.0,0,0,0,,,,,,0.0,0.0,0.0,0.0,0
2027-06-19,6,6,7.78,False,,0,,0,0,0.0,0.0,0.0,0.0,0.0,0.0,0,0,0,,,,,,0.0,0.0,0.0,0.0,0
2027-06-20,7,6,7.78,False,Трійця,1,,0,0,0.0,0.0,0.0,0.0,0.0,0.0,0,0,0,,,,,,0.0,0.0,0.0,0.0,0
2027-06-21,1,6,7.78,False,,0,,0,0,0.0,0.0,0.0,0.0,0.0,0.0,0,0,0,,,,,,0.0,0.0,0.0,0.0,0
2027-06-22,2,6,7.78,False,,0,,0,0,0.0,0.0,0.0,0.0,0.0,0.0,0,0,0,,,,,,0.0,0.0,0.0,0.0,0
2027-06-23,3,6,7.78,False,,0,,0,0,0.0,0.0,0.0,0.0,0.0,0.0,0,0,0,,,,,,0.0,0.0,0.0,0.0,0
2027-06-24,4,6,7.78,False,,0,,0,0,0.0,0.0,0.0,0.0,0.0,0.0,0,0,0,,,,,,0.0,0.0,0.0,0.0,0
2027-06-25,5,6,7.79,False,,0,,0,0,0.0,0.0,0.0,0.0,0.0,0.0,0,0,0,,,,,,0.0,0.0,0.0,0.0,0
2027-06-26,6,6,7.79,False,,0,,0,0,0.0,0.0,0.0,0.0,0.0,0.0,0,0,0,,,,,,0.0,0.0,0.0,0.0,0
2027-06-27,7,6,7.8,False,,0,,0,0,0.0,0.0,0.0,0.0,0.0,0.0,0,0,0,,,,,,0.0,0.0,0.0,0.0,0
2027-06-28,1,6,7.81,False,День Конституції,2,,0,0,0.0,0.0,0.0,0.0,0.0,0.0,0,0,0,,,,,,0.0,0.0,0.0,0.0,0
2027-06-29,2,6,7.82,False,,0,,0,0,0.0,0.0,0.0,0.0,0.0,0.0,0,0,0,,,,,,0.0,0.0,0.0,0.0,0
2027-06-30,3,6,7.84,False,,0,,0,0,0.0,0.0,0.0,0.0,0.0,0.0,0,0,0,,,,,,0.0,0.0,0.0,0.0,0
2027-07-01,4,7,7.85,False,,0,,0,0,0.0,0.0,0.0,0.0,0.0,0.0,0,0,0,,,,,,0.0,0.0,0.0,0.0,0
2027-07-02,5,7,7.87,False,,0,,0,0,0.0,0.0,0.0,0.0,0.0,0.0,0,0,0,,,,,,0.0,0.0,0.0,0.0,0
2027-07-03,6,7,7.88,False,,0,,0,0,0.0,0.0,0.0,0.0,0.0,0.0,0,0,0,,,,,,0.0,0.0,0.0,0.0,0
2027-07-04,7,7,7.9,False,,0,,0,0,0.0,0.0,0.0,0.0,0.0,0.0,0,0,0,,,,,,0.0,0.0,0.0,0.0,0
2027-07-05,1,7,7.92,False,,0,,0,0,0.0,0.0,0.0,0.0,0.0,0.0,0,0,0,,,,,,0.0,0.0,0.0,0.0,0
2027-07-06,2,7,7.94,False,,0,,0,0,0.0,0.0,0.0,0.0,0.0,0.0,0,0,0,,,,,,0.0,0.0,0.0,0.0,0
2027-07-07,3,7,7.97,False,,0,,0,0,0.0,0.0,0.0,0.0,0.0,0.0,0,0,0,,,,,,0.0,0.0,0.0,0.0,0
2027-07-08,4,7,7.99,False,,0,,0,0,0.0,0.0,0.0,0.0,0.0,0.0,0,0,0,,,,,,0.0,0.0,0.0,0.0,0
2027-07-09,5,7,8.02,False,,0,,0,0,0.0,0.0,0.0,0.0,0.0,0.0,0,0,0,,,,,,0.0,0.0,0.0,0.0,0
2027-07-10,6,7,8.04,False,,0,,0,0,0.0,0.0,0.0,0.0,0.0,0.0,0,0,0,,,,,,0.0,0.0,0.0,0.0,0
2027-07-11,7,7,8.07,False,,0,,0,0,0.0,0.0,0.0,0.0,0.0,0.0,0,0,0,,,,,,0.0,0.0,0.0,0.0,0
2027-07-12,1,7,8.1,False,,0,,0,0,0.0,0.0,0.0,0.0,0.0,0.0,0,0,0,,,,,,0.0,0.0,0.0,0.0,0
2027-07-13,2,7,8.13,False,,0,,0,0,0.0,0.0,0.0,0.0,0.0,0.0,0,0,0,,,,,,0.0,0.0,0.0,0.0,0
2027-07-14,3,7,8.17,False,,0,,0,0,0.0,0.0,0.0,0.0,0.0,0.0,0,0,0,,,,,,0.0,0.0,0.0,0.0,0
2027-07-15,4,7,8.2,False,День Державності,2,,0,0,0.0,0.0,0.0,0.0,0.0,0.0,0,0,0,,,,,,0.0,0.0,0.0,0.0,0
2027-07-16,5,7,8.23,False,,0,,0,0,0.0,0.0,0.0,0.0,0.0,0.0,0,0,0,,,,,,0.0,0.0,0.0,0.0,0
2027-07-17,6,7,8.27,False,,0,,0,0,0.0,0.0,0.0,0.0,0.0,0.0,0,0,0,,,,,,0.0,0.0,0.0,0.0,0
2027-07-18,7,7,8.31,False,,0,,0,0,0.0,0.0,0.0,0.0,0.0,0.0,0,0,0,,,,,,0.0,0.0,0.0,0.0,0
2027-07-19,1,7,8.35,False,,0,,0,0,0.0,0.0,0.0,0.0,0.0,0.0,0,0,0,,,,,,0.0,0.0,0.0,0.0,0
2027-07-20,2,7,8.38,False,,0,,0,0,0.0,0.0,0.0,0.0,0.0,0.0,0,0,0,,,,,,0.0,0.0,0.0,0.0,0
2027-07-21,3,7,8.42,False,,0,,0,0,0.0,0.0,0.0,0.0,0.0,0.0,0,0,0,,,,,,0.0,0.0,0.0,0.0,0
2027-07-22,4,7,8.47,False,,0,,0,0,0.0,0.0,0.0,0.0,0.0,0.0,0,0,0,,,,,,0.0,0.0,0.0,0.0,0
2027-07-23,5,7,8.51,False,,0,,0,0,0.0,0.0,0.0,0.0,0.0,0.0,0,0,0,,,,,,0.0,0.0,0.0,0.0,0
2027-07-24,6,7,8.55,False,,0,,0,0,0.0,0.0,0.0,0.0,0.0,0.0,0,0,0,,,,,,0.0,0.0,0.0,0.0,0
2027-07-25,7,7,8.6,False,,0,,0,0,0.0,0.0,0.0,0.0,0.0,0.0,0,0,0,,,,,,0.0,0.0,0.0,0.0,0
2027-07-26,1,7,8.64,False,,0,,0,0,0.0,0.0,0.0,0.0,0.0,0.0,0,0,0,,,,,,0.0,0.0,0.0,0.0,0
2027-07-27,2,7,8.69,False,,0,,0,0,0.0,0.0,0.0,0.0,0.0,0.0,0,0,0,,,,,,0.0,0.0,0.0,0.0,0
2027-07-28,3,7,8.73,False,,0,,0,0,0.0,0.0,0.0,0.0,0.0,0.0,0,0,0,,,,,,0.0,0.0,0.0,0.0,0
2027-07-29,4,7,8.78,False,,0,,0,0,0.0,0.0,0.0,0.0,0.0,0.0,0,0,0,,,,,,0.0,0.0,0.0,0.0,0
2027-07-30,5,7,8.83,False,,0,,0,0,0.0,0.0,0.0,0.0,0.0,0.0,0,0,0,,,,,,0.0,0.0,0.0,0.0,0
2027-07-31,6,7,8.88,False,,0,,0,0,0.0,0.0,0.0,0.0,0.0,0.0,0,0,0,,,,,,0.0,0.0,0.0,0.0,0
2027-08-01,7,8,8.93,False,,0,,0,0,0.0,0.0,0.0,0.0,0.0,0.0,0,0,0,,,,,,0.0,0.0,0.0,0.0,0
2027-08-02,1,8,8.98,False,,0,День ВДВ,1,0,0.0,0.0,0.0,0.0,0.0,0.0,0,0,0,,,,,,0.0,0.0,0.0,0.0,0
2027-08-03,2,8,9.03,False,,0,,0,0,0.0,0.0,0.0,0.0,0.0,0.0,0,0,0,,,,,,0.0,0.0,0.0,0.0,0
2027-08-04,3,8,9.08,False,,0,,0,0,0.0,0.0,0.0,0.0,0.0,0.0,0,0,0,,,,,,0.0,0.0,0.0,0.0,0
2027-08-05,4,8,9.14,False,,0,,0,0,0.0,0.0,0.0,0.0,0.0,0.0,0,0,0,,,,,,0.0,0.0,0.0,0.0,0
2027-08-06,5,8,9.19,False,,0,,0,0,0.0,0.0,0.0,0.0,0.0,0.0,0,0,0,,,,,,0.0,0.0,0.0,0.0,0
2027-08-07,6,8,9.24,False,,0,,0,0,0.0,0.0,0.0,0.0,0.0,0.0,0,0,0,,,,,,0.0,0.0,0.0,0.0,0
2027-08-08,7,8,9.3,False,,0,,0,0,0.0,0.0,0.0,0.0,0.0,0.0,0,0,0,,,,,,0.0,0.0,0.0,0.0,0
2027-08-09,1,8,9.35,False,,0,,0,0,0.0,0.0,0.0,0.0,0.0,0.0,0,0,0,,,,,,0.0,0.0,0.0,0.0,0
2027-08-10,2,8,9.41,False,,0,,0,0,0.0,0.0,0.0,0.0,0.0,0.0,0,0,0,,,,,,0.0,0.0,0.0,0.0,0
2027-08-11,3,8,9.47,False,,0,,0,0,0.0,0.0,0.0,0.0,0.0,0.0,0,0,0,,,,,,0.0,0.0,0.0,0.0,0
2027-08-12,4,8,9.52,False,,0,,0,0,0.0,0.0,0.0,0.0,0.0,0.0,0,0,0,,,,,,0.0,0.0,0.0,0.0,0
2027-08-13,5,8,9.58,False,,0,,0,0,0.0,0.0,0.0,0.0,0.0,0.0,0,0,0,,,,,,0.0,0.0,0.0,0.0,0
2027-08-14,6,8,9.64,False,,0,,0,0,0.0,0.0,0.0,0.0,0.0,0.0,0,0,0,,,,,,0.0,0.0,0.0,0.0,0
2027-08-15,7,8,9.7,False,,0,,0,0,0.0,0.0,0.0,0.0,0.0,0.0,0,0,0,,,,,,0.0,0.0,0.0,0.0,0
2027-08-16,1,8,9.76,False,,0,,0,0,0.0,0.0,0.0,0.0,0.0,0.0,0,0,0,,,,,,0.0,0.0,0.0,0.0,0
2027-08-17,2,8,9.81,False,,0,,0,0,0.0,0.0,0.0,0.0,0.0,0.0,0,0,0,,,,,,0.0,0.0,0.0,0.0,0
2027-08-18,3,8,9.87,False,,0,,0,0,0.0,0.0,0.0,0.0,0.0,0.0,0,0,0,,,,,,0.0,0.0,0.0,0.0,0
2027-08-19,4,8,9.93,False,,0,,0,0,0.0,0.0,0.0,0.0,0.0,0.0,0,0,0,,,,,,0.0,0.0,0.0,0.0,0
2027-08-20,5,8,9.99,False,,0,,0,0,0.0,0.0,0.0,0.0,0.0,0.0,0,0,0,,,,,,0.0,0.0,0.0,0.0,0
2027-08-21,6,8,10.06,False,,0,,0,0,0.0,0.0,0.0,0.0,0.0,0.0,0,0,0,,,,,,0.0,0.0,0.0,0.0,0
2027-08-22,7,8,10.12,False,,0,,0,0,0.0,0.0,0.0,0.0,0.0,0.0,0,0,0,,,,,,0.0,0.0,0.0,0.0,0
2027-08-23,1,8,10.18,False,День Прапора,2,,0,0,0.0,0.0,0.0,0.0,0.0,0.0,0,0,0,,,,,,0.0,0.0,0.0,0.0,0
2027-08-24,2,8,10.24,False,День Незалежності,3,,0,0,0.0,0.0,0.0,0.0,0.0,0.0,0,0,0,,,,,,0.0,0.0,0.0,0.0,0
2027-08-25,3,8,10.3,False,,0,,0,0,0.0,0.0,0.0,0.0,0.0,0.0,0,0,0,,,,,,0.0,0.0,0.0,0.0,0
2027-08-26,4,8,10.36,False,,0,,0,0,0.0,0.0,0.0,0.0,0.0,0.0,0,0,0,,,,,,0.0,0.0,0.0,0.0,0
2027-08-27,5,8,10.42,False,,0,,0,0,0.0,0.0,0.0,0.0,0.0,0.0,0,0,0,,,,,,0.0,0.0,0.0,0.0,0
2027-08-28,6,8,10.49,False,,0,,0,0,0.0,0.0,0.0,0.0,0.0,0.0,0,0,0,,,,,,0.0,0.0,0.0,0.0,0
2027-08-29,7,8,10.55,False,,0,,0,0,0.0,0.0,0.0,0.0,0.0,0.0,0,0,0,,,,,,0.0,0.0,0.0,0.0,0
2027-08-30,1,8,10.61,False,,0,,0,0,0.0,0.0,0.0,0.0,0.0,0.0,0,0,0,,,,,,0.0,0.0,0.0,0.0,0
2027-08-31,2,8,10.68,False,,0,,0,0,0.0,0.0,0.0,0.0,0.0,0.0,0,0,0,,,,,,0.0,0.0,0.0,0.0,0
2027-09-01,3,9,10.74,False,,0,,0,0,0.0,0.0,0.0,0.0,0.0,0.0,0,0,0,,,,,,0.0,0.0,0.0,0.0,0
2027-09-02,4,9,10.8,False,,0,,0,0,0.0,0.0,0.0,0.0,0.0,0.0,0,0,0,,,,,,0.0,0.0,0.0,0.0,0
2027-09-03,5,9,10.87,False,,0,,0,0,0.0,0.0,0.0,0.0,0.0,0.0,0,0,0,,,,,,0.0,0.0,0.0,0.0,0
2027-09-04,6,9,10.93,False,,0,,0,0,0.0,0.0,0.0,0.0,0.0,0.0,0,0,0,,,,,,0.0,0.0,0.0,0.0,0
2027-09-05,7,9,11.0,False,,0,,0,0,0.0,0.0,0.0,0.0,0.0,0.0,0,0,0,,,,,,0.0,0.0,0.0,0.0,0
2027-09-06,1,9,11.06,False,,0,,0,0,0.0,0.0,0.0,0.0,0.0,0.0,0,0,0,,,,,,0.0,0.0,0.0,0.0,0
2027-09-07,2,9,11.12,False,,0,,0,0,0.0,0.0,0.0,0.0,0.0,0.0,0,0,0,,,,,,0.0,0.0,0.0,0.0,0
2027-09-08,3,9,11.19,False,,0,,0,0,0.0,0.0,0.0,0.0,0.0,0.0,0,0,0,,,,,,0.0,0.0,0.0,0.0,0
2027-09-09,4,9,11.25,False,,0,,0,0,0.0,0.0,0.0,0.0,0.0,0.0,0,0,0,,,,,,0.0,0.0,0.0,0.0,0
2027-09-10,5,9,11.32,False,,0,,0,0,0.0,0.0,0.0,0.0,0.0,0.0,0,0,0,,,,,,0.0,0.0,0.0,0.0,0
2027-09-11,6,9,11.38,False,,0,,0,0,0.0,0.0,0.0,0.0,0.0,0.0,0,0,0,,,,,,0.0,0.0,0.0,0.0,0
2027-09-12,7,9,11.45,False,,0,,0,0,0.0,0.0,0.0,0.0,0.0,0.0,0,0,0,,,,,,0.0,0.0,0.0,0.0,0
2027-09-13,1,9,11.51,False,,0,,0,0,0.0,0.0,0.0,0.0,0.0,0.0,0,0,0,,,,,,0.0,0.0,0.0,0.0,0
2027-09-14,2,9,11.58,False,,0,,0,0,0.0,0.0,0.0,0.0,0.0,0.0,0,0,0,,,,,,0.0,0.0,0.0,0.0,0
2027-09-15,3,9,11.64,False,,0,,0,0,0.0,0.0,0.0,0.0,0.0,0.0,0,0,0,,,,,,0.0,0.0,0.0,0.0,0
2027-09-16,4,9,11.71,False,,0,,0,0,0.0,0.0,0.0,0.0,0.0,0.0,0,0,0,,,,,,0.0,0.0,0.0,0.0,0
2027-09-17,5,9,11.77,False,,0,,0,0,0.0,0.0,0.0,0.0,0.0,0.0,0,0,0,,,,,,0.0,0.0,0.0,0.0,0
2027-09-18,6,9,11.84,False,,0,,0,0,0.0,0.0,0.0,0.0,0.0,0.0,0,0,0,,,,,,0.0,0.0,0.0,0.0,0
2027-09-19,7,9,11.9,False,,0,,0,0,0.0,0.0,0.0,0.0,0.0,0.0,0,0,0,,,,,,0.0,0.0,0.0,0.0,0
2027-09-20,1,9,11.97,False,,0,,0,0,0.0,0.0,0.0,0.0,0.0,0.0,0,0,0,,,,,,0.0,0.0,0.0,0.0,0
2027-09-21,2,9,12.03,False,,0,,0,0,0.0,0.0,0.0,0.0,0.0,0.0,0,0,0,,,,,,0.0,0.0,0.0,0.0,0
2027-09-22,3,9,12.1,False,,0,,0,0,0.0,0.0,0.0,0.0,0.0,0.0,0,0,0,,,,,,0.0,0.0,0.0,0.0,0
2027-09-23,4,9,12.16,False,,0,,0,0,0.0,0.0,0.0,0.0,0.0,0.0,0,0,0,,,,,,0.0,0.0,0.0,0.0,0
2027-09-24,5,9,12.23,False,,0,,0,0,0.0,0.0,0.0,0.0,0.0,0.0,0,0,0,,,,,,0.0,0.0,0.0,0.0,0
2027-09-25,6,9,12.29,False,,0,,0,0,0.0,0.0,0.0,0.0,0.0,0.0,0,0,0,,,,,,0.0,0.0,0.0,0.0,0
2027-09-26,7,9,12.36,False,,0,,0,0,0.0,0.0,0.0,0.0,0.0,0.0,0,0,0,,,,,,0.0,0.0,0.0,0.0,0
2027-09-27,1,9,12.42,False,,0,,0,0,0.0,0.0,0.0,0.0,0.0,0.0,0,0,0,,,,,,0.0,0.0,0.0,0.0,0
2027-09-28,2,9,12.49,False,,0,,0,0,0.0,0.0,0.0,0.0,0.0,0.0,0,0,0,,,,,,0.0,0.0,0.0,0.0,0
2027-09-29,3,9,12.55,False,,0,,0,0,0.0,0.0,0.0,0.0,0.0,0.0,0,0,0,,,,,,0.0,0.0,0.0,0.0,0
2027-09-30,4,9,12.62,False,,0,,0,0,0.0,0.0,0.0,0.0,0.0,0.0,0,0,0,,,,,,0.0,0.0,0.0,0.0,0
2027-10-01,5,10,12.68,False,День захисників і захисниць,2,,0,0,0.0,0.0,0.0,0.0,0.0,0.0,0,0,0,,,,,,0.0,0.0,0.0,0.0,0
2027-10-02,6,10,12.75,False,,0,,0,0,0.0,0.0,0.0,0.0,0.0,0.0,0,0,0,,,,,,0.0,0.0,0.0,0.0,0
2027-10-03,7,10,12.81,False,,0,,0,0,0.0,0.0,0.0,0.0,0.0,0.0,0,0,0,,,,,,0.0,0.0,0.0,0.0,0
2027-10-04,1,10,12.88,False,,0,,0,0,0.0,0.0,0.0,0.0,0.0,0.0,0,0,0,,,,,,0.0,0.0,0.0,0.0,0
2027-10-05,2,10,12.94,False,,0,,0,0,0.0,0.0,0.0,0.0,0.0,0.0,0,0,0,,,,,,0.0,0.0,0.0,0.0,0
2027-10-06,3,10,13.0,False,,0,,0,0,0.0,0.0,0.0,0.0,0.0,0.0,0,0,0,,,,,,0.0,0.0,0.0,0.0,0
2027-10-07,4,10,13.07,False,,0,,0,0,0.0,0.0,0.0,0.0,0.0,0.0,0,0,0,,,,,,0.0,0.0,0.0,0.0,0
2027-10-08,5,10,13.13,False,,0,,0,0,0.0,0.0,0.0,0.0,0.0,0.0,0,0,0,,,,,,0.0,0.0,0.0,0.0,0
2027-10-09,6,10,13.2,False,,0,,0,0,0.0,0.0,0.0,0.0,0.0,0.0,0,0,0,,,,,,0.0,0.0,0.0,0.0,0
2027-10-10,7,10,13.26,False,,0,,0,0,0.0,0.0,0.0,0.0,0.0,0.0,0,0,0,,,,,,0.0,0.0,0.0,0.0,0
2027-10-11,1,10,13.32,False,,0,,0,0,0.0,0.0,0.0,0.0,0.0,0.0,0,0,0,,,,,,0.0,0.0,0.0,0.0,0
2027-10-12,2,10,13.39,False,,0,,0,0,0.0,0.0,0.0,0.0,0.0,0.0,0,0,0,,,,,,0.0,0.0,0.0,0.0,0
2027-10-13,3,10,13.45,False,,0,,0,0,0.0,0.0,0.0,0.0,0.0,0.0,0,0,0,,,,,,0.0,0.0,0.0,0.0,0
2027-10-14,4,10,13.51,False,,0,,0,0,0.0,0.0,0.0,0.0,0.0,0.0,0,0,0,,,,,,0.0,0.0,0.0,0.0,0
2027-10-15,5,10,13.58,True,,0,,0,0,0.0,0.0,0.0,0.0,0.0,0.0,0,0,0,,,,,,0.0,0.0,0.0,0.0,0
2027-10-16,6,10,13.64,True,,0,,0,0,0.0,0.0,0.0,0.0,0.0,0.0,0,0,0,,,,,,0.0,0.0,0.0,0.0,0
2027-10-17,7,10,13.7,True,,0,,0,0,0.0,0.0,0.0,0.0,0.0,0.0,0,0,0,,,,,,0.0,0.0,0.0,0.0,0
2027-10-18,1,10,13.76,True,,0,,0,0,0.0,0.0,0.0,0.0,0.0,0.0,0,0,0,,,,,,0.0,0.0,0.0,0.0,0
2027-10-19,2,10,13.82,True,,0,,0,0,0.0,0.0,0.0,0.0,0.0,0.0,0,0,0,,,,,,0.0,0.0,0.0,0.0,0
2027-10-20,3,10,13.88,True,,0,,0,0,0.0,0.0,0.0,0.0,0.0,0.0,0,0,0,,,,,,0.0,0.0,0.0,0.0,0
2027-10-21,4,10,13.94,True,,0,,0,0,0.0,0.0,0.0,0.0,0.0,0.0,0,0,0,,,,,,0.0,0.0,0.0,0.0,0
2027-10-22,5,10,14.01,True,,0,,0,0,0.0,0.0,0.0,0.0,0.0,0.0,0,0,0,,,,,,0.0,0.0,0.0,0.0,0
2027-10-23,6,10,14.07,True,,0,,0,0,0.0,0.0,0.0,0.0,0.0,0.0,0,0,0,,,,,,0.0,0.0,0.0,0.0,0
2027-10-24,7,10,14.13,True,,0,,0,0,0.0,0.0,0.0,0.0,0.0,0.0,0,0,0,,,,,,0.0,0.0,0.0,0.0,0
2027-10-25,1,10,14.19,True,,0,,0,0,0.0,0.0,0.0,0.0,0.0,0.0,0,0,0,,,,,,0.0,0.0,0.0,0.0,0
2027-10-26,2,10,14.24,True,,0,,0,0,0.0,0.0,0.0,0.0,0.0,0.0,0,0,0,,,,,,0.0,0.0,0.0,0.0,0
2027-10-27,3,10,14.3,True,,0,,0,0,0.0,0.0,0.0,0.0,0.0,0.0,0,0,0,,,,,,0.0,0.0,0.0,0.0,0
2027-10-28,4,10,14.36,True,,0,,0,0,0.0,0.0,0.0,0.0,0.0,0.0,0,0,0,,,,,,0.0,0.0,0.0,0.0,0
2027-10-29,5,10,14.42,True,,0,,0,0,0.0,0.0,0.0,0.0,0.0,0.0,0,0,0,,,,,,0.0,0.0,0.0,0.0,0
2027-10-30,6,10,14.48,True,,0,,0,0,0.0,0.0,0.0,0.0,0.0,0.0,0,0,0,,,,,,0.0,0.0,0.0,0.0,0
2027-10-31,7,10,14.53,True,,0,,0,0,0.0,0.0,0.0,0.0,0.0,0.0,0,0,0,,,,,,0.0,0.0,0.0,0.0,0
2027-11-01,1,11,14.59,True,,0,,0,0,0.0,0.0,0.0,0.0,0.0,0.0,0,0,0,,,,,,0.0,0.0,0.0,0.0,0
2027-11-02,2,11,14.65,True,,0,,0,0,0.0,0.0,0.0,0.0,0.0,0.0,0,0,0,,,,,,0.0,0.0,0.0,0.0,0
2027-11-03,3,11,14.7,True,,0,,0,0,0.0,0.0,0.0,0.0,0.0,0.0,0,0,0,,,,,,0.0,0.0,0.0,0.0,0
2027-11-04,4,11,14.76,True,,0,День єдності,2,0,0.0,0.0,0.0,0.0,0.0,0.0,0,0,0,,,,,,0.0,0.0,0.0,0.0,0
2027-11-05,5,11,14.81,True,,0,,0,0,0.0,0.0,0.0,0.0,0.0,0.0,0,0,0,,,,,,0.0,0.0,0.0,0.0,0
2027-11-06,6,11,14.86,True,,0,,0,0,0.0,0.0,0.0,0.0,0.0,0.0,0,0,0,,,,,,0.0,0.0,0.0,0.0,0
2027-11-07,7,11,14.92,True,,0,,0,0,0.0,0.0,0.0,0.0,0.0,0.0,0,0,0,,,,,,0.0,0.0,0.0,0.0,0
2027-11-08,1,11,14.97,True,,0,,0,0,0.0,0.0,0.0,0.0,0.0,0.0,0,0,0,,,,,,0.0,0.0,0.0,0.0,0
2027-11-09,2,11,15.02,True,,0,,0,0,0.0,0.0,0.0,0.0,0.0,0.0,0,0,0,,,,,,0.0,0.0,0.0,0.0,0
2027-11-10,3,11,15.07,True,,0,,0,0,0.0,0.0,0.0,0.0,0.0,0.0,0,0,0,,,,,,0.0,0.0,0.0,0.0,0
2027-11-11,4,11,15.12,True,,0,,0,0,0.0,0.0,0.0,0.0,0.0,0.0,0,0,0,,,,,,0.0,0.0,0.0,0.0,0
2027-11-12,5,11,15.17,True,,0,,0,0,0.0,0.0,0.0,0.0,0.0,0.0,0,0,0,,,,,,0.0,0.0,0.0,0.0,0
2027-11-13,6,11,15.22,True,,0,,0,0,0.0,0.0,0.0,0.0,0.0,0.0,0,0,0,,,,,,0.0,0.0,0.0,0.0,0
2027-11-14,7,11,15.27,True,,0,,0,0,0.0,0.0,0.0,0.0,0.0,0.0,0,0,0,,,,,,0.0,0.0,0.0,0.0,0
2027-11-15,1,11,15.31,True,,0,,0,0,0.0,0.0,0.0,0.0,0.0,0.0,0,0,0,,,,,,0.0,0.0,0.0,0.0,0
2027-11-16,2,11,15.36,True,,0,,0,0,0.0,0.0,0.0,0.0,0.0,0.0,0,0,0,,,,,,0.0,0.0,0.0,0.0,0
2027-11-17,3,11,15.4,True,,0,,0,0,0.0,0.0,0.0,0.0,0.0,0.0,0,0,0,,,,,,0.0,0.0,0.0,0.0,0
2027-11-18,4,11,15.45,True,,0,,0,0,0.0,0.0,0.0,0.0,0.0,0.0,0,0,0,,,,,,0.0,0.0,0.0,0.0,0
2027-11-19,5,11,15.49,True,,0,,0,0,0.0,0.0,0.0,0.0,0.0,0.0,0,0,0,,,,,,0.0,0.0,0.0,0.0,0
2027-11-20,6,11,15.53,True,,0,,0,0,0.0,0.0,0.0,0.0,0.0,0.0,0,0,0,,,,,,0.0,0.0,0.0,0.0,0
2027-11-21,7,11,15.58,True,,0,,0,0,0.0,0.0,0.0,0.0,0.0,0.0,0,0,0,,,,,,0.0,0.0,0.0,0.0,0
2027-11-22,1,11,15.62,True,,0,,0,0,0.0,0.0,0.0,0.0,0.0,0.0,0,0,0,,,,,,0.0,0.0,0.0,0.0,0
2027-11-23,2,11,15.65,True,,0,,0,0,0.0,0.0,0.0,0.0,0.0,0.0,0,0,0,,,,,,0.0,0.0,0.0,0.0,0
2027-11-24,3,11,15.69,True,,0,,0,0,0.0,0.0,0.0,0.0,0.0,0.0,0,0,0,,,,,,0.0,0.0,0.0,0.0,0
2027-11-25,4,11,15.73,True,,0,,0,0,0.0,0.0,0.0,0.0,0.0,0.0,0,0,0,,,,,,0.0,0.0,0.0,0.0,0
2027-11-26,5,11,15.77,True,,0,,0,0,0.0,0.0,0.0,0.0,0.0,0.0,0,0,0,,,,,,0.0,0.0,0.0,0.0,0
2027-11-27,6,11,15.8,True,,0,,0,0,0.0,0.0,0.0,0.0,0.0,0.0,0,0,0,,,,,,0.0,0.0,0.0,0.0,0
2027-11-28,7,11,15.83,True,,0,,0,0,0.0,0.0,0.0,0.0,0.0,0.0,0,0,0,,,,,,0.0,0.0,0.0,0.0,0
2027-11-29,1,11,15.87,True,,0,,0,0,0.0,0.0,0.0,0.0,0.0,0.0,0,0,0,,,,,,0.0,0.0,0.0,0.0,0
2027-11-30,2,11,15.9,True,,0,,0,0,0.0,0.0,0.0,0.0,0.0,0.0,0,0,0,,,,,,0.0,0.0,0.0,0.0,0
2027-12-01,3,12,15.93,True,,0,,0,0,0.0,0.0,0.0,0.0,0.0,0.0,0,0,0,,,,,,0.0,0.0,0.0,0.0,0
2027-12-02,4,12,15.96,True,,0,,0,0,0.0,0.0,0.0,0.0,0.0,0.0,0,0,0,,,,,,0.0,0.0,0.0,0.0,0
2027-12-03,5,12,15.98,True,,0,,0,0,0.0,0.0,0.0,0.0,0.0,0.0,0,0,0,,,,,,0.0,0.0,0.0,0.0,0
2027-12-04,6,12,16.01,True,,0,,0,0,0.0,0.0,0.0,0.0,0.0,0.0,0,0,0,,,,,,0.0,0.0,0.0,0.0,0
2027-12-05,7,12,16.03,True,,0,,0,0,0.0,0.0,0.0,0.0,0.0,0.0,0,0,0,,,,,,0.0,0.0,0.0,0.0,0
2027-12-06,1,12,16.06,True,День Збройних Сил,2,,0,0,0.0,0.0,0.0,0.0,0.0,0.0,0,0,0,,,,,,0.0,0.0,0.0,0.0,0
2027-12-07,2,12,16.08,True,,0,,0,0,0.0,0.0,0.0,0.0,0.0,0.0,0,0,0,,,,,,0.0,0.0,0.0,0.0,0
2027-12-08,3,12,16.1,True,,0,,0,0,0.0,0.0,0.0,0.0,0.0,0.0,0,0,0,,,,,,0.0,0.0,0.0,0.0,0
2027-12-09,4,12,16.12,True,,0,,0,0,0.0,0.0,0.0,0.0,0.0,0.0,0,0,0,,,,,,0.0,0.0,0.0,0.0,0
2027-12-10,5,12,16.13,True,,0,,0,0,0.0,0.0,0.0,0.0,0.0,0.0,0,0,0,,,,,,0.0,0.0,0.0,0.0,0
2027-12-11,6,12,16.15,True,,0,,0,0,0.0,0.0,0.0,0.0,0.0,0.0,0,0,0,,,,,,0.0,0.0,0.0,0.0,0
2027-12-12,7,12,16.16,True,,0,День конституції рф,1,0,0.0,0.0,0.0,0.0,0.0,0.0,0,0,0,,,,,,0.0,0.0,0.0,0.0,0
2027-12-13,1,12,16.18,True,,0,,0,0,0.0,0.0,0.0,0.0,0.0,0.0,0,0,0,,,,,,0.0,0.0,0.0,0.0,0
2027-12-14,2,12,16.19,True,,0,,0,0,0.0,0.0,0.0,0.0,0.0,0.0,0,0,0,,,,,,0.0,0.0,0.0,0.0,0
2027-12-15,3,12,16.2,True,,0,,0,0,0.0,0.0,0.0,0.0,0.0,0.0,0,0,0,,,,,,0.0,0.0,0.0,0.0,0
2027-12-16,4,12,16.21,True,,0,,0,0,0.0,0.0,0.0,0.0,0.0,0.0,0,0,0,,,,,,0.0,0.0,0.0,0.0,0
2027-12-17,5,12,16.21,True,,0,,0,0,0.0,0.0,0.0,0.0,0.0,0.0,0,0,0,,,,,,0.0,0.0,0.0,0.0,0
2027-12-18,6,12,16.22,True,,0,,0,0,0.0,0.0,0.0,0.0,0.0,0.0,0,0,0,,,,,,0.0,0.0,0.0,0.0,0
2027-12-19,7,12,16.22,True,,0,,0,0,0.0,0.0,0.0,0.0,0.0,0.0,0,0,0,,,,,,0.0,0.0,0.0,0.0,0
2027-12-20,1,12,16.22,True,,0,,0,0,0.0,0.0,0.0,0.0,0.0,0.0,0,0,0,,,,,,0.0,0.0,0.0,0.0,0
2027-12-21,2,12,16.22,True,,0,,0,0,0.0,0.0,0.0,0.0,0.0,0.0,0,0,0,,,,,,0.0,0.0,0.0,0.0,0
2027-12-22,3,12,16.22,True,,0,,0,0,0.0,0.0,0.0,0.0,0.0,0.0,0,0,0,,,,,,0.0,0.0,0.0,0.0,0
2027-12-23,4,12,16.22,True,,0,,0,0,0.0,0.0,0.0,0.0,0.0,0.0,0,0,0,,,,,,0.0,0.0,0.0,0.0,0
2027-12-24,5,12,16.21,True,,0,,0,0,0.0,0.0,0.0,0.0,0.0,0.0,0,0,0,,,,,,0.0,0.0,0.0,0.0,0
2027-12-25,6,12,16.21,True,Різдво,3,,0,0,0.0,0.0,0.0,0.0,0.0,0.0,0,0,0,,,,,,0.0,0.0,0.0,0.0,0
2027-12-26,7,12,16.2,True,,0,,0,0,0.0,0.0,0.0,0.0,0.0,0.0,0,0,0,,,,,,0.0,0.0,0.0,0.0,0
2027-12-27,1,12,16.19,True,,0,,0,0,0.0,0.0,0.0,0.0,0.0,0.0,0,0,0,,,,,,0.0,0.0,0.0,0.0,0
2027-12-28,2,12,16.18,True,,0,,0,0,0.0,0.0,0.0,0.0,0.0,0.0,0,0,0,,,,,,0.0,0.0,0.0,0.0,0
2027-12-29,3,12,16.17,True,,0,,0,0,0.0,0.0,0.0,0.0,0.0,0.0,0,0,0,,,,,,0.0,0.0,0.0,0.0,0
2027-12-30,4,12,16.16,True,,0,,0,0,0.0,0.0,0.0,0.0,0.0,0.0,0,0,0,,,,,,0.0,0.0,0.0,0.0,0
2027-12-31,5,12,16.14,True,,0,,0,0,0.0,0.0,0.0,0.0,0.0,0.0,0,0,0,,,,,,0.0,0.0,0.0,0.0,0
